generation,rank,basin_id,parent_id,source,soft_nullity,hard_nullity,susceptibility,susceptibility_channel,death_distance,best_channel,best_amplitude,best_killability,max_abs_amplitude,residual,expansion_count,last_expanded_generation,accepted,note,probe_residual,probe_channel
0,23,0,-1,initial,33.999999999999886,34,1.0025452303399427,6,2.172641998549524,6,1.546582791336848,0.7118442856068147,5.138178791708696,3.837048103030137e-15,0,-1,True,frontier,,
0,23,0,-1,initial,33.999999999999886,34,1.0025452303399427,6,2.172641998549524,6,1.546582791336848,0.7118442856068147,5.138178791708696,3.837048103030137e-15,0,-1,False,full_delete_probe,1.0008516640579823,6
0,23,0,-1,initial,33.999999999999886,34,1.0025452303399427,6,2.172641998549524,6,1.546582791336848,0.7118442856068147,5.138178791708696,3.837048103030137e-15,1,0,True,expanded:genericity+deletion+death,,
1,23,12,0,exact_hop,33.99999999999977,34,1.0065685185435576,2,2.7573345649157344,21,2.082112585627751,0.7551178635050337,5.665917961906215,4.903529435989812e-15,0,-1,True,pareto_kept_polished,,
1,23,13,0,exact_hop,33.99999999999977,34,1.00058037689592,6,2.07316358952546,6,1.1786767448699318,0.5685401532349538,5.325848877346658,3.580239690458119e-15,0,-1,True,pareto_kept_polished,,
1,23,16,0,off_manifold_hop,33.99999999999977,34,1.0041726797730253,6,2.301824109944582,6,1.7315645357250162,0.75225753707424,4.8636516421527185,3.84953453423102e-15,0,-1,True,pareto_kept_polished,,
1,23,14,0,exact_hop,33.99999999999875,34,1.0024782799465006,6,2.0750049504456323,6,1.2974909406685111,0.6252953470736826,5.047009725457504,9.203190068770617e-14,0,-1,True,pareto_kept_polished,,
1,23,12,0,exact_hop,33.99999999999977,34,1.0065685185435576,2,2.7573345649157344,21,2.082112585627751,0.7551178635050337,5.665917961906215,4.903529435989812e-15,0,-1,True,frontier,,
1,23,13,0,exact_hop,33.99999999999977,34,1.00058037689592,6,2.07316358952546,6,1.1786767448699318,0.5685401532349538,5.325848877346658,3.580239690458119e-15,0,-1,True,frontier,,
1,23,16,0,off_manifold_hop,33.99999999999977,34,1.0041726797730253,6,2.301824109944582,6,1.7315645357250162,0.75225753707424,4.8636516421527185,3.84953453423102e-15,0,-1,True,frontier,,
1,23,14,0,exact_hop,33.99999999999875,34,1.0024782799465006,6,2.0750049504456323,6,1.2974909406685111,0.6252953470736826,5.047009725457504,9.203190068770617e-14,0,-1,True,frontier,,
1,23,14,0,exact_hop,33.99999999999875,34,1.0024782799465006,6,2.0750049504456323,6,1.2974909406685111,0.6252953470736826,5.047009725457504,9.203190068770617e-14,1,1,True,expanded:genericity,,
1,23,13,0,exact_hop,33.99999999999977,34,1.00058037689592,6,2.07316358952546,6,1.1786767448699318,0.5685401532349538,5.325848877346658,3.580239690458119e-15,1,1,True,expanded:deletion+death,,
1,23,12,0,exact_hop,33.99999999999977,34,1.0065685185435576,2,2.7573345649157344,21,2.082112585627751,0.7551178635050337,5.665917961906215,4.903529435989812e-15,1,1,True,expanded:explore,,
2,23,58,12,exact_hop,33.99999999999977,34,1.0033205070502405,6,2.126199445003432,6,1.6713000329742222,0.7860504511473637,7.810336734512336,4.465818219665166e-15,0,-1,True,pareto_kept_polished,,
1,23,13,0,exact_hop,33.99999999999977,34,1.00058037689592,6,2.073163589525457,6,1.1786767448699318,0.5685401532349545,5.325848877346658,3.455469860437177e-15,1,1,True,pareto_kept_polished,,
2,23,29,14,exact_hop,33.99999999999977,34,1.0008138315717137,6,1.8802702372163593,6,1.3327641070037481,0.7088151908296091,5.7228108397275,4.115917630761975e-15,0,-1,True,pareto_kept_polished,,
2,23,32,14,off_manifold_hop,33.99999999999977,34,1.00615336417839,8,2.3986354151107854,8,1.893805192952431,0.7895344081980722,4.6130294296018075,3.4572222586922522e-15,0,-1,True,pareto_kept_polished,,
2,23,58,12,exact_hop,33.99999999999977,34,1.0033205070502405,6,2.126199445003432,6,1.6713000329742222,0.7860504511473637,7.810336734512336,4.465818219665166e-15,0,-1,True,frontier,,
1,23,13,0,exact_hop,33.99999999999977,34,1.00058037689592,6,2.073163589525457,6,1.1786767448699318,0.5685401532349545,5.325848877346658,3.455469860437177e-15,1,1,True,frontier,,
2,23,29,14,exact_hop,33.99999999999977,34,1.0008138315717137,6,1.8802702372163593,6,1.3327641070037481,0.7088151908296091,5.7228108397275,4.115917630761975e-15,0,-1,True,frontier,,
2,23,32,14,off_manifold_hop,33.99999999999977,34,1.00615336417839,8,2.3986354151107854,8,1.893805192952431,0.7895344081980722,4.6130294296018075,3.4572222586922522e-15,0,-1,True,frontier,,
1,23,13,0,exact_hop,33.99999999999977,34,1.00058037689592,6,2.073163589525457,6,1.1786767448699318,0.5685401532349545,5.325848877346658,3.455469860437177e-15,1,1,False,full_delete_probe,1.0148159874026654,6
1,23,13,0,exact_hop,33.99999999999977,34,1.00058037689592,6,2.073163589525457,6,1.1786767448699318,0.5685401532349545,5.325848877346658,3.455469860437177e-15,2,2,True,expanded:genericity+deletion,,
2,23,29,14,exact_hop,33.99999999999977,34,1.0008138315717137,6,1.8802702372163593,6,1.3327641070037481,0.7088151908296091,5.7228108397275,4.115917630761975e-15,1,2,True,expanded:death,,
2,23,32,14,off_manifold_hop,33.99999999999977,34,1.00615336417839,8,2.3986354151107854,8,1.893805192952431,0.7895344081980722,4.6130294296018075,3.4572222586922522e-15,1,2,True,expanded:explore,,
3,23,87,29,exact_hop,33.99999999999977,34,1.0033614918636604,6,2.6634327483554894,6,1.1931785059613667,0.44798522008790465,5.9433272335744105,5.575887581023869e-15,0,-1,True,pareto_kept_polished,,
1,23,13,0,exact_hop,33.99999999999977,34,1.00058037689592,6,2.0731635895254565,6,1.1786767448699318,0.5685401532349547,5.325848877346658,3.455469860437177e-15,2,2,True,pareto_kept_polished,,
2,23,29,14,exact_hop,33.99999999999977,34,1.0008138315717137,6,1.8802702372163618,6,1.3327641070037481,0.7088151908296082,5.7228108397275,3.8910613521111846e-15,1,2,True,pareto_kept_polished,,
2,23,32,14,off_manifold_hop,33.99999999999977,34,1.00615336417839,8,2.39863541511079,8,1.893805192952431,0.7895344081980706,4.6130294296018075,3.5185052222605588e-15,1,2,True,pareto_kept_polished,,
3,23,87,29,exact_hop,33.99999999999977,34,1.0033614918636604,6,2.6634327483554894,6,1.1931785059613667,0.44798522008790465,5.9433272335744105,5.575887581023869e-15,0,-1,True,frontier,,
1,23,13,0,exact_hop,33.99999999999977,34,1.00058037689592,6,2.0731635895254565,6,1.1786767448699318,0.5685401532349547,5.325848877346658,3.455469860437177e-15,2,2,True,frontier,,
2,23,29,14,exact_hop,33.99999999999977,34,1.0008138315717137,6,1.8802702372163618,6,1.3327641070037481,0.7088151908296082,5.7228108397275,3.8910613521111846e-15,1,2,True,frontier,,
2,23,32,14,off_manifold_hop,33.99999999999977,34,1.00615336417839,8,2.39863541511079,8,1.893805192952431,0.7895344081980706,4.6130294296018075,3.5185052222605588e-15,1,2,True,frontier,,
1,23,13,0,exact_hop,33.99999999999977,34,1.00058037689592,6,2.0731635895254565,6,1.1786767448699318,0.5685401532349547,5.325848877346658,3.455469860437177e-15,3,3,True,expanded:genericity+deletion,,
2,23,29,14,exact_hop,33.99999999999977,34,1.0008138315717137,6,1.8802702372163618,6,1.3327641070037481,0.7088151908296082,5.7228108397275,3.8910613521111846e-15,2,3,True,expanded:death,,
3,23,87,29,exact_hop,33.99999999999977,34,1.0033614918636604,6,2.6634327483554894,6,1.1931785059613667,0.44798522008790465,5.9433272335744105,5.575887581023869e-15,1,3,True,expanded:explore,,
2,23,32,14,off_manifold_hop,33.99999999999977,34,1.00615336417839,8,2.39863541511079,8,1.893805192952431,0.7895344081980706,4.6130294296018075,3.5185052222605588e-15,2,3,True,expanded:explore,,
4,23,162,32,exact_hop,33.00000000002342,33,1.0009419403469815,8,3.1021735321029418,8,1.395379879032816,0.4498071641037108,5.57606127234612,5.060605447415919e-15,0,-1,True,pareto_kept_polished,,
4,23,150,87,off_manifold_hop,33.99999999999977,34,1.0003045048498667,6,2.3107956849063394,6,1.1812272726481623,0.5111777213207145,6.0609295321177346,4.183557402666205e-15,0,-1,True,pareto_kept_polished,,
4,23,148,87,exact_hop,33.99999999999977,34,1.0007403210847017,6,1.8687980950826877,6,1.3416527008806804,0.717922767799759,6.206735704285425,4.1164787213056875e-15,0,-1,True,pareto_kept_polished,,
2,23,32,14,off_manifold_hop,33.99999999999977,34,1.00615336417839,8,2.3986354151107836,8,1.893805192952431,0.7895344081980727,4.6130294296018075,3.5185052222605588e-15,2,3,True,pareto_kept_polished,,
4,23,162,32,exact_hop,33.00000000002342,33,1.0009419403469815,8,3.1021735321029418,8,1.395379879032816,0.4498071641037108,5.57606127234612,5.060605447415919e-15,0,-1,True,frontier,,
4,23,150,87,off_manifold_hop,33.99999999999977,34,1.0003045048498667,6,2.3107956849063394,6,1.1812272726481623,0.5111777213207145,6.0609295321177346,4.183557402666205e-15,0,-1,True,frontier,,
4,23,148,87,exact_hop,33.99999999999977,34,1.0007403210847017,6,1.8687980950826877,6,1.3416527008806804,0.717922767799759,6.206735704285425,4.1164787213056875e-15,0,-1,True,frontier,,
2,23,32,14,off_manifold_hop,33.99999999999977,34,1.00615336417839,8,2.3986354151107836,8,1.893805192952431,0.7895344081980727,4.6130294296018075,3.5185052222605588e-15,2,3,True,frontier,,
4,23,150,87,off_manifold_hop,33.99999999999977,34,1.0003045048498667,6,2.3107956849063394,6,1.1812272726481623,0.5111777213207145,6.0609295321177346,4.183557402666205e-15,0,-1,False,full_delete_probe,1.0032268421778696,6
4,23,162,32,exact_hop,33.00000000002342,33,1.0009419403469815,8,3.1021735321029418,8,1.395379879032816,0.4498071641037108,5.57606127234612,5.060605447415919e-15,1,4,True,expanded:genericity,,
4,23,150,87,off_manifold_hop,33.99999999999977,34,1.0003045048498667,6,2.3107956849063394,6,1.1812272726481623,0.5111777213207145,6.0609295321177346,4.183557402666205e-15,1,4,True,expanded:deletion,,
4,23,148,87,exact_hop,33.99999999999977,34,1.0007403210847017,6,1.8687980950826877,6,1.3416527008806804,0.717922767799759,6.206735704285425,4.1164787213056875e-15,1,4,True,expanded:death,,
5,23,176,162,exact_hop,33.000000000005116,33,1.0122452538946602,15,3.3163276249614118,6,1.9334415094644803,0.5830067858530646,6.684328314775915,5.059229650588078e-15,0,-1,True,pareto_kept_polished,,
4,23,150,87,off_manifold_hop,33.99999999999977,34,1.0003045048498667,6,2.310795684906337,6,1.1812272726481623,0.5111777213207149,6.0609295321177346,4.183557402666205e-15,1,4,True,pareto_kept_polished,,
5,23,208,148,exact_hop,33.99999999999977,34,1.0010340119818195,6,1.8317739162100857,6,1.330243556419183,0.7262050980458539,6.24790823798302,4.168559371285461e-15,0,-1,True,pareto_kept_polished,,
2,23,32,14,off_manifold_hop,33.99999999999977,34,1.00615336417839,8,2.3986354151107836,8,1.893805192952431,0.7895344081980727,4.6130294296018075,3.5185052222605588e-15,2,3,True,pareto_kept_polished,,
5,23,176,162,exact_hop,33.000000000005116,33,1.0122452538946602,15,3.3163276249614118,6,1.9334415094644803,0.5830067858530646,6.684328314775915,5.059229650588078e-15,0,-1,True,frontier,,
4,23,150,87,off_manifold_hop,33.99999999999977,34,1.0003045048498667,6,2.310795684906337,6,1.1812272726481623,0.5111777213207149,6.0609295321177346,4.183557402666205e-15,1,4,True,frontier,,
5,23,208,148,exact_hop,33.99999999999977,34,1.0010340119818195,6,1.8317739162100857,6,1.330243556419183,0.7262050980458539,6.24790823798302,4.168559371285461e-15,0,-1,True,frontier,,
2,23,32,14,off_manifold_hop,33.99999999999977,34,1.00615336417839,8,2.3986354151107836,8,1.893805192952431,0.7895344081980727,4.6130294296018075,3.5185052222605588e-15,2,3,True,frontier,,
5,23,176,162,exact_hop,33.000000000005116,33,1.0122452538946602,15,3.3163276249614118,6,1.9334415094644803,0.5830067858530646,6.684328314775915,5.059229650588078e-15,1,5,True,expanded:genericity,,
4,23,150,87,off_manifold_hop,33.99999999999977,34,1.0003045048498667,6,2.310795684906337,6,1.1812272726481623,0.5111777213207149,6.0609295321177346,4.183557402666205e-15,2,5,True,expanded:deletion,,
5,23,208,148,exact_hop,33.99999999999977,34,1.0010340119818195,6,1.8317739162100857,6,1.330243556419183,0.7262050980458539,6.24790823798302,4.168559371285461e-15,1,5,True,expanded:death,,
5,23,176,162,exact_hop,33.000000000005116,33,1.0122452538946602,15,3.3163276249614184,6,1.9334415094644803,0.5830067858530635,6.684328314775915,4.436558921059315e-15,1,5,True,pareto_kept_polished,,
4,23,150,87,off_manifold_hop,33.99999999999977,34,1.0003045048498667,6,2.310795684906337,6,1.1812272726481623,0.5111777213207149,6.0609295321177346,4.183557402666205e-15,2,5,True,pareto_kept_polished,,
5,23,208,148,exact_hop,33.99999999999977,34,1.0010340119818195,6,1.8317739162100852,6,1.330243556419183,0.7262050980458541,6.24790823798302,4.2842597938098384e-15,1,5,True,pareto_kept_polished,,
2,23,32,14,off_manifold_hop,33.99999999999977,34,1.00615336417839,8,2.3986354151107836,8,1.893805192952431,0.7895344081980727,4.6130294296018075,3.5185052222605588e-15,2,3,True,pareto_kept_polished,,
5,23,176,162,exact_hop,33.000000000005116,33,1.0122452538946602,15,3.3163276249614184,6,1.9334415094644803,0.5830067858530635,6.684328314775915,4.436558921059315e-15,1,5,True,frontier,,
4,23,150,87,off_manifold_hop,33.99999999999977,34,1.0003045048498667,6,2.310795684906337,6,1.1812272726481623,0.5111777213207149,6.0609295321177346,4.183557402666205e-15,2,5,True,frontier,,
5,23,208,148,exact_hop,33.99999999999977,34,1.0010340119818195,6,1.8317739162100852,6,1.330243556419183,0.7262050980458541,6.24790823798302,4.2842597938098384e-15,1,5,True,frontier,,
2,23,32,14,off_manifold_hop,33.99999999999977,34,1.00615336417839,8,2.3986354151107836,8,1.893805192952431,0.7895344081980727,4.6130294296018075,3.5185052222605588e-15,2,3,True,frontier,,
4,23,150,87,off_manifold_hop,33.99999999999977,34,1.0003045048498667,6,2.310795684906337,6,1.1812272726481623,0.5111777213207149,6.0609295321177346,4.183557402666205e-15,2,5,False,full_delete_probe,1.000155595449213,6
5,23,176,162,exact_hop,33.000000000005116,33,1.0122452538946602,15,3.3163276249614184,6,1.9334415094644803,0.5830067858530635,6.684328314775915,4.436558921059315e-15,2,6,True,expanded:genericity,,
4,23,150,87,off_manifold_hop,33.99999999999977,34,1.0003045048498667,6,2.310795684906337,6,1.1812272726481623,0.5111777213207149,6.0609295321177346,4.183557402666205e-15,3,6,True,expanded:deletion,,
5,23,208,148,exact_hop,33.99999999999977,34,1.0010340119818195,6,1.8317739162100852,6,1.330243556419183,0.7262050980458541,6.24790823798302,4.2842597938098384e-15,2,6,True,expanded:death,,
2,23,32,14,off_manifold_hop,33.99999999999977,34,1.00615336417839,8,2.3986354151107836,8,1.893805192952431,0.7895344081980727,4.6130294296018075,3.5185052222605588e-15,3,6,True,expanded:explore,,
5,23,176,162,exact_hop,33.000000000005,33,1.0122452538946602,15,3.316327624961417,6,1.9334415094644803,0.5830067858530638,6.684328314775915,5.0889022544339764e-15,2,6,True,pareto_kept_polished,,
7,23,286,150,off_manifold_hop,33.99999999999977,34,1.0001555411900096,6,1.992777053766472,6,1.7786679919017971,0.8925574431620459,5.91149383502832,4.3060851799570755e-15,0,-1,True,pareto_kept_polished,,
5,23,208,148,exact_hop,33.99999999999977,34,1.0010340119818195,6,1.8317739162100866,6,1.330243556419183,0.7262050980458535,6.24790823798302,4.2842597938098384e-15,2,6,True,pareto_kept_polished,,
2,23,32,14,off_manifold_hop,33.99999999999977,34,1.00615336417839,8,2.3986354151107836,8,1.893805192952431,0.7895344081980727,4.6130294296018075,3.5185052222605588e-15,3,6,True,pareto_kept_polished,,
5,23,176,162,exact_hop,33.000000000005,33,1.0122452538946602,15,3.316327624961417,6,1.9334415094644803,0.5830067858530638,6.684328314775915,5.0889022544339764e-15,2,6,True,frontier,,
7,23,286,150,off_manifold_hop,33.99999999999977,34,1.0001555411900096,6,1.992777053766472,6,1.7786679919017971,0.8925574431620459,5.91149383502832,4.3060851799570755e-15,0,-1,True,frontier,,
5,23,208,148,exact_hop,33.99999999999977,34,1.0010340119818195,6,1.8317739162100866,6,1.330243556419183,0.7262050980458535,6.24790823798302,4.2842597938098384e-15,2,6,True,frontier,,
2,23,32,14,off_manifold_hop,33.99999999999977,34,1.00615336417839,8,2.3986354151107836,8,1.893805192952431,0.7895344081980727,4.6130294296018075,3.5185052222605588e-15,3,6,True,frontier,,
5,23,176,162,exact_hop,33.000000000005,33,1.0122452538946602,15,3.316327624961417,6,1.9334415094644803,0.5830067858530638,6.684328314775915,5.0889022544339764e-15,3,7,True,expanded:genericity,,
7,23,286,150,off_manifold_hop,33.99999999999977,34,1.0001555411900096,6,1.992777053766472,6,1.7786679919017971,0.8925574431620459,5.91149383502832,4.3060851799570755e-15,1,7,True,expanded:deletion,,
5,23,208,148,exact_hop,33.99999999999977,34,1.0010340119818195,6,1.8317739162100866,6,1.330243556419183,0.7262050980458535,6.24790823798302,4.2842597938098384e-15,3,7,True,expanded:death,,
8,23,331,176,off_manifold_hop,33.0,33,1.0015829289749005,8,2.4893446969414543,6,1.8129066409297463,0.7282666169764207,6.298833003611948,5.0451890279700475e-15,0,-1,True,pareto_kept_polished,,
7,23,286,150,off_manifold_hop,33.99999999999977,34,1.0001555411900096,6,1.9927770537664737,6,1.7786679919017971,0.8925574431620451,5.91149383502832,4.402620593513183e-15,1,7,True,pareto_kept_polished,,
8,23,359,208,exact_hop,33.99999999999977,34,1.000892056995298,6,1.8225755772433385,6,1.3667100740073972,0.7498784089242313,7.041717681290825,7.83014353410371e-15,0,-1,True,pareto_kept_polished,,
2,23,32,14,off_manifold_hop,33.99999999999977,34,1.00615336417839,8,2.3986354151107836,8,1.893805192952431,0.7895344081980727,4.6130294296018075,3.5185052222605588e-15,3,6,True,pareto_kept_polished,,
8,23,331,176,off_manifold_hop,33.0,33,1.0015829289749005,8,2.4893446969414543,6,1.8129066409297463,0.7282666169764207,6.298833003611948,5.0451890279700475e-15,0,-1,True,frontier,,
7,23,286,150,off_manifold_hop,33.99999999999977,34,1.0001555411900096,6,1.9927770537664737,6,1.7786679919017971,0.8925574431620451,5.91149383502832,4.402620593513183e-15,1,7,True,frontier,,
8,23,359,208,exact_hop,33.99999999999977,34,1.000892056995298,6,1.8225755772433385,6,1.3667100740073972,0.7498784089242313,7.041717681290825,7.83014353410371e-15,0,-1,True,frontier,,
2,23,32,14,off_manifold_hop,33.99999999999977,34,1.00615336417839,8,2.3986354151107836,8,1.893805192952431,0.7895344081980727,4.6130294296018075,3.5185052222605588e-15,3,6,True,frontier,,
7,23,286,150,off_manifold_hop,33.99999999999977,34,1.0001555411900096,6,1.9927770537664737,6,1.7786679919017971,0.8925574431620451,5.91149383502832,4.402620593513183e-15,1,7,False,full_delete_probe,1.0082650798602866,6
8,23,331,176,off_manifold_hop,33.0,33,1.0015829289749005,8,2.4893446969414543,6,1.8129066409297463,0.7282666169764207,6.298833003611948,5.0451890279700475e-15,1,8,True,expanded:genericity,,
7,23,286,150,off_manifold_hop,33.99999999999977,34,1.0001555411900096,6,1.9927770537664737,6,1.7786679919017971,0.8925574431620451,5.91149383502832,4.402620593513183e-15,2,8,True,expanded:deletion,,
8,23,359,208,exact_hop,33.99999999999977,34,1.000892056995298,6,1.8225755772433385,6,1.3667100740073972,0.7498784089242313,7.041717681290825,7.83014353410371e-15,1,8,True,expanded:death,,
9,23,373,331,exact_hop,33.00000000000023,33,1.0080612304735785,8,2.8832858428344847,8,1.3418314048051336,0.4653827188656444,7.187172358677906,5.18611450998138e-15,0,-1,True,pareto_kept_polished,,
7,23,286,150,off_manifold_hop,33.99999999999977,34,1.0001555411900096,6,1.9927770537664713,6,1.7786679919017971,0.8925574431620462,5.91149383502832,4.289177791334814e-15,2,8,True,pareto_kept_polished,,
9,23,405,359,exact_hop,33.999999999999545,34,1.0007779077279129,6,1.8075485143171495,6,1.5047204101965552,0.8324647434235004,7.107433459496459,5.317042686685526e-15,0,-1,True,pareto_kept_polished,,
2,23,32,14,off_manifold_hop,33.99999999999977,34,1.00615336417839,8,2.3986354151107836,8,1.893805192952431,0.7895344081980727,4.6130294296018075,3.5185052222605588e-15,3,6,True,pareto_kept_polished,,
9,23,373,331,exact_hop,33.00000000000023,33,1.0080612304735785,8,2.8832858428344847,8,1.3418314048051336,0.4653827188656444,7.187172358677906,5.18611450998138e-15,0,-1,True,frontier,,
7,23,286,150,off_manifold_hop,33.99999999999977,34,1.0001555411900096,6,1.9927770537664713,6,1.7786679919017971,0.8925574431620462,5.91149383502832,4.289177791334814e-15,2,8,True,frontier,,
9,23,405,359,exact_hop,33.999999999999545,34,1.0007779077279129,6,1.8075485143171495,6,1.5047204101965552,0.8324647434235004,7.107433459496459,5.317042686685526e-15,0,-1,True,frontier,,
2,23,32,14,off_manifold_hop,33.99999999999977,34,1.00615336417839,8,2.3986354151107836,8,1.893805192952431,0.7895344081980727,4.6130294296018075,3.5185052222605588e-15,3,6,True,frontier,,
9,23,373,331,exact_hop,33.00000000000023,33,1.0080612304735785,8,2.8832858428344847,8,1.3418314048051336,0.4653827188656444,7.187172358677906,5.18611450998138e-15,1,9,True,expanded:genericity,,
7,23,286,150,off_manifold_hop,33.99999999999977,34,1.0001555411900096,6,1.9927770537664713,6,1.7786679919017971,0.8925574431620462,5.91149383502832,4.289177791334814e-15,3,9,True,expanded:deletion,,
9,23,405,359,exact_hop,33.999999999999545,34,1.0007779077279129,6,1.8075485143171495,6,1.5047204101965552,0.8324647434235004,7.107433459496459,5.317042686685526e-15,1,9,True,expanded:death,,
2,23,32,14,off_manifold_hop,33.99999999999977,34,1.00615336417839,8,2.3986354151107836,8,1.893805192952431,0.7895344081980727,4.6130294296018075,3.5185052222605588e-15,4,9,True,expanded:explore,,
10,23,421,373,off_manifold_hop,32.00000000000057,32,1.0074885414376074,6,2.888532877140815,6,1.253101647953844,0.43381941672556407,7.16883751111962,4.432709172136535e-15,0,-1,True,pareto_kept_polished,,
7,23,286,150,off_manifold_hop,33.99999999999977,34,1.0001555411900096,6,1.9927770537664689,6,1.7786679919017971,0.8925574431620473,5.91149383502832,4.39987473340143e-15,3,9,True,pareto_kept_polished,,
9,23,405,359,exact_hop,33.99999999999966,34,1.0007779077279129,6,1.8075485143171495,6,1.5047204101965552,0.8324647434235004,7.107433459496459,5.1956297955666416e-15,1,9,True,pareto_kept_polished,,
2,23,32,14,off_manifold_hop,33.99999999999977,34,1.00615336417839,8,2.3986354151107836,8,1.893805192952431,0.7895344081980727,4.6130294296018075,3.5185052222605588e-15,4,9,True,pareto_kept_polished,,
10,23,421,373,off_manifold_hop,32.00000000000057,32,1.0074885414376074,6,2.888532877140815,6,1.253101647953844,0.43381941672556407,7.16883751111962,4.432709172136535e-15,0,-1,True,frontier,,
7,23,286,150,off_manifold_hop,33.99999999999977,34,1.0001555411900096,6,1.9927770537664689,6,1.7786679919017971,0.8925574431620473,5.91149383502832,4.39987473340143e-15,3,9,True,frontier,,
9,23,405,359,exact_hop,33.99999999999966,34,1.0007779077279129,6,1.8075485143171495,6,1.5047204101965552,0.8324647434235004,7.107433459496459,5.1956297955666416e-15,1,9,True,frontier,,
2,23,32,14,off_manifold_hop,33.99999999999977,34,1.00615336417839,8,2.3986354151107836,8,1.893805192952431,0.7895344081980727,4.6130294296018075,3.5185052222605588e-15,4,9,True,frontier,,
7,23,286,150,off_manifold_hop,33.99999999999977,34,1.0001555411900096,6,1.9927770537664689,6,1.7786679919017971,0.8925574431620473,5.91149383502832,4.39987473340143e-15,3,9,False,full_delete_probe,1.0072250413430204,6
10,23,421,373,off_manifold_hop,32.00000000000057,32,1.0074885414376074,6,2.888532877140815,6,1.253101647953844,0.43381941672556407,7.16883751111962,4.432709172136535e-15,1,10,True,expanded:genericity,,
7,23,286,150,off_manifold_hop,33.99999999999977,34,1.0001555411900096,6,1.9927770537664689,6,1.7786679919017971,0.8925574431620473,5.91149383502832,4.39987473340143e-15,4,10,True,expanded:deletion,,
9,23,405,359,exact_hop,33.99999999999966,34,1.0007779077279129,6,1.8075485143171495,6,1.5047204101965552,0.8324647434235004,7.107433459496459,5.1956297955666416e-15,2,10,True,expanded:death,,
11,23,477,421,off_manifold_hop,32.57571426468053,31,1.006108497580784,8,2.41783408600811,6,2.0428477309424675,0.8449081526165627,6.79774600156935,6.53051876804723e-14,0,-1,True,pareto_kept_polished,,
7,23,286,150,off_manifold_hop,33.99999999999977,34,1.0001555411900096,6,1.9927770537664744,6,1.7786679919017971,0.8925574431620449,5.91149383502832,4.291988862780662e-15,4,10,True,pareto_kept_polished,,
9,23,405,359,exact_hop,33.99999999999977,34,1.0007779077279129,6,1.807548514317147,6,1.5047204101965552,0.8324647434235015,7.107433459496459,5.1956297955666416e-15,2,10,True,pareto_kept_polished,,
2,23,32,14,off_manifold_hop,33.99999999999977,34,1.00615336417839,8,2.3986354151107836,8,1.893805192952431,0.7895344081980727,4.6130294296018075,3.5185052222605588e-15,4,9,True,pareto_kept_polished,,
11,23,477,421,off_manifold_hop,32.57571426468053,31,1.006108497580784,8,2.41783408600811,6,2.0428477309424675,0.8449081526165627,6.79774600156935,6.53051876804723e-14,0,-1,True,frontier,,
7,23,286,150,off_manifold_hop,33.99999999999977,34,1.0001555411900096,6,1.9927770537664744,6,1.7786679919017971,0.8925574431620449,5.91149383502832,4.291988862780662e-15,4,10,True,frontier,,
9,23,405,359,exact_hop,33.99999999999977,34,1.0007779077279129,6,1.807548514317147,6,1.5047204101965552,0.8324647434235015,7.107433459496459,5.1956297955666416e-15,2,10,True,frontier,,
2,23,32,14,off_manifold_hop,33.99999999999977,34,1.00615336417839,8,2.3986354151107836,8,1.893805192952431,0.7895344081980727,4.6130294296018075,3.5185052222605588e-15,4,9,True,frontier,,
11,23,477,421,off_manifold_hop,32.57571426468053,31,1.006108497580784,8,2.41783408600811,6,2.0428477309424675,0.8449081526165627,6.79774600156935,6.53051876804723e-14,1,11,True,expanded:genericity,,
7,23,286,150,off_manifold_hop,33.99999999999977,34,1.0001555411900096,6,1.9927770537664744,6,1.7786679919017971,0.8925574431620449,5.91149383502832,4.291988862780662e-15,5,11,True,expanded:deletion,,
9,23,405,359,exact_hop,33.99999999999977,34,1.0007779077279129,6,1.807548514317147,6,1.5047204101965552,0.8324647434235015,7.107433459496459,5.1956297955666416e-15,3,11,True,expanded:death,,
11,23,477,421,off_manifold_hop,32.57571427992252,31,1.006108497580784,8,2.4178340943649155,6,2.0428477309424675,0.8449081496962907,6.79774600156935,6.532769308760068e-14,1,11,True,pareto_kept_polished,,
7,23,286,150,off_manifold_hop,33.99999999999977,34,1.0001555411900096,6,1.9927770537664744,6,1.7786679919017971,0.8925574431620449,5.91149383502832,4.383329125021088e-15,5,11,True,pareto_kept_polished,,
9,23,405,359,exact_hop,33.99999999999977,34,1.0007779077279129,6,1.807548514317147,6,1.5047204101965552,0.8324647434235015,7.107433459496459,5.1956297955666416e-15,3,11,True,pareto_kept_polished,,
2,23,32,14,off_manifold_hop,33.99999999999977,34,1.00615336417839,8,2.3986354151107836,8,1.893805192952431,0.7895344081980727,4.6130294296018075,3.5185052222605588e-15,4,9,True,pareto_kept_polished,,
11,23,477,421,off_manifold_hop,32.57571427992252,31,1.006108497580784,8,2.4178340943649155,6,2.0428477309424675,0.8449081496962907,6.79774600156935,6.532769308760068e-14,1,11,True,frontier,,
7,23,286,150,off_manifold_hop,33.99999999999977,34,1.0001555411900096,6,1.9927770537664744,6,1.7786679919017971,0.8925574431620449,5.91149383502832,4.383329125021088e-15,5,11,True,frontier,,
9,23,405,359,exact_hop,33.99999999999977,34,1.0007779077279129,6,1.807548514317147,6,1.5047204101965552,0.8324647434235015,7.107433459496459,5.1956297955666416e-15,3,11,True,frontier,,
2,23,32,14,off_manifold_hop,33.99999999999977,34,1.00615336417839,8,2.3986354151107836,8,1.893805192952431,0.7895344081980727,4.6130294296018075,3.5185052222605588e-15,4,9,True,frontier,,
7,23,286,150,off_manifold_hop,33.99999999999977,34,1.0001555411900096,6,1.9927770537664744,6,1.7786679919017971,0.8925574431620449,5.91149383502832,4.383329125021088e-15,5,11,False,full_delete_probe,1.0002446144958161,6
11,23,477,421,off_manifold_hop,32.57571427992252,31,1.006108497580784,8,2.4178340943649155,6,2.0428477309424675,0.8449081496962907,6.79774600156935,6.532769308760068e-14,2,12,True,expanded:genericity,,
7,23,286,150,off_manifold_hop,33.99999999999977,34,1.0001555411900096,6,1.9927770537664744,6,1.7786679919017971,0.8925574431620449,5.91149383502832,4.383329125021088e-15,6,12,True,expanded:deletion,,
9,23,405,359,exact_hop,33.99999999999977,34,1.0007779077279129,6,1.807548514317147,6,1.5047204101965552,0.8324647434235015,7.107433459496459,5.1956297955666416e-15,4,12,True,expanded:death,,
2,23,32,14,off_manifold_hop,33.99999999999977,34,1.00615336417839,8,2.3986354151107836,8,1.893805192952431,0.7895344081980727,4.6130294296018075,3.5185052222605588e-15,5,12,True,expanded:explore,,
11,23,477,421,off_manifold_hop,32.57571427728169,31,1.006108497580784,8,2.417834090828543,6,2.0428477309424675,0.8449081509320703,6.79774600156935,6.53530524988964e-14,2,12,True,pareto_kept_polished,,
13,23,566,477,off_manifold_hop,33.99999999999977,34,0.9504120568601856,7,2.680789520922477,10,1.5658326502918631,0.5840938417847329,7.174120896952747,2.963534674884266e-14,0,-1,True,pareto_kept_polished,,
13,23,595,405,exact_hop,33.99999999999977,34,1.0010501124520668,6,1.7966159054959219,6,1.3981344836148395,0.7782044450001186,6.9693538513905215,5.0732977155026545e-15,0,-1,True,pareto_kept_polished,,
2,23,32,14,off_manifold_hop,33.99999999999977,34,1.00615336417839,8,2.3986354151107836,8,1.893805192952431,0.7895344081980727,4.6130294296018075,3.5185052222605588e-15,5,12,True,pareto_kept_polished,,
11,23,477,421,off_manifold_hop,32.57571427728169,31,1.006108497580784,8,2.417834090828543,6,2.0428477309424675,0.8449081509320703,6.79774600156935,6.53530524988964e-14,2,12,True,frontier,,
13,23,566,477,off_manifold_hop,33.99999999999977,34,0.9504120568601856,7,2.680789520922477,10,1.5658326502918631,0.5840938417847329,7.174120896952747,2.963534674884266e-14,0,-1,True,frontier,,
13,23,595,405,exact_hop,33.99999999999977,34,1.0010501124520668,6,1.7966159054959219,6,1.3981344836148395,0.7782044450001186,6.9693538513905215,5.0732977155026545e-15,0,-1,True,frontier,,
2,23,32,14,off_manifold_hop,33.99999999999977,34,1.00615336417839,8,2.3986354151107836,8,1.893805192952431,0.7895344081980727,4.6130294296018075,3.5185052222605588e-15,5,12,True,frontier,,
11,23,477,421,off_manifold_hop,32.57571427728169,31,1.006108497580784,8,2.417834090828543,6,2.0428477309424675,0.8449081509320703,6.79774600156935,6.53530524988964e-14,3,13,True,expanded:genericity,,
13,23,566,477,off_manifold_hop,33.99999999999977,34,0.9504120568601856,7,2.680789520922477,10,1.5658326502918631,0.5840938417847329,7.174120896952747,2.963534674884266e-14,1,13,True,expanded:deletion,,
13,23,595,405,exact_hop,33.99999999999977,34,1.0010501124520668,6,1.7966159054959219,6,1.3981344836148395,0.7782044450001186,6.9693538513905215,5.0732977155026545e-15,1,13,True,expanded:death,,
11,23,477,421,off_manifold_hop,32.57571426989148,31,1.006108497580784,8,2.4178340822987487,6,2.0428477309424675,0.844908153912793,6.79774600156935,6.53911938906645e-14,3,13,True,pareto_kept_polished,,
14,23,638,566,exact_hop,33.99999999999977,34,0.7377932521570727,7,2.270526476435661,8,1.4909663798511597,0.6566610851381581,7.8197262840969435,4.344293236342908e-15,0,-1,True,pareto_kept_polished,,
13,23,595,405,exact_hop,33.99999999999977,34,1.0010501124520668,6,1.7966159054959248,6,1.3981344836148395,0.7782044450001174,6.9693538513905215,5.303151169395135e-15,1,13,True,pareto_kept_polished,,
2,23,32,14,off_manifold_hop,33.99999999999977,34,1.00615336417839,8,2.3986354151107836,8,1.893805192952431,0.7895344081980727,4.6130294296018075,3.5185052222605588e-15,5,12,True,pareto_kept_polished,,
11,23,477,421,off_manifold_hop,32.57571426989148,31,1.006108497580784,8,2.4178340822987487,6,2.0428477309424675,0.844908153912793,6.79774600156935,6.53911938906645e-14,3,13,True,frontier,,
14,23,638,566,exact_hop,33.99999999999977,34,0.7377932521570727,7,2.270526476435661,8,1.4909663798511597,0.6566610851381581,7.8197262840969435,4.344293236342908e-15,0,-1,True,frontier,,
13,23,595,405,exact_hop,33.99999999999977,34,1.0010501124520668,6,1.7966159054959248,6,1.3981344836148395,0.7782044450001174,6.9693538513905215,5.303151169395135e-15,1,13,True,frontier,,
2,23,32,14,off_manifold_hop,33.99999999999977,34,1.00615336417839,8,2.3986354151107836,8,1.893805192952431,0.7895344081980727,4.6130294296018075,3.5185052222605588e-15,5,12,True,frontier,,
14,23,638,566,exact_hop,33.99999999999977,34,0.7377932521570727,7,2.270526476435661,8,1.4909663798511597,0.6566610851381581,7.8197262840969435,4.344293236342908e-15,0,-1,False,full_delete_probe,0.36017023301379264,7
11,23,477,421,off_manifold_hop,32.57571426989148,31,1.006108497580784,8,2.4178340822987487,6,2.0428477309424675,0.844908153912793,6.79774600156935,6.53911938906645e-14,4,14,True,expanded:genericity,,
14,23,638,566,exact_hop,33.99999999999977,34,0.7377932521570727,7,2.270526476435661,8,1.4909663798511597,0.6566610851381581,7.8197262840969435,4.344293236342908e-15,1,14,True,expanded:deletion,,
13,23,595,405,exact_hop,33.99999999999977,34,1.0010501124520668,6,1.7966159054959248,6,1.3981344836148395,0.7782044450001174,6.9693538513905215,5.303151169395135e-15,2,14,True,expanded:death,,
11,23,477,421,off_manifold_hop,32.57571426274444,31,1.006108497580784,8,2.417834109060053,6,2.0428477309424675,0.8449081445610991,6.79774600156935,6.535442496751288e-14,4,14,True,pareto_kept_polished,,
15,23,674,638,wall:continuation_stalled,33.99999999999977,34,0.734593744540592,7,3.2607830069793846,9,2.8035323276429316,0.8597727360705226,7.987220755281436,5.688600691224192e-15,0,-1,True,pareto_kept_polished,,
13,23,595,405,exact_hop,33.99999999999977,34,1.0010501124520668,6,1.7966159054959223,6,1.3981344836148395,0.7782044450001184,6.9693538513905215,5.247742018319712e-15,2,14,True,pareto_kept_polished,,
2,23,32,14,off_manifold_hop,33.99999999999977,34,1.00615336417839,8,2.3986354151107836,8,1.893805192952431,0.7895344081980727,4.6130294296018075,3.5185052222605588e-15,5,12,True,pareto_kept_polished,,
11,23,477,421,off_manifold_hop,32.57571426274444,31,1.006108497580784,8,2.417834109060053,6,2.0428477309424675,0.8449081445610991,6.79774600156935,6.535442496751288e-14,4,14,True,frontier,,
15,23,674,638,wall:continuation_stalled,33.99999999999977,34,0.734593744540592,7,3.2607830069793846,9,2.8035323276429316,0.8597727360705226,7.987220755281436,5.688600691224192e-15,0,-1,True,frontier,,
13,23,595,405,exact_hop,33.99999999999977,34,1.0010501124520668,6,1.7966159054959223,6,1.3981344836148395,0.7782044450001184,6.9693538513905215,5.247742018319712e-15,2,14,True,frontier,,
2,23,32,14,off_manifold_hop,33.99999999999977,34,1.00615336417839,8,2.3986354151107836,8,1.893805192952431,0.7895344081980727,4.6130294296018075,3.5185052222605588e-15,5,12,True,frontier,,
11,23,477,421,off_manifold_hop,32.57571426274444,31,1.006108497580784,8,2.417834109060053,6,2.0428477309424675,0.8449081445610991,6.79774600156935,6.535442496751288e-14,5,15,True,expanded:genericity,,
15,23,674,638,wall:continuation_stalled,33.99999999999977,34,0.734593744540592,7,3.2607830069793846,9,2.8035323276429316,0.8597727360705226,7.987220755281436,5.688600691224192e-15,1,15,True,expanded:deletion,,
13,23,595,405,exact_hop,33.99999999999977,34,1.0010501124520668,6,1.7966159054959223,6,1.3981344836148395,0.7782044450001184,6.9693538513905215,5.247742018319712e-15,3,15,True,expanded:death,,
2,23,32,14,off_manifold_hop,33.99999999999977,34,1.00615336417839,8,2.3986354151107836,8,1.893805192952431,0.7895344081980727,4.6130294296018075,3.5185052222605588e-15,6,15,True,expanded:explore,,
11,23,477,421,off_manifold_hop,32.57571427157836,31,1.006108497580784,8,2.417834083631924,6,2.0428477309424675,0.8449081534469169,6.79774600156935,6.535590023866028e-14,5,15,True,pareto_kept_polished,,
16,23,712,674,wall:continuation_stalled,33.99999999999977,34,0.7330093029874452,7,3.074329153943429,9,2.597282327642969,0.8448289683983401,7.999983792282114,4.358933005117618e-15,0,-1,True,pareto_kept_polished,,
13,23,595,405,exact_hop,33.99999999999977,34,1.0010501124520668,6,1.7966159054959268,6,1.3981344836148395,0.7782044450001165,6.9693538513905215,5.3268033051634385e-15,3,15,True,pareto_kept_polished,,
2,23,32,14,off_manifold_hop,33.99999999999977,34,1.00615336417839,8,2.3986354151107836,8,1.893805192952431,0.7895344081980727,4.6130294296018075,3.5185052222605588e-15,6,15,True,pareto_kept_polished,,
11,23,477,421,off_manifold_hop,32.57571427157836,31,1.006108497580784,8,2.417834083631924,6,2.0428477309424675,0.8449081534469169,6.79774600156935,6.535590023866028e-14,5,15,True,frontier,,
16,23,712,674,wall:continuation_stalled,33.99999999999977,34,0.7330093029874452,7,3.074329153943429,9,2.597282327642969,0.8448289683983401,7.999983792282114,4.358933005117618e-15,0,-1,True,frontier,,
13,23,595,405,exact_hop,33.99999999999977,34,1.0010501124520668,6,1.7966159054959268,6,1.3981344836148395,0.7782044450001165,6.9693538513905215,5.3268033051634385e-15,3,15,True,frontier,,
2,23,32,14,off_manifold_hop,33.99999999999977,34,1.00615336417839,8,2.3986354151107836,8,1.893805192952431,0.7895344081980727,4.6130294296018075,3.5185052222605588e-15,6,15,True,frontier,,
16,23,712,674,wall:continuation_stalled,33.99999999999977,34,0.7330093029874452,7,3.074329153943429,9,2.597282327642969,0.8448289683983401,7.999983792282114,4.358933005117618e-15,0,-1,False,full_delete_probe,0.3909209548667375,7
11,23,477,421,off_manifold_hop,32.57571427157836,31,1.006108497580784,8,2.417834083631924,6,2.0428477309424675,0.8449081534469169,6.79774600156935,6.535590023866028e-14,6,16,True,expanded:genericity,,
16,23,712,674,wall:continuation_stalled,33.99999999999977,34,0.7330093029874452,7,3.074329153943429,9,2.597282327642969,0.8448289683983401,7.999983792282114,4.358933005117618e-15,1,16,True,expanded:deletion,,
13,23,595,405,exact_hop,33.99999999999977,34,1.0010501124520668,6,1.7966159054959268,6,1.3981344836148395,0.7782044450001165,6.9693538513905215,5.3268033051634385e-15,4,16,True,expanded:death,,
17,23,760,477,off_manifold_hop,32.81625076751993,31,1.006300550702526,6,2.593562591399145,6,2.1187967178527622,0.8169445090236818,6.203220524462535,9.760338421363934e-14,0,-1,True,pareto_kept_polished,,
16,23,712,674,wall:continuation_stalled,33.99999999999977,34,0.7330093029874452,7,3.0743291539434283,9,2.597282327642969,0.8448289683983403,7.999983792282114,4.474600854561298e-15,1,16,True,pareto_kept_polished,,
13,23,595,405,exact_hop,33.99999999999977,34,1.0010501124520668,6,1.7966159054959248,6,1.3981344836148395,0.7782044450001174,6.9693538513905215,5.3268033051634385e-15,4,16,True,pareto_kept_polished,,
2,23,32,14,off_manifold_hop,33.99999999999977,34,1.00615336417839,8,2.3986354151107836,8,1.893805192952431,0.7895344081980727,4.6130294296018075,3.5185052222605588e-15,6,15,True,pareto_kept_polished,,
17,23,760,477,off_manifold_hop,32.81625076751993,31,1.006300550702526,6,2.593562591399145,6,2.1187967178527622,0.8169445090236818,6.203220524462535,9.760338421363934e-14,0,-1,True,frontier,,
16,23,712,674,wall:continuation_stalled,33.99999999999977,34,0.7330093029874452,7,3.0743291539434283,9,2.597282327642969,0.8448289683983403,7.999983792282114,4.474600854561298e-15,1,16,True,frontier,,
13,23,595,405,exact_hop,33.99999999999977,34,1.0010501124520668,6,1.7966159054959248,6,1.3981344836148395,0.7782044450001174,6.9693538513905215,5.3268033051634385e-15,4,16,True,frontier,,
2,23,32,14,off_manifold_hop,33.99999999999977,34,1.00615336417839,8,2.3986354151107836,8,1.893805192952431,0.7895344081980727,4.6130294296018075,3.5185052222605588e-15,6,15,True,frontier,,
17,23,760,477,off_manifold_hop,32.81625076751993,31,1.006300550702526,6,2.593562591399145,6,2.1187967178527622,0.8169445090236818,6.203220524462535,9.760338421363934e-14,1,17,True,expanded:genericity,,
16,23,712,674,wall:continuation_stalled,33.99999999999977,34,0.7330093029874452,7,3.0743291539434283,9,2.597282327642969,0.8448289683983403,7.999983792282114,4.474600854561298e-15,2,17,True,expanded:deletion,,
13,23,595,405,exact_hop,33.99999999999977,34,1.0010501124520668,6,1.7966159054959248,6,1.3981344836148395,0.7782044450001174,6.9693538513905215,5.3268033051634385e-15,5,17,True,expanded:death,,
17,23,760,477,off_manifold_hop,32.81625078211346,31,1.006300550702526,6,2.593562596350416,6,2.1187967178527622,0.8169445074640842,6.203220524462535,9.76180516229606e-14,1,17,True,pareto_kept_polished,,
16,23,712,674,wall:continuation_stalled,33.99999999999977,34,0.7330093029874452,7,3.074329153943431,9,2.597282327642969,0.8448289683983397,7.999983792282114,4.084930613467444e-15,2,17,True,pareto_kept_polished,,
13,23,595,405,exact_hop,33.99999999999977,34,1.0010501124520668,6,1.7966159054959248,6,1.3981344836148395,0.7782044450001174,6.9693538513905215,5.3268033051634385e-15,5,17,True,pareto_kept_polished,,
2,23,32,14,off_manifold_hop,33.99999999999977,34,1.00615336417839,8,2.3986354151107836,8,1.893805192952431,0.7895344081980727,4.6130294296018075,3.5185052222605588e-15,6,15,True,pareto_kept_polished,,
17,23,760,477,off_manifold_hop,32.81625078211346,31,1.006300550702526,6,2.593562596350416,6,2.1187967178527622,0.8169445074640842,6.203220524462535,9.76180516229606e-14,1,17,True,frontier,,
16,23,712,674,wall:continuation_stalled,33.99999999999977,34,0.7330093029874452,7,3.074329153943431,9,2.597282327642969,0.8448289683983397,7.999983792282114,4.084930613467444e-15,2,17,True,frontier,,
13,23,595,405,exact_hop,33.99999999999977,34,1.0010501124520668,6,1.7966159054959248,6,1.3981344836148395,0.7782044450001174,6.9693538513905215,5.3268033051634385e-15,5,17,True,frontier,,
2,23,32,14,off_manifold_hop,33.99999999999977,34,1.00615336417839,8,2.3986354151107836,8,1.893805192952431,0.7895344081980727,4.6130294296018075,3.5185052222605588e-15,6,15,True,frontier,,
16,23,712,674,wall:continuation_stalled,33.99999999999977,34,0.7330093029874452,7,3.074329153943431,9,2.597282327642969,0.8448289683983397,7.999983792282114,4.084930613467444e-15,2,17,False,full_delete_probe,0.38309297838779244,7
17,23,760,477,off_manifold_hop,32.81625078211346,31,1.006300550702526,6,2.593562596350416,6,2.1187967178527622,0.8169445074640842,6.203220524462535,9.76180516229606e-14,2,18,True,expanded:genericity,,
16,23,712,674,wall:continuation_stalled,33.99999999999977,34,0.7330093029874452,7,3.074329153943431,9,2.597282327642969,0.8448289683983397,7.999983792282114,4.084930613467444e-15,3,18,True,expanded:deletion,,
13,23,595,405,exact_hop,33.99999999999977,34,1.0010501124520668,6,1.7966159054959248,6,1.3981344836148395,0.7782044450001174,6.9693538513905215,5.3268033051634385e-15,6,18,True,expanded:death,,
2,23,32,14,off_manifold_hop,33.99999999999977,34,1.00615336417839,8,2.3986354151107836,8,1.893805192952431,0.7895344081980727,4.6130294296018075,3.5185052222605588e-15,7,18,True,expanded:explore,,
19,23,824,760,off_manifold_hop,32.86386400511833,31,1.0064814329556262,6,2.6134378348625966,6,2.1432515189867853,0.8200889611363067,6.3167655561155955,3.832196301333337e-14,0,-1,True,pareto_kept_polished,,
16,23,712,674,wall:continuation_stalled,33.99999999999977,34,0.7330093029874452,7,3.07432915394343,9,2.597282327642969,0.8448289683983399,7.999983792282114,4.1069186399163456e-15,3,18,True,pareto_kept_polished,,
13,23,595,405,exact_hop,33.99999999999977,34,1.0010501124520668,6,1.7966159054959248,6,1.3981344836148395,0.7782044450001174,6.9693538513905215,5.3268033051634385e-15,6,18,True,pareto_kept_polished,,
2,23,32,14,off_manifold_hop,33.99999999999977,34,1.00615336417839,8,2.3986354151107836,8,1.893805192952431,0.7895344081980727,4.6130294296018075,3.5185052222605588e-15,7,18,True,pareto_kept_polished,,
19,23,824,760,off_manifold_hop,32.86386400511833,31,1.0064814329556262,6,2.6134378348625966,6,2.1432515189867853,0.8200889611363067,6.3167655561155955,3.832196301333337e-14,0,-1,True,frontier,,
16,23,712,674,wall:continuation_stalled,33.99999999999977,34,0.7330093029874452,7,3.07432915394343,9,2.597282327642969,0.8448289683983399,7.999983792282114,4.1069186399163456e-15,3,18,True,frontier,,
13,23,595,405,exact_hop,33.99999999999977,34,1.0010501124520668,6,1.7966159054959248,6,1.3981344836148395,0.7782044450001174,6.9693538513905215,5.3268033051634385e-15,6,18,True,frontier,,
2,23,32,14,off_manifold_hop,33.99999999999977,34,1.00615336417839,8,2.3986354151107836,8,1.893805192952431,0.7895344081980727,4.6130294296018075,3.5185052222605588e-15,7,18,True,frontier,,
19,23,824,760,off_manifold_hop,32.86386400511833,31,1.0064814329556262,6,2.6134378348625966,6,2.1432515189867853,0.8200889611363067,6.3167655561155955,3.832196301333337e-14,1,19,True,expanded:genericity,,
16,23,712,674,wall:continuation_stalled,33.99999999999977,34,0.7330093029874452,7,3.07432915394343,9,2.597282327642969,0.8448289683983399,7.999983792282114,4.1069186399163456e-15,4,19,True,expanded:deletion,,
13,23,595,405,exact_hop,33.99999999999977,34,1.0010501124520668,6,1.7966159054959248,6,1.3981344836148395,0.7782044450001174,6.9693538513905215,5.3268033051634385e-15,7,19,True,expanded:death,,
20,23,873,824,off_manifold_hop,33.32020897847133,31,1.0077705144535571,6,2.404575680844583,6,2.0847390174059557,0.8669883148255546,6.090780145098771,7.55667413065124e-14,0,-1,True,pareto_kept_polished,,
20,23,879,712,off_manifold_hop,33.99999999999966,34,0.7328042748016245,7,2.6704258926925943,9,2.058588777667614,0.7708840688299109,7.290847495622136,8.700862043189129e-15,0,-1,True,pareto_kept_polished,,
13,23,595,405,exact_hop,33.99999999999977,34,1.0010501124520668,6,1.7966159054959248,6,1.3981344836148395,0.7782044450001174,6.9693538513905215,5.3268033051634385e-15,7,19,True,pareto_kept_polished,,
2,23,32,14,off_manifold_hop,33.99999999999977,34,1.00615336417839,8,2.3986354151107836,8,1.893805192952431,0.7895344081980727,4.6130294296018075,3.5185052222605588e-15,7,18,True,pareto_kept_polished,,
20,23,873,824,off_manifold_hop,33.32020897847133,31,1.0077705144535571,6,2.404575680844583,6,2.0847390174059557,0.8669883148255546,6.090780145098771,7.55667413065124e-14,0,-1,True,frontier,,
20,23,879,712,off_manifold_hop,33.99999999999966,34,0.7328042748016245,7,2.6704258926925943,9,2.058588777667614,0.7708840688299109,7.290847495622136,8.700862043189129e-15,0,-1,True,frontier,,
13,23,595,405,exact_hop,33.99999999999977,34,1.0010501124520668,6,1.7966159054959248,6,1.3981344836148395,0.7782044450001174,6.9693538513905215,5.3268033051634385e-15,7,19,True,frontier,,
2,23,32,14,off_manifold_hop,33.99999999999977,34,1.00615336417839,8,2.3986354151107836,8,1.893805192952431,0.7895344081980727,4.6130294296018075,3.5185052222605588e-15,7,18,True,frontier,,
20,23,879,712,off_manifold_hop,33.99999999999966,34,0.7328042748016245,7,2.6704258926925943,9,2.058588777667614,0.7708840688299109,7.290847495622136,8.700862043189129e-15,0,-1,False,full_delete_probe,0.4118613953698916,7
20,23,873,824,off_manifold_hop,33.32020897847133,31,1.0077705144535571,6,2.404575680844583,6,2.0847390174059557,0.8669883148255546,6.090780145098771,7.55667413065124e-14,1,20,True,expanded:genericity,,
20,23,879,712,off_manifold_hop,33.99999999999966,34,0.7328042748016245,7,2.6704258926925943,9,2.058588777667614,0.7708840688299109,7.290847495622136,8.700862043189129e-15,1,20,True,expanded:deletion,,
13,23,595,405,exact_hop,33.99999999999977,34,1.0010501124520668,6,1.7966159054959248,6,1.3981344836148395,0.7782044450001174,6.9693538513905215,5.3268033051634385e-15,8,20,True,expanded:death,,
21,23,907,873,off_manifold_hop,32.697805228222705,31,1.0061142735825581,6,2.436584000477806,6,1.967636029283426,0.8075387628325471,6.649659237573332,3.09221165873684e-14,0,-1,True,pareto_kept_polished,,
20,23,879,712,off_manifold_hop,33.99999999999966,34,0.7328042748016245,7,2.670425892692597,9,2.058588777667614,0.7708840688299101,7.290847495622136,8.72136734980875e-15,1,20,True,pareto_kept_polished,,
13,23,595,405,exact_hop,33.99999999999977,34,1.0010501124520668,6,1.7966159054959248,6,1.3981344836148395,0.7782044450001174,6.9693538513905215,5.3268033051634385e-15,8,20,True,pareto_kept_polished,,
2,23,32,14,off_manifold_hop,33.99999999999977,34,1.00615336417839,8,2.3986354151107836,8,1.893805192952431,0.7895344081980727,4.6130294296018075,3.5185052222605588e-15,7,18,True,pareto_kept_polished,,
21,23,907,873,off_manifold_hop,32.697805228222705,31,1.0061142735825581,6,2.436584000477806,6,1.967636029283426,0.8075387628325471,6.649659237573332,3.09221165873684e-14,0,-1,True,frontier,,
20,23,879,712,off_manifold_hop,33.99999999999966,34,0.7328042748016245,7,2.670425892692597,9,2.058588777667614,0.7708840688299101,7.290847495622136,8.72136734980875e-15,1,20,True,frontier,,
13,23,595,405,exact_hop,33.99999999999977,34,1.0010501124520668,6,1.7966159054959248,6,1.3981344836148395,0.7782044450001174,6.9693538513905215,5.3268033051634385e-15,8,20,True,frontier,,
2,23,32,14,off_manifold_hop,33.99999999999977,34,1.00615336417839,8,2.3986354151107836,8,1.893805192952431,0.7895344081980727,4.6130294296018075,3.5185052222605588e-15,7,18,True,frontier,,
21,23,907,873,off_manifold_hop,32.697805228222705,31,1.0061142735825581,6,2.436584000477806,6,1.967636029283426,0.8075387628325471,6.649659237573332,3.09221165873684e-14,1,21,True,expanded:genericity,,
20,23,879,712,off_manifold_hop,33.99999999999966,34,0.7328042748016245,7,2.670425892692597,9,2.058588777667614,0.7708840688299101,7.290847495622136,8.72136734980875e-15,2,21,True,expanded:deletion,,
13,23,595,405,exact_hop,33.99999999999977,34,1.0010501124520668,6,1.7966159054959248,6,1.3981344836148395,0.7782044450001174,6.9693538513905215,5.3268033051634385e-15,9,21,True,expanded:death,,
2,23,32,14,off_manifold_hop,33.99999999999977,34,1.00615336417839,8,2.3986354151107836,8,1.893805192952431,0.7895344081980727,4.6130294296018075,3.5185052222605588e-15,8,21,True,expanded:explore,,
22,23,939,907,off_manifold_hop,32.62737844961373,31,1.0052458326292544,6,2.4566692413918445,6,2.116360737689556,0.8614756524938276,6.722841169729912,6.278833403404105e-14,0,-1,True,pareto_kept_polished,,
20,23,879,712,off_manifold_hop,33.99999999999966,34,0.7328042748016245,7,2.670425892692596,9,2.058588777667614,0.7708840688299105,7.290847495622136,8.779751986242656e-15,2,21,True,pareto_kept_polished,,
13,23,595,405,exact_hop,33.99999999999977,34,1.0010501124520668,6,1.7966159054959248,6,1.3981344836148395,0.7782044450001174,6.9693538513905215,5.3268033051634385e-15,9,21,True,pareto_kept_polished,,
22,23,979,32,off_manifold_hop,33.99999999999977,34,1.0042353283265668,6,2.4740558849237946,6,1.739377587012035,0.7030470077944949,4.487457171298847,3.831666947409997e-15,0,-1,True,pareto_kept_polished,,
22,23,939,907,off_manifold_hop,32.62737844961373,31,1.0052458326292544,6,2.4566692413918445,6,2.116360737689556,0.8614756524938276,6.722841169729912,6.278833403404105e-14,0,-1,True,frontier,,
20,23,879,712,off_manifold_hop,33.99999999999966,34,0.7328042748016245,7,2.670425892692596,9,2.058588777667614,0.7708840688299105,7.290847495622136,8.779751986242656e-15,2,21,True,frontier,,
13,23,595,405,exact_hop,33.99999999999977,34,1.0010501124520668,6,1.7966159054959248,6,1.3981344836148395,0.7782044450001174,6.9693538513905215,5.3268033051634385e-15,9,21,True,frontier,,
22,23,979,32,off_manifold_hop,33.99999999999977,34,1.0042353283265668,6,2.4740558849237946,6,1.739377587012035,0.7030470077944949,4.487457171298847,3.831666947409997e-15,0,-1,True,frontier,,
20,23,879,712,off_manifold_hop,33.99999999999966,34,0.7328042748016245,7,2.670425892692596,9,2.058588777667614,0.7708840688299105,7.290847495622136,8.779751986242656e-15,2,21,False,full_delete_probe,0.49303929099454297,7
22,23,939,907,off_manifold_hop,32.62737844961373,31,1.0052458326292544,6,2.4566692413918445,6,2.116360737689556,0.8614756524938276,6.722841169729912,6.278833403404105e-14,1,22,True,expanded:genericity,,
20,23,879,712,off_manifold_hop,33.99999999999966,34,0.7328042748016245,7,2.670425892692596,9,2.058588777667614,0.7708840688299105,7.290847495622136,8.779751986242656e-15,3,22,True,expanded:deletion,,
13,23,595,405,exact_hop,33.99999999999977,34,1.0010501124520668,6,1.7966159054959248,6,1.3981344836148395,0.7782044450001174,6.9693538513905215,5.3268033051634385e-15,10,22,True,expanded:death,,
23,23,994,939,off_manifold_hop,33.85527666615849,31,1.0044519785505894,6,2.9374128011500917,6,2.6141160871350295,0.8899382770142211,7.072653792096696,3.88734770587558e-14,0,-1,True,pareto_kept_polished,,
20,23,879,712,off_manifold_hop,33.99999999999977,34,0.7328042748016245,7,2.670425892692596,9,2.058588777667614,0.7708840688299103,7.290847495622136,8.803383515226851e-15,3,22,True,pareto_kept_polished,,
13,23,595,405,exact_hop,33.99999999999977,34,1.0010501124520668,6,1.7966159054959248,6,1.3981344836148395,0.7782044450001174,6.9693538513905215,5.3268033051634385e-15,10,22,True,pareto_kept_polished,,
22,23,979,32,off_manifold_hop,33.99999999999977,34,1.0042353283265668,6,2.474055884923794,6,1.739377587012035,0.703047007794495,4.487457171298847,3.7320023734386244e-15,0,-1,True,pareto_kept_polished,,
23,23,994,939,off_manifold_hop,33.85527666615849,31,1.0044519785505894,6,2.9374128011500917,6,2.6141160871350295,0.8899382770142211,7.072653792096696,3.88734770587558e-14,0,-1,True,frontier,,
20,23,879,712,off_manifold_hop,33.99999999999977,34,0.7328042748016245,7,2.670425892692596,9,2.058588777667614,0.7708840688299103,7.290847495622136,8.803383515226851e-15,3,22,True,frontier,,
13,23,595,405,exact_hop,33.99999999999977,34,1.0010501124520668,6,1.7966159054959248,6,1.3981344836148395,0.7782044450001174,6.9693538513905215,5.3268033051634385e-15,10,22,True,frontier,,
22,23,979,32,off_manifold_hop,33.99999999999977,34,1.0042353283265668,6,2.474055884923794,6,1.739377587012035,0.703047007794495,4.487457171298847,3.7320023734386244e-15,0,-1,True,frontier,,
23,23,994,939,off_manifold_hop,33.85527666615849,31,1.0044519785505894,6,2.9374128011500917,6,2.6141160871350295,0.8899382770142211,7.072653792096696,3.88734770587558e-14,1,23,True,expanded:genericity,,
20,23,879,712,off_manifold_hop,33.99999999999977,34,0.7328042748016245,7,2.670425892692596,9,2.058588777667614,0.7708840688299103,7.290847495622136,8.803383515226851e-15,4,23,True,expanded:deletion,,
13,23,595,405,exact_hop,33.99999999999977,34,1.0010501124520668,6,1.7966159054959248,6,1.3981344836148395,0.7782044450001174,6.9693538513905215,5.3268033051634385e-15,11,23,True,expanded:death,,
24,23,1030,994,off_manifold_hop,33.03325501538109,31,1.0042240594322975,6,2.9753856935227962,6,2.6099061250502107,0.8771656497279634,7.861586693502338,5.993383966487454e-14,0,-1,True,pareto_kept_polished,,
20,23,879,712,off_manifold_hop,33.99999999999966,34,0.7328042748016245,7,2.6704258926925943,9,2.058588777667614,0.7708840688299109,7.290847495622136,8.773123428811803e-15,4,23,True,pareto_kept_polished,,
13,23,595,405,exact_hop,33.99999999999977,34,1.0010501124520668,6,1.7966159054959248,6,1.3981344836148395,0.7782044450001174,6.9693538513905215,5.3268033051634385e-15,11,23,True,pareto_kept_polished,,
22,23,979,32,off_manifold_hop,33.99999999999977,34,1.0042353283265668,6,2.4740558849237946,6,1.739377587012035,0.7030470077944949,4.487457171298847,3.829512782182131e-15,0,-1,True,pareto_kept_polished,,
24,23,1030,994,off_manifold_hop,33.03325501538109,31,1.0042240594322975,6,2.9753856935227962,6,2.6099061250502107,0.8771656497279634,7.861586693502338,5.993383966487454e-14,0,-1,True,frontier,,
20,23,879,712,off_manifold_hop,33.99999999999966,34,0.7328042748016245,7,2.6704258926925943,9,2.058588777667614,0.7708840688299109,7.290847495622136,8.773123428811803e-15,4,23,True,frontier,,
13,23,595,405,exact_hop,33.99999999999977,34,1.0010501124520668,6,1.7966159054959248,6,1.3981344836148395,0.7782044450001174,6.9693538513905215,5.3268033051634385e-15,11,23,True,frontier,,
22,23,979,32,off_manifold_hop,33.99999999999977,34,1.0042353283265668,6,2.4740558849237946,6,1.739377587012035,0.7030470077944949,4.487457171298847,3.829512782182131e-15,0,-1,True,frontier,,
20,23,879,712,off_manifold_hop,33.99999999999966,34,0.7328042748016245,7,2.6704258926925943,9,2.058588777667614,0.7708840688299109,7.290847495622136,8.773123428811803e-15,4,23,False,full_delete_probe,0.34585208982637705,7
24,23,1030,994,off_manifold_hop,33.03325501538109,31,1.0042240594322975,6,2.9753856935227962,6,2.6099061250502107,0.8771656497279634,7.861586693502338,5.993383966487454e-14,1,24,True,expanded:genericity,,
20,23,879,712,off_manifold_hop,33.99999999999966,34,0.7328042748016245,7,2.6704258926925943,9,2.058588777667614,0.7708840688299109,7.290847495622136,8.773123428811803e-15,5,24,True,expanded:deletion,,
13,23,595,405,exact_hop,33.99999999999977,34,1.0010501124520668,6,1.7966159054959248,6,1.3981344836148395,0.7782044450001174,6.9693538513905215,5.3268033051634385e-15,12,24,True,expanded:death,,
22,23,979,32,off_manifold_hop,33.99999999999977,34,1.0042353283265668,6,2.4740558849237946,6,1.739377587012035,0.7030470077944949,4.487457171298847,3.829512782182131e-15,1,24,True,expanded:explore,,
25,23,1062,1030,off_manifold_hop,32.97326132616263,31,1.0042706249305042,6,2.7753365789687603,6,2.378763192848192,0.8571080029983519,7.425573865488988,3.6281729359476804e-14,0,-1,True,pareto_kept_polished,,
20,23,879,712,off_manifold_hop,33.99999999999966,34,0.7328042748016245,7,2.6704258926925952,9,2.058588777667614,0.7708840688299107,7.290847495622136,8.781024184415321e-15,5,24,True,pareto_kept_polished,,
13,23,595,405,exact_hop,33.99999999999977,34,1.0010501124520668,6,1.7966159054959248,6,1.3981344836148395,0.7782044450001174,6.9693538513905215,5.3268033051634385e-15,12,24,True,pareto_kept_polished,,
22,23,979,32,off_manifold_hop,33.99999999999977,34,1.0042353283265668,6,2.474055884923795,6,1.739377587012035,0.7030470077944948,4.487457171298847,3.745454567730845e-15,1,24,True,pareto_kept_polished,,
25,23,1062,1030,off_manifold_hop,32.97326132616263,31,1.0042706249305042,6,2.7753365789687603,6,2.378763192848192,0.8571080029983519,7.425573865488988,3.6281729359476804e-14,0,-1,True,frontier,,
20,23,879,712,off_manifold_hop,33.99999999999966,34,0.7328042748016245,7,2.6704258926925952,9,2.058588777667614,0.7708840688299107,7.290847495622136,8.781024184415321e-15,5,24,True,frontier,,
13,23,595,405,exact_hop,33.99999999999977,34,1.0010501124520668,6,1.7966159054959248,6,1.3981344836148395,0.7782044450001174,6.9693538513905215,5.3268033051634385e-15,12,24,True,frontier,,
22,23,979,32,off_manifold_hop,33.99999999999977,34,1.0042353283265668,6,2.474055884923795,6,1.739377587012035,0.7030470077944948,4.487457171298847,3.745454567730845e-15,1,24,True,frontier,,
25,23,1062,1030,off_manifold_hop,32.97326132616263,31,1.0042706249305042,6,2.7753365789687603,6,2.378763192848192,0.8571080029983519,7.425573865488988,3.6281729359476804e-14,1,25,True,expanded:genericity,,
20,23,879,712,off_manifold_hop,33.99999999999966,34,0.7328042748016245,7,2.6704258926925952,9,2.058588777667614,0.7708840688299107,7.290847495622136,8.781024184415321e-15,6,25,True,expanded:deletion,,
13,23,595,405,exact_hop,33.99999999999977,34,1.0010501124520668,6,1.7966159054959248,6,1.3981344836148395,0.7782044450001174,6.9693538513905215,5.3268033051634385e-15,13,25,True,expanded:death,,
26,23,1104,1062,off_manifold_hop,33.837594163844415,33,0.934094738897917,7,2.6410881831274313,6,1.7446408388273558,0.6605765191684921,7.699027126003162,4.4170596494936087e-14,0,-1,True,pareto_kept_polished,,
20,23,879,712,off_manifold_hop,33.99999999999966,34,0.7328042748016245,7,2.670425892692593,9,2.058588777667614,0.7708840688299113,7.290847495622136,8.807063577538002e-15,6,25,True,pareto_kept_polished,,
13,23,595,405,exact_hop,33.99999999999977,34,1.0010501124520668,6,1.7966159054959248,6,1.3981344836148395,0.7782044450001174,6.9693538513905215,5.3268033051634385e-15,13,25,True,pareto_kept_polished,,
22,23,979,32,off_manifold_hop,33.99999999999977,34,1.0042353283265668,6,2.474055884923795,6,1.739377587012035,0.7030470077944948,4.487457171298847,3.8297457674577336e-15,1,24,True,pareto_kept_polished,,
26,23,1104,1062,off_manifold_hop,33.837594163844415,33,0.934094738897917,7,2.6410881831274313,6,1.7446408388273558,0.6605765191684921,7.699027126003162,4.4170596494936087e-14,0,-1,True,frontier,,
20,23,879,712,off_manifold_hop,33.99999999999966,34,0.7328042748016245,7,2.670425892692593,9,2.058588777667614,0.7708840688299113,7.290847495622136,8.807063577538002e-15,6,25,True,frontier,,
13,23,595,405,exact_hop,33.99999999999977,34,1.0010501124520668,6,1.7966159054959248,6,1.3981344836148395,0.7782044450001174,6.9693538513905215,5.3268033051634385e-15,13,25,True,frontier,,
22,23,979,32,off_manifold_hop,33.99999999999977,34,1.0042353283265668,6,2.474055884923795,6,1.739377587012035,0.7030470077944948,4.487457171298847,3.8297457674577336e-15,1,24,True,frontier,,
20,23,879,712,off_manifold_hop,33.99999999999966,34,0.7328042748016245,7,2.670425892692593,9,2.058588777667614,0.7708840688299113,7.290847495622136,8.807063577538002e-15,6,25,False,full_delete_probe,0.3497866290873006,7
26,23,1104,1062,off_manifold_hop,33.837594163844415,33,0.934094738897917,7,2.6410881831274313,6,1.7446408388273558,0.6605765191684921,7.699027126003162,4.4170596494936087e-14,1,26,True,expanded:genericity,,
20,23,879,712,off_manifold_hop,33.99999999999966,34,0.7328042748016245,7,2.670425892692593,9,2.058588777667614,0.7708840688299113,7.290847495622136,8.807063577538002e-15,7,26,True,expanded:deletion,,
13,23,595,405,exact_hop,33.99999999999977,34,1.0010501124520668,6,1.7966159054959248,6,1.3981344836148395,0.7782044450001174,6.9693538513905215,5.3268033051634385e-15,14,26,True,expanded:death,,
26,23,1104,1062,off_manifold_hop,33.83759415409327,33,0.934094738897917,7,2.641088176143987,6,1.7446408388273558,0.6605765209151584,7.699027126003162,4.4993102177679644e-14,1,26,True,pareto_kept_polished,,
27,23,1126,1104,off_manifold_hop,33.99999999999977,34,0.6596149461808473,7,2.9462646204415863,10,2.3831901003624663,0.8088852860763314,7.880813714851391,5.733491275513995e-15,0,-1,True,pareto_kept_polished,,
13,23,595,405,exact_hop,33.99999999999977,34,1.0010501124520668,6,1.7966159054959248,6,1.3981344836148395,0.7782044450001174,6.9693538513905215,5.3268033051634385e-15,14,26,True,pareto_kept_polished,,
22,23,979,32,off_manifold_hop,33.99999999999977,34,1.0042353283265668,6,2.4740558849237932,6,1.739377587012035,0.7030470077944952,4.487457171298847,3.768352362427345e-15,1,24,True,pareto_kept_polished,,
26,23,1104,1062,off_manifold_hop,33.83759415409327,33,0.934094738897917,7,2.641088176143987,6,1.7446408388273558,0.6605765209151584,7.699027126003162,4.4993102177679644e-14,1,26,True,frontier,,
27,23,1126,1104,off_manifold_hop,33.99999999999977,34,0.6596149461808473,7,2.9462646204415863,10,2.3831901003624663,0.8088852860763314,7.880813714851391,5.733491275513995e-15,0,-1,True,frontier,,
13,23,595,405,exact_hop,33.99999999999977,34,1.0010501124520668,6,1.7966159054959248,6,1.3981344836148395,0.7782044450001174,6.9693538513905215,5.3268033051634385e-15,14,26,True,frontier,,
22,23,979,32,off_manifold_hop,33.99999999999977,34,1.0042353283265668,6,2.4740558849237932,6,1.739377587012035,0.7030470077944952,4.487457171298847,3.768352362427345e-15,1,24,True,frontier,,
26,23,1104,1062,off_manifold_hop,33.83759415409327,33,0.934094738897917,7,2.641088176143987,6,1.7446408388273558,0.6605765209151584,7.699027126003162,4.4993102177679644e-14,2,27,True,expanded:genericity,,
27,23,1126,1104,off_manifold_hop,33.99999999999977,34,0.6596149461808473,7,2.9462646204415863,10,2.3831901003624663,0.8088852860763314,7.880813714851391,5.733491275513995e-15,1,27,True,expanded:deletion,,
13,23,595,405,exact_hop,33.99999999999977,34,1.0010501124520668,6,1.7966159054959248,6,1.3981344836148395,0.7782044450001174,6.9693538513905215,5.3268033051634385e-15,15,27,True,expanded:death,,
22,23,979,32,off_manifold_hop,33.99999999999977,34,1.0042353283265668,6,2.4740558849237932,6,1.739377587012035,0.7030470077944952,4.487457171298847,3.768352362427345e-15,2,27,True,expanded:explore,,
26,23,1104,1062,off_manifold_hop,33.83759414816939,33,0.934094738897917,7,2.6410881792987584,6,1.7446408388273558,0.6605765201261018,7.699027126003162,4.4278256721451245e-14,2,27,True,pareto_kept_polished,,
28,23,1159,1126,wall:amplitude_wall,34.00000000000182,34,0.6354505857698975,7,3.1505326330585524,7,2.3608996684181642,0.7493652481631944,7.9100459007765735,4.557303718005046e-15,0,-1,True,pareto_kept_polished,,
13,23,595,405,exact_hop,33.99999999999977,34,1.0010501124520668,6,1.7966159054959248,6,1.3981344836148395,0.7782044450001174,6.9693538513905215,5.3268033051634385e-15,15,27,True,pareto_kept_polished,,
22,23,979,32,off_manifold_hop,33.99999999999977,34,1.0042353283265668,6,2.474055884923792,6,1.739377587012035,0.7030470077944957,4.487457171298847,3.83568549989828e-15,2,27,True,pareto_kept_polished,,
26,23,1104,1062,off_manifold_hop,33.83759414816939,33,0.934094738897917,7,2.6410881792987584,6,1.7446408388273558,0.6605765201261018,7.699027126003162,4.4278256721451245e-14,2,27,True,frontier,,
28,23,1159,1126,wall:amplitude_wall,34.00000000000182,34,0.6354505857698975,7,3.1505326330585524,7,2.3608996684181642,0.7493652481631944,7.9100459007765735,4.557303718005046e-15,0,-1,True,frontier,,
13,23,595,405,exact_hop,33.99999999999977,34,1.0010501124520668,6,1.7966159054959248,6,1.3981344836148395,0.7782044450001174,6.9693538513905215,5.3268033051634385e-15,15,27,True,frontier,,
22,23,979,32,off_manifold_hop,33.99999999999977,34,1.0042353283265668,6,2.474055884923792,6,1.739377587012035,0.7030470077944957,4.487457171298847,3.83568549989828e-15,2,27,True,frontier,,
28,23,1159,1126,wall:amplitude_wall,34.00000000000182,34,0.6354505857698975,7,3.1505326330585524,7,2.3608996684181642,0.7493652481631944,7.9100459007765735,4.557303718005046e-15,0,-1,False,full_delete_probe,1.0034246265223015,7
26,23,1104,1062,off_manifold_hop,33.83759414816939,33,0.934094738897917,7,2.6410881792987584,6,1.7446408388273558,0.6605765201261018,7.699027126003162,4.4278256721451245e-14,3,28,True,expanded:genericity,,
28,23,1159,1126,wall:amplitude_wall,34.00000000000182,34,0.6354505857698975,7,3.1505326330585524,7,2.3608996684181642,0.7493652481631944,7.9100459007765735,4.557303718005046e-15,1,28,True,expanded:deletion,,
13,23,595,405,exact_hop,33.99999999999977,34,1.0010501124520668,6,1.7966159054959248,6,1.3981344836148395,0.7782044450001174,6.9693538513905215,5.3268033051634385e-15,16,28,True,expanded:death,,
26,23,1104,1062,off_manifold_hop,33.837594163096696,33,0.934094738897917,7,2.641088173943548,6,1.7446408388273558,0.6605765214655218,7.699027126003162,4.448343792704384e-14,3,28,True,pareto_kept_polished,,
29,23,1194,1104,exact_hop,33.99999999999977,34,0.622991113787136,7,2.636650096618054,6,1.305397959302993,0.49509715414168337,7.735536212138817,5.415623113353022e-15,0,-1,True,pareto_kept_polished,,
13,23,595,405,exact_hop,33.99999999999977,34,1.0010501124520668,6,1.7966159054959248,6,1.3981344836148395,0.7782044450001174,6.9693538513905215,5.3268033051634385e-15,16,28,True,pareto_kept_polished,,
22,23,979,32,off_manifold_hop,33.99999999999977,34,1.0042353283265668,6,2.4740558849237924,6,1.739377587012035,0.7030470077944955,4.487457171298847,3.768589128822064e-15,2,27,True,pareto_kept_polished,,
26,23,1104,1062,off_manifold_hop,33.837594163096696,33,0.934094738897917,7,2.641088173943548,6,1.7446408388273558,0.6605765214655218,7.699027126003162,4.448343792704384e-14,3,28,True,frontier,,
29,23,1194,1104,exact_hop,33.99999999999977,34,0.622991113787136,7,2.636650096618054,6,1.305397959302993,0.49509715414168337,7.735536212138817,5.415623113353022e-15,0,-1,True,frontier,,
13,23,595,405,exact_hop,33.99999999999977,34,1.0010501124520668,6,1.7966159054959248,6,1.3981344836148395,0.7782044450001174,6.9693538513905215,5.3268033051634385e-15,16,28,True,frontier,,
22,23,979,32,off_manifold_hop,33.99999999999977,34,1.0042353283265668,6,2.4740558849237924,6,1.739377587012035,0.7030470077944955,4.487457171298847,3.768589128822064e-15,2,27,True,frontier,,
26,23,1104,1062,off_manifold_hop,33.837594163096696,33,0.934094738897917,7,2.641088173943548,6,1.7446408388273558,0.6605765214655218,7.699027126003162,4.448343792704384e-14,4,29,True,expanded:genericity,,
29,23,1194,1104,exact_hop,33.99999999999977,34,0.622991113787136,7,2.636650096618054,6,1.305397959302993,0.49509715414168337,7.735536212138817,5.415623113353022e-15,1,29,True,expanded:deletion,,
13,23,595,405,exact_hop,33.99999999999977,34,1.0010501124520668,6,1.7966159054959248,6,1.3981344836148395,0.7782044450001174,6.9693538513905215,5.3268033051634385e-15,17,29,True,expanded:death,,
26,23,1104,1062,off_manifold_hop,33.837594160989056,33,0.934094738897917,7,2.6410881801660127,6,1.7446408388273558,0.6605765199091882,7.699027126003162,4.4278256721451245e-14,4,29,True,pareto_kept_polished,,
29,23,1194,1104,exact_hop,33.99999999999977,34,0.622991113787136,7,2.6366500966180535,6,1.305397959302993,0.4950971541416834,7.735536212138817,5.744249252200798e-15,1,29,True,pareto_kept_polished,,
13,23,595,405,exact_hop,33.99999999999977,34,1.0010501124520668,6,1.7966159054959248,6,1.3981344836148395,0.7782044450001174,6.9693538513905215,5.3268033051634385e-15,17,29,True,pareto_kept_polished,,
22,23,979,32,off_manifold_hop,33.99999999999977,34,1.0042353283265668,6,2.4740558849237946,6,1.739377587012035,0.7030470077944949,4.487457171298847,3.8670108315407435e-15,2,27,True,pareto_kept_polished,,
26,23,1104,1062,off_manifold_hop,33.837594160989056,33,0.934094738897917,7,2.6410881801660127,6,1.7446408388273558,0.6605765199091882,7.699027126003162,4.4278256721451245e-14,4,29,True,frontier,,
29,23,1194,1104,exact_hop,33.99999999999977,34,0.622991113787136,7,2.6366500966180535,6,1.305397959302993,0.4950971541416834,7.735536212138817,5.744249252200798e-15,1,29,True,frontier,,
13,23,595,405,exact_hop,33.99999999999977,34,1.0010501124520668,6,1.7966159054959248,6,1.3981344836148395,0.7782044450001174,6.9693538513905215,5.3268033051634385e-15,17,29,True,frontier,,
22,23,979,32,off_manifold_hop,33.99999999999977,34,1.0042353283265668,6,2.4740558849237946,6,1.739377587012035,0.7030470077944949,4.487457171298847,3.8670108315407435e-15,2,27,True,frontier,,
29,23,1194,1104,exact_hop,33.99999999999977,34,0.622991113787136,7,2.6366500966180535,6,1.305397959302993,0.4950971541416834,7.735536212138817,5.744249252200798e-15,1,29,False,full_delete_probe,0.2901042596502767,7
26,23,1104,1062,off_manifold_hop,33.837594160989056,33,0.934094738897917,7,2.6410881801660127,6,1.7446408388273558,0.6605765199091882,7.699027126003162,4.4278256721451245e-14,5,30,True,expanded:genericity,,
29,23,1194,1104,exact_hop,33.99999999999977,34,0.622991113787136,7,2.6366500966180535,6,1.305397959302993,0.4950971541416834,7.735536212138817,5.744249252200798e-15,2,30,True,expanded:deletion,,
13,23,595,405,exact_hop,33.99999999999977,34,1.0010501124520668,6,1.7966159054959248,6,1.3981344836148395,0.7782044450001174,6.9693538513905215,5.3268033051634385e-15,18,30,True,expanded:death,,
22,23,979,32,off_manifold_hop,33.99999999999977,34,1.0042353283265668,6,2.4740558849237946,6,1.739377587012035,0.7030470077944949,4.487457171298847,3.8670108315407435e-15,3,30,True,expanded:explore,,
31,23,1255,1194,off_manifold_hop,32.71765404815676,31,0.6262160776671116,7,2.4199925166353506,6,1.7787533200348564,0.7350243059875059,7.7579858009450975,2.146694072867785e-14,0,-1,True,pareto_kept_polished,,
29,23,1194,1104,exact_hop,33.99999999999977,34,0.622991113787136,7,2.636650096618056,6,1.305397959302993,0.4950971541416829,7.735536212138817,5.981669526685102e-15,2,30,True,pareto_kept_polished,,
13,23,595,405,exact_hop,33.99999999999977,34,1.0010501124520668,6,1.7966159054959248,6,1.3981344836148395,0.7782044450001174,6.9693538513905215,5.3268033051634385e-15,18,30,True,pareto_kept_polished,,
22,23,979,32,off_manifold_hop,33.99999999999977,34,1.0042353283265668,6,2.474055884923793,6,1.739377587012035,0.7030470077944954,4.487457171298847,3.774625098290603e-15,3,30,True,pareto_kept_polished,,
31,23,1255,1194,off_manifold_hop,32.71765404815676,31,0.6262160776671116,7,2.4199925166353506,6,1.7787533200348564,0.7350243059875059,7.7579858009450975,2.146694072867785e-14,0,-1,True,frontier,,
29,23,1194,1104,exact_hop,33.99999999999977,34,0.622991113787136,7,2.636650096618056,6,1.305397959302993,0.4950971541416829,7.735536212138817,5.981669526685102e-15,2,30,True,frontier,,
13,23,595,405,exact_hop,33.99999999999977,34,1.0010501124520668,6,1.7966159054959248,6,1.3981344836148395,0.7782044450001174,6.9693538513905215,5.3268033051634385e-15,18,30,True,frontier,,
22,23,979,32,off_manifold_hop,33.99999999999977,34,1.0042353283265668,6,2.474055884923793,6,1.739377587012035,0.7030470077944954,4.487457171298847,3.774625098290603e-15,3,30,True,frontier,,
31,23,1255,1194,off_manifold_hop,32.71765404815676,31,0.6262160776671116,7,2.4199925166353506,6,1.7787533200348564,0.7350243059875059,7.7579858009450975,2.146694072867785e-14,1,31,True,expanded:genericity,,
29,23,1194,1104,exact_hop,33.99999999999977,34,0.622991113787136,7,2.636650096618056,6,1.305397959302993,0.4950971541416829,7.735536212138817,5.981669526685102e-15,3,31,True,expanded:deletion,,
13,23,595,405,exact_hop,33.99999999999977,34,1.0010501124520668,6,1.7966159054959248,6,1.3981344836148395,0.7782044450001174,6.9693538513905215,5.3268033051634385e-15,19,31,True,expanded:death,,
32,23,1291,1255,off_manifold_hop,32.447854410163586,31,1.0125173725753511,6,2.4079280626772976,6,1.932858374718671,0.8027060295852809,7.204395951972092,8.203206546008743e-14,0,-1,True,pareto_kept_polished,,
29,23,1194,1104,exact_hop,33.99999999999977,34,0.622991113787136,7,2.6366500966180584,6,1.305397959302993,0.4950971541416825,7.735536212138817,6.006979323188267e-15,3,31,True,pareto_kept_polished,,
13,23,595,405,exact_hop,33.99999999999977,34,1.0010501124520668,6,1.7966159054959248,6,1.3981344836148395,0.7782044450001174,6.9693538513905215,5.3268033051634385e-15,19,31,True,pareto_kept_polished,,
22,23,979,32,off_manifold_hop,33.99999999999977,34,1.0042353283265668,6,2.474055884923795,6,1.739377587012035,0.7030470077944947,4.487457171298847,3.899324427131092e-15,3,30,True,pareto_kept_polished,,
32,23,1291,1255,off_manifold_hop,32.447854410163586,31,1.0125173725753511,6,2.4079280626772976,6,1.932858374718671,0.8027060295852809,7.204395951972092,8.203206546008743e-14,0,-1,True,frontier,,
29,23,1194,1104,exact_hop,33.99999999999977,34,0.622991113787136,7,2.6366500966180584,6,1.305397959302993,0.4950971541416825,7.735536212138817,6.006979323188267e-15,3,31,True,frontier,,
13,23,595,405,exact_hop,33.99999999999977,34,1.0010501124520668,6,1.7966159054959248,6,1.3981344836148395,0.7782044450001174,6.9693538513905215,5.3268033051634385e-15,19,31,True,frontier,,
22,23,979,32,off_manifold_hop,33.99999999999977,34,1.0042353283265668,6,2.474055884923795,6,1.739377587012035,0.7030470077944947,4.487457171298847,3.899324427131092e-15,3,30,True,frontier,,
29,23,1194,1104,exact_hop,33.99999999999977,34,0.622991113787136,7,2.6366500966180584,6,1.305397959302993,0.4950971541416825,7.735536212138817,6.006979323188267e-15,3,31,False,full_delete_probe,0.30448344959174145,7
32,23,1291,1255,off_manifold_hop,32.447854410163586,31,1.0125173725753511,6,2.4079280626772976,6,1.932858374718671,0.8027060295852809,7.204395951972092,8.203206546008743e-14,1,32,True,expanded:genericity,,
29,23,1194,1104,exact_hop,33.99999999999977,34,0.622991113787136,7,2.6366500966180584,6,1.305397959302993,0.4950971541416825,7.735536212138817,6.006979323188267e-15,4,32,True,expanded:deletion,,
13,23,595,405,exact_hop,33.99999999999977,34,1.0010501124520668,6,1.7966159054959248,6,1.3981344836148395,0.7782044450001174,6.9693538513905215,5.3268033051634385e-15,20,32,True,expanded:death,,
33,23,1318,1291,off_manifold_hop,32.61410372785974,31,1.0132038471044271,6,2.482992628873046,6,1.8752513564947333,0.7552383904360812,6.878543915463887,6.571285445597491e-14,0,-1,True,pareto_kept_polished,,
29,23,1194,1104,exact_hop,33.99999999999977,34,0.622991113787136,7,2.636650096618055,6,1.305397959302993,0.49509715414168315,7.735536212138817,5.981669526685102e-15,4,32,True,pareto_kept_polished,,
13,23,595,405,exact_hop,33.99999999999977,34,1.0010501124520668,6,1.7966159054959248,6,1.3981344836148395,0.7782044450001174,6.9693538513905215,5.3268033051634385e-15,20,32,True,pareto_kept_polished,,
22,23,979,32,off_manifold_hop,33.99999999999977,34,1.0042353283265668,6,2.4740558849237906,6,1.739377587012035,0.703047007794496,4.487457171298847,3.806452961717622e-15,3,30,True,pareto_kept_polished,,
33,23,1318,1291,off_manifold_hop,32.61410372785974,31,1.0132038471044271,6,2.482992628873046,6,1.8752513564947333,0.7552383904360812,6.878543915463887,6.571285445597491e-14,0,-1,True,frontier,,
29,23,1194,1104,exact_hop,33.99999999999977,34,0.622991113787136,7,2.636650096618055,6,1.305397959302993,0.49509715414168315,7.735536212138817,5.981669526685102e-15,4,32,True,frontier,,
13,23,595,405,exact_hop,33.99999999999977,34,1.0010501124520668,6,1.7966159054959248,6,1.3981344836148395,0.7782044450001174,6.9693538513905215,5.3268033051634385e-15,20,32,True,frontier,,
22,23,979,32,off_manifold_hop,33.99999999999977,34,1.0042353283265668,6,2.4740558849237906,6,1.739377587012035,0.703047007794496,4.487457171298847,3.806452961717622e-15,3,30,True,frontier,,
33,23,1318,1291,off_manifold_hop,32.61410372785974,31,1.0132038471044271,6,2.482992628873046,6,1.8752513564947333,0.7552383904360812,6.878543915463887,6.571285445597491e-14,1,33,True,expanded:genericity,,
29,23,1194,1104,exact_hop,33.99999999999977,34,0.622991113787136,7,2.636650096618055,6,1.305397959302993,0.49509715414168315,7.735536212138817,5.981669526685102e-15,5,33,True,expanded:deletion,,
13,23,595,405,exact_hop,33.99999999999977,34,1.0010501124520668,6,1.7966159054959248,6,1.3981344836148395,0.7782044450001174,6.9693538513905215,5.3268033051634385e-15,21,33,True,expanded:death,,
22,23,979,32,off_manifold_hop,33.99999999999977,34,1.0042353283265668,6,2.4740558849237906,6,1.739377587012035,0.703047007794496,4.487457171298847,3.806452961717622e-15,4,33,True,expanded:explore,,
34,23,1350,1318,off_manifold_hop,32.897404951461226,31,1.0039091833018214,7,2.539272165288538,6,2.165948617897205,0.8529800970157478,6.82738345866014,7.209637209216107e-14,0,-1,True,pareto_kept_polished,,
29,23,1194,1104,exact_hop,33.99999999999977,34,0.622991113787136,7,2.6366500966180584,6,1.305397959302993,0.4950971541416825,7.735536212138817,6.006979323188267e-15,5,33,True,pareto_kept_polished,,
13,23,595,405,exact_hop,33.99999999999977,34,1.0010501124520668,6,1.7966159054959248,6,1.3981344836148395,0.7782044450001174,6.9693538513905215,5.3268033051634385e-15,21,33,True,pareto_kept_polished,,
22,23,979,32,off_manifold_hop,33.99999999999977,34,1.0042353283265668,6,2.474055884923795,6,1.739377587012035,0.7030470077944948,4.487457171298847,3.806452961717622e-15,4,33,True,pareto_kept_polished,,
34,23,1350,1318,off_manifold_hop,32.897404951461226,31,1.0039091833018214,7,2.539272165288538,6,2.165948617897205,0.8529800970157478,6.82738345866014,7.209637209216107e-14,0,-1,True,frontier,,
29,23,1194,1104,exact_hop,33.99999999999977,34,0.622991113787136,7,2.6366500966180584,6,1.305397959302993,0.4950971541416825,7.735536212138817,6.006979323188267e-15,5,33,True,frontier,,
13,23,595,405,exact_hop,33.99999999999977,34,1.0010501124520668,6,1.7966159054959248,6,1.3981344836148395,0.7782044450001174,6.9693538513905215,5.3268033051634385e-15,21,33,True,frontier,,
22,23,979,32,off_manifold_hop,33.99999999999977,34,1.0042353283265668,6,2.474055884923795,6,1.739377587012035,0.7030470077944948,4.487457171298847,3.806452961717622e-15,4,33,True,frontier,,
29,23,1194,1104,exact_hop,33.99999999999977,34,0.622991113787136,7,2.6366500966180584,6,1.305397959302993,0.4950971541416825,7.735536212138817,6.006979323188267e-15,5,33,False,full_delete_probe,0.30448344959174145,7
34,23,1350,1318,off_manifold_hop,32.897404951461226,31,1.0039091833018214,7,2.539272165288538,6,2.165948617897205,0.8529800970157478,6.82738345866014,7.209637209216107e-14,1,34,True,expanded:genericity,,
29,23,1194,1104,exact_hop,33.99999999999977,34,0.622991113787136,7,2.6366500966180584,6,1.305397959302993,0.4950971541416825,7.735536212138817,6.006979323188267e-15,6,34,True,expanded:deletion,,
13,23,595,405,exact_hop,33.99999999999977,34,1.0010501124520668,6,1.7966159054959248,6,1.3981344836148395,0.7782044450001174,6.9693538513905215,5.3268033051634385e-15,22,34,True,expanded:death,,
35,23,1398,1350,off_manifold_hop,32.70562053150684,31,1.0026206686184185,7,2.553427983987113,6,2.059665273372577,0.8066275165342481,6.162230915218757,7.888303205059217e-14,0,-1,True,pareto_kept_polished,,
29,23,1194,1104,exact_hop,33.99999999999977,34,0.622991113787136,7,2.636650096618055,6,1.305397959302993,0.49509715414168315,7.735536212138817,5.981669526685102e-15,6,34,True,pareto_kept_polished,,
13,23,595,405,exact_hop,33.99999999999977,34,1.0010501124520668,6,1.7966159054959248,6,1.3981344836148395,0.7782044450001174,6.9693538513905215,5.3268033051634385e-15,22,34,True,pareto_kept_polished,,
22,23,979,32,off_manifold_hop,33.99999999999977,34,1.0042353283265668,6,2.474055884923795,6,1.739377587012035,0.7030470077944948,4.487457171298847,3.806452961717622e-15,4,33,True,pareto_kept_polished,,
35,23,1398,1350,off_manifold_hop,32.70562053150684,31,1.0026206686184185,7,2.553427983987113,6,2.059665273372577,0.8066275165342481,6.162230915218757,7.888303205059217e-14,0,-1,True,frontier,,
29,23,1194,1104,exact_hop,33.99999999999977,34,0.622991113787136,7,2.636650096618055,6,1.305397959302993,0.49509715414168315,7.735536212138817,5.981669526685102e-15,6,34,True,frontier,,
13,23,595,405,exact_hop,33.99999999999977,34,1.0010501124520668,6,1.7966159054959248,6,1.3981344836148395,0.7782044450001174,6.9693538513905215,5.3268033051634385e-15,22,34,True,frontier,,
22,23,979,32,off_manifold_hop,33.99999999999977,34,1.0042353283265668,6,2.474055884923795,6,1.739377587012035,0.7030470077944948,4.487457171298847,3.806452961717622e-15,4,33,True,frontier,,
35,23,1398,1350,off_manifold_hop,32.70562053150684,31,1.0026206686184185,7,2.553427983987113,6,2.059665273372577,0.8066275165342481,6.162230915218757,7.888303205059217e-14,1,35,True,expanded:genericity,,
29,23,1194,1104,exact_hop,33.99999999999977,34,0.622991113787136,7,2.636650096618055,6,1.305397959302993,0.49509715414168315,7.735536212138817,5.981669526685102e-15,7,35,True,expanded:deletion,,
13,23,595,405,exact_hop,33.99999999999977,34,1.0010501124520668,6,1.7966159054959248,6,1.3981344836148395,0.7782044450001174,6.9693538513905215,5.3268033051634385e-15,23,35,True,expanded:death,,
36,23,1429,1398,off_manifold_hop,32.2295835649777,31,1.0055974513142432,7,2.8983732427888564,6,2.452382529580257,0.8461237819117248,5.993113163051888,3.479273449173858e-14,0,-1,True,pareto_kept_polished,,
29,23,1194,1104,exact_hop,33.99999999999977,34,0.622991113787136,7,2.6366500966180584,6,1.305397959302993,0.4950971541416825,7.735536212138817,6.006979323188267e-15,7,35,True,pareto_kept_polished,,
13,23,595,405,exact_hop,33.99999999999977,34,1.0010501124520668,6,1.7966159054959248,6,1.3981344836148395,0.7782044450001174,6.9693538513905215,5.3268033051634385e-15,23,35,True,pareto_kept_polished,,
22,23,979,32,off_manifold_hop,33.99999999999977,34,1.0042353283265668,6,2.474055884923795,6,1.739377587012035,0.7030470077944948,4.487457171298847,3.806452961717622e-15,4,33,True,pareto_kept_polished,,
36,23,1429,1398,off_manifold_hop,32.2295835649777,31,1.0055974513142432,7,2.8983732427888564,6,2.452382529580257,0.8461237819117248,5.993113163051888,3.479273449173858e-14,0,-1,True,frontier,,
29,23,1194,1104,exact_hop,33.99999999999977,34,0.622991113787136,7,2.6366500966180584,6,1.305397959302993,0.4950971541416825,7.735536212138817,6.006979323188267e-15,7,35,True,frontier,,
13,23,595,405,exact_hop,33.99999999999977,34,1.0010501124520668,6,1.7966159054959248,6,1.3981344836148395,0.7782044450001174,6.9693538513905215,5.3268033051634385e-15,23,35,True,frontier,,
22,23,979,32,off_manifold_hop,33.99999999999977,34,1.0042353283265668,6,2.474055884923795,6,1.739377587012035,0.7030470077944948,4.487457171298847,3.806452961717622e-15,4,33,True,frontier,,
29,23,1194,1104,exact_hop,33.99999999999977,34,0.622991113787136,7,2.6366500966180584,6,1.305397959302993,0.4950971541416825,7.735536212138817,6.006979323188267e-15,7,35,False,full_delete_probe,0.30448344959174145,7
36,23,1429,1398,off_manifold_hop,32.2295835649777,31,1.0055974513142432,7,2.8983732427888564,6,2.452382529580257,0.8461237819117248,5.993113163051888,3.479273449173858e-14,1,36,True,expanded:genericity,,
29,23,1194,1104,exact_hop,33.99999999999977,34,0.622991113787136,7,2.6366500966180584,6,1.305397959302993,0.4950971541416825,7.735536212138817,6.006979323188267e-15,8,36,True,expanded:deletion,,
13,23,595,405,exact_hop,33.99999999999977,34,1.0010501124520668,6,1.7966159054959248,6,1.3981344836148395,0.7782044450001174,6.9693538513905215,5.3268033051634385e-15,24,36,True,expanded:death,,
22,23,979,32,off_manifold_hop,33.99999999999977,34,1.0042353283265668,6,2.474055884923795,6,1.739377587012035,0.7030470077944948,4.487457171298847,3.806452961717622e-15,5,36,True,expanded:explore,,
37,23,1459,1429,off_manifold_hop,32.46574575688237,31,1.0052475243184473,7,2.9933697897170117,6,2.7256453261489573,0.9105608453430123,6.289794411347614,7.847738599495177e-14,0,-1,True,pareto_kept_polished,,
29,23,1194,1104,exact_hop,33.99999999999977,34,0.622991113787136,7,2.636650096618055,6,1.305397959302993,0.49509715414168315,7.735536212138817,5.981669526685102e-15,8,36,True,pareto_kept_polished,,
37,23,1474,595,exact_hop,33.99999999999977,34,1.000868234427514,6,1.7727879600602514,6,1.4666040606716713,0.8272867899113135,7.643871422932261,5.496147810991244e-15,0,-1,True,pareto_kept_polished,,
22,23,979,32,off_manifold_hop,33.99999999999977,34,1.0042353283265668,6,2.474055884923795,6,1.739377587012035,0.7030470077944948,4.487457171298847,3.806452961717622e-15,5,36,True,pareto_kept_polished,,
37,23,1459,1429,off_manifold_hop,32.46574575688237,31,1.0052475243184473,7,2.9933697897170117,6,2.7256453261489573,0.9105608453430123,6.289794411347614,7.847738599495177e-14,0,-1,True,frontier,,
29,23,1194,1104,exact_hop,33.99999999999977,34,0.622991113787136,7,2.636650096618055,6,1.305397959302993,0.49509715414168315,7.735536212138817,5.981669526685102e-15,8,36,True,frontier,,
37,23,1474,595,exact_hop,33.99999999999977,34,1.000868234427514,6,1.7727879600602514,6,1.4666040606716713,0.8272867899113135,7.643871422932261,5.496147810991244e-15,0,-1,True,frontier,,
22,23,979,32,off_manifold_hop,33.99999999999977,34,1.0042353283265668,6,2.474055884923795,6,1.739377587012035,0.7030470077944948,4.487457171298847,3.806452961717622e-15,5,36,True,frontier,,
37,23,1459,1429,off_manifold_hop,32.46574575688237,31,1.0052475243184473,7,2.9933697897170117,6,2.7256453261489573,0.9105608453430123,6.289794411347614,7.847738599495177e-14,1,37,True,expanded:genericity,,
29,23,1194,1104,exact_hop,33.99999999999977,34,0.622991113787136,7,2.636650096618055,6,1.305397959302993,0.49509715414168315,7.735536212138817,5.981669526685102e-15,9,37,True,expanded:deletion,,
37,23,1474,595,exact_hop,33.99999999999977,34,1.000868234427514,6,1.7727879600602514,6,1.4666040606716713,0.8272867899113135,7.643871422932261,5.496147810991244e-15,1,37,True,expanded:death,,
38,23,1506,1459,off_manifold_hop,32.054158833843644,31,1.0096206467952895,7,2.871452413039783,6,2.212819812213393,0.7706273668909084,6.744432341594923,6.242048687877353e-14,0,-1,True,pareto_kept_polished,,
29,23,1194,1104,exact_hop,33.99999999999977,34,0.622991113787136,7,2.6366500966180584,6,1.305397959302993,0.4950971541416825,7.735536212138817,6.006979323188267e-15,9,37,True,pareto_kept_polished,,
37,23,1474,595,exact_hop,33.99999999999966,34,1.000868234427514,6,1.7727879600602512,6,1.4666040606716713,0.8272867899113137,7.643871422932261,6.000718932336786e-15,1,37,True,pareto_kept_polished,,
22,23,979,32,off_manifold_hop,33.99999999999977,34,1.0042353283265668,6,2.474055884923795,6,1.739377587012035,0.7030470077944948,4.487457171298847,3.806452961717622e-15,5,36,True,pareto_kept_polished,,
38,23,1506,1459,off_manifold_hop,32.054158833843644,31,1.0096206467952895,7,2.871452413039783,6,2.212819812213393,0.7706273668909084,6.744432341594923,6.242048687877353e-14,0,-1,True,frontier,,
29,23,1194,1104,exact_hop,33.99999999999977,34,0.622991113787136,7,2.6366500966180584,6,1.305397959302993,0.4950971541416825,7.735536212138817,6.006979323188267e-15,9,37,True,frontier,,
37,23,1474,595,exact_hop,33.99999999999966,34,1.000868234427514,6,1.7727879600602512,6,1.4666040606716713,0.8272867899113137,7.643871422932261,6.000718932336786e-15,1,37,True,frontier,,
22,23,979,32,off_manifold_hop,33.99999999999977,34,1.0042353283265668,6,2.474055884923795,6,1.739377587012035,0.7030470077944948,4.487457171298847,3.806452961717622e-15,5,36,True,frontier,,
29,23,1194,1104,exact_hop,33.99999999999977,34,0.622991113787136,7,2.6366500966180584,6,1.305397959302993,0.4950971541416825,7.735536212138817,6.006979323188267e-15,9,37,False,full_delete_probe,0.30448344959174145,7
38,23,1506,1459,off_manifold_hop,32.054158833843644,31,1.0096206467952895,7,2.871452413039783,6,2.212819812213393,0.7706273668909084,6.744432341594923,6.242048687877353e-14,1,38,True,expanded:genericity,,
29,23,1194,1104,exact_hop,33.99999999999977,34,0.622991113787136,7,2.6366500966180584,6,1.305397959302993,0.4950971541416825,7.735536212138817,6.006979323188267e-15,10,38,True,expanded:deletion,,
37,23,1474,595,exact_hop,33.99999999999966,34,1.000868234427514,6,1.7727879600602512,6,1.4666040606716713,0.8272867899113137,7.643871422932261,6.000718932336786e-15,2,38,True,expanded:death,,
39,23,1531,1506,off_manifold_hop,32.73993344576138,32,0.7339678625264034,7,2.949887640077555,6,2.1632280864249345,0.7333255874003599,7.002788937090137,3.5576992251167005e-14,0,-1,True,pareto_kept_polished,,
29,23,1194,1104,exact_hop,33.99999999999977,34,0.622991113787136,7,2.636650096618055,6,1.305397959302993,0.49509715414168315,7.735536212138817,5.981669526685102e-15,10,38,True,pareto_kept_polished,,
37,23,1474,595,exact_hop,33.99999999999966,34,1.000868234427514,6,1.7727879600602527,6,1.4666040606716713,0.8272867899113129,7.643871422932261,5.449393212038142e-15,2,38,True,pareto_kept_polished,,
22,23,979,32,off_manifold_hop,33.99999999999977,34,1.0042353283265668,6,2.474055884923795,6,1.739377587012035,0.7030470077944948,4.487457171298847,3.806452961717622e-15,5,36,True,pareto_kept_polished,,
39,23,1531,1506,off_manifold_hop,32.73993344576138,32,0.7339678625264034,7,2.949887640077555,6,2.1632280864249345,0.7333255874003599,7.002788937090137,3.5576992251167005e-14,0,-1,True,frontier,,
29,23,1194,1104,exact_hop,33.99999999999977,34,0.622991113787136,7,2.636650096618055,6,1.305397959302993,0.49509715414168315,7.735536212138817,5.981669526685102e-15,10,38,True,frontier,,
37,23,1474,595,exact_hop,33.99999999999966,34,1.000868234427514,6,1.7727879600602527,6,1.4666040606716713,0.8272867899113129,7.643871422932261,5.449393212038142e-15,2,38,True,frontier,,
22,23,979,32,off_manifold_hop,33.99999999999977,34,1.0042353283265668,6,2.474055884923795,6,1.739377587012035,0.7030470077944948,4.487457171298847,3.806452961717622e-15,5,36,True,frontier,,
39,23,1531,1506,off_manifold_hop,32.73993344576138,32,0.7339678625264034,7,2.949887640077555,6,2.1632280864249345,0.7333255874003599,7.002788937090137,3.5576992251167005e-14,1,39,True,expanded:genericity,,
29,23,1194,1104,exact_hop,33.99999999999977,34,0.622991113787136,7,2.636650096618055,6,1.305397959302993,0.49509715414168315,7.735536212138817,5.981669526685102e-15,11,39,True,expanded:deletion,,
37,23,1474,595,exact_hop,33.99999999999966,34,1.000868234427514,6,1.7727879600602527,6,1.4666040606716713,0.8272867899113129,7.643871422932261,5.449393212038142e-15,3,39,True,expanded:death,,
22,23,979,32,off_manifold_hop,33.99999999999977,34,1.0042353283265668,6,2.474055884923795,6,1.739377587012035,0.7030470077944948,4.487457171298847,3.806452961717622e-15,6,39,True,expanded:explore,,
40,23,1559,1531,off_manifold_hop,32.00000000000318,32,0.6799744765983601,7,2.6441273295963663,6,1.778618545177822,0.6726675093401547,6.758414498169416,5.72120326680636e-15,0,-1,True,pareto_kept_polished,,
29,23,1194,1104,exact_hop,33.99999999999977,34,0.622991113787136,7,2.6366500966180584,6,1.305397959302993,0.4950971541416825,7.735536212138817,6.006979323188267e-15,11,39,True,pareto_kept_polished,,
37,23,1474,595,exact_hop,33.99999999999977,34,1.000868234427514,6,1.7727879600602525,6,1.4666040606716713,0.827286789911313,7.643871422932261,5.9891105065668536e-15,3,39,True,pareto_kept_polished,,
22,23,979,32,off_manifold_hop,33.99999999999977,34,1.0042353283265668,6,2.474055884923795,6,1.739377587012035,0.7030470077944948,4.487457171298847,3.806452961717622e-15,6,39,True,pareto_kept_polished,,
40,23,1559,1531,off_manifold_hop,32.00000000000318,32,0.6799744765983601,7,2.6441273295963663,6,1.778618545177822,0.6726675093401547,6.758414498169416,5.72120326680636e-15,0,-1,True,frontier,,
29,23,1194,1104,exact_hop,33.99999999999977,34,0.622991113787136,7,2.6366500966180584,6,1.305397959302993,0.4950971541416825,7.735536212138817,6.006979323188267e-15,11,39,True,frontier,,
37,23,1474,595,exact_hop,33.99999999999977,34,1.000868234427514,6,1.7727879600602525,6,1.4666040606716713,0.827286789911313,7.643871422932261,5.9891105065668536e-15,3,39,True,frontier,,
22,23,979,32,off_manifold_hop,33.99999999999977,34,1.0042353283265668,6,2.474055884923795,6,1.739377587012035,0.7030470077944948,4.487457171298847,3.806452961717622e-15,6,39,True,frontier,,
29,23,1194,1104,exact_hop,33.99999999999977,34,0.622991113787136,7,2.6366500966180584,6,1.305397959302993,0.4950971541416825,7.735536212138817,6.006979323188267e-15,11,39,False,full_delete_probe,0.30448344959174145,7
40,23,1559,1531,off_manifold_hop,32.00000000000318,32,0.6799744765983601,7,2.6441273295963663,6,1.778618545177822,0.6726675093401547,6.758414498169416,5.72120326680636e-15,1,40,True,expanded:genericity,,
29,23,1194,1104,exact_hop,33.99999999999977,34,0.622991113787136,7,2.6366500966180584,6,1.305397959302993,0.4950971541416825,7.735536212138817,6.006979323188267e-15,12,40,True,expanded:deletion,,
37,23,1474,595,exact_hop,33.99999999999977,34,1.000868234427514,6,1.7727879600602525,6,1.4666040606716713,0.827286789911313,7.643871422932261,5.9891105065668536e-15,4,40,True,expanded:death,,
41,23,1596,1559,off_manifold_hop,33.12000412213786,31,1.0169607888918093,7,3.3450592395299323,7,2.439626936796719,0.7293224909043913,6.949381539946051,3.310141390899752e-14,0,-1,True,pareto_kept_polished,,
29,23,1194,1104,exact_hop,33.99999999999977,34,0.622991113787136,7,2.636650096618055,6,1.305397959302993,0.49509715414168315,7.735536212138817,5.981669526685102e-15,12,40,True,pareto_kept_polished,,
37,23,1474,595,exact_hop,33.99999999999977,34,1.000868234427514,6,1.7727879600602492,6,1.4666040606716713,0.8272867899113145,7.643871422932261,5.449410883058995e-15,4,40,True,pareto_kept_polished,,
22,23,979,32,off_manifold_hop,33.99999999999977,34,1.0042353283265668,6,2.474055884923795,6,1.739377587012035,0.7030470077944948,4.487457171298847,3.806452961717622e-15,6,39,True,pareto_kept_polished,,
41,23,1596,1559,off_manifold_hop,33.12000412213786,31,1.0169607888918093,7,3.3450592395299323,7,2.439626936796719,0.7293224909043913,6.949381539946051,3.310141390899752e-14,0,-1,True,frontier,,
29,23,1194,1104,exact_hop,33.99999999999977,34,0.622991113787136,7,2.636650096618055,6,1.305397959302993,0.49509715414168315,7.735536212138817,5.981669526685102e-15,12,40,True,frontier,,
37,23,1474,595,exact_hop,33.99999999999977,34,1.000868234427514,6,1.7727879600602492,6,1.4666040606716713,0.8272867899113145,7.643871422932261,5.449410883058995e-15,4,40,True,frontier,,
22,23,979,32,off_manifold_hop,33.99999999999977,34,1.0042353283265668,6,2.474055884923795,6,1.739377587012035,0.7030470077944948,4.487457171298847,3.806452961717622e-15,6,39,True,frontier,,
41,23,1596,1559,off_manifold_hop,33.12000412213786,31,1.0169607888918093,7,3.3450592395299323,7,2.439626936796719,0.7293224909043913,6.949381539946051,3.310141390899752e-14,1,41,True,expanded:genericity,,
29,23,1194,1104,exact_hop,33.99999999999977,34,0.622991113787136,7,2.636650096618055,6,1.305397959302993,0.49509715414168315,7.735536212138817,5.981669526685102e-15,13,41,True,expanded:deletion,,
37,23,1474,595,exact_hop,33.99999999999977,34,1.000868234427514,6,1.7727879600602492,6,1.4666040606716713,0.8272867899113145,7.643871422932261,5.449410883058995e-15,5,41,True,expanded:death,,
42,23,1619,1596,off_manifold_hop,33.4964671104176,32,1.0088117078542185,7,2.571637644143823,6,1.8023139160508244,0.7008428734721177,6.984119701833336,3.754835372714934e-14,0,-1,True,pareto_kept_polished,,
42,23,1623,1194,exact_hop,34.00000000000114,34,0.6201602389859188,7,2.5214528141880477,6,1.2377020369029497,0.49086860953275924,7.747721507979007,5.816474546615544e-15,0,-1,True,pareto_kept_polished,,
37,23,1474,595,exact_hop,33.99999999999977,34,1.000868234427514,6,1.7727879600602516,6,1.4666040606716713,0.8272867899113134,7.643871422932261,5.9832247319816124e-15,5,41,True,pareto_kept_polished,,
22,23,979,32,off_manifold_hop,33.99999999999977,34,1.0042353283265668,6,2.474055884923795,6,1.739377587012035,0.7030470077944948,4.487457171298847,3.806452961717622e-15,6,39,True,pareto_kept_polished,,
42,23,1619,1596,off_manifold_hop,33.4964671104176,32,1.0088117078542185,7,2.571637644143823,6,1.8023139160508244,0.7008428734721177,6.984119701833336,3.754835372714934e-14,0,-1,True,frontier,,
42,23,1623,1194,exact_hop,34.00000000000114,34,0.6201602389859188,7,2.5214528141880477,6,1.2377020369029497,0.49086860953275924,7.747721507979007,5.816474546615544e-15,0,-1,True,frontier,,
37,23,1474,595,exact_hop,33.99999999999977,34,1.000868234427514,6,1.7727879600602516,6,1.4666040606716713,0.8272867899113134,7.643871422932261,5.9832247319816124e-15,5,41,True,frontier,,
22,23,979,32,off_manifold_hop,33.99999999999977,34,1.0042353283265668,6,2.474055884923795,6,1.739377587012035,0.7030470077944948,4.487457171298847,3.806452961717622e-15,6,39,True,frontier,,
42,23,1623,1194,exact_hop,34.00000000000114,34,0.6201602389859188,7,2.5214528141880477,6,1.2377020369029497,0.49086860953275924,7.747721507979007,5.816474546615544e-15,0,-1,False,full_delete_probe,0.3843710991876883,7
42,23,1619,1596,off_manifold_hop,33.4964671104176,32,1.0088117078542185,7,2.571637644143823,6,1.8023139160508244,0.7008428734721177,6.984119701833336,3.754835372714934e-14,1,42,True,expanded:genericity,,
42,23,1623,1194,exact_hop,34.00000000000114,34,0.6201602389859188,7,2.5214528141880477,6,1.2377020369029497,0.49086860953275924,7.747721507979007,5.816474546615544e-15,1,42,True,expanded:deletion,,
37,23,1474,595,exact_hop,33.99999999999977,34,1.000868234427514,6,1.7727879600602516,6,1.4666040606716713,0.8272867899113134,7.643871422932261,5.9832247319816124e-15,6,42,True,expanded:death,,
22,23,979,32,off_manifold_hop,33.99999999999977,34,1.0042353283265668,6,2.474055884923795,6,1.739377587012035,0.7030470077944948,4.487457171298847,3.806452961717622e-15,7,42,True,expanded:explore,,
42,23,1619,1596,off_manifold_hop,33.496467118961505,32,1.0088117078542185,7,2.571637644930617,6,1.8023139160508244,0.7008428732576946,6.984119701833336,3.776939917086491e-14,1,42,True,pareto_kept_polished,,
43,23,1655,1623,exact_hop,33.99999999999977,34,0.6048104233740894,7,2.353441735815199,6,1.2817270368837301,0.5446181298555742,7.898144647749179,6.077378486382836e-15,0,-1,True,pareto_kept_polished,,
37,23,1474,595,exact_hop,33.99999999999977,34,1.000868234427514,6,1.7727879600602525,6,1.4666040606716713,0.827286789911313,7.643871422932261,5.449004158950899e-15,6,42,True,pareto_kept_polished,,
22,23,979,32,off_manifold_hop,33.99999999999977,34,1.0042353283265668,6,2.474055884923795,6,1.739377587012035,0.7030470077944948,4.487457171298847,3.806452961717622e-15,7,42,True,pareto_kept_polished,,
42,23,1619,1596,off_manifold_hop,33.496467118961505,32,1.0088117078542185,7,2.571637644930617,6,1.8023139160508244,0.7008428732576946,6.984119701833336,3.776939917086491e-14,1,42,True,frontier,,
43,23,1655,1623,exact_hop,33.99999999999977,34,0.6048104233740894,7,2.353441735815199,6,1.2817270368837301,0.5446181298555742,7.898144647749179,6.077378486382836e-15,0,-1,True,frontier,,
37,23,1474,595,exact_hop,33.99999999999977,34,1.000868234427514,6,1.7727879600602525,6,1.4666040606716713,0.827286789911313,7.643871422932261,5.449004158950899e-15,6,42,True,frontier,,
22,23,979,32,off_manifold_hop,33.99999999999977,34,1.0042353283265668,6,2.474055884923795,6,1.739377587012035,0.7030470077944948,4.487457171298847,3.806452961717622e-15,7,42,True,frontier,,
42,23,1619,1596,off_manifold_hop,33.496467118961505,32,1.0088117078542185,7,2.571637644930617,6,1.8023139160508244,0.7008428732576946,6.984119701833336,3.776939917086491e-14,2,43,True,expanded:genericity,,
43,23,1655,1623,exact_hop,33.99999999999977,34,0.6048104233740894,7,2.353441735815199,6,1.2817270368837301,0.5446181298555742,7.898144647749179,6.077378486382836e-15,1,43,True,expanded:deletion,,
37,23,1474,595,exact_hop,33.99999999999977,34,1.000868234427514,6,1.7727879600602525,6,1.4666040606716713,0.827286789911313,7.643871422932261,5.449004158950899e-15,7,43,True,expanded:death,,
42,23,1619,1596,off_manifold_hop,33.49646711385401,32,1.0088117078542185,7,2.571637643680395,6,1.8023139160508244,0.7008428735984148,6.984119701833336,3.761589932562015e-14,2,43,True,pareto_kept_polished,,
44,23,1698,1655,exact_hop,34.00000000069281,34,0.5484358960798494,7,3.5984613579537132,7,1.781434610678896,0.4950545340000315,7.753303541406723,5.416094495404019e-15,0,-1,True,pareto_kept_polished,,
37,23,1474,595,exact_hop,33.99999999999977,34,1.000868234427514,6,1.7727879600602523,6,1.4666040606716713,0.8272867899113131,7.643871422932261,5.981926727564813e-15,7,43,True,pareto_kept_polished,,
22,23,979,32,off_manifold_hop,33.99999999999977,34,1.0042353283265668,6,2.474055884923795,6,1.739377587012035,0.7030470077944948,4.487457171298847,3.806452961717622e-15,7,42,True,pareto_kept_polished,,
42,23,1619,1596,off_manifold_hop,33.49646711385401,32,1.0088117078542185,7,2.571637643680395,6,1.8023139160508244,0.7008428735984148,6.984119701833336,3.761589932562015e-14,2,43,True,frontier,,
44,23,1698,1655,exact_hop,34.00000000069281,34,0.5484358960798494,7,3.5984613579537132,7,1.781434610678896,0.4950545340000315,7.753303541406723,5.416094495404019e-15,0,-1,True,frontier,,
37,23,1474,595,exact_hop,33.99999999999977,34,1.000868234427514,6,1.7727879600602523,6,1.4666040606716713,0.8272867899113131,7.643871422932261,5.981926727564813e-15,7,43,True,frontier,,
22,23,979,32,off_manifold_hop,33.99999999999977,34,1.0042353283265668,6,2.474055884923795,6,1.739377587012035,0.7030470077944948,4.487457171298847,3.806452961717622e-15,7,42,True,frontier,,
44,23,1698,1655,exact_hop,34.00000000069281,34,0.5484358960798494,7,3.5984613579537132,7,1.781434610678896,0.4950545340000315,7.753303541406723,5.416094495404019e-15,0,-1,False,full_delete_probe,1.000837675702834,7
42,23,1619,1596,off_manifold_hop,33.49646711385401,32,1.0088117078542185,7,2.571637643680395,6,1.8023139160508244,0.7008428735984148,6.984119701833336,3.761589932562015e-14,3,44,True,expanded:genericity,,
44,23,1698,1655,exact_hop,34.00000000069281,34,0.5484358960798494,7,3.5984613579537132,7,1.781434610678896,0.4950545340000315,7.753303541406723,5.416094495404019e-15,1,44,True,expanded:deletion,,
37,23,1474,595,exact_hop,33.99999999999977,34,1.000868234427514,6,1.7727879600602523,6,1.4666040606716713,0.8272867899113131,7.643871422932261,5.981926727564813e-15,8,44,True,expanded:death,,
42,23,1619,1596,off_manifold_hop,33.496467121628825,32,1.0088117078542185,7,2.5716376453622996,6,1.8023139160508244,0.700842873140049,6.984119701833336,3.7765954039074107e-14,3,44,True,pareto_kept_polished,,
44,23,1698,1655,exact_hop,34.00000000069281,34,0.5484358960798494,7,3.598461357953726,7,1.781434610678896,0.49505453400002974,7.753303541406723,5.362195948015406e-15,1,44,True,pareto_kept_polished,,
37,23,1474,595,exact_hop,33.99999999999977,34,1.000868234427514,6,1.7727879600602543,6,1.4666040606716713,0.8272867899113122,7.643871422932261,5.431144217937815e-15,8,44,True,pareto_kept_polished,,
22,23,979,32,off_manifold_hop,33.99999999999977,34,1.0042353283265668,6,2.474055884923795,6,1.739377587012035,0.7030470077944948,4.487457171298847,3.806452961717622e-15,7,42,True,pareto_kept_polished,,
42,23,1619,1596,off_manifold_hop,33.496467121628825,32,1.0088117078542185,7,2.5716376453622996,6,1.8023139160508244,0.700842873140049,6.984119701833336,3.7765954039074107e-14,3,44,True,frontier,,
44,23,1698,1655,exact_hop,34.00000000069281,34,0.5484358960798494,7,3.598461357953726,7,1.781434610678896,0.49505453400002974,7.753303541406723,5.362195948015406e-15,1,44,True,frontier,,
37,23,1474,595,exact_hop,33.99999999999977,34,1.000868234427514,6,1.7727879600602543,6,1.4666040606716713,0.8272867899113122,7.643871422932261,5.431144217937815e-15,8,44,True,frontier,,
22,23,979,32,off_manifold_hop,33.99999999999977,34,1.0042353283265668,6,2.474055884923795,6,1.739377587012035,0.7030470077944948,4.487457171298847,3.806452961717622e-15,7,42,True,frontier,,
42,23,1619,1596,off_manifold_hop,33.496467121628825,32,1.0088117078542185,7,2.5716376453622996,6,1.8023139160508244,0.700842873140049,6.984119701833336,3.7765954039074107e-14,4,45,True,expanded:genericity,,
44,23,1698,1655,exact_hop,34.00000000069281,34,0.5484358960798494,7,3.598461357953726,7,1.781434610678896,0.49505453400002974,7.753303541406723,5.362195948015406e-15,2,45,True,expanded:deletion,,
37,23,1474,595,exact_hop,33.99999999999977,34,1.000868234427514,6,1.7727879600602543,6,1.4666040606716713,0.8272867899113122,7.643871422932261,5.431144217937815e-15,9,45,True,expanded:death,,
22,23,979,32,off_manifold_hop,33.99999999999977,34,1.0042353283265668,6,2.474055884923795,6,1.739377587012035,0.7030470077944948,4.487457171298847,3.806452961717622e-15,8,45,True,expanded:explore,,
42,23,1619,1596,off_manifold_hop,33.49646711680725,32,1.0088117078542185,7,2.5716376460381607,6,1.8023139160508244,0.700842872955858,6.984119701833336,3.766739801580232e-14,4,45,True,pareto_kept_polished,,
44,23,1698,1655,exact_hop,34.00000000069281,34,0.5484358960798494,7,3.5984613579539357,7,1.781434610678896,0.4950545340000009,7.753303541406723,5.447440506461515e-15,2,45,True,pareto_kept_polished,,
37,23,1474,595,exact_hop,33.99999999999977,34,1.000868234427514,6,1.7727879600602539,6,1.4666040606716713,0.8272867899113123,7.643871422932261,5.979644476832127e-15,9,45,True,pareto_kept_polished,,
46,23,1781,979,off_manifold_hop,33.99999999999966,34,1.0061716437425885,6,2.7106051302750496,7,2.2756803433322355,0.8395469771361785,4.437930092421686,4.448475922254847e-15,0,-1,True,pareto_kept_polished,,
42,23,1619,1596,off_manifold_hop,33.49646711680725,32,1.0088117078542185,7,2.5716376460381607,6,1.8023139160508244,0.700842872955858,6.984119701833336,3.766739801580232e-14,4,45,True,frontier,,
44,23,1698,1655,exact_hop,34.00000000069281,34,0.5484358960798494,7,3.5984613579539357,7,1.781434610678896,0.4950545340000009,7.753303541406723,5.447440506461515e-15,2,45,True,frontier,,
37,23,1474,595,exact_hop,33.99999999999977,34,1.000868234427514,6,1.7727879600602539,6,1.4666040606716713,0.8272867899113123,7.643871422932261,5.979644476832127e-15,9,45,True,frontier,,
46,23,1781,979,off_manifold_hop,33.99999999999966,34,1.0061716437425885,6,2.7106051302750496,7,2.2756803433322355,0.8395469771361785,4.437930092421686,4.448475922254847e-15,0,-1,True,frontier,,
44,23,1698,1655,exact_hop,34.00000000069281,34,0.5484358960798494,7,3.5984613579539357,7,1.781434610678896,0.4950545340000009,7.753303541406723,5.447440506461515e-15,2,45,False,full_delete_probe,1.000821926344131,7
42,23,1619,1596,off_manifold_hop,33.49646711680725,32,1.0088117078542185,7,2.5716376460381607,6,1.8023139160508244,0.700842872955858,6.984119701833336,3.766739801580232e-14,5,46,True,expanded:genericity,,
44,23,1698,1655,exact_hop,34.00000000069281,34,0.5484358960798494,7,3.5984613579539357,7,1.781434610678896,0.4950545340000009,7.753303541406723,5.447440506461515e-15,3,46,True,expanded:deletion,,
37,23,1474,595,exact_hop,33.99999999999977,34,1.000868234427514,6,1.7727879600602539,6,1.4666040606716713,0.8272867899113123,7.643871422932261,5.979644476832127e-15,10,46,True,expanded:death,,
42,23,1619,1596,off_manifold_hop,33.49646711910134,32,1.0088117078542185,7,2.5716376455653203,6,1.8023139160508244,0.7008428730847202,6.984119701833336,3.7765954039074107e-14,5,46,True,pareto_kept_polished,,
47,23,1803,1698,off_manifold_hop,33.999999999999886,34,0.5386467185765409,7,3.255594005442083,7,1.9685106829679628,0.6046548432259615,7.302758057751132,6.247156419601842e-15,0,-1,True,pareto_kept_polished,,
37,23,1474,595,exact_hop,33.99999999999966,34,1.000868234427514,6,1.7727879600602527,6,1.4666040606716713,0.8272867899113129,7.643871422932261,5.3581113606771586e-15,10,46,True,pareto_kept_polished,,
46,23,1781,979,off_manifold_hop,33.99999999999966,34,1.0061716437425885,6,2.7106051302750473,7,2.2756803433322355,0.8395469771361793,4.437930092421686,4.6346469032694745e-15,0,-1,True,pareto_kept_polished,,
42,23,1619,1596,off_manifold_hop,33.49646711910134,32,1.0088117078542185,7,2.5716376455653203,6,1.8023139160508244,0.7008428730847202,6.984119701833336,3.7765954039074107e-14,5,46,True,frontier,,
47,23,1803,1698,off_manifold_hop,33.999999999999886,34,0.5386467185765409,7,3.255594005442083,7,1.9685106829679628,0.6046548432259615,7.302758057751132,6.247156419601842e-15,0,-1,True,frontier,,
37,23,1474,595,exact_hop,33.99999999999966,34,1.000868234427514,6,1.7727879600602527,6,1.4666040606716713,0.8272867899113129,7.643871422932261,5.3581113606771586e-15,10,46,True,frontier,,
46,23,1781,979,off_manifold_hop,33.99999999999966,34,1.0061716437425885,6,2.7106051302750473,7,2.2756803433322355,0.8395469771361793,4.437930092421686,4.6346469032694745e-15,0,-1,True,frontier,,
42,23,1619,1596,off_manifold_hop,33.49646711910134,32,1.0088117078542185,7,2.5716376455653203,6,1.8023139160508244,0.7008428730847202,6.984119701833336,3.7765954039074107e-14,6,47,True,expanded:genericity,,
47,23,1803,1698,off_manifold_hop,33.999999999999886,34,0.5386467185765409,7,3.255594005442083,7,1.9685106829679628,0.6046548432259615,7.302758057751132,6.247156419601842e-15,1,47,True,expanded:deletion,,
37,23,1474,595,exact_hop,33.99999999999966,34,1.000868234427514,6,1.7727879600602527,6,1.4666040606716713,0.8272867899113129,7.643871422932261,5.3581113606771586e-15,11,47,True,expanded:death,,
42,23,1619,1596,off_manifold_hop,33.49646711680725,32,1.0088117078542185,7,2.5716376460381607,6,1.8023139160508244,0.700842872955858,6.984119701833336,3.766739801580232e-14,6,47,True,pareto_kept_polished,,
47,23,1803,1698,off_manifold_hop,33.999999999999886,34,0.5386467185765409,7,3.2555940054420787,7,1.9685106829679628,0.6046548432259623,7.302758057751132,6.087403733904888e-15,1,47,True,pareto_kept_polished,,
37,23,1474,595,exact_hop,33.99999999999966,34,1.000868234427514,6,1.7727879600602514,6,1.4666040606716713,0.8272867899113135,7.643871422932261,5.979740141047163e-15,11,47,True,pareto_kept_polished,,
46,23,1781,979,off_manifold_hop,33.99999999999966,34,1.0061716437425885,6,2.7106051302750513,7,2.2756803433322355,0.8395469771361781,4.437930092421686,4.5036178372429264e-15,0,-1,True,pareto_kept_polished,,
42,23,1619,1596,off_manifold_hop,33.49646711680725,32,1.0088117078542185,7,2.5716376460381607,6,1.8023139160508244,0.700842872955858,6.984119701833336,3.766739801580232e-14,6,47,True,frontier,,
47,23,1803,1698,off_manifold_hop,33.999999999999886,34,0.5386467185765409,7,3.2555940054420787,7,1.9685106829679628,0.6046548432259623,7.302758057751132,6.087403733904888e-15,1,47,True,frontier,,
37,23,1474,595,exact_hop,33.99999999999966,34,1.000868234427514,6,1.7727879600602514,6,1.4666040606716713,0.8272867899113135,7.643871422932261,5.979740141047163e-15,11,47,True,frontier,,
46,23,1781,979,off_manifold_hop,33.99999999999966,34,1.0061716437425885,6,2.7106051302750513,7,2.2756803433322355,0.8395469771361781,4.437930092421686,4.5036178372429264e-15,0,-1,True,frontier,,
47,23,1803,1698,off_manifold_hop,33.999999999999886,34,0.5386467185765409,7,3.2555940054420787,7,1.9685106829679628,0.6046548432259623,7.302758057751132,6.087403733904888e-15,1,47,False,full_delete_probe,0.29269518660786964,7
42,23,1619,1596,off_manifold_hop,33.49646711680725,32,1.0088117078542185,7,2.5716376460381607,6,1.8023139160508244,0.700842872955858,6.984119701833336,3.766739801580232e-14,7,48,True,expanded:genericity,,
47,23,1803,1698,off_manifold_hop,33.999999999999886,34,0.5386467185765409,7,3.2555940054420787,7,1.9685106829679628,0.6046548432259623,7.302758057751132,6.087403733904888e-15,2,48,True,expanded:deletion,,
37,23,1474,595,exact_hop,33.99999999999966,34,1.000868234427514,6,1.7727879600602514,6,1.4666040606716713,0.8272867899113135,7.643871422932261,5.979740141047163e-15,12,48,True,expanded:death,,
46,23,1781,979,off_manifold_hop,33.99999999999966,34,1.0061716437425885,6,2.7106051302750513,7,2.2756803433322355,0.8395469771361781,4.437930092421686,4.5036178372429264e-15,1,48,True,expanded:explore,,
42,23,1619,1596,off_manifold_hop,33.49646711910134,32,1.0088117078542185,7,2.5716376455653203,6,1.8023139160508244,0.7008428730847202,6.984119701833336,3.7765954039074107e-14,7,48,True,pareto_kept_polished,,
47,23,1803,1698,off_manifold_hop,33.999999999999886,34,0.5386467185765409,7,3.2555940054420693,7,1.9685106829679628,0.6046548432259641,7.302758057751132,6.314568605370152e-15,2,48,True,pareto_kept_polished,,
37,23,1474,595,exact_hop,33.99999999999977,34,1.000868234427514,6,1.7727879600602532,6,1.4666040606716713,0.8272867899113127,7.643871422932261,5.34958109283857e-15,12,48,True,pareto_kept_polished,,
46,23,1781,979,off_manifold_hop,33.99999999999966,34,1.0061716437425885,6,2.7106051302750513,7,2.2756803433322355,0.839546977136178,4.437930092421686,4.443804465702008e-15,1,48,True,pareto_kept_polished,,
42,23,1619,1596,off_manifold_hop,33.49646711910134,32,1.0088117078542185,7,2.5716376455653203,6,1.8023139160508244,0.7008428730847202,6.984119701833336,3.7765954039074107e-14,7,48,True,frontier,,
47,23,1803,1698,off_manifold_hop,33.999999999999886,34,0.5386467185765409,7,3.2555940054420693,7,1.9685106829679628,0.6046548432259641,7.302758057751132,6.314568605370152e-15,2,48,True,frontier,,
37,23,1474,595,exact_hop,33.99999999999977,34,1.000868234427514,6,1.7727879600602532,6,1.4666040606716713,0.8272867899113127,7.643871422932261,5.34958109283857e-15,12,48,True,frontier,,
46,23,1781,979,off_manifold_hop,33.99999999999966,34,1.0061716437425885,6,2.7106051302750513,7,2.2756803433322355,0.839546977136178,4.437930092421686,4.443804465702008e-15,1,48,True,frontier,,
42,23,1619,1596,off_manifold_hop,33.49646711910134,32,1.0088117078542185,7,2.5716376455653203,6,1.8023139160508244,0.7008428730847202,6.984119701833336,3.7765954039074107e-14,8,49,True,expanded:genericity,,
47,23,1803,1698,off_manifold_hop,33.999999999999886,34,0.5386467185765409,7,3.2555940054420693,7,1.9685106829679628,0.6046548432259641,7.302758057751132,6.314568605370152e-15,3,49,True,expanded:deletion,,
37,23,1474,595,exact_hop,33.99999999999977,34,1.000868234427514,6,1.7727879600602532,6,1.4666040606716713,0.8272867899113127,7.643871422932261,5.34958109283857e-15,13,49,True,expanded:death,,
42,23,1619,1596,off_manifold_hop,33.49646711680725,32,1.0088117078542185,7,2.5716376460381607,6,1.8023139160508244,0.700842872955858,6.984119701833336,3.766739801580232e-14,8,49,True,pareto_kept_polished,,
47,23,1803,1698,off_manifold_hop,33.999999999999886,34,0.5386467185765409,7,3.25559400544208,7,1.9685106829679628,0.6046548432259621,7.302758057751132,5.971101920520436e-15,3,49,True,pareto_kept_polished,,
37,23,1474,595,exact_hop,33.99999999999977,34,1.000868234427514,6,1.772787960060249,6,1.4666040606716713,0.8272867899113147,7.643871422932261,5.984524576231313e-15,13,49,True,pareto_kept_polished,,
46,23,1781,979,off_manifold_hop,33.99999999999966,34,1.0061716437425885,6,2.710605130275051,7,2.2756803433322355,0.8395469771361782,4.437930092421686,4.507943929431655e-15,1,48,True,pareto_kept_polished,,
42,23,1619,1596,off_manifold_hop,33.49646711680725,32,1.0088117078542185,7,2.5716376460381607,6,1.8023139160508244,0.700842872955858,6.984119701833336,3.766739801580232e-14,8,49,True,frontier,,
47,23,1803,1698,off_manifold_hop,33.999999999999886,34,0.5386467185765409,7,3.25559400544208,7,1.9685106829679628,0.6046548432259621,7.302758057751132,5.971101920520436e-15,3,49,True,frontier,,
37,23,1474,595,exact_hop,33.99999999999977,34,1.000868234427514,6,1.772787960060249,6,1.4666040606716713,0.8272867899113147,7.643871422932261,5.984524576231313e-15,13,49,True,frontier,,
46,23,1781,979,off_manifold_hop,33.99999999999966,34,1.0061716437425885,6,2.710605130275051,7,2.2756803433322355,0.8395469771361782,4.437930092421686,4.507943929431655e-15,1,48,True,frontier,,
47,23,1803,1698,off_manifold_hop,33.999999999999886,34,0.5386467185765409,7,3.25559400544208,7,1.9685106829679628,0.6046548432259621,7.302758057751132,5.971101920520436e-15,3,49,False,full_delete_probe,0.2933386392826954,7
42,23,1619,1596,off_manifold_hop,33.49646711680725,32,1.0088117078542185,7,2.5716376460381607,6,1.8023139160508244,0.700842872955858,6.984119701833336,3.766739801580232e-14,9,50,True,expanded:genericity,,
47,23,1803,1698,off_manifold_hop,33.999999999999886,34,0.5386467185765409,7,3.25559400544208,7,1.9685106829679628,0.6046548432259621,7.302758057751132,5.971101920520436e-15,4,50,True,expanded:deletion,,
37,23,1474,595,exact_hop,33.99999999999977,34,1.000868234427514,6,1.772787960060249,6,1.4666040606716713,0.8272867899113147,7.643871422932261,5.984524576231313e-15,14,50,True,expanded:death,,
42,23,1619,1596,off_manifold_hop,33.49646711910134,32,1.0088117078542185,7,2.5716376455653203,6,1.8023139160508244,0.7008428730847202,6.984119701833336,3.7765954039074107e-14,9,50,True,pareto_kept_polished,,
47,23,1803,1698,off_manifold_hop,33.999999999999886,34,0.5386467185765409,7,3.25559400544208,7,1.9685106829679628,0.6046548432259621,7.302758057751132,6.361635457535524e-15,4,50,True,pareto_kept_polished,,
37,23,1474,595,exact_hop,33.99999999999977,34,1.000868234427514,6,1.7727879600602514,6,1.4666040606716713,0.8272867899113135,7.643871422932261,5.353459131106073e-15,14,50,True,pareto_kept_polished,,
46,23,1781,979,off_manifold_hop,33.99999999999966,34,1.0061716437425885,6,2.710605130275051,7,2.2756803433322355,0.8395469771361782,4.437930092421686,4.443013975565854e-15,1,48,True,pareto_kept_polished,,
42,23,1619,1596,off_manifold_hop,33.49646711910134,32,1.0088117078542185,7,2.5716376455653203,6,1.8023139160508244,0.7008428730847202,6.984119701833336,3.7765954039074107e-14,9,50,True,frontier,,
47,23,1803,1698,off_manifold_hop,33.999999999999886,34,0.5386467185765409,7,3.25559400544208,7,1.9685106829679628,0.6046548432259621,7.302758057751132,6.361635457535524e-15,4,50,True,frontier,,
37,23,1474,595,exact_hop,33.99999999999977,34,1.000868234427514,6,1.7727879600602514,6,1.4666040606716713,0.8272867899113135,7.643871422932261,5.353459131106073e-15,14,50,True,frontier,,
46,23,1781,979,off_manifold_hop,33.99999999999966,34,1.0061716437425885,6,2.710605130275051,7,2.2756803433322355,0.8395469771361782,4.437930092421686,4.443013975565854e-15,1,48,True,frontier,,
42,23,1619,1596,off_manifold_hop,33.49646711910134,32,1.0088117078542185,7,2.5716376455653203,6,1.8023139160508244,0.7008428730847202,6.984119701833336,3.7765954039074107e-14,10,51,True,expanded:genericity,,
47,23,1803,1698,off_manifold_hop,33.999999999999886,34,0.5386467185765409,7,3.25559400544208,7,1.9685106829679628,0.6046548432259621,7.302758057751132,6.361635457535524e-15,5,51,True,expanded:deletion,,
37,23,1474,595,exact_hop,33.99999999999977,34,1.000868234427514,6,1.7727879600602514,6,1.4666040606716713,0.8272867899113135,7.643871422932261,5.353459131106073e-15,15,51,True,expanded:death,,
46,23,1781,979,off_manifold_hop,33.99999999999966,34,1.0061716437425885,6,2.710605130275051,7,2.2756803433322355,0.8395469771361782,4.437930092421686,4.443013975565854e-15,2,51,True,expanded:explore,,
42,23,1619,1596,off_manifold_hop,33.49646711680725,32,1.0088117078542185,7,2.5716376460381607,6,1.8023139160508244,0.700842872955858,6.984119701833336,3.766739801580232e-14,10,51,True,pareto_kept_polished,,
47,23,1803,1698,off_manifold_hop,33.999999999999886,34,0.5386467185765409,7,3.255594005442073,7,1.9685106829679628,0.6046548432259634,7.302758057751132,6.046676990950613e-15,5,51,True,pareto_kept_polished,,
37,23,1474,595,exact_hop,33.99999999999977,34,1.000868234427514,6,1.7727879600602532,6,1.4666040606716713,0.8272867899113127,7.643871422932261,5.993478006029851e-15,15,51,True,pareto_kept_polished,,
46,23,1781,979,off_manifold_hop,33.99999999999966,34,1.0061716437425885,6,2.710605130275046,7,2.2756803433322355,0.8395469771361798,4.437930092421686,4.510091021893833e-15,2,51,True,pareto_kept_polished,,
42,23,1619,1596,off_manifold_hop,33.49646711680725,32,1.0088117078542185,7,2.5716376460381607,6,1.8023139160508244,0.700842872955858,6.984119701833336,3.766739801580232e-14,10,51,True,frontier,,
47,23,1803,1698,off_manifold_hop,33.999999999999886,34,0.5386467185765409,7,3.255594005442073,7,1.9685106829679628,0.6046548432259634,7.302758057751132,6.046676990950613e-15,5,51,True,frontier,,
37,23,1474,595,exact_hop,33.99999999999977,34,1.000868234427514,6,1.7727879600602532,6,1.4666040606716713,0.8272867899113127,7.643871422932261,5.993478006029851e-15,15,51,True,frontier,,
46,23,1781,979,off_manifold_hop,33.99999999999966,34,1.0061716437425885,6,2.710605130275046,7,2.2756803433322355,0.8395469771361798,4.437930092421686,4.510091021893833e-15,2,51,True,frontier,,
47,23,1803,1698,off_manifold_hop,33.999999999999886,34,0.5386467185765409,7,3.255594005442073,7,1.9685106829679628,0.6046548432259634,7.302758057751132,6.046676990950613e-15,5,51,False,full_delete_probe,0.2976699059944726,7
42,23,1619,1596,off_manifold_hop,33.49646711680725,32,1.0088117078542185,7,2.5716376460381607,6,1.8023139160508244,0.700842872955858,6.984119701833336,3.766739801580232e-14,11,52,True,expanded:genericity,,
47,23,1803,1698,off_manifold_hop,33.999999999999886,34,0.5386467185765409,7,3.255594005442073,7,1.9685106829679628,0.6046548432259634,7.302758057751132,6.046676990950613e-15,6,52,True,expanded:deletion,,
37,23,1474,595,exact_hop,33.99999999999977,34,1.000868234427514,6,1.7727879600602532,6,1.4666040606716713,0.8272867899113127,7.643871422932261,5.993478006029851e-15,16,52,True,expanded:death,,
42,23,1619,1596,off_manifold_hop,33.49646711910134,32,1.0088117078542185,7,2.5716376455653203,6,1.8023139160508244,0.7008428730847202,6.984119701833336,3.7765954039074107e-14,11,52,True,pareto_kept_polished,,
47,23,1803,1698,off_manifold_hop,33.999999999999886,34,0.5386467185765409,7,3.2555940054420787,7,1.9685106829679628,0.6046548432259623,7.302758057751132,6.3101326642363244e-15,6,52,True,pareto_kept_polished,,
37,23,1474,595,exact_hop,33.99999999999977,34,1.000868234427514,6,1.7727879600602514,6,1.4666040606716713,0.8272867899113135,7.643871422932261,5.365341164715643e-15,16,52,True,pareto_kept_polished,,
46,23,1781,979,off_manifold_hop,33.99999999999966,34,1.0061716437425885,6,2.710605130275048,7,2.2756803433322355,0.8395469771361792,4.437930092421686,4.447399018981831e-15,2,51,True,pareto_kept_polished,,
42,23,1619,1596,off_manifold_hop,33.49646711910134,32,1.0088117078542185,7,2.5716376455653203,6,1.8023139160508244,0.7008428730847202,6.984119701833336,3.7765954039074107e-14,11,52,True,frontier,,
47,23,1803,1698,off_manifold_hop,33.999999999999886,34,0.5386467185765409,7,3.2555940054420787,7,1.9685106829679628,0.6046548432259623,7.302758057751132,6.3101326642363244e-15,6,52,True,frontier,,
37,23,1474,595,exact_hop,33.99999999999977,34,1.000868234427514,6,1.7727879600602514,6,1.4666040606716713,0.8272867899113135,7.643871422932261,5.365341164715643e-15,16,52,True,frontier,,
46,23,1781,979,off_manifold_hop,33.99999999999966,34,1.0061716437425885,6,2.710605130275048,7,2.2756803433322355,0.8395469771361792,4.437930092421686,4.447399018981831e-15,2,51,True,frontier,,
42,23,1619,1596,off_manifold_hop,33.49646711910134,32,1.0088117078542185,7,2.5716376455653203,6,1.8023139160508244,0.7008428730847202,6.984119701833336,3.7765954039074107e-14,12,53,True,expanded:genericity,,
47,23,1803,1698,off_manifold_hop,33.999999999999886,34,0.5386467185765409,7,3.2555940054420787,7,1.9685106829679628,0.6046548432259623,7.302758057751132,6.3101326642363244e-15,7,53,True,expanded:deletion,,
37,23,1474,595,exact_hop,33.99999999999977,34,1.000868234427514,6,1.7727879600602514,6,1.4666040606716713,0.8272867899113135,7.643871422932261,5.365341164715643e-15,17,53,True,expanded:death,,
42,23,1619,1596,off_manifold_hop,33.49646711680725,32,1.0088117078542185,7,2.5716376460381607,6,1.8023139160508244,0.700842872955858,6.984119701833336,3.766739801580232e-14,12,53,True,pareto_kept_polished,,
47,23,1803,1698,off_manifold_hop,33.999999999999886,34,0.5386467185765409,7,3.2555940054420884,7,1.9685106829679628,0.6046548432259605,7.302758057751132,6.046676990950613e-15,7,53,True,pareto_kept_polished,,
37,23,1474,595,exact_hop,33.99999999999977,34,1.000868234427514,6,1.772787960060253,6,1.4666040606716713,0.8272867899113128,7.643871422932261,5.774380745814746e-15,17,53,True,pareto_kept_polished,,
46,23,1781,979,off_manifold_hop,33.99999999999977,34,1.0061716437425885,6,2.7106051302750482,7,2.2756803433322355,0.839546977136179,4.437930092421686,4.519457017357107e-15,2,51,True,pareto_kept_polished,,
42,23,1619,1596,off_manifold_hop,33.49646711680725,32,1.0088117078542185,7,2.5716376460381607,6,1.8023139160508244,0.700842872955858,6.984119701833336,3.766739801580232e-14,12,53,True,frontier,,
47,23,1803,1698,off_manifold_hop,33.999999999999886,34,0.5386467185765409,7,3.2555940054420884,7,1.9685106829679628,0.6046548432259605,7.302758057751132,6.046676990950613e-15,7,53,True,frontier,,
37,23,1474,595,exact_hop,33.99999999999977,34,1.000868234427514,6,1.772787960060253,6,1.4666040606716713,0.8272867899113128,7.643871422932261,5.774380745814746e-15,17,53,True,frontier,,
46,23,1781,979,off_manifold_hop,33.99999999999977,34,1.0061716437425885,6,2.7106051302750482,7,2.2756803433322355,0.839546977136179,4.437930092421686,4.519457017357107e-15,2,51,True,frontier,,
47,23,1803,1698,off_manifold_hop,33.999999999999886,34,0.5386467185765409,7,3.2555940054420884,7,1.9685106829679628,0.6046548432259605,7.302758057751132,6.046676990950613e-15,7,53,False,full_delete_probe,0.3218783889648521,7
42,23,1619,1596,off_manifold_hop,33.49646711680725,32,1.0088117078542185,7,2.5716376460381607,6,1.8023139160508244,0.700842872955858,6.984119701833336,3.766739801580232e-14,13,54,True,expanded:genericity,,
47,23,1803,1698,off_manifold_hop,33.999999999999886,34,0.5386467185765409,7,3.2555940054420884,7,1.9685106829679628,0.6046548432259605,7.302758057751132,6.046676990950613e-15,8,54,True,expanded:deletion,,
37,23,1474,595,exact_hop,33.99999999999977,34,1.000868234427514,6,1.772787960060253,6,1.4666040606716713,0.8272867899113128,7.643871422932261,5.774380745814746e-15,18,54,True,expanded:death,,
46,23,1781,979,off_manifold_hop,33.99999999999977,34,1.0061716437425885,6,2.7106051302750482,7,2.2756803433322355,0.839546977136179,4.437930092421686,4.519457017357107e-15,3,54,True,expanded:explore,,
42,23,1619,1596,off_manifold_hop,33.49646711910134,32,1.0088117078542185,7,2.5716376455653203,6,1.8023139160508244,0.7008428730847202,6.984119701833336,3.7765954039074107e-14,13,54,True,pareto_kept_polished,,
47,23,1803,1698,off_manifold_hop,33.999999999999886,34,0.5386467185765409,7,3.2555940054420787,7,1.9685106829679628,0.6046548432259623,7.302758057751132,6.3101326642363244e-15,8,54,True,pareto_kept_polished,,
37,23,1474,595,exact_hop,33.99999999999977,34,1.000868234427514,6,1.7727879600602523,6,1.4666040606716713,0.8272867899113131,7.643871422932261,5.366008279578719e-15,18,54,True,pareto_kept_polished,,
46,23,1781,979,off_manifold_hop,33.99999999999966,34,1.0061716437425885,6,2.710605130275052,7,2.2756803433322355,0.8395469771361779,4.437930092421686,4.449488759052038e-15,3,54,True,pareto_kept_polished,,
42,23,1619,1596,off_manifold_hop,33.49646711910134,32,1.0088117078542185,7,2.5716376455653203,6,1.8023139160508244,0.7008428730847202,6.984119701833336,3.7765954039074107e-14,13,54,True,frontier,,
47,23,1803,1698,off_manifold_hop,33.999999999999886,34,0.5386467185765409,7,3.2555940054420787,7,1.9685106829679628,0.6046548432259623,7.302758057751132,6.3101326642363244e-15,8,54,True,frontier,,
37,23,1474,595,exact_hop,33.99999999999977,34,1.000868234427514,6,1.7727879600602523,6,1.4666040606716713,0.8272867899113131,7.643871422932261,5.366008279578719e-15,18,54,True,frontier,,
46,23,1781,979,off_manifold_hop,33.99999999999966,34,1.0061716437425885,6,2.710605130275052,7,2.2756803433322355,0.8395469771361779,4.437930092421686,4.449488759052038e-15,3,54,True,frontier,,
42,23,1619,1596,off_manifold_hop,33.49646711910134,32,1.0088117078542185,7,2.5716376455653203,6,1.8023139160508244,0.7008428730847202,6.984119701833336,3.7765954039074107e-14,14,55,True,expanded:genericity,,
47,23,1803,1698,off_manifold_hop,33.999999999999886,34,0.5386467185765409,7,3.2555940054420787,7,1.9685106829679628,0.6046548432259623,7.302758057751132,6.3101326642363244e-15,9,55,True,expanded:deletion,,
37,23,1474,595,exact_hop,33.99999999999977,34,1.000868234427514,6,1.7727879600602523,6,1.4666040606716713,0.8272867899113131,7.643871422932261,5.366008279578719e-15,19,55,True,expanded:death,,
42,23,1619,1596,off_manifold_hop,33.49646711680725,32,1.0088117078542185,7,2.5716376460381607,6,1.8023139160508244,0.700842872955858,6.984119701833336,3.766739801580232e-14,14,55,True,pareto_kept_polished,,
47,23,1803,1698,off_manifold_hop,33.999999999999886,34,0.5386467185765409,7,3.2555940054420884,7,1.9685106829679628,0.6046548432259605,7.302758057751132,6.046676990950613e-15,9,55,True,pareto_kept_polished,,
37,23,1474,595,exact_hop,33.99999999999977,34,1.000868234427514,6,1.7727879600602519,6,1.4666040606716713,0.8272867899113133,7.643871422932261,5.7750193685796384e-15,19,55,True,pareto_kept_polished,,
46,23,1781,979,off_manifold_hop,33.99999999999966,34,1.0061716437425885,6,2.710605130275052,7,2.2756803433322355,0.8395469771361779,4.437930092421686,4.526738199180016e-15,3,54,True,pareto_kept_polished,,
42,23,1619,1596,off_manifold_hop,33.49646711680725,32,1.0088117078542185,7,2.5716376460381607,6,1.8023139160508244,0.700842872955858,6.984119701833336,3.766739801580232e-14,14,55,True,frontier,,
47,23,1803,1698,off_manifold_hop,33.999999999999886,34,0.5386467185765409,7,3.2555940054420884,7,1.9685106829679628,0.6046548432259605,7.302758057751132,6.046676990950613e-15,9,55,True,frontier,,
37,23,1474,595,exact_hop,33.99999999999977,34,1.000868234427514,6,1.7727879600602519,6,1.4666040606716713,0.8272867899113133,7.643871422932261,5.7750193685796384e-15,19,55,True,frontier,,
46,23,1781,979,off_manifold_hop,33.99999999999966,34,1.0061716437425885,6,2.710605130275052,7,2.2756803433322355,0.8395469771361779,4.437930092421686,4.526738199180016e-15,3,54,True,frontier,,
47,23,1803,1698,off_manifold_hop,33.999999999999886,34,0.5386467185765409,7,3.2555940054420884,7,1.9685106829679628,0.6046548432259605,7.302758057751132,6.046676990950613e-15,9,55,False,full_delete_probe,0.3218783889648521,7
42,23,1619,1596,off_manifold_hop,33.49646711680725,32,1.0088117078542185,7,2.5716376460381607,6,1.8023139160508244,0.700842872955858,6.984119701833336,3.766739801580232e-14,15,56,True,expanded:genericity,,
47,23,1803,1698,off_manifold_hop,33.999999999999886,34,0.5386467185765409,7,3.2555940054420884,7,1.9685106829679628,0.6046548432259605,7.302758057751132,6.046676990950613e-15,10,56,True,expanded:deletion,,
37,23,1474,595,exact_hop,33.99999999999977,34,1.000868234427514,6,1.7727879600602519,6,1.4666040606716713,0.8272867899113133,7.643871422932261,5.7750193685796384e-15,20,56,True,expanded:death,,
42,23,1619,1596,off_manifold_hop,33.49646711910134,32,1.0088117078542185,7,2.5716376455653203,6,1.8023139160508244,0.7008428730847202,6.984119701833336,3.7765954039074107e-14,15,56,True,pareto_kept_polished,,
47,23,1803,1698,off_manifold_hop,33.999999999999886,34,0.5386467185765409,7,3.2555940054420787,7,1.9685106829679628,0.6046548432259623,7.302758057751132,6.3101326642363244e-15,10,56,True,pareto_kept_polished,,
37,23,1474,595,exact_hop,33.99999999999977,34,1.000868234427514,6,1.7727879600602536,6,1.4666040606716713,0.8272867899113124,7.643871422932261,5.376875143035461e-15,20,56,True,pareto_kept_polished,,
46,23,1781,979,off_manifold_hop,33.99999999999966,34,1.0061716437425885,6,2.7106051302750496,7,2.2756803433322355,0.8395469771361785,4.437930092421686,4.4588956649515505e-15,3,54,True,pareto_kept_polished,,
42,23,1619,1596,off_manifold_hop,33.49646711910134,32,1.0088117078542185,7,2.5716376455653203,6,1.8023139160508244,0.7008428730847202,6.984119701833336,3.7765954039074107e-14,15,56,True,frontier,,
47,23,1803,1698,off_manifold_hop,33.999999999999886,34,0.5386467185765409,7,3.2555940054420787,7,1.9685106829679628,0.6046548432259623,7.302758057751132,6.3101326642363244e-15,10,56,True,frontier,,
37,23,1474,595,exact_hop,33.99999999999977,34,1.000868234427514,6,1.7727879600602536,6,1.4666040606716713,0.8272867899113124,7.643871422932261,5.376875143035461e-15,20,56,True,frontier,,
46,23,1781,979,off_manifold_hop,33.99999999999966,34,1.0061716437425885,6,2.7106051302750496,7,2.2756803433322355,0.8395469771361785,4.437930092421686,4.4588956649515505e-15,3,54,True,frontier,,
42,23,1619,1596,off_manifold_hop,33.49646711910134,32,1.0088117078542185,7,2.5716376455653203,6,1.8023139160508244,0.7008428730847202,6.984119701833336,3.7765954039074107e-14,16,57,True,expanded:genericity,,
47,23,1803,1698,off_manifold_hop,33.999999999999886,34,0.5386467185765409,7,3.2555940054420787,7,1.9685106829679628,0.6046548432259623,7.302758057751132,6.3101326642363244e-15,11,57,True,expanded:deletion,,
37,23,1474,595,exact_hop,33.99999999999977,34,1.000868234427514,6,1.7727879600602536,6,1.4666040606716713,0.8272867899113124,7.643871422932261,5.376875143035461e-15,21,57,True,expanded:death,,
46,23,1781,979,off_manifold_hop,33.99999999999966,34,1.0061716437425885,6,2.7106051302750496,7,2.2756803433322355,0.8395469771361785,4.437930092421686,4.4588956649515505e-15,4,57,True,expanded:explore,,
42,23,1619,1596,off_manifold_hop,33.49646711680725,32,1.0088117078542185,7,2.5716376460381607,6,1.8023139160508244,0.700842872955858,6.984119701833336,3.766739801580232e-14,16,57,True,pareto_kept_polished,,
47,23,1803,1698,off_manifold_hop,33.999999999999886,34,0.5386467185765409,7,3.2555940054420884,7,1.9685106829679628,0.6046548432259605,7.302758057751132,6.046676990950613e-15,11,57,True,pareto_kept_polished,,
37,23,1474,595,exact_hop,33.99999999999977,34,1.000868234427514,6,1.7727879600602539,6,1.4666040606716713,0.8272867899113123,7.643871422932261,5.776901605152674e-15,21,57,True,pareto_kept_polished,,
46,23,1781,979,off_manifold_hop,33.99999999999966,34,1.0061716437425885,6,2.710605130275052,7,2.2756803433322355,0.8395469771361779,4.437930092421686,4.534854710190491e-15,4,57,True,pareto_kept_polished,,
42,23,1619,1596,off_manifold_hop,33.49646711680725,32,1.0088117078542185,7,2.5716376460381607,6,1.8023139160508244,0.700842872955858,6.984119701833336,3.766739801580232e-14,16,57,True,frontier,,
47,23,1803,1698,off_manifold_hop,33.999999999999886,34,0.5386467185765409,7,3.2555940054420884,7,1.9685106829679628,0.6046548432259605,7.302758057751132,6.046676990950613e-15,11,57,True,frontier,,
37,23,1474,595,exact_hop,33.99999999999977,34,1.000868234427514,6,1.7727879600602539,6,1.4666040606716713,0.8272867899113123,7.643871422932261,5.776901605152674e-15,21,57,True,frontier,,
46,23,1781,979,off_manifold_hop,33.99999999999966,34,1.0061716437425885,6,2.710605130275052,7,2.2756803433322355,0.8395469771361779,4.437930092421686,4.534854710190491e-15,4,57,True,frontier,,
47,23,1803,1698,off_manifold_hop,33.999999999999886,34,0.5386467185765409,7,3.2555940054420884,7,1.9685106829679628,0.6046548432259605,7.302758057751132,6.046676990950613e-15,11,57,False,full_delete_probe,0.3218783889648521,7
42,23,1619,1596,off_manifold_hop,33.49646711680725,32,1.0088117078542185,7,2.5716376460381607,6,1.8023139160508244,0.700842872955858,6.984119701833336,3.766739801580232e-14,17,58,True,expanded:genericity,,
47,23,1803,1698,off_manifold_hop,33.999999999999886,34,0.5386467185765409,7,3.2555940054420884,7,1.9685106829679628,0.6046548432259605,7.302758057751132,6.046676990950613e-15,12,58,True,expanded:deletion,,
37,23,1474,595,exact_hop,33.99999999999977,34,1.000868234427514,6,1.7727879600602539,6,1.4666040606716713,0.8272867899113123,7.643871422932261,5.776901605152674e-15,22,58,True,expanded:death,,
42,23,1619,1596,off_manifold_hop,33.49646711910134,32,1.0088117078542185,7,2.5716376455653203,6,1.8023139160508244,0.7008428730847202,6.984119701833336,3.7765954039074107e-14,17,58,True,pareto_kept_polished,,
47,23,1803,1698,off_manifold_hop,33.999999999999886,34,0.5386467185765409,7,3.2555940054420787,7,1.9685106829679628,0.6046548432259623,7.302758057751132,6.3101326642363244e-15,12,58,True,pareto_kept_polished,,
37,23,1474,595,exact_hop,33.99999999999966,34,1.000868234427514,6,1.7727879600602523,6,1.4666040606716713,0.8272867899113131,7.643871422932261,5.3772123324977624e-15,22,58,True,pareto_kept_polished,,
46,23,1781,979,off_manifold_hop,33.99999999999966,34,1.0061716437425885,6,2.710605130275051,7,2.2756803433322355,0.8395469771361782,4.437930092421686,4.4662755784994805e-15,4,57,True,pareto_kept_polished,,
42,23,1619,1596,off_manifold_hop,33.49646711910134,32,1.0088117078542185,7,2.5716376455653203,6,1.8023139160508244,0.7008428730847202,6.984119701833336,3.7765954039074107e-14,17,58,True,frontier,,
47,23,1803,1698,off_manifold_hop,33.999999999999886,34,0.5386467185765409,7,3.2555940054420787,7,1.9685106829679628,0.6046548432259623,7.302758057751132,6.3101326642363244e-15,12,58,True,frontier,,
37,23,1474,595,exact_hop,33.99999999999966,34,1.000868234427514,6,1.7727879600602523,6,1.4666040606716713,0.8272867899113131,7.643871422932261,5.3772123324977624e-15,22,58,True,frontier,,
46,23,1781,979,off_manifold_hop,33.99999999999966,34,1.0061716437425885,6,2.710605130275051,7,2.2756803433322355,0.8395469771361782,4.437930092421686,4.4662755784994805e-15,4,57,True,frontier,,
42,23,1619,1596,off_manifold_hop,33.49646711910134,32,1.0088117078542185,7,2.5716376455653203,6,1.8023139160508244,0.7008428730847202,6.984119701833336,3.7765954039074107e-14,18,59,True,expanded:genericity,,
47,23,1803,1698,off_manifold_hop,33.999999999999886,34,0.5386467185765409,7,3.2555940054420787,7,1.9685106829679628,0.6046548432259623,7.302758057751132,6.3101326642363244e-15,13,59,True,expanded:deletion,,
37,23,1474,595,exact_hop,33.99999999999966,34,1.000868234427514,6,1.7727879600602523,6,1.4666040606716713,0.8272867899113131,7.643871422932261,5.3772123324977624e-15,23,59,True,expanded:death,,
42,23,1619,1596,off_manifold_hop,33.49646711680725,32,1.0088117078542185,7,2.5716376460381607,6,1.8023139160508244,0.700842872955858,6.984119701833336,3.766739801580232e-14,18,59,True,pareto_kept_polished,,
47,23,1803,1698,off_manifold_hop,33.999999999999886,34,0.5386467185765409,7,3.2555940054420884,7,1.9685106829679628,0.6046548432259605,7.302758057751132,6.046676990950613e-15,13,59,True,pareto_kept_polished,,
37,23,1474,595,exact_hop,33.99999999999977,34,1.000868234427514,6,1.7727879600602547,6,1.4666040606716713,0.827286789911312,7.643871422932261,5.786451691068317e-15,23,59,True,pareto_kept_polished,,
46,23,1781,979,off_manifold_hop,33.99999999999966,34,1.0061716437425885,6,2.7106051302750487,7,2.2756803433322355,0.8395469771361789,4.437930092421686,4.540057225362276e-15,4,57,True,pareto_kept_polished,,
42,23,1619,1596,off_manifold_hop,33.49646711680725,32,1.0088117078542185,7,2.5716376460381607,6,1.8023139160508244,0.700842872955858,6.984119701833336,3.766739801580232e-14,18,59,True,frontier,,
47,23,1803,1698,off_manifold_hop,33.999999999999886,34,0.5386467185765409,7,3.2555940054420884,7,1.9685106829679628,0.6046548432259605,7.302758057751132,6.046676990950613e-15,13,59,True,frontier,,
37,23,1474,595,exact_hop,33.99999999999977,34,1.000868234427514,6,1.7727879600602547,6,1.4666040606716713,0.827286789911312,7.643871422932261,5.786451691068317e-15,23,59,True,frontier,,
46,23,1781,979,off_manifold_hop,33.99999999999966,34,1.0061716437425885,6,2.7106051302750487,7,2.2756803433322355,0.8395469771361789,4.437930092421686,4.540057225362276e-15,4,57,True,frontier,,
47,23,1803,1698,off_manifold_hop,33.999999999999886,34,0.5386467185765409,7,3.2555940054420884,7,1.9685106829679628,0.6046548432259605,7.302758057751132,6.046676990950613e-15,13,59,False,full_delete_probe,0.3218783889648521,7
42,23,1619,1596,off_manifold_hop,33.49646711680725,32,1.0088117078542185,7,2.5716376460381607,6,1.8023139160508244,0.700842872955858,6.984119701833336,3.766739801580232e-14,19,60,True,expanded:genericity,,
47,23,1803,1698,off_manifold_hop,33.999999999999886,34,0.5386467185765409,7,3.2555940054420884,7,1.9685106829679628,0.6046548432259605,7.302758057751132,6.046676990950613e-15,14,60,True,expanded:deletion,,
37,23,1474,595,exact_hop,33.99999999999977,34,1.000868234427514,6,1.7727879600602547,6,1.4666040606716713,0.827286789911312,7.643871422932261,5.786451691068317e-15,24,60,True,expanded:death,,
46,23,1781,979,off_manifold_hop,33.99999999999966,34,1.0061716437425885,6,2.7106051302750487,7,2.2756803433322355,0.8395469771361789,4.437930092421686,4.540057225362276e-15,5,60,True,expanded:explore,,
42,23,1619,1596,off_manifold_hop,33.49646711910134,32,1.0088117078542185,7,2.5716376455653203,6,1.8023139160508244,0.7008428730847202,6.984119701833336,3.7765954039074107e-14,19,60,True,pareto_kept_polished,,
47,23,1803,1698,off_manifold_hop,33.999999999999886,34,0.5386467185765409,7,3.2555940054420787,7,1.9685106829679628,0.6046548432259623,7.302758057751132,6.3101326642363244e-15,14,60,True,pareto_kept_polished,,
37,23,1474,595,exact_hop,33.99999999999977,34,1.000868234427514,6,1.772787960060253,6,1.4666040606716713,0.8272867899113128,7.643871422932261,5.378176353856163e-15,24,60,True,pareto_kept_polished,,
61,23,2255,1781,off_manifold_hop,33.99999999999966,34,1.0073370786887426,1,2.617709760935774,7,2.20237960840739,0.8413383489925511,4.242579491031758,4.21598665058801e-15,0,-1,True,pareto_kept_polished,,
42,23,1619,1596,off_manifold_hop,33.49646711910134,32,1.0088117078542185,7,2.5716376455653203,6,1.8023139160508244,0.7008428730847202,6.984119701833336,3.7765954039074107e-14,19,60,True,frontier,,
47,23,1803,1698,off_manifold_hop,33.999999999999886,34,0.5386467185765409,7,3.2555940054420787,7,1.9685106829679628,0.6046548432259623,7.302758057751132,6.3101326642363244e-15,14,60,True,frontier,,
37,23,1474,595,exact_hop,33.99999999999977,34,1.000868234427514,6,1.772787960060253,6,1.4666040606716713,0.8272867899113128,7.643871422932261,5.378176353856163e-15,24,60,True,frontier,,
61,23,2255,1781,off_manifold_hop,33.99999999999966,34,1.0073370786887426,1,2.617709760935774,7,2.20237960840739,0.8413383489925511,4.242579491031758,4.21598665058801e-15,0,-1,True,frontier,,
42,23,1619,1596,off_manifold_hop,33.49646711910134,32,1.0088117078542185,7,2.5716376455653203,6,1.8023139160508244,0.7008428730847202,6.984119701833336,3.7765954039074107e-14,20,61,True,expanded:genericity,,
47,23,1803,1698,off_manifold_hop,33.999999999999886,34,0.5386467185765409,7,3.2555940054420787,7,1.9685106829679628,0.6046548432259623,7.302758057751132,6.3101326642363244e-15,15,61,True,expanded:deletion,,
37,23,1474,595,exact_hop,33.99999999999977,34,1.000868234427514,6,1.772787960060253,6,1.4666040606716713,0.8272867899113128,7.643871422932261,5.378176353856163e-15,25,61,True,expanded:death,,
42,23,1619,1596,off_manifold_hop,33.49646711680725,32,1.0088117078542185,7,2.5716376460381607,6,1.8023139160508244,0.700842872955858,6.984119701833336,3.766739801580232e-14,20,61,True,pareto_kept_polished,,
47,23,1803,1698,off_manifold_hop,33.999999999999886,34,0.5386467185765409,7,3.2555940054420884,7,1.9685106829679628,0.6046548432259605,7.302758057751132,6.046676990950613e-15,15,61,True,pareto_kept_polished,,
37,23,1474,595,exact_hop,33.99999999999966,34,1.000868234427514,6,1.7727879600602534,6,1.4666040606716713,0.8272867899113125,7.643871422932261,5.7876141543202624e-15,25,61,True,pareto_kept_polished,,
61,23,2255,1781,off_manifold_hop,33.99999999999977,34,1.0073370786887426,1,2.6177097609357785,7,2.20237960840739,0.8413383489925498,4.242579491031758,4.385981361390371e-15,0,-1,True,pareto_kept_polished,,
42,23,1619,1596,off_manifold_hop,33.49646711680725,32,1.0088117078542185,7,2.5716376460381607,6,1.8023139160508244,0.700842872955858,6.984119701833336,3.766739801580232e-14,20,61,True,frontier,,
47,23,1803,1698,off_manifold_hop,33.999999999999886,34,0.5386467185765409,7,3.2555940054420884,7,1.9685106829679628,0.6046548432259605,7.302758057751132,6.046676990950613e-15,15,61,True,frontier,,
37,23,1474,595,exact_hop,33.99999999999966,34,1.000868234427514,6,1.7727879600602534,6,1.4666040606716713,0.8272867899113125,7.643871422932261,5.7876141543202624e-15,25,61,True,frontier,,
61,23,2255,1781,off_manifold_hop,33.99999999999977,34,1.0073370786887426,1,2.6177097609357785,7,2.20237960840739,0.8413383489925498,4.242579491031758,4.385981361390371e-15,0,-1,True,frontier,,
47,23,1803,1698,off_manifold_hop,33.999999999999886,34,0.5386467185765409,7,3.2555940054420884,7,1.9685106829679628,0.6046548432259605,7.302758057751132,6.046676990950613e-15,15,61,False,full_delete_probe,0.3218783889648521,7
42,23,1619,1596,off_manifold_hop,33.49646711680725,32,1.0088117078542185,7,2.5716376460381607,6,1.8023139160508244,0.700842872955858,6.984119701833336,3.766739801580232e-14,21,62,True,expanded:genericity,,
47,23,1803,1698,off_manifold_hop,33.999999999999886,34,0.5386467185765409,7,3.2555940054420884,7,1.9685106829679628,0.6046548432259605,7.302758057751132,6.046676990950613e-15,16,62,True,expanded:deletion,,
37,23,1474,595,exact_hop,33.99999999999966,34,1.000868234427514,6,1.7727879600602534,6,1.4666040606716713,0.8272867899113125,7.643871422932261,5.7876141543202624e-15,26,62,True,expanded:death,,
42,23,1619,1596,off_manifold_hop,33.49646711910134,32,1.0088117078542185,7,2.5716376455653203,6,1.8023139160508244,0.7008428730847202,6.984119701833336,3.7765954039074107e-14,21,62,True,pareto_kept_polished,,
47,23,1803,1698,off_manifold_hop,33.999999999999886,34,0.5386467185765409,7,3.2555940054420787,7,1.9685106829679628,0.6046548432259623,7.302758057751132,6.3101326642363244e-15,16,62,True,pareto_kept_polished,,
37,23,1474,595,exact_hop,33.99999999999966,34,1.000868234427514,6,1.7727879600602523,6,1.4666040606716713,0.8272867899113131,7.643871422932261,5.386735708635501e-15,26,62,True,pareto_kept_polished,,
61,23,2255,1781,off_manifold_hop,33.99999999999966,34,1.0073370786887426,1,2.6177097609357753,7,2.20237960840739,0.8413383489925508,4.242579491031758,4.237305273969866e-15,0,-1,True,pareto_kept_polished,,
42,23,1619,1596,off_manifold_hop,33.49646711910134,32,1.0088117078542185,7,2.5716376455653203,6,1.8023139160508244,0.7008428730847202,6.984119701833336,3.7765954039074107e-14,21,62,True,frontier,,
47,23,1803,1698,off_manifold_hop,33.999999999999886,34,0.5386467185765409,7,3.2555940054420787,7,1.9685106829679628,0.6046548432259623,7.302758057751132,6.3101326642363244e-15,16,62,True,frontier,,
37,23,1474,595,exact_hop,33.99999999999966,34,1.000868234427514,6,1.7727879600602523,6,1.4666040606716713,0.8272867899113131,7.643871422932261,5.386735708635501e-15,26,62,True,frontier,,
61,23,2255,1781,off_manifold_hop,33.99999999999966,34,1.0073370786887426,1,2.6177097609357753,7,2.20237960840739,0.8413383489925508,4.242579491031758,4.237305273969866e-15,0,-1,True,frontier,,
42,23,1619,1596,off_manifold_hop,33.49646711910134,32,1.0088117078542185,7,2.5716376455653203,6,1.8023139160508244,0.7008428730847202,6.984119701833336,3.7765954039074107e-14,22,63,True,expanded:genericity,,
47,23,1803,1698,off_manifold_hop,33.999999999999886,34,0.5386467185765409,7,3.2555940054420787,7,1.9685106829679628,0.6046548432259623,7.302758057751132,6.3101326642363244e-15,17,63,True,expanded:deletion,,
37,23,1474,595,exact_hop,33.99999999999966,34,1.000868234427514,6,1.7727879600602523,6,1.4666040606716713,0.8272867899113131,7.643871422932261,5.386735708635501e-15,27,63,True,expanded:death,,
61,23,2255,1781,off_manifold_hop,33.99999999999966,34,1.0073370786887426,1,2.6177097609357753,7,2.20237960840739,0.8413383489925508,4.242579491031758,4.237305273969866e-15,1,63,True,expanded:explore,,
42,23,1619,1596,off_manifold_hop,33.49646711680725,32,1.0088117078542185,7,2.5716376460381607,6,1.8023139160508244,0.700842872955858,6.984119701833336,3.766739801580232e-14,22,63,True,pareto_kept_polished,,
47,23,1803,1698,off_manifold_hop,33.999999999999886,34,0.5386467185765409,7,3.2555940054420884,7,1.9685106829679628,0.6046548432259605,7.302758057751132,6.046676990950613e-15,17,63,True,pareto_kept_polished,,
37,23,1474,595,exact_hop,33.99999999999977,34,1.000868234427514,6,1.772787960060253,6,1.4666040606716713,0.8272867899113128,7.643871422932261,5.767174734766295e-15,27,63,True,pareto_kept_polished,,
61,23,2255,1781,off_manifold_hop,33.99999999999966,34,1.0073370786887426,1,2.6177097609357767,7,2.20237960840739,0.8413383489925503,4.242579491031758,4.405416960937675e-15,1,63,True,pareto_kept_polished,,
42,23,1619,1596,off_manifold_hop,33.49646711680725,32,1.0088117078542185,7,2.5716376460381607,6,1.8023139160508244,0.700842872955858,6.984119701833336,3.766739801580232e-14,22,63,True,frontier,,
47,23,1803,1698,off_manifold_hop,33.999999999999886,34,0.5386467185765409,7,3.2555940054420884,7,1.9685106829679628,0.6046548432259605,7.302758057751132,6.046676990950613e-15,17,63,True,frontier,,
37,23,1474,595,exact_hop,33.99999999999977,34,1.000868234427514,6,1.772787960060253,6,1.4666040606716713,0.8272867899113128,7.643871422932261,5.767174734766295e-15,27,63,True,frontier,,
61,23,2255,1781,off_manifold_hop,33.99999999999966,34,1.0073370786887426,1,2.6177097609357767,7,2.20237960840739,0.8413383489925503,4.242579491031758,4.405416960937675e-15,1,63,True,frontier,,
47,23,1803,1698,off_manifold_hop,33.999999999999886,34,0.5386467185765409,7,3.2555940054420884,7,1.9685106829679628,0.6046548432259605,7.302758057751132,6.046676990950613e-15,17,63,False,full_delete_probe,0.3218783889648521,7
42,23,1619,1596,off_manifold_hop,33.49646711680725,32,1.0088117078542185,7,2.5716376460381607,6,1.8023139160508244,0.700842872955858,6.984119701833336,3.766739801580232e-14,23,64,True,expanded:genericity,,
47,23,1803,1698,off_manifold_hop,33.999999999999886,34,0.5386467185765409,7,3.2555940054420884,7,1.9685106829679628,0.6046548432259605,7.302758057751132,6.046676990950613e-15,18,64,True,expanded:deletion,,
37,23,1474,595,exact_hop,33.99999999999977,34,1.000868234427514,6,1.772787960060253,6,1.4666040606716713,0.8272867899113128,7.643871422932261,5.767174734766295e-15,28,64,True,expanded:death,,
42,23,1619,1596,off_manifold_hop,33.49646711910134,32,1.0088117078542185,7,2.5716376455653203,6,1.8023139160508244,0.7008428730847202,6.984119701833336,3.7765954039074107e-14,23,64,True,pareto_kept_polished,,
47,23,1803,1698,off_manifold_hop,33.999999999999886,34,0.5386467185765409,7,3.2555940054420787,7,1.9685106829679628,0.6046548432259623,7.302758057751132,6.3101326642363244e-15,18,64,True,pareto_kept_polished,,
37,23,1474,595,exact_hop,33.99999999999977,34,1.000868234427514,6,1.7727879600602552,6,1.4666040606716713,0.8272867899113118,7.643871422932261,5.387874104043461e-15,28,64,True,pareto_kept_polished,,
61,23,2255,1781,off_manifold_hop,33.99999999999966,34,1.0073370786887426,1,2.6177097609357687,7,2.20237960840739,0.8413383489925529,4.242579491031758,4.249580774351988e-15,1,63,True,pareto_kept_polished,,
42,23,1619,1596,off_manifold_hop,33.49646711910134,32,1.0088117078542185,7,2.5716376455653203,6,1.8023139160508244,0.7008428730847202,6.984119701833336,3.7765954039074107e-14,23,64,True,frontier,,
47,23,1803,1698,off_manifold_hop,33.999999999999886,34,0.5386467185765409,7,3.2555940054420787,7,1.9685106829679628,0.6046548432259623,7.302758057751132,6.3101326642363244e-15,18,64,True,frontier,,
37,23,1474,595,exact_hop,33.99999999999977,34,1.000868234427514,6,1.7727879600602552,6,1.4666040606716713,0.8272867899113118,7.643871422932261,5.387874104043461e-15,28,64,True,frontier,,
61,23,2255,1781,off_manifold_hop,33.99999999999966,34,1.0073370786887426,1,2.6177097609357687,7,2.20237960840739,0.8413383489925529,4.242579491031758,4.249580774351988e-15,1,63,True,frontier,,
42,23,1619,1596,off_manifold_hop,33.49646711910134,32,1.0088117078542185,7,2.5716376455653203,6,1.8023139160508244,0.7008428730847202,6.984119701833336,3.7765954039074107e-14,24,65,True,expanded:genericity,,
47,23,1803,1698,off_manifold_hop,33.999999999999886,34,0.5386467185765409,7,3.2555940054420787,7,1.9685106829679628,0.6046548432259623,7.302758057751132,6.3101326642363244e-15,19,65,True,expanded:deletion,,
37,23,1474,595,exact_hop,33.99999999999977,34,1.000868234427514,6,1.7727879600602552,6,1.4666040606716713,0.8272867899113118,7.643871422932261,5.387874104043461e-15,29,65,True,expanded:death,,
42,23,1619,1596,off_manifold_hop,33.49646711680725,32,1.0088117078542185,7,2.5716376460381607,6,1.8023139160508244,0.700842872955858,6.984119701833336,3.766739801580232e-14,24,65,True,pareto_kept_polished,,
47,23,1803,1698,off_manifold_hop,33.999999999999886,34,0.5386467185765409,7,3.2555940054420884,7,1.9685106829679628,0.6046548432259605,7.302758057751132,6.046676990950613e-15,19,65,True,pareto_kept_polished,,
37,23,1474,595,exact_hop,33.99999999999977,34,1.000868234427514,6,1.7727879600602547,6,1.4666040606716713,0.827286789911312,7.643871422932261,5.773790393368943e-15,29,65,True,pareto_kept_polished,,
61,23,2255,1781,off_manifold_hop,33.99999999999966,34,1.0073370786887426,1,2.6177097609357745,7,2.20237960840739,0.841338348992551,4.242579491031758,4.249580774351988e-15,1,63,True,pareto_kept_polished,,
42,23,1619,1596,off_manifold_hop,33.49646711680725,32,1.0088117078542185,7,2.5716376460381607,6,1.8023139160508244,0.700842872955858,6.984119701833336,3.766739801580232e-14,24,65,True,frontier,,
47,23,1803,1698,off_manifold_hop,33.999999999999886,34,0.5386467185765409,7,3.2555940054420884,7,1.9685106829679628,0.6046548432259605,7.302758057751132,6.046676990950613e-15,19,65,True,frontier,,
37,23,1474,595,exact_hop,33.99999999999977,34,1.000868234427514,6,1.7727879600602547,6,1.4666040606716713,0.827286789911312,7.643871422932261,5.773790393368943e-15,29,65,True,frontier,,
61,23,2255,1781,off_manifold_hop,33.99999999999966,34,1.0073370786887426,1,2.6177097609357745,7,2.20237960840739,0.841338348992551,4.242579491031758,4.249580774351988e-15,1,63,True,frontier,,
47,23,1803,1698,off_manifold_hop,33.999999999999886,34,0.5386467185765409,7,3.2555940054420884,7,1.9685106829679628,0.6046548432259605,7.302758057751132,6.046676990950613e-15,19,65,False,full_delete_probe,0.3218783889648521,7
42,23,1619,1596,off_manifold_hop,33.49646711680725,32,1.0088117078542185,7,2.5716376460381607,6,1.8023139160508244,0.700842872955858,6.984119701833336,3.766739801580232e-14,25,66,True,expanded:genericity,,
47,23,1803,1698,off_manifold_hop,33.999999999999886,34,0.5386467185765409,7,3.2555940054420884,7,1.9685106829679628,0.6046548432259605,7.302758057751132,6.046676990950613e-15,20,66,True,expanded:deletion,,
37,23,1474,595,exact_hop,33.99999999999977,34,1.000868234427514,6,1.7727879600602547,6,1.4666040606716713,0.827286789911312,7.643871422932261,5.773790393368943e-15,30,66,True,expanded:death,,
61,23,2255,1781,off_manifold_hop,33.99999999999966,34,1.0073370786887426,1,2.6177097609357745,7,2.20237960840739,0.841338348992551,4.242579491031758,4.249580774351988e-15,2,66,True,expanded:explore,,
42,23,1619,1596,off_manifold_hop,33.49646711910134,32,1.0088117078542185,7,2.5716376455653203,6,1.8023139160508244,0.7008428730847202,6.984119701833336,3.7765954039074107e-14,25,66,True,pareto_kept_polished,,
47,23,1803,1698,off_manifold_hop,33.999999999999886,34,0.5386467185765409,7,3.2555940054420787,7,1.9685106829679628,0.6046548432259623,7.302758057751132,6.3101326642363244e-15,20,66,True,pareto_kept_polished,,
37,23,1474,595,exact_hop,33.99999999999977,34,1.000868234427514,6,1.7727879600602519,6,1.4666040606716713,0.8272867899113133,7.643871422932261,5.3891711236002355e-15,30,66,True,pareto_kept_polished,,
61,23,2255,1781,off_manifold_hop,33.99999999999966,34,1.0073370786887426,1,2.6177097609357745,7,2.20237960840739,0.841338348992551,4.242579491031758,4.249580774351988e-15,2,66,True,pareto_kept_polished,,
42,23,1619,1596,off_manifold_hop,33.49646711910134,32,1.0088117078542185,7,2.5716376455653203,6,1.8023139160508244,0.7008428730847202,6.984119701833336,3.7765954039074107e-14,25,66,True,frontier,,
47,23,1803,1698,off_manifold_hop,33.999999999999886,34,0.5386467185765409,7,3.2555940054420787,7,1.9685106829679628,0.6046548432259623,7.302758057751132,6.3101326642363244e-15,20,66,True,frontier,,
37,23,1474,595,exact_hop,33.99999999999977,34,1.000868234427514,6,1.7727879600602519,6,1.4666040606716713,0.8272867899113133,7.643871422932261,5.3891711236002355e-15,30,66,True,frontier,,
61,23,2255,1781,off_manifold_hop,33.99999999999966,34,1.0073370786887426,1,2.6177097609357745,7,2.20237960840739,0.841338348992551,4.242579491031758,4.249580774351988e-15,2,66,True,frontier,,
42,23,1619,1596,off_manifold_hop,33.49646711910134,32,1.0088117078542185,7,2.5716376455653203,6,1.8023139160508244,0.7008428730847202,6.984119701833336,3.7765954039074107e-14,26,67,True,expanded:genericity,,
47,23,1803,1698,off_manifold_hop,33.999999999999886,34,0.5386467185765409,7,3.2555940054420787,7,1.9685106829679628,0.6046548432259623,7.302758057751132,6.3101326642363244e-15,21,67,True,expanded:deletion,,
37,23,1474,595,exact_hop,33.99999999999977,34,1.000868234427514,6,1.7727879600602519,6,1.4666040606716713,0.8272867899113133,7.643871422932261,5.3891711236002355e-15,31,67,True,expanded:death,,
42,23,1619,1596,off_manifold_hop,33.49646711680725,32,1.0088117078542185,7,2.5716376460381607,6,1.8023139160508244,0.700842872955858,6.984119701833336,3.766739801580232e-14,26,67,True,pareto_kept_polished,,
47,23,1803,1698,off_manifold_hop,33.999999999999886,34,0.5386467185765409,7,3.2555940054420884,7,1.9685106829679628,0.6046548432259605,7.302758057751132,6.046676990950613e-15,21,67,True,pareto_kept_polished,,
37,23,1474,595,exact_hop,33.99999999999977,34,1.000868234427514,6,1.7727879600602545,6,1.4666040606716713,0.8272867899113121,7.643871422932261,5.774849623234521e-15,31,67,True,pareto_kept_polished,,
61,23,2255,1781,off_manifold_hop,33.99999999999966,34,1.0073370786887426,1,2.6177097609357745,7,2.20237960840739,0.841338348992551,4.242579491031758,4.249580774351988e-15,2,66,True,pareto_kept_polished,,
42,23,1619,1596,off_manifold_hop,33.49646711680725,32,1.0088117078542185,7,2.5716376460381607,6,1.8023139160508244,0.700842872955858,6.984119701833336,3.766739801580232e-14,26,67,True,frontier,,
47,23,1803,1698,off_manifold_hop,33.999999999999886,34,0.5386467185765409,7,3.2555940054420884,7,1.9685106829679628,0.6046548432259605,7.302758057751132,6.046676990950613e-15,21,67,True,frontier,,
37,23,1474,595,exact_hop,33.99999999999977,34,1.000868234427514,6,1.7727879600602545,6,1.4666040606716713,0.8272867899113121,7.643871422932261,5.774849623234521e-15,31,67,True,frontier,,
61,23,2255,1781,off_manifold_hop,33.99999999999966,34,1.0073370786887426,1,2.6177097609357745,7,2.20237960840739,0.841338348992551,4.242579491031758,4.249580774351988e-15,2,66,True,frontier,,
47,23,1803,1698,off_manifold_hop,33.999999999999886,34,0.5386467185765409,7,3.2555940054420884,7,1.9685106829679628,0.6046548432259605,7.302758057751132,6.046676990950613e-15,21,67,False,full_delete_probe,0.3218783889648521,7
42,23,1619,1596,off_manifold_hop,33.49646711680725,32,1.0088117078542185,7,2.5716376460381607,6,1.8023139160508244,0.700842872955858,6.984119701833336,3.766739801580232e-14,27,68,True,expanded:genericity,,
47,23,1803,1698,off_manifold_hop,33.999999999999886,34,0.5386467185765409,7,3.2555940054420884,7,1.9685106829679628,0.6046548432259605,7.302758057751132,6.046676990950613e-15,22,68,True,expanded:deletion,,
37,23,1474,595,exact_hop,33.99999999999977,34,1.000868234427514,6,1.7727879600602545,6,1.4666040606716713,0.8272867899113121,7.643871422932261,5.774849623234521e-15,32,68,True,expanded:death,,
42,23,1619,1596,off_manifold_hop,33.49646711910134,32,1.0088117078542185,7,2.5716376455653203,6,1.8023139160508244,0.7008428730847202,6.984119701833336,3.7765954039074107e-14,27,68,True,pareto_kept_polished,,
47,23,1803,1698,off_manifold_hop,33.999999999999886,34,0.5386467185765409,7,3.2555940054420787,7,1.9685106829679628,0.6046548432259623,7.302758057751132,6.3101326642363244e-15,22,68,True,pareto_kept_polished,,
37,23,1474,595,exact_hop,33.99999999999966,34,1.000868234427514,6,1.7727879600602525,6,1.4666040606716713,0.827286789911313,7.643871422932261,5.390303701066826e-15,32,68,True,pareto_kept_polished,,
61,23,2255,1781,off_manifold_hop,33.99999999999966,34,1.0073370786887426,1,2.6177097609357745,7,2.20237960840739,0.841338348992551,4.242579491031758,4.249580774351988e-15,2,66,True,pareto_kept_polished,,
42,23,1619,1596,off_manifold_hop,33.49646711910134,32,1.0088117078542185,7,2.5716376455653203,6,1.8023139160508244,0.7008428730847202,6.984119701833336,3.7765954039074107e-14,27,68,True,frontier,,
47,23,1803,1698,off_manifold_hop,33.999999999999886,34,0.5386467185765409,7,3.2555940054420787,7,1.9685106829679628,0.6046548432259623,7.302758057751132,6.3101326642363244e-15,22,68,True,frontier,,
37,23,1474,595,exact_hop,33.99999999999966,34,1.000868234427514,6,1.7727879600602525,6,1.4666040606716713,0.827286789911313,7.643871422932261,5.390303701066826e-15,32,68,True,frontier,,
61,23,2255,1781,off_manifold_hop,33.99999999999966,34,1.0073370786887426,1,2.6177097609357745,7,2.20237960840739,0.841338348992551,4.242579491031758,4.249580774351988e-15,2,66,True,frontier,,
42,23,1619,1596,off_manifold_hop,33.49646711910134,32,1.0088117078542185,7,2.5716376455653203,6,1.8023139160508244,0.7008428730847202,6.984119701833336,3.7765954039074107e-14,28,69,True,expanded:genericity,,
47,23,1803,1698,off_manifold_hop,33.999999999999886,34,0.5386467185765409,7,3.2555940054420787,7,1.9685106829679628,0.6046548432259623,7.302758057751132,6.3101326642363244e-15,23,69,True,expanded:deletion,,
37,23,1474,595,exact_hop,33.99999999999966,34,1.000868234427514,6,1.7727879600602525,6,1.4666040606716713,0.827286789911313,7.643871422932261,5.390303701066826e-15,33,69,True,expanded:death,,
61,23,2255,1781,off_manifold_hop,33.99999999999966,34,1.0073370786887426,1,2.6177097609357745,7,2.20237960840739,0.841338348992551,4.242579491031758,4.249580774351988e-15,3,69,True,expanded:explore,,
42,23,1619,1596,off_manifold_hop,33.49646711680725,32,1.0088117078542185,7,2.5716376460381607,6,1.8023139160508244,0.700842872955858,6.984119701833336,3.766739801580232e-14,28,69,True,pareto_kept_polished,,
47,23,1803,1698,off_manifold_hop,33.999999999999886,34,0.5386467185765409,7,3.2555940054420884,7,1.9685106829679628,0.6046548432259605,7.302758057751132,6.046676990950613e-15,23,69,True,pareto_kept_polished,,
37,23,1474,595,exact_hop,33.99999999999977,34,1.000868234427514,6,1.7727879600602534,6,1.4666040606716713,0.8272867899113125,7.643871422932261,5.775889642210973e-15,33,69,True,pareto_kept_polished,,
61,23,2255,1781,off_manifold_hop,33.99999999999966,34,1.0073370786887426,1,2.6177097609357745,7,2.20237960840739,0.841338348992551,4.242579491031758,4.249580774351988e-15,3,69,True,pareto_kept_polished,,
42,23,1619,1596,off_manifold_hop,33.49646711680725,32,1.0088117078542185,7,2.5716376460381607,6,1.8023139160508244,0.700842872955858,6.984119701833336,3.766739801580232e-14,28,69,True,frontier,,
47,23,1803,1698,off_manifold_hop,33.999999999999886,34,0.5386467185765409,7,3.2555940054420884,7,1.9685106829679628,0.6046548432259605,7.302758057751132,6.046676990950613e-15,23,69,True,frontier,,
37,23,1474,595,exact_hop,33.99999999999977,34,1.000868234427514,6,1.7727879600602534,6,1.4666040606716713,0.8272867899113125,7.643871422932261,5.775889642210973e-15,33,69,True,frontier,,
61,23,2255,1781,off_manifold_hop,33.99999999999966,34,1.0073370786887426,1,2.6177097609357745,7,2.20237960840739,0.841338348992551,4.242579491031758,4.249580774351988e-15,3,69,True,frontier,,
47,23,1803,1698,off_manifold_hop,33.999999999999886,34,0.5386467185765409,7,3.2555940054420884,7,1.9685106829679628,0.6046548432259605,7.302758057751132,6.046676990950613e-15,23,69,False,full_delete_probe,0.3218783889648521,7
42,23,1619,1596,off_manifold_hop,33.49646711680725,32,1.0088117078542185,7,2.5716376460381607,6,1.8023139160508244,0.700842872955858,6.984119701833336,3.766739801580232e-14,29,70,True,expanded:genericity,,
47,23,1803,1698,off_manifold_hop,33.999999999999886,34,0.5386467185765409,7,3.2555940054420884,7,1.9685106829679628,0.6046548432259605,7.302758057751132,6.046676990950613e-15,24,70,True,expanded:deletion,,
37,23,1474,595,exact_hop,33.99999999999977,34,1.000868234427514,6,1.7727879600602534,6,1.4666040606716713,0.8272867899113125,7.643871422932261,5.775889642210973e-15,34,70,True,expanded:death,,
42,23,1619,1596,off_manifold_hop,33.49646711910134,32,1.0088117078542185,7,2.5716376455653203,6,1.8023139160508244,0.7008428730847202,6.984119701833336,3.7765954039074107e-14,29,70,True,pareto_kept_polished,,
47,23,1803,1698,off_manifold_hop,33.999999999999886,34,0.5386467185765409,7,3.2555940054420787,7,1.9685106829679628,0.6046548432259623,7.302758057751132,6.3101326642363244e-15,24,70,True,pareto_kept_polished,,
37,23,1474,595,exact_hop,33.99999999999977,34,1.000868234427514,6,1.7727879600602525,6,1.4666040606716713,0.827286789911313,7.643871422932261,5.394473510356331e-15,34,70,True,pareto_kept_polished,,
61,23,2255,1781,off_manifold_hop,33.99999999999966,34,1.0073370786887426,1,2.6177097609357745,7,2.20237960840739,0.841338348992551,4.242579491031758,4.249580774351988e-15,3,69,True,pareto_kept_polished,,
42,23,1619,1596,off_manifold_hop,33.49646711910134,32,1.0088117078542185,7,2.5716376455653203,6,1.8023139160508244,0.7008428730847202,6.984119701833336,3.7765954039074107e-14,29,70,True,frontier,,
47,23,1803,1698,off_manifold_hop,33.999999999999886,34,0.5386467185765409,7,3.2555940054420787,7,1.9685106829679628,0.6046548432259623,7.302758057751132,6.3101326642363244e-15,24,70,True,frontier,,
37,23,1474,595,exact_hop,33.99999999999977,34,1.000868234427514,6,1.7727879600602525,6,1.4666040606716713,0.827286789911313,7.643871422932261,5.394473510356331e-15,34,70,True,frontier,,
61,23,2255,1781,off_manifold_hop,33.99999999999966,34,1.0073370786887426,1,2.6177097609357745,7,2.20237960840739,0.841338348992551,4.242579491031758,4.249580774351988e-15,3,69,True,frontier,,
42,23,1619,1596,off_manifold_hop,33.49646711910134,32,1.0088117078542185,7,2.5716376455653203,6,1.8023139160508244,0.7008428730847202,6.984119701833336,3.7765954039074107e-14,30,71,True,expanded:genericity,,
47,23,1803,1698,off_manifold_hop,33.999999999999886,34,0.5386467185765409,7,3.2555940054420787,7,1.9685106829679628,0.6046548432259623,7.302758057751132,6.3101326642363244e-15,25,71,True,expanded:deletion,,
37,23,1474,595,exact_hop,33.99999999999977,34,1.000868234427514,6,1.7727879600602525,6,1.4666040606716713,0.827286789911313,7.643871422932261,5.394473510356331e-15,35,71,True,expanded:death,,
42,23,1619,1596,off_manifold_hop,33.49646711680725,32,1.0088117078542185,7,2.5716376460381607,6,1.8023139160508244,0.700842872955858,6.984119701833336,3.766739801580232e-14,30,71,True,pareto_kept_polished,,
47,23,1803,1698,off_manifold_hop,33.999999999999886,34,0.5386467185765409,7,3.2555940054420884,7,1.9685106829679628,0.6046548432259605,7.302758057751132,6.046676990950613e-15,25,71,True,pareto_kept_polished,,
37,23,1474,595,exact_hop,33.99999999999977,34,1.000868234427514,6,1.7727879600602536,6,1.4666040606716713,0.8272867899113124,7.643871422932261,5.777193048856225e-15,35,71,True,pareto_kept_polished,,
61,23,2255,1781,off_manifold_hop,33.99999999999966,34,1.0073370786887426,1,2.6177097609357745,7,2.20237960840739,0.841338348992551,4.242579491031758,4.249580774351988e-15,3,69,True,pareto_kept_polished,,
42,23,1619,1596,off_manifold_hop,33.49646711680725,32,1.0088117078542185,7,2.5716376460381607,6,1.8023139160508244,0.700842872955858,6.984119701833336,3.766739801580232e-14,30,71,True,frontier,,
47,23,1803,1698,off_manifold_hop,33.999999999999886,34,0.5386467185765409,7,3.2555940054420884,7,1.9685106829679628,0.6046548432259605,7.302758057751132,6.046676990950613e-15,25,71,True,frontier,,
37,23,1474,595,exact_hop,33.99999999999977,34,1.000868234427514,6,1.7727879600602536,6,1.4666040606716713,0.8272867899113124,7.643871422932261,5.777193048856225e-15,35,71,True,frontier,,
61,23,2255,1781,off_manifold_hop,33.99999999999966,34,1.0073370786887426,1,2.6177097609357745,7,2.20237960840739,0.841338348992551,4.242579491031758,4.249580774351988e-15,3,69,True,frontier,,
47,23,1803,1698,off_manifold_hop,33.999999999999886,34,0.5386467185765409,7,3.2555940054420884,7,1.9685106829679628,0.6046548432259605,7.302758057751132,6.046676990950613e-15,25,71,False,full_delete_probe,0.3218783889648521,7
42,23,1619,1596,off_manifold_hop,33.49646711680725,32,1.0088117078542185,7,2.5716376460381607,6,1.8023139160508244,0.700842872955858,6.984119701833336,3.766739801580232e-14,31,72,True,expanded:genericity,,
47,23,1803,1698,off_manifold_hop,33.999999999999886,34,0.5386467185765409,7,3.2555940054420884,7,1.9685106829679628,0.6046548432259605,7.302758057751132,6.046676990950613e-15,26,72,True,expanded:deletion,,
37,23,1474,595,exact_hop,33.99999999999977,34,1.000868234427514,6,1.7727879600602536,6,1.4666040606716713,0.8272867899113124,7.643871422932261,5.777193048856225e-15,36,72,True,expanded:death,,
61,23,2255,1781,off_manifold_hop,33.99999999999966,34,1.0073370786887426,1,2.6177097609357745,7,2.20237960840739,0.841338348992551,4.242579491031758,4.249580774351988e-15,4,72,True,expanded:explore,,
42,23,1619,1596,off_manifold_hop,33.49646711910134,32,1.0088117078542185,7,2.5716376455653203,6,1.8023139160508244,0.7008428730847202,6.984119701833336,3.7765954039074107e-14,31,72,True,pareto_kept_polished,,
47,23,1803,1698,off_manifold_hop,33.999999999999886,34,0.5386467185765409,7,3.2555940054420787,7,1.9685106829679628,0.6046548432259623,7.302758057751132,6.3101326642363244e-15,26,72,True,pareto_kept_polished,,
37,23,1474,595,exact_hop,33.99999999999977,34,1.000868234427514,6,1.7727879600602527,6,1.4666040606716713,0.8272867899113129,7.643871422932261,5.39835887740058e-15,36,72,True,pareto_kept_polished,,
61,23,2255,1781,off_manifold_hop,33.99999999999966,34,1.0073370786887426,1,2.6177097609357745,7,2.20237960840739,0.841338348992551,4.242579491031758,4.249580774351988e-15,4,72,True,pareto_kept_polished,,
42,23,1619,1596,off_manifold_hop,33.49646711910134,32,1.0088117078542185,7,2.5716376455653203,6,1.8023139160508244,0.7008428730847202,6.984119701833336,3.7765954039074107e-14,31,72,True,frontier,,
47,23,1803,1698,off_manifold_hop,33.999999999999886,34,0.5386467185765409,7,3.2555940054420787,7,1.9685106829679628,0.6046548432259623,7.302758057751132,6.3101326642363244e-15,26,72,True,frontier,,
37,23,1474,595,exact_hop,33.99999999999977,34,1.000868234427514,6,1.7727879600602527,6,1.4666040606716713,0.8272867899113129,7.643871422932261,5.39835887740058e-15,36,72,True,frontier,,
61,23,2255,1781,off_manifold_hop,33.99999999999966,34,1.0073370786887426,1,2.6177097609357745,7,2.20237960840739,0.841338348992551,4.242579491031758,4.249580774351988e-15,4,72,True,frontier,,
42,23,1619,1596,off_manifold_hop,33.49646711910134,32,1.0088117078542185,7,2.5716376455653203,6,1.8023139160508244,0.7008428730847202,6.984119701833336,3.7765954039074107e-14,32,73,True,expanded:genericity,,
47,23,1803,1698,off_manifold_hop,33.999999999999886,34,0.5386467185765409,7,3.2555940054420787,7,1.9685106829679628,0.6046548432259623,7.302758057751132,6.3101326642363244e-15,27,73,True,expanded:deletion,,
37,23,1474,595,exact_hop,33.99999999999977,34,1.000868234427514,6,1.7727879600602527,6,1.4666040606716713,0.8272867899113129,7.643871422932261,5.39835887740058e-15,37,73,True,expanded:death,,
42,23,1619,1596,off_manifold_hop,33.49646711680725,32,1.0088117078542185,7,2.5716376460381607,6,1.8023139160508244,0.700842872955858,6.984119701833336,3.766739801580232e-14,32,73,True,pareto_kept_polished,,
74,23,2643,1803,off_manifold_hop,33.999999999999545,34,0.5374349936981824,7,3.3868925271818946,7,1.9133465720223313,0.5649268633907184,7.5892038555965,6.065767905733965e-15,0,-1,True,pareto_kept_polished,,
37,23,1474,595,exact_hop,33.99999999999966,34,1.000868234427514,6,1.7727879600602536,6,1.4666040606716713,0.8272867899113124,7.643871422932261,5.781804575464472e-15,37,73,True,pareto_kept_polished,,
61,23,2255,1781,off_manifold_hop,33.99999999999966,34,1.0073370786887426,1,2.6177097609357745,7,2.20237960840739,0.841338348992551,4.242579491031758,4.249580774351988e-15,4,72,True,pareto_kept_polished,,
42,23,1619,1596,off_manifold_hop,33.49646711680725,32,1.0088117078542185,7,2.5716376460381607,6,1.8023139160508244,0.700842872955858,6.984119701833336,3.766739801580232e-14,32,73,True,frontier,,
74,23,2643,1803,off_manifold_hop,33.999999999999545,34,0.5374349936981824,7,3.3868925271818946,7,1.9133465720223313,0.5649268633907184,7.5892038555965,6.065767905733965e-15,0,-1,True,frontier,,
37,23,1474,595,exact_hop,33.99999999999966,34,1.000868234427514,6,1.7727879600602536,6,1.4666040606716713,0.8272867899113124,7.643871422932261,5.781804575464472e-15,37,73,True,frontier,,
61,23,2255,1781,off_manifold_hop,33.99999999999966,34,1.0073370786887426,1,2.6177097609357745,7,2.20237960840739,0.841338348992551,4.242579491031758,4.249580774351988e-15,4,72,True,frontier,,
74,23,2643,1803,off_manifold_hop,33.999999999999545,34,0.5374349936981824,7,3.3868925271818946,7,1.9133465720223313,0.5649268633907184,7.5892038555965,6.065767905733965e-15,0,-1,False,full_delete_probe,0.3099527213643556,7
42,23,1619,1596,off_manifold_hop,33.49646711680725,32,1.0088117078542185,7,2.5716376460381607,6,1.8023139160508244,0.700842872955858,6.984119701833336,3.766739801580232e-14,33,74,True,expanded:genericity,,
74,23,2643,1803,off_manifold_hop,33.999999999999545,34,0.5374349936981824,7,3.3868925271818946,7,1.9133465720223313,0.5649268633907184,7.5892038555965,6.065767905733965e-15,1,74,True,expanded:deletion,,
37,23,1474,595,exact_hop,33.99999999999966,34,1.000868234427514,6,1.7727879600602536,6,1.4666040606716713,0.8272867899113124,7.643871422932261,5.781804575464472e-15,38,74,True,expanded:death,,
42,23,1619,1596,off_manifold_hop,33.49646711910134,32,1.0088117078542185,7,2.5716376455653203,6,1.8023139160508244,0.7008428730847202,6.984119701833336,3.7765954039074107e-14,33,74,True,pareto_kept_polished,,
74,23,2643,1803,off_manifold_hop,33.999999999999545,34,0.5374349936981824,7,3.386892527181898,7,1.9133465720223313,0.5649268633907178,7.5892038555965,5.8698907839545095e-15,1,74,True,pareto_kept_polished,,
37,23,1474,595,exact_hop,33.99999999999966,34,1.000868234427514,6,1.7727879600602514,6,1.4666040606716713,0.8272867899113135,7.643871422932261,5.410563069897441e-15,38,74,True,pareto_kept_polished,,
61,23,2255,1781,off_manifold_hop,33.99999999999966,34,1.0073370786887426,1,2.6177097609357745,7,2.20237960840739,0.841338348992551,4.242579491031758,4.249580774351988e-15,4,72,True,pareto_kept_polished,,
42,23,1619,1596,off_manifold_hop,33.49646711910134,32,1.0088117078542185,7,2.5716376455653203,6,1.8023139160508244,0.7008428730847202,6.984119701833336,3.7765954039074107e-14,33,74,True,frontier,,
74,23,2643,1803,off_manifold_hop,33.999999999999545,34,0.5374349936981824,7,3.386892527181898,7,1.9133465720223313,0.5649268633907178,7.5892038555965,5.8698907839545095e-15,1,74,True,frontier,,
37,23,1474,595,exact_hop,33.99999999999966,34,1.000868234427514,6,1.7727879600602514,6,1.4666040606716713,0.8272867899113135,7.643871422932261,5.410563069897441e-15,38,74,True,frontier,,
61,23,2255,1781,off_manifold_hop,33.99999999999966,34,1.0073370786887426,1,2.6177097609357745,7,2.20237960840739,0.841338348992551,4.242579491031758,4.249580774351988e-15,4,72,True,frontier,,
42,23,1619,1596,off_manifold_hop,33.49646711910134,32,1.0088117078542185,7,2.5716376455653203,6,1.8023139160508244,0.7008428730847202,6.984119701833336,3.7765954039074107e-14,34,75,True,expanded:genericity,,
74,23,2643,1803,off_manifold_hop,33.999999999999545,34,0.5374349936981824,7,3.386892527181898,7,1.9133465720223313,0.5649268633907178,7.5892038555965,5.8698907839545095e-15,2,75,True,expanded:deletion,,
37,23,1474,595,exact_hop,33.99999999999966,34,1.000868234427514,6,1.7727879600602514,6,1.4666040606716713,0.8272867899113135,7.643871422932261,5.410563069897441e-15,39,75,True,expanded:death,,
61,23,2255,1781,off_manifold_hop,33.99999999999966,34,1.0073370786887426,1,2.6177097609357745,7,2.20237960840739,0.841338348992551,4.242579491031758,4.249580774351988e-15,5,75,True,expanded:explore,,
42,23,1619,1596,off_manifold_hop,33.49646711680725,32,1.0088117078542185,7,2.5716376460381607,6,1.8023139160508244,0.700842872955858,6.984119701833336,3.766739801580232e-14,34,75,True,pareto_kept_polished,,
74,23,2643,1803,off_manifold_hop,33.999999999999545,34,0.5374349936981824,7,3.3868925271818955,7,1.9133465720223313,0.5649268633907183,7.5892038555965,5.9517659550111845e-15,2,75,True,pareto_kept_polished,,
37,23,1474,595,exact_hop,33.99999999999977,34,1.000868234427514,6,1.7727879600602496,6,1.4666040606716713,0.8272867899113143,7.643871422932261,5.78542592426455e-15,39,75,True,pareto_kept_polished,,
61,23,2255,1781,off_manifold_hop,33.99999999999966,34,1.0073370786887426,1,2.6177097609357745,7,2.20237960840739,0.841338348992551,4.242579491031758,4.249580774351988e-15,5,75,True,pareto_kept_polished,,
42,23,1619,1596,off_manifold_hop,33.49646711680725,32,1.0088117078542185,7,2.5716376460381607,6,1.8023139160508244,0.700842872955858,6.984119701833336,3.766739801580232e-14,34,75,True,frontier,,
74,23,2643,1803,off_manifold_hop,33.999999999999545,34,0.5374349936981824,7,3.3868925271818955,7,1.9133465720223313,0.5649268633907183,7.5892038555965,5.9517659550111845e-15,2,75,True,frontier,,
37,23,1474,595,exact_hop,33.99999999999977,34,1.000868234427514,6,1.7727879600602496,6,1.4666040606716713,0.8272867899113143,7.643871422932261,5.78542592426455e-15,39,75,True,frontier,,
61,23,2255,1781,off_manifold_hop,33.99999999999966,34,1.0073370786887426,1,2.6177097609357745,7,2.20237960840739,0.841338348992551,4.242579491031758,4.249580774351988e-15,5,75,True,frontier,,
74,23,2643,1803,off_manifold_hop,33.999999999999545,34,0.5374349936981824,7,3.3868925271818955,7,1.9133465720223313,0.5649268633907183,7.5892038555965,5.9517659550111845e-15,2,75,False,full_delete_probe,0.2892287595421829,7
42,23,1619,1596,off_manifold_hop,33.49646711680725,32,1.0088117078542185,7,2.5716376460381607,6,1.8023139160508244,0.700842872955858,6.984119701833336,3.766739801580232e-14,35,76,True,expanded:genericity,,
74,23,2643,1803,off_manifold_hop,33.999999999999545,34,0.5374349936981824,7,3.3868925271818955,7,1.9133465720223313,0.5649268633907183,7.5892038555965,5.9517659550111845e-15,3,76,True,expanded:deletion,,
37,23,1474,595,exact_hop,33.99999999999977,34,1.000868234427514,6,1.7727879600602496,6,1.4666040606716713,0.8272867899113143,7.643871422932261,5.78542592426455e-15,40,76,True,expanded:death,,
42,23,1619,1596,off_manifold_hop,33.49646711910134,32,1.0088117078542185,7,2.5716376455653203,6,1.8023139160508244,0.7008428730847202,6.984119701833336,3.7765954039074107e-14,35,76,True,pareto_kept_polished,,
77,23,2743,2643,exact_hop,33.999999999999545,34,0.5334801785302541,0,3.693986121281234,14,2.8502236297520875,0.7715848235952513,7.898939284271464,6.590037105810819e-15,0,-1,True,pareto_kept_polished,,
37,23,1474,595,exact_hop,33.99999999999977,34,1.000868234427514,6,1.7727879600602519,6,1.4666040606716713,0.8272867899113133,7.643871422932261,5.4127947128243856e-15,40,76,True,pareto_kept_polished,,
61,23,2255,1781,off_manifold_hop,33.99999999999966,34,1.0073370786887426,1,2.6177097609357745,7,2.20237960840739,0.841338348992551,4.242579491031758,4.249580774351988e-15,5,75,True,pareto_kept_polished,,
42,23,1619,1596,off_manifold_hop,33.49646711910134,32,1.0088117078542185,7,2.5716376455653203,6,1.8023139160508244,0.7008428730847202,6.984119701833336,3.7765954039074107e-14,35,76,True,frontier,,
77,23,2743,2643,exact_hop,33.999999999999545,34,0.5334801785302541,0,3.693986121281234,14,2.8502236297520875,0.7715848235952513,7.898939284271464,6.590037105810819e-15,0,-1,True,frontier,,
37,23,1474,595,exact_hop,33.99999999999977,34,1.000868234427514,6,1.7727879600602519,6,1.4666040606716713,0.8272867899113133,7.643871422932261,5.4127947128243856e-15,40,76,True,frontier,,
61,23,2255,1781,off_manifold_hop,33.99999999999966,34,1.0073370786887426,1,2.6177097609357745,7,2.20237960840739,0.841338348992551,4.242579491031758,4.249580774351988e-15,5,75,True,frontier,,
42,23,1619,1596,off_manifold_hop,33.49646711910134,32,1.0088117078542185,7,2.5716376455653203,6,1.8023139160508244,0.7008428730847202,6.984119701833336,3.7765954039074107e-14,36,77,True,expanded:genericity,,
77,23,2743,2643,exact_hop,33.999999999999545,34,0.5334801785302541,0,3.693986121281234,14,2.8502236297520875,0.7715848235952513,7.898939284271464,6.590037105810819e-15,1,77,True,expanded:deletion,,
37,23,1474,595,exact_hop,33.99999999999977,34,1.000868234427514,6,1.7727879600602519,6,1.4666040606716713,0.8272867899113133,7.643871422932261,5.4127947128243856e-15,41,77,True,expanded:death,,
42,23,1619,1596,off_manifold_hop,33.49646711680725,32,1.0088117078542185,7,2.5716376460381607,6,1.8023139160508244,0.700842872955858,6.984119701833336,3.766739801580232e-14,36,77,True,pareto_kept_polished,,
77,23,2743,2643,exact_hop,33.999999999999545,34,0.5334801785302541,0,3.693986121281215,14,2.8502236297520875,0.7715848235952553,7.898939284271464,5.7214388959206144e-15,1,77,True,pareto_kept_polished,,
37,23,1474,595,exact_hop,33.99999999999977,34,1.000868234427514,6,1.7727879600602492,6,1.4666040606716713,0.8272867899113145,7.643871422932261,5.796628643216572e-15,41,77,True,pareto_kept_polished,,
61,23,2255,1781,off_manifold_hop,33.99999999999966,34,1.0073370786887426,1,2.6177097609357745,7,2.20237960840739,0.841338348992551,4.242579491031758,4.249580774351988e-15,5,75,True,pareto_kept_polished,,
42,23,1619,1596,off_manifold_hop,33.49646711680725,32,1.0088117078542185,7,2.5716376460381607,6,1.8023139160508244,0.700842872955858,6.984119701833336,3.766739801580232e-14,36,77,True,frontier,,
77,23,2743,2643,exact_hop,33.999999999999545,34,0.5334801785302541,0,3.693986121281215,14,2.8502236297520875,0.7715848235952553,7.898939284271464,5.7214388959206144e-15,1,77,True,frontier,,
37,23,1474,595,exact_hop,33.99999999999977,34,1.000868234427514,6,1.7727879600602492,6,1.4666040606716713,0.8272867899113145,7.643871422932261,5.796628643216572e-15,41,77,True,frontier,,
61,23,2255,1781,off_manifold_hop,33.99999999999966,34,1.0073370786887426,1,2.6177097609357745,7,2.20237960840739,0.841338348992551,4.242579491031758,4.249580774351988e-15,5,75,True,frontier,,
77,23,2743,2643,exact_hop,33.999999999999545,34,0.5334801785302541,0,3.693986121281215,14,2.8502236297520875,0.7715848235952553,7.898939284271464,5.7214388959206144e-15,1,77,False,full_delete_probe,0.37566311222718074,0
42,23,1619,1596,off_manifold_hop,33.49646711680725,32,1.0088117078542185,7,2.5716376460381607,6,1.8023139160508244,0.700842872955858,6.984119701833336,3.766739801580232e-14,37,78,True,expanded:genericity,,
77,23,2743,2643,exact_hop,33.999999999999545,34,0.5334801785302541,0,3.693986121281215,14,2.8502236297520875,0.7715848235952553,7.898939284271464,5.7214388959206144e-15,2,78,True,expanded:deletion,,
37,23,1474,595,exact_hop,33.99999999999977,34,1.000868234427514,6,1.7727879600602492,6,1.4666040606716713,0.8272867899113145,7.643871422932261,5.796628643216572e-15,42,78,True,expanded:death,,
61,23,2255,1781,off_manifold_hop,33.99999999999966,34,1.0073370786887426,1,2.6177097609357745,7,2.20237960840739,0.841338348992551,4.242579491031758,4.249580774351988e-15,6,78,True,expanded:explore,,
42,23,1619,1596,off_manifold_hop,33.49646711910134,32,1.0088117078542185,7,2.5716376455653203,6,1.8023139160508244,0.7008428730847202,6.984119701833336,3.7765954039074107e-14,37,78,True,pareto_kept_polished,,
79,23,2796,2743,exact_hop,33.99999999999943,34,0.5155589872562713,0,3.4862389487498904,14,1.7534807482231762,0.5029720492486456,7.944138406862712,6.867215383514394e-15,0,-1,True,pareto_kept_polished,,
37,23,1474,595,exact_hop,33.99999999999977,34,1.000868234427514,6,1.772787960060249,6,1.4666040606716713,0.8272867899113147,7.643871422932261,5.416498324034772e-15,42,78,True,pareto_kept_polished,,
61,23,2255,1781,off_manifold_hop,33.99999999999966,34,1.0073370786887426,1,2.6177097609357745,7,2.20237960840739,0.841338348992551,4.242579491031758,4.249580774351988e-15,6,78,True,pareto_kept_polished,,
42,23,1619,1596,off_manifold_hop,33.49646711910134,32,1.0088117078542185,7,2.5716376455653203,6,1.8023139160508244,0.7008428730847202,6.984119701833336,3.7765954039074107e-14,37,78,True,frontier,,
79,23,2796,2743,exact_hop,33.99999999999943,34,0.5155589872562713,0,3.4862389487498904,14,1.7534807482231762,0.5029720492486456,7.944138406862712,6.867215383514394e-15,0,-1,True,frontier,,
37,23,1474,595,exact_hop,33.99999999999977,34,1.000868234427514,6,1.772787960060249,6,1.4666040606716713,0.8272867899113147,7.643871422932261,5.416498324034772e-15,42,78,True,frontier,,
61,23,2255,1781,off_manifold_hop,33.99999999999966,34,1.0073370786887426,1,2.6177097609357745,7,2.20237960840739,0.841338348992551,4.242579491031758,4.249580774351988e-15,6,78,True,frontier,,
42,23,1619,1596,off_manifold_hop,33.49646711910134,32,1.0088117078542185,7,2.5716376455653203,6,1.8023139160508244,0.7008428730847202,6.984119701833336,3.7765954039074107e-14,38,79,True,expanded:genericity,,
79,23,2796,2743,exact_hop,33.99999999999943,34,0.5155589872562713,0,3.4862389487498904,14,1.7534807482231762,0.5029720492486456,7.944138406862712,6.867215383514394e-15,1,79,True,expanded:deletion,,
37,23,1474,595,exact_hop,33.99999999999977,34,1.000868234427514,6,1.772787960060249,6,1.4666040606716713,0.8272867899113147,7.643871422932261,5.416498324034772e-15,43,79,True,expanded:death,,
42,23,1619,1596,off_manifold_hop,33.49646711680725,32,1.0088117078542185,7,2.5716376460381607,6,1.8023139160508244,0.700842872955858,6.984119701833336,3.766739801580232e-14,38,79,True,pareto_kept_polished,,
80,23,2838,2796,wall:continuation_stalled,33.999999999999545,34,0.5034856379165523,7,3.711042018266466,14,1.5703557482231763,0.4231576307930715,7.9993811615375625,5.8384760048902285e-15,0,-1,True,pareto_kept_polished,,
37,23,1474,595,exact_hop,33.99999999999977,34,1.000868234427514,6,1.7727879600602494,6,1.4666040606716713,0.8272867899113144,7.643871422932261,5.797675914864943e-15,43,79,True,pareto_kept_polished,,
61,23,2255,1781,off_manifold_hop,33.99999999999966,34,1.0073370786887426,1,2.6177097609357745,7,2.20237960840739,0.841338348992551,4.242579491031758,4.249580774351988e-15,6,78,True,pareto_kept_polished,,
42,23,1619,1596,off_manifold_hop,33.49646711680725,32,1.0088117078542185,7,2.5716376460381607,6,1.8023139160508244,0.700842872955858,6.984119701833336,3.766739801580232e-14,38,79,True,frontier,,
80,23,2838,2796,wall:continuation_stalled,33.999999999999545,34,0.5034856379165523,7,3.711042018266466,14,1.5703557482231763,0.4231576307930715,7.9993811615375625,5.8384760048902285e-15,0,-1,True,frontier,,
37,23,1474,595,exact_hop,33.99999999999977,34,1.000868234427514,6,1.7727879600602494,6,1.4666040606716713,0.8272867899113144,7.643871422932261,5.797675914864943e-15,43,79,True,frontier,,
61,23,2255,1781,off_manifold_hop,33.99999999999966,34,1.0073370786887426,1,2.6177097609357745,7,2.20237960840739,0.841338348992551,4.242579491031758,4.249580774351988e-15,6,78,True,frontier,,
80,23,2838,2796,wall:continuation_stalled,33.999999999999545,34,0.5034856379165523,7,3.711042018266466,14,1.5703557482231763,0.4231576307930715,7.9993811615375625,5.8384760048902285e-15,0,-1,False,full_delete_probe,0.3533641242817459,7
42,23,1619,1596,off_manifold_hop,33.49646711680725,32,1.0088117078542185,7,2.5716376460381607,6,1.8023139160508244,0.700842872955858,6.984119701833336,3.766739801580232e-14,39,80,True,expanded:genericity,,
80,23,2838,2796,wall:continuation_stalled,33.999999999999545,34,0.5034856379165523,7,3.711042018266466,14,1.5703557482231763,0.4231576307930715,7.9993811615375625,5.8384760048902285e-15,1,80,True,expanded:deletion,,
37,23,1474,595,exact_hop,33.99999999999977,34,1.000868234427514,6,1.7727879600602494,6,1.4666040606716713,0.8272867899113144,7.643871422932261,5.797675914864943e-15,44,80,True,expanded:death,,
42,23,1619,1596,off_manifold_hop,33.49646711910134,32,1.0088117078542185,7,2.5716376455653203,6,1.8023139160508244,0.7008428730847202,6.984119701833336,3.7765954039074107e-14,39,80,True,pareto_kept_polished,,
80,23,2838,2796,wall:continuation_stalled,33.999999999999545,34,0.5034856379165523,7,3.7110420182664527,14,1.5703557482231763,0.42315763079307306,7.9993811615375625,5.70838936222299e-15,1,80,True,pareto_kept_polished,,
37,23,1474,595,exact_hop,33.99999999999977,34,1.000868234427514,6,1.772787960060249,6,1.4666040606716713,0.8272867899113147,7.643871422932261,5.349613719107047e-15,44,80,True,pareto_kept_polished,,
61,23,2255,1781,off_manifold_hop,33.99999999999966,34,1.0073370786887426,1,2.6177097609357745,7,2.20237960840739,0.841338348992551,4.242579491031758,4.249580774351988e-15,6,78,True,pareto_kept_polished,,
42,23,1619,1596,off_manifold_hop,33.49646711910134,32,1.0088117078542185,7,2.5716376455653203,6,1.8023139160508244,0.7008428730847202,6.984119701833336,3.7765954039074107e-14,39,80,True,frontier,,
80,23,2838,2796,wall:continuation_stalled,33.999999999999545,34,0.5034856379165523,7,3.7110420182664527,14,1.5703557482231763,0.42315763079307306,7.9993811615375625,5.70838936222299e-15,1,80,True,frontier,,
37,23,1474,595,exact_hop,33.99999999999977,34,1.000868234427514,6,1.772787960060249,6,1.4666040606716713,0.8272867899113147,7.643871422932261,5.349613719107047e-15,44,80,True,frontier,,
61,23,2255,1781,off_manifold_hop,33.99999999999966,34,1.0073370786887426,1,2.6177097609357745,7,2.20237960840739,0.841338348992551,4.242579491031758,4.249580774351988e-15,6,78,True,frontier,,
42,23,1619,1596,off_manifold_hop,33.49646711910134,32,1.0088117078542185,7,2.5716376455653203,6,1.8023139160508244,0.7008428730847202,6.984119701833336,3.7765954039074107e-14,40,81,True,expanded:genericity,,
80,23,2838,2796,wall:continuation_stalled,33.999999999999545,34,0.5034856379165523,7,3.7110420182664527,14,1.5703557482231763,0.42315763079307306,7.9993811615375625,5.70838936222299e-15,2,81,True,expanded:deletion,,
37,23,1474,595,exact_hop,33.99999999999977,34,1.000868234427514,6,1.772787960060249,6,1.4666040606716713,0.8272867899113147,7.643871422932261,5.349613719107047e-15,45,81,True,expanded:death,,
61,23,2255,1781,off_manifold_hop,33.99999999999966,34,1.0073370786887426,1,2.6177097609357745,7,2.20237960840739,0.841338348992551,4.242579491031758,4.249580774351988e-15,7,81,True,expanded:explore,,
42,23,1619,1596,off_manifold_hop,33.49646711680725,32,1.0088117078542185,7,2.5716376460381607,6,1.8023139160508244,0.700842872955858,6.984119701833336,3.766739801580232e-14,40,81,True,pareto_kept_polished,,
80,23,2838,2796,wall:continuation_stalled,33.99999999999943,34,0.5034856379165523,7,3.7110420182664647,14,1.5703557482231763,0.42315763079307167,7.9993811615375625,5.70838936222299e-15,2,81,True,pareto_kept_polished,,
37,23,1474,595,exact_hop,33.99999999999977,34,1.000868234427514,6,1.7727879600602525,6,1.4666040606716713,0.827286789911313,7.643871422932261,5.797675914864943e-15,45,81,True,pareto_kept_polished,,
61,23,2255,1781,off_manifold_hop,33.99999999999966,34,1.0073370786887426,1,2.6177097609357745,7,2.20237960840739,0.841338348992551,4.242579491031758,4.249580774351988e-15,7,81,True,pareto_kept_polished,,
42,23,1619,1596,off_manifold_hop,33.49646711680725,32,1.0088117078542185,7,2.5716376460381607,6,1.8023139160508244,0.700842872955858,6.984119701833336,3.766739801580232e-14,40,81,True,frontier,,
80,23,2838,2796,wall:continuation_stalled,33.99999999999943,34,0.5034856379165523,7,3.7110420182664647,14,1.5703557482231763,0.42315763079307167,7.9993811615375625,5.70838936222299e-15,2,81,True,frontier,,
37,23,1474,595,exact_hop,33.99999999999977,34,1.000868234427514,6,1.7727879600602525,6,1.4666040606716713,0.827286789911313,7.643871422932261,5.797675914864943e-15,45,81,True,frontier,,
61,23,2255,1781,off_manifold_hop,33.99999999999966,34,1.0073370786887426,1,2.6177097609357745,7,2.20237960840739,0.841338348992551,4.242579491031758,4.249580774351988e-15,7,81,True,frontier,,
80,23,2838,2796,wall:continuation_stalled,33.99999999999943,34,0.5034856379165523,7,3.7110420182664647,14,1.5703557482231763,0.42315763079307167,7.9993811615375625,5.70838936222299e-15,2,81,False,full_delete_probe,0.2957727740502229,7
42,23,1619,1596,off_manifold_hop,33.49646711680725,32,1.0088117078542185,7,2.5716376460381607,6,1.8023139160508244,0.700842872955858,6.984119701833336,3.766739801580232e-14,41,82,True,expanded:genericity,,
80,23,2838,2796,wall:continuation_stalled,33.99999999999943,34,0.5034856379165523,7,3.7110420182664647,14,1.5703557482231763,0.42315763079307167,7.9993811615375625,5.70838936222299e-15,3,82,True,expanded:deletion,,
37,23,1474,595,exact_hop,33.99999999999977,34,1.000868234427514,6,1.7727879600602525,6,1.4666040606716713,0.827286789911313,7.643871422932261,5.797675914864943e-15,46,82,True,expanded:death,,
42,23,1619,1596,off_manifold_hop,33.49646711910134,32,1.0088117078542185,7,2.5716376455653203,6,1.8023139160508244,0.7008428730847202,6.984119701833336,3.7765954039074107e-14,41,82,True,pareto_kept_polished,,
80,23,2838,2796,wall:continuation_stalled,33.99999999999943,34,0.5034856379165523,7,3.7110420182664647,14,1.5703557482231763,0.42315763079307167,7.9993811615375625,5.70838936222299e-15,3,82,True,pareto_kept_polished,,
37,23,1474,595,exact_hop,33.99999999999977,34,1.000868234427514,6,1.772787960060249,6,1.4666040606716713,0.8272867899113147,7.643871422932261,5.349613719107047e-15,46,82,True,pareto_kept_polished,,
61,23,2255,1781,off_manifold_hop,33.99999999999966,34,1.0073370786887426,1,2.6177097609357745,7,2.20237960840739,0.841338348992551,4.242579491031758,4.249580774351988e-15,7,81,True,pareto_kept_polished,,
42,23,1619,1596,off_manifold_hop,33.49646711910134,32,1.0088117078542185,7,2.5716376455653203,6,1.8023139160508244,0.7008428730847202,6.984119701833336,3.7765954039074107e-14,41,82,True,frontier,,
80,23,2838,2796,wall:continuation_stalled,33.99999999999943,34,0.5034856379165523,7,3.7110420182664647,14,1.5703557482231763,0.42315763079307167,7.9993811615375625,5.70838936222299e-15,3,82,True,frontier,,
37,23,1474,595,exact_hop,33.99999999999977,34,1.000868234427514,6,1.772787960060249,6,1.4666040606716713,0.8272867899113147,7.643871422932261,5.349613719107047e-15,46,82,True,frontier,,
61,23,2255,1781,off_manifold_hop,33.99999999999966,34,1.0073370786887426,1,2.6177097609357745,7,2.20237960840739,0.841338348992551,4.242579491031758,4.249580774351988e-15,7,81,True,frontier,,
42,23,1619,1596,off_manifold_hop,33.49646711910134,32,1.0088117078542185,7,2.5716376455653203,6,1.8023139160508244,0.7008428730847202,6.984119701833336,3.7765954039074107e-14,42,83,True,expanded:genericity,,
80,23,2838,2796,wall:continuation_stalled,33.99999999999943,34,0.5034856379165523,7,3.7110420182664647,14,1.5703557482231763,0.42315763079307167,7.9993811615375625,5.70838936222299e-15,4,83,True,expanded:deletion,,
37,23,1474,595,exact_hop,33.99999999999977,34,1.000868234427514,6,1.772787960060249,6,1.4666040606716713,0.8272867899113147,7.643871422932261,5.349613719107047e-15,47,83,True,expanded:death,,
42,23,1619,1596,off_manifold_hop,33.49646711680725,32,1.0088117078542185,7,2.5716376460381607,6,1.8023139160508244,0.700842872955858,6.984119701833336,3.766739801580232e-14,42,83,True,pareto_kept_polished,,
80,23,2838,2796,wall:continuation_stalled,33.99999999999943,34,0.5034856379165523,7,3.7110420182664647,14,1.5703557482231763,0.42315763079307167,7.9993811615375625,5.70838936222299e-15,4,83,True,pareto_kept_polished,,
37,23,1474,595,exact_hop,33.99999999999977,34,1.000868234427514,6,1.7727879600602525,6,1.4666040606716713,0.827286789911313,7.643871422932261,5.797675914864943e-15,47,83,True,pareto_kept_polished,,
61,23,2255,1781,off_manifold_hop,33.99999999999966,34,1.0073370786887426,1,2.6177097609357745,7,2.20237960840739,0.841338348992551,4.242579491031758,4.249580774351988e-15,7,81,True,pareto_kept_polished,,
42,23,1619,1596,off_manifold_hop,33.49646711680725,32,1.0088117078542185,7,2.5716376460381607,6,1.8023139160508244,0.700842872955858,6.984119701833336,3.766739801580232e-14,42,83,True,frontier,,
80,23,2838,2796,wall:continuation_stalled,33.99999999999943,34,0.5034856379165523,7,3.7110420182664647,14,1.5703557482231763,0.42315763079307167,7.9993811615375625,5.70838936222299e-15,4,83,True,frontier,,
37,23,1474,595,exact_hop,33.99999999999977,34,1.000868234427514,6,1.7727879600602525,6,1.4666040606716713,0.827286789911313,7.643871422932261,5.797675914864943e-15,47,83,True,frontier,,
61,23,2255,1781,off_manifold_hop,33.99999999999966,34,1.0073370786887426,1,2.6177097609357745,7,2.20237960840739,0.841338348992551,4.242579491031758,4.249580774351988e-15,7,81,True,frontier,,
80,23,2838,2796,wall:continuation_stalled,33.99999999999943,34,0.5034856379165523,7,3.7110420182664647,14,1.5703557482231763,0.42315763079307167,7.9993811615375625,5.70838936222299e-15,4,83,False,full_delete_probe,0.2957727740502229,7
42,23,1619,1596,off_manifold_hop,33.49646711680725,32,1.0088117078542185,7,2.5716376460381607,6,1.8023139160508244,0.700842872955858,6.984119701833336,3.766739801580232e-14,43,84,True,expanded:genericity,,
80,23,2838,2796,wall:continuation_stalled,33.99999999999943,34,0.5034856379165523,7,3.7110420182664647,14,1.5703557482231763,0.42315763079307167,7.9993811615375625,5.70838936222299e-15,5,84,True,expanded:deletion,,
37,23,1474,595,exact_hop,33.99999999999977,34,1.000868234427514,6,1.7727879600602525,6,1.4666040606716713,0.827286789911313,7.643871422932261,5.797675914864943e-15,48,84,True,expanded:death,,
61,23,2255,1781,off_manifold_hop,33.99999999999966,34,1.0073370786887426,1,2.6177097609357745,7,2.20237960840739,0.841338348992551,4.242579491031758,4.249580774351988e-15,8,84,True,expanded:explore,,
42,23,1619,1596,off_manifold_hop,33.49646711910134,32,1.0088117078542185,7,2.5716376455653203,6,1.8023139160508244,0.7008428730847202,6.984119701833336,3.7765954039074107e-14,43,84,True,pareto_kept_polished,,
80,23,2838,2796,wall:continuation_stalled,33.99999999999943,34,0.5034856379165523,7,3.7110420182664647,14,1.5703557482231763,0.42315763079307167,7.9993811615375625,5.70838936222299e-15,5,84,True,pareto_kept_polished,,
37,23,1474,595,exact_hop,33.99999999999977,34,1.000868234427514,6,1.772787960060249,6,1.4666040606716713,0.8272867899113147,7.643871422932261,5.349613719107047e-15,48,84,True,pareto_kept_polished,,
61,23,2255,1781,off_manifold_hop,33.99999999999966,34,1.0073370786887426,1,2.6177097609357745,7,2.20237960840739,0.841338348992551,4.242579491031758,4.249580774351988e-15,8,84,True,pareto_kept_polished,,
42,23,1619,1596,off_manifold_hop,33.49646711910134,32,1.0088117078542185,7,2.5716376455653203,6,1.8023139160508244,0.7008428730847202,6.984119701833336,3.7765954039074107e-14,43,84,True,frontier,,
80,23,2838,2796,wall:continuation_stalled,33.99999999999943,34,0.5034856379165523,7,3.7110420182664647,14,1.5703557482231763,0.42315763079307167,7.9993811615375625,5.70838936222299e-15,5,84,True,frontier,,
37,23,1474,595,exact_hop,33.99999999999977,34,1.000868234427514,6,1.772787960060249,6,1.4666040606716713,0.8272867899113147,7.643871422932261,5.349613719107047e-15,48,84,True,frontier,,
61,23,2255,1781,off_manifold_hop,33.99999999999966,34,1.0073370786887426,1,2.6177097609357745,7,2.20237960840739,0.841338348992551,4.242579491031758,4.249580774351988e-15,8,84,True,frontier,,
42,23,1619,1596,off_manifold_hop,33.49646711910134,32,1.0088117078542185,7,2.5716376455653203,6,1.8023139160508244,0.7008428730847202,6.984119701833336,3.7765954039074107e-14,44,85,True,expanded:genericity,,
80,23,2838,2796,wall:continuation_stalled,33.99999999999943,34,0.5034856379165523,7,3.7110420182664647,14,1.5703557482231763,0.42315763079307167,7.9993811615375625,5.70838936222299e-15,6,85,True,expanded:deletion,,
37,23,1474,595,exact_hop,33.99999999999977,34,1.000868234427514,6,1.772787960060249,6,1.4666040606716713,0.8272867899113147,7.643871422932261,5.349613719107047e-15,49,85,True,expanded:death,,
42,23,1619,1596,off_manifold_hop,33.49646711680725,32,1.0088117078542185,7,2.5716376460381607,6,1.8023139160508244,0.700842872955858,6.984119701833336,3.766739801580232e-14,44,85,True,pareto_kept_polished,,
80,23,2838,2796,wall:continuation_stalled,33.99999999999943,34,0.5034856379165523,7,3.7110420182664647,14,1.5703557482231763,0.42315763079307167,7.9993811615375625,5.70838936222299e-15,6,85,True,pareto_kept_polished,,
37,23,1474,595,exact_hop,33.99999999999977,34,1.000868234427514,6,1.7727879600602525,6,1.4666040606716713,0.827286789911313,7.643871422932261,5.797675914864943e-15,49,85,True,pareto_kept_polished,,
61,23,2255,1781,off_manifold_hop,33.99999999999966,34,1.0073370786887426,1,2.6177097609357745,7,2.20237960840739,0.841338348992551,4.242579491031758,4.249580774351988e-15,8,84,True,pareto_kept_polished,,
42,23,1619,1596,off_manifold_hop,33.49646711680725,32,1.0088117078542185,7,2.5716376460381607,6,1.8023139160508244,0.700842872955858,6.984119701833336,3.766739801580232e-14,44,85,True,frontier,,
80,23,2838,2796,wall:continuation_stalled,33.99999999999943,34,0.5034856379165523,7,3.7110420182664647,14,1.5703557482231763,0.42315763079307167,7.9993811615375625,5.70838936222299e-15,6,85,True,frontier,,
37,23,1474,595,exact_hop,33.99999999999977,34,1.000868234427514,6,1.7727879600602525,6,1.4666040606716713,0.827286789911313,7.643871422932261,5.797675914864943e-15,49,85,True,frontier,,
61,23,2255,1781,off_manifold_hop,33.99999999999966,34,1.0073370786887426,1,2.6177097609357745,7,2.20237960840739,0.841338348992551,4.242579491031758,4.249580774351988e-15,8,84,True,frontier,,
80,23,2838,2796,wall:continuation_stalled,33.99999999999943,34,0.5034856379165523,7,3.7110420182664647,14,1.5703557482231763,0.42315763079307167,7.9993811615375625,5.70838936222299e-15,6,85,False,full_delete_probe,0.2957727740502229,7
42,23,1619,1596,off_manifold_hop,33.49646711680725,32,1.0088117078542185,7,2.5716376460381607,6,1.8023139160508244,0.700842872955858,6.984119701833336,3.766739801580232e-14,45,86,True,expanded:genericity,,
80,23,2838,2796,wall:continuation_stalled,33.99999999999943,34,0.5034856379165523,7,3.7110420182664647,14,1.5703557482231763,0.42315763079307167,7.9993811615375625,5.70838936222299e-15,7,86,True,expanded:deletion,,
37,23,1474,595,exact_hop,33.99999999999977,34,1.000868234427514,6,1.7727879600602525,6,1.4666040606716713,0.827286789911313,7.643871422932261,5.797675914864943e-15,50,86,True,expanded:death,,
42,23,1619,1596,off_manifold_hop,33.49646711910134,32,1.0088117078542185,7,2.5716376455653203,6,1.8023139160508244,0.7008428730847202,6.984119701833336,3.7765954039074107e-14,45,86,True,pareto_kept_polished,,
80,23,2838,2796,wall:continuation_stalled,33.99999999999943,34,0.5034856379165523,7,3.7110420182664647,14,1.5703557482231763,0.42315763079307167,7.9993811615375625,5.70838936222299e-15,7,86,True,pareto_kept_polished,,
37,23,1474,595,exact_hop,33.99999999999977,34,1.000868234427514,6,1.772787960060249,6,1.4666040606716713,0.8272867899113147,7.643871422932261,5.349613719107047e-15,50,86,True,pareto_kept_polished,,
61,23,2255,1781,off_manifold_hop,33.99999999999966,34,1.0073370786887426,1,2.6177097609357745,7,2.20237960840739,0.841338348992551,4.242579491031758,4.249580774351988e-15,8,84,True,pareto_kept_polished,,
42,23,1619,1596,off_manifold_hop,33.49646711910134,32,1.0088117078542185,7,2.5716376455653203,6,1.8023139160508244,0.7008428730847202,6.984119701833336,3.7765954039074107e-14,45,86,True,frontier,,
80,23,2838,2796,wall:continuation_stalled,33.99999999999943,34,0.5034856379165523,7,3.7110420182664647,14,1.5703557482231763,0.42315763079307167,7.9993811615375625,5.70838936222299e-15,7,86,True,frontier,,
37,23,1474,595,exact_hop,33.99999999999977,34,1.000868234427514,6,1.772787960060249,6,1.4666040606716713,0.8272867899113147,7.643871422932261,5.349613719107047e-15,50,86,True,frontier,,
61,23,2255,1781,off_manifold_hop,33.99999999999966,34,1.0073370786887426,1,2.6177097609357745,7,2.20237960840739,0.841338348992551,4.242579491031758,4.249580774351988e-15,8,84,True,frontier,,
42,23,1619,1596,off_manifold_hop,33.49646711910134,32,1.0088117078542185,7,2.5716376455653203,6,1.8023139160508244,0.7008428730847202,6.984119701833336,3.7765954039074107e-14,46,87,True,expanded:genericity,,
80,23,2838,2796,wall:continuation_stalled,33.99999999999943,34,0.5034856379165523,7,3.7110420182664647,14,1.5703557482231763,0.42315763079307167,7.9993811615375625,5.70838936222299e-15,8,87,True,expanded:deletion,,
37,23,1474,595,exact_hop,33.99999999999977,34,1.000868234427514,6,1.772787960060249,6,1.4666040606716713,0.8272867899113147,7.643871422932261,5.349613719107047e-15,51,87,True,expanded:death,,
61,23,2255,1781,off_manifold_hop,33.99999999999966,34,1.0073370786887426,1,2.6177097609357745,7,2.20237960840739,0.841338348992551,4.242579491031758,4.249580774351988e-15,9,87,True,expanded:explore,,
42,23,1619,1596,off_manifold_hop,33.49646711680725,32,1.0088117078542185,7,2.5716376460381607,6,1.8023139160508244,0.700842872955858,6.984119701833336,3.766739801580232e-14,46,87,True,pareto_kept_polished,,
80,23,2838,2796,wall:continuation_stalled,33.99999999999943,34,0.5034856379165523,7,3.7110420182664647,14,1.5703557482231763,0.42315763079307167,7.9993811615375625,5.70838936222299e-15,8,87,True,pareto_kept_polished,,
37,23,1474,595,exact_hop,33.99999999999977,34,1.000868234427514,6,1.7727879600602525,6,1.4666040606716713,0.827286789911313,7.643871422932261,5.797675914864943e-15,51,87,True,pareto_kept_polished,,
61,23,2255,1781,off_manifold_hop,33.99999999999966,34,1.0073370786887426,1,2.6177097609357745,7,2.20237960840739,0.841338348992551,4.242579491031758,4.249580774351988e-15,9,87,True,pareto_kept_polished,,
42,23,1619,1596,off_manifold_hop,33.49646711680725,32,1.0088117078542185,7,2.5716376460381607,6,1.8023139160508244,0.700842872955858,6.984119701833336,3.766739801580232e-14,46,87,True,frontier,,
80,23,2838,2796,wall:continuation_stalled,33.99999999999943,34,0.5034856379165523,7,3.7110420182664647,14,1.5703557482231763,0.42315763079307167,7.9993811615375625,5.70838936222299e-15,8,87,True,frontier,,
37,23,1474,595,exact_hop,33.99999999999977,34,1.000868234427514,6,1.7727879600602525,6,1.4666040606716713,0.827286789911313,7.643871422932261,5.797675914864943e-15,51,87,True,frontier,,
61,23,2255,1781,off_manifold_hop,33.99999999999966,34,1.0073370786887426,1,2.6177097609357745,7,2.20237960840739,0.841338348992551,4.242579491031758,4.249580774351988e-15,9,87,True,frontier,,
80,23,2838,2796,wall:continuation_stalled,33.99999999999943,34,0.5034856379165523,7,3.7110420182664647,14,1.5703557482231763,0.42315763079307167,7.9993811615375625,5.70838936222299e-15,8,87,False,full_delete_probe,0.2957727740502229,7
42,23,1619,1596,off_manifold_hop,33.49646711680725,32,1.0088117078542185,7,2.5716376460381607,6,1.8023139160508244,0.700842872955858,6.984119701833336,3.766739801580232e-14,47,88,True,expanded:genericity,,
80,23,2838,2796,wall:continuation_stalled,33.99999999999943,34,0.5034856379165523,7,3.7110420182664647,14,1.5703557482231763,0.42315763079307167,7.9993811615375625,5.70838936222299e-15,9,88,True,expanded:deletion,,
37,23,1474,595,exact_hop,33.99999999999977,34,1.000868234427514,6,1.7727879600602525,6,1.4666040606716713,0.827286789911313,7.643871422932261,5.797675914864943e-15,52,88,True,expanded:death,,
42,23,1619,1596,off_manifold_hop,33.49646711910134,32,1.0088117078542185,7,2.5716376455653203,6,1.8023139160508244,0.7008428730847202,6.984119701833336,3.7765954039074107e-14,47,88,True,pareto_kept_polished,,
80,23,2838,2796,wall:continuation_stalled,33.99999999999943,34,0.5034856379165523,7,3.7110420182664647,14,1.5703557482231763,0.42315763079307167,7.9993811615375625,5.70838936222299e-15,9,88,True,pareto_kept_polished,,
37,23,1474,595,exact_hop,33.99999999999977,34,1.000868234427514,6,1.772787960060249,6,1.4666040606716713,0.8272867899113147,7.643871422932261,5.349613719107047e-15,52,88,True,pareto_kept_polished,,
61,23,2255,1781,off_manifold_hop,33.99999999999966,34,1.0073370786887426,1,2.6177097609357745,7,2.20237960840739,0.841338348992551,4.242579491031758,4.249580774351988e-15,9,87,True,pareto_kept_polished,,
42,23,1619,1596,off_manifold_hop,33.49646711910134,32,1.0088117078542185,7,2.5716376455653203,6,1.8023139160508244,0.7008428730847202,6.984119701833336,3.7765954039074107e-14,47,88,True,frontier,,
80,23,2838,2796,wall:continuation_stalled,33.99999999999943,34,0.5034856379165523,7,3.7110420182664647,14,1.5703557482231763,0.42315763079307167,7.9993811615375625,5.70838936222299e-15,9,88,True,frontier,,
37,23,1474,595,exact_hop,33.99999999999977,34,1.000868234427514,6,1.772787960060249,6,1.4666040606716713,0.8272867899113147,7.643871422932261,5.349613719107047e-15,52,88,True,frontier,,
61,23,2255,1781,off_manifold_hop,33.99999999999966,34,1.0073370786887426,1,2.6177097609357745,7,2.20237960840739,0.841338348992551,4.242579491031758,4.249580774351988e-15,9,87,True,frontier,,
42,23,1619,1596,off_manifold_hop,33.49646711910134,32,1.0088117078542185,7,2.5716376455653203,6,1.8023139160508244,0.7008428730847202,6.984119701833336,3.7765954039074107e-14,48,89,True,expanded:genericity,,
80,23,2838,2796,wall:continuation_stalled,33.99999999999943,34,0.5034856379165523,7,3.7110420182664647,14,1.5703557482231763,0.42315763079307167,7.9993811615375625,5.70838936222299e-15,10,89,True,expanded:deletion,,
37,23,1474,595,exact_hop,33.99999999999977,34,1.000868234427514,6,1.772787960060249,6,1.4666040606716713,0.8272867899113147,7.643871422932261,5.349613719107047e-15,53,89,True,expanded:death,,
42,23,1619,1596,off_manifold_hop,33.49646711680725,32,1.0088117078542185,7,2.5716376460381607,6,1.8023139160508244,0.700842872955858,6.984119701833336,3.766739801580232e-14,48,89,True,pareto_kept_polished,,
80,23,2838,2796,wall:continuation_stalled,33.99999999999943,34,0.5034856379165523,7,3.7110420182664647,14,1.5703557482231763,0.42315763079307167,7.9993811615375625,5.70838936222299e-15,10,89,True,pareto_kept_polished,,
37,23,1474,595,exact_hop,33.99999999999977,34,1.000868234427514,6,1.7727879600602525,6,1.4666040606716713,0.827286789911313,7.643871422932261,5.797675914864943e-15,53,89,True,pareto_kept_polished,,
61,23,2255,1781,off_manifold_hop,33.99999999999966,34,1.0073370786887426,1,2.6177097609357745,7,2.20237960840739,0.841338348992551,4.242579491031758,4.249580774351988e-15,9,87,True,pareto_kept_polished,,
42,23,1619,1596,off_manifold_hop,33.49646711680725,32,1.0088117078542185,7,2.5716376460381607,6,1.8023139160508244,0.700842872955858,6.984119701833336,3.766739801580232e-14,48,89,True,frontier,,
80,23,2838,2796,wall:continuation_stalled,33.99999999999943,34,0.5034856379165523,7,3.7110420182664647,14,1.5703557482231763,0.42315763079307167,7.9993811615375625,5.70838936222299e-15,10,89,True,frontier,,
37,23,1474,595,exact_hop,33.99999999999977,34,1.000868234427514,6,1.7727879600602525,6,1.4666040606716713,0.827286789911313,7.643871422932261,5.797675914864943e-15,53,89,True,frontier,,
61,23,2255,1781,off_manifold_hop,33.99999999999966,34,1.0073370786887426,1,2.6177097609357745,7,2.20237960840739,0.841338348992551,4.242579491031758,4.249580774351988e-15,9,87,True,frontier,,
80,23,2838,2796,wall:continuation_stalled,33.99999999999943,34,0.5034856379165523,7,3.7110420182664647,14,1.5703557482231763,0.42315763079307167,7.9993811615375625,5.70838936222299e-15,10,89,False,full_delete_probe,0.2957727740502229,7
42,23,1619,1596,off_manifold_hop,33.49646711680725,32,1.0088117078542185,7,2.5716376460381607,6,1.8023139160508244,0.700842872955858,6.984119701833336,3.766739801580232e-14,49,90,True,expanded:genericity,,
80,23,2838,2796,wall:continuation_stalled,33.99999999999943,34,0.5034856379165523,7,3.7110420182664647,14,1.5703557482231763,0.42315763079307167,7.9993811615375625,5.70838936222299e-15,11,90,True,expanded:deletion,,
37,23,1474,595,exact_hop,33.99999999999977,34,1.000868234427514,6,1.7727879600602525,6,1.4666040606716713,0.827286789911313,7.643871422932261,5.797675914864943e-15,54,90,True,expanded:death,,
61,23,2255,1781,off_manifold_hop,33.99999999999966,34,1.0073370786887426,1,2.6177097609357745,7,2.20237960840739,0.841338348992551,4.242579491031758,4.249580774351988e-15,10,90,True,expanded:explore,,
42,23,1619,1596,off_manifold_hop,33.49646711910134,32,1.0088117078542185,7,2.5716376455653203,6,1.8023139160508244,0.7008428730847202,6.984119701833336,3.7765954039074107e-14,49,90,True,pareto_kept_polished,,
80,23,2838,2796,wall:continuation_stalled,33.99999999999943,34,0.5034856379165523,7,3.7110420182664647,14,1.5703557482231763,0.42315763079307167,7.9993811615375625,5.70838936222299e-15,11,90,True,pareto_kept_polished,,
37,23,1474,595,exact_hop,33.99999999999977,34,1.000868234427514,6,1.772787960060249,6,1.4666040606716713,0.8272867899113147,7.643871422932261,5.349613719107047e-15,54,90,True,pareto_kept_polished,,
61,23,2255,1781,off_manifold_hop,33.99999999999966,34,1.0073370786887426,1,2.6177097609357745,7,2.20237960840739,0.841338348992551,4.242579491031758,4.249580774351988e-15,10,90,True,pareto_kept_polished,,
42,23,1619,1596,off_manifold_hop,33.49646711910134,32,1.0088117078542185,7,2.5716376455653203,6,1.8023139160508244,0.7008428730847202,6.984119701833336,3.7765954039074107e-14,49,90,True,frontier,,
80,23,2838,2796,wall:continuation_stalled,33.99999999999943,34,0.5034856379165523,7,3.7110420182664647,14,1.5703557482231763,0.42315763079307167,7.9993811615375625,5.70838936222299e-15,11,90,True,frontier,,
37,23,1474,595,exact_hop,33.99999999999977,34,1.000868234427514,6,1.772787960060249,6,1.4666040606716713,0.8272867899113147,7.643871422932261,5.349613719107047e-15,54,90,True,frontier,,
61,23,2255,1781,off_manifold_hop,33.99999999999966,34,1.0073370786887426,1,2.6177097609357745,7,2.20237960840739,0.841338348992551,4.242579491031758,4.249580774351988e-15,10,90,True,frontier,,
42,23,1619,1596,off_manifold_hop,33.49646711910134,32,1.0088117078542185,7,2.5716376455653203,6,1.8023139160508244,0.7008428730847202,6.984119701833336,3.7765954039074107e-14,50,91,True,expanded:genericity,,
80,23,2838,2796,wall:continuation_stalled,33.99999999999943,34,0.5034856379165523,7,3.7110420182664647,14,1.5703557482231763,0.42315763079307167,7.9993811615375625,5.70838936222299e-15,12,91,True,expanded:deletion,,
37,23,1474,595,exact_hop,33.99999999999977,34,1.000868234427514,6,1.772787960060249,6,1.4666040606716713,0.8272867899113147,7.643871422932261,5.349613719107047e-15,55,91,True,expanded:death,,
42,23,1619,1596,off_manifold_hop,33.49646711680725,32,1.0088117078542185,7,2.5716376460381607,6,1.8023139160508244,0.700842872955858,6.984119701833336,3.766739801580232e-14,50,91,True,pareto_kept_polished,,
92,23,3210,2838,off_manifold_hop,33.999999999999545,34,0.488878707442645,7,3.274356627532215,14,2.0038378830462844,0.6119791186449098,7.855731733943027,5.237251287904004e-15,0,-1,True,pareto_kept_polished,,
37,23,1474,595,exact_hop,33.99999999999977,34,1.000868234427514,6,1.7727879600602525,6,1.4666040606716713,0.827286789911313,7.643871422932261,5.797675914864943e-15,55,91,True,pareto_kept_polished,,
61,23,2255,1781,off_manifold_hop,33.99999999999966,34,1.0073370786887426,1,2.6177097609357745,7,2.20237960840739,0.841338348992551,4.242579491031758,4.249580774351988e-15,10,90,True,pareto_kept_polished,,
42,23,1619,1596,off_manifold_hop,33.49646711680725,32,1.0088117078542185,7,2.5716376460381607,6,1.8023139160508244,0.700842872955858,6.984119701833336,3.766739801580232e-14,50,91,True,frontier,,
92,23,3210,2838,off_manifold_hop,33.999999999999545,34,0.488878707442645,7,3.274356627532215,14,2.0038378830462844,0.6119791186449098,7.855731733943027,5.237251287904004e-15,0,-1,True,frontier,,
37,23,1474,595,exact_hop,33.99999999999977,34,1.000868234427514,6,1.7727879600602525,6,1.4666040606716713,0.827286789911313,7.643871422932261,5.797675914864943e-15,55,91,True,frontier,,
61,23,2255,1781,off_manifold_hop,33.99999999999966,34,1.0073370786887426,1,2.6177097609357745,7,2.20237960840739,0.841338348992551,4.242579491031758,4.249580774351988e-15,10,90,True,frontier,,
92,23,3210,2838,off_manifold_hop,33.999999999999545,34,0.488878707442645,7,3.274356627532215,14,2.0038378830462844,0.6119791186449098,7.855731733943027,5.237251287904004e-15,0,-1,False,full_delete_probe,0.3655235994892589,7
42,23,1619,1596,off_manifold_hop,33.49646711680725,32,1.0088117078542185,7,2.5716376460381607,6,1.8023139160508244,0.700842872955858,6.984119701833336,3.766739801580232e-14,51,92,True,expanded:genericity,,
92,23,3210,2838,off_manifold_hop,33.999999999999545,34,0.488878707442645,7,3.274356627532215,14,2.0038378830462844,0.6119791186449098,7.855731733943027,5.237251287904004e-15,1,92,True,expanded:deletion,,
37,23,1474,595,exact_hop,33.99999999999977,34,1.000868234427514,6,1.7727879600602525,6,1.4666040606716713,0.827286789911313,7.643871422932261,5.797675914864943e-15,56,92,True,expanded:death,,
42,23,1619,1596,off_manifold_hop,33.49646711910134,32,1.0088117078542185,7,2.5716376455653203,6,1.8023139160508244,0.7008428730847202,6.984119701833336,3.7765954039074107e-14,51,92,True,pareto_kept_polished,,
92,23,3210,2838,off_manifold_hop,33.999999999999545,34,0.488878707442645,7,3.2743566275322356,14,2.0038378830462844,0.6119791186449061,7.855731733943027,5.2235270662991904e-15,1,92,True,pareto_kept_polished,,
37,23,1474,595,exact_hop,33.99999999999977,34,1.000868234427514,6,1.772787960060249,6,1.4666040606716713,0.8272867899113147,7.643871422932261,5.349613719107047e-15,56,92,True,pareto_kept_polished,,
61,23,2255,1781,off_manifold_hop,33.99999999999966,34,1.0073370786887426,1,2.6177097609357745,7,2.20237960840739,0.841338348992551,4.242579491031758,4.249580774351988e-15,10,90,True,pareto_kept_polished,,
42,23,1619,1596,off_manifold_hop,33.49646711910134,32,1.0088117078542185,7,2.5716376455653203,6,1.8023139160508244,0.7008428730847202,6.984119701833336,3.7765954039074107e-14,51,92,True,frontier,,
92,23,3210,2838,off_manifold_hop,33.999999999999545,34,0.488878707442645,7,3.2743566275322356,14,2.0038378830462844,0.6119791186449061,7.855731733943027,5.2235270662991904e-15,1,92,True,frontier,,
37,23,1474,595,exact_hop,33.99999999999977,34,1.000868234427514,6,1.772787960060249,6,1.4666040606716713,0.8272867899113147,7.643871422932261,5.349613719107047e-15,56,92,True,frontier,,
61,23,2255,1781,off_manifold_hop,33.99999999999966,34,1.0073370786887426,1,2.6177097609357745,7,2.20237960840739,0.841338348992551,4.242579491031758,4.249580774351988e-15,10,90,True,frontier,,
42,23,1619,1596,off_manifold_hop,33.49646711910134,32,1.0088117078542185,7,2.5716376455653203,6,1.8023139160508244,0.7008428730847202,6.984119701833336,3.7765954039074107e-14,52,93,True,expanded:genericity,,
92,23,3210,2838,off_manifold_hop,33.999999999999545,34,0.488878707442645,7,3.2743566275322356,14,2.0038378830462844,0.6119791186449061,7.855731733943027,5.2235270662991904e-15,2,93,True,expanded:deletion,,
37,23,1474,595,exact_hop,33.99999999999977,34,1.000868234427514,6,1.772787960060249,6,1.4666040606716713,0.8272867899113147,7.643871422932261,5.349613719107047e-15,57,93,True,expanded:death,,
61,23,2255,1781,off_manifold_hop,33.99999999999966,34,1.0073370786887426,1,2.6177097609357745,7,2.20237960840739,0.841338348992551,4.242579491031758,4.249580774351988e-15,11,93,True,expanded:explore,,
42,23,1619,1596,off_manifold_hop,33.49646711680725,32,1.0088117078542185,7,2.5716376460381607,6,1.8023139160508244,0.700842872955858,6.984119701833336,3.766739801580232e-14,52,93,True,pareto_kept_polished,,
92,23,3210,2838,off_manifold_hop,33.99999999999943,34,0.488878707442645,7,3.274356627532227,14,2.0038378830462844,0.6119791186449076,7.855731733943027,5.251039355913391e-15,2,93,True,pareto_kept_polished,,
37,23,1474,595,exact_hop,33.99999999999977,34,1.000868234427514,6,1.7727879600602525,6,1.4666040606716713,0.827286789911313,7.643871422932261,5.797675914864943e-15,57,93,True,pareto_kept_polished,,
61,23,2255,1781,off_manifold_hop,33.99999999999966,34,1.0073370786887426,1,2.6177097609357745,7,2.20237960840739,0.841338348992551,4.242579491031758,4.249580774351988e-15,11,93,True,pareto_kept_polished,,
42,23,1619,1596,off_manifold_hop,33.49646711680725,32,1.0088117078542185,7,2.5716376460381607,6,1.8023139160508244,0.700842872955858,6.984119701833336,3.766739801580232e-14,52,93,True,frontier,,
92,23,3210,2838,off_manifold_hop,33.99999999999943,34,0.488878707442645,7,3.274356627532227,14,2.0038378830462844,0.6119791186449076,7.855731733943027,5.251039355913391e-15,2,93,True,frontier,,
37,23,1474,595,exact_hop,33.99999999999977,34,1.000868234427514,6,1.7727879600602525,6,1.4666040606716713,0.827286789911313,7.643871422932261,5.797675914864943e-15,57,93,True,frontier,,
61,23,2255,1781,off_manifold_hop,33.99999999999966,34,1.0073370786887426,1,2.6177097609357745,7,2.20237960840739,0.841338348992551,4.242579491031758,4.249580774351988e-15,11,93,True,frontier,,
92,23,3210,2838,off_manifold_hop,33.99999999999943,34,0.488878707442645,7,3.274356627532227,14,2.0038378830462844,0.6119791186449076,7.855731733943027,5.251039355913391e-15,2,93,False,full_delete_probe,0.3103502687748349,7
42,23,1619,1596,off_manifold_hop,33.49646711680725,32,1.0088117078542185,7,2.5716376460381607,6,1.8023139160508244,0.700842872955858,6.984119701833336,3.766739801580232e-14,53,94,True,expanded:genericity,,
92,23,3210,2838,off_manifold_hop,33.99999999999943,34,0.488878707442645,7,3.274356627532227,14,2.0038378830462844,0.6119791186449076,7.855731733943027,5.251039355913391e-15,3,94,True,expanded:deletion,,
37,23,1474,595,exact_hop,33.99999999999977,34,1.000868234427514,6,1.7727879600602525,6,1.4666040606716713,0.827286789911313,7.643871422932261,5.797675914864943e-15,58,94,True,expanded:death,,
42,23,1619,1596,off_manifold_hop,33.49646711910134,32,1.0088117078542185,7,2.5716376455653203,6,1.8023139160508244,0.7008428730847202,6.984119701833336,3.7765954039074107e-14,53,94,True,pareto_kept_polished,,
92,23,3210,2838,off_manifold_hop,33.999999999999545,34,0.488878707442645,7,3.274356627532224,14,2.0038378830462844,0.6119791186449082,7.855731733943027,5.2390448467895435e-15,3,94,True,pareto_kept_polished,,
37,23,1474,595,exact_hop,33.99999999999977,34,1.000868234427514,6,1.772787960060249,6,1.4666040606716713,0.8272867899113147,7.643871422932261,5.349613719107047e-15,58,94,True,pareto_kept_polished,,
61,23,2255,1781,off_manifold_hop,33.99999999999966,34,1.0073370786887426,1,2.6177097609357745,7,2.20237960840739,0.841338348992551,4.242579491031758,4.249580774351988e-15,11,93,True,pareto_kept_polished,,
42,23,1619,1596,off_manifold_hop,33.49646711910134,32,1.0088117078542185,7,2.5716376455653203,6,1.8023139160508244,0.7008428730847202,6.984119701833336,3.7765954039074107e-14,53,94,True,frontier,,
92,23,3210,2838,off_manifold_hop,33.999999999999545,34,0.488878707442645,7,3.274356627532224,14,2.0038378830462844,0.6119791186449082,7.855731733943027,5.2390448467895435e-15,3,94,True,frontier,,
37,23,1474,595,exact_hop,33.99999999999977,34,1.000868234427514,6,1.772787960060249,6,1.4666040606716713,0.8272867899113147,7.643871422932261,5.349613719107047e-15,58,94,True,frontier,,
61,23,2255,1781,off_manifold_hop,33.99999999999966,34,1.0073370786887426,1,2.6177097609357745,7,2.20237960840739,0.841338348992551,4.242579491031758,4.249580774351988e-15,11,93,True,frontier,,
42,23,1619,1596,off_manifold_hop,33.49646711910134,32,1.0088117078542185,7,2.5716376455653203,6,1.8023139160508244,0.7008428730847202,6.984119701833336,3.7765954039074107e-14,54,95,True,expanded:genericity,,
92,23,3210,2838,off_manifold_hop,33.999999999999545,34,0.488878707442645,7,3.274356627532224,14,2.0038378830462844,0.6119791186449082,7.855731733943027,5.2390448467895435e-15,4,95,True,expanded:deletion,,
37,23,1474,595,exact_hop,33.99999999999977,34,1.000868234427514,6,1.772787960060249,6,1.4666040606716713,0.8272867899113147,7.643871422932261,5.349613719107047e-15,59,95,True,expanded:death,,
42,23,1619,1596,off_manifold_hop,33.49646711680725,32,1.0088117078542185,7,2.5716376460381607,6,1.8023139160508244,0.700842872955858,6.984119701833336,3.766739801580232e-14,54,95,True,pareto_kept_polished,,
92,23,3210,2838,off_manifold_hop,33.999999999999545,34,0.488878707442645,7,3.274356627532229,14,2.0038378830462844,0.6119791186449073,7.855731733943027,5.264434062663134e-15,4,95,True,pareto_kept_polished,,
37,23,1474,595,exact_hop,33.99999999999977,34,1.000868234427514,6,1.7727879600602525,6,1.4666040606716713,0.827286789911313,7.643871422932261,5.797675914864943e-15,59,95,True,pareto_kept_polished,,
61,23,2255,1781,off_manifold_hop,33.99999999999966,34,1.0073370786887426,1,2.6177097609357745,7,2.20237960840739,0.841338348992551,4.242579491031758,4.249580774351988e-15,11,93,True,pareto_kept_polished,,
42,23,1619,1596,off_manifold_hop,33.49646711680725,32,1.0088117078542185,7,2.5716376460381607,6,1.8023139160508244,0.700842872955858,6.984119701833336,3.766739801580232e-14,54,95,True,frontier,,
92,23,3210,2838,off_manifold_hop,33.999999999999545,34,0.488878707442645,7,3.274356627532229,14,2.0038378830462844,0.6119791186449073,7.855731733943027,5.264434062663134e-15,4,95,True,frontier,,
37,23,1474,595,exact_hop,33.99999999999977,34,1.000868234427514,6,1.7727879600602525,6,1.4666040606716713,0.827286789911313,7.643871422932261,5.797675914864943e-15,59,95,True,frontier,,
61,23,2255,1781,off_manifold_hop,33.99999999999966,34,1.0073370786887426,1,2.6177097609357745,7,2.20237960840739,0.841338348992551,4.242579491031758,4.249580774351988e-15,11,93,True,frontier,,
92,23,3210,2838,off_manifold_hop,33.999999999999545,34,0.488878707442645,7,3.274356627532229,14,2.0038378830462844,0.6119791186449073,7.855731733943027,5.264434062663134e-15,4,95,False,full_delete_probe,0.3269039134536091,7
42,23,1619,1596,off_manifold_hop,33.49646711680725,32,1.0088117078542185,7,2.5716376460381607,6,1.8023139160508244,0.700842872955858,6.984119701833336,3.766739801580232e-14,55,96,True,expanded:genericity,,
92,23,3210,2838,off_manifold_hop,33.999999999999545,34,0.488878707442645,7,3.274356627532229,14,2.0038378830462844,0.6119791186449073,7.855731733943027,5.264434062663134e-15,5,96,True,expanded:deletion,,
37,23,1474,595,exact_hop,33.99999999999977,34,1.000868234427514,6,1.7727879600602525,6,1.4666040606716713,0.827286789911313,7.643871422932261,5.797675914864943e-15,60,96,True,expanded:death,,
61,23,2255,1781,off_manifold_hop,33.99999999999966,34,1.0073370786887426,1,2.6177097609357745,7,2.20237960840739,0.841338348992551,4.242579491031758,4.249580774351988e-15,12,96,True,expanded:explore,,
42,23,1619,1596,off_manifold_hop,33.49646711910134,32,1.0088117078542185,7,2.5716376455653203,6,1.8023139160508244,0.7008428730847202,6.984119701833336,3.7765954039074107e-14,55,96,True,pareto_kept_polished,,
92,23,3210,2838,off_manifold_hop,33.99999999999943,34,0.488878707442645,7,3.274356627532227,14,2.0038378830462844,0.6119791186449076,7.855731733943027,5.2489374509413676e-15,5,96,True,pareto_kept_polished,,
37,23,1474,595,exact_hop,33.99999999999977,34,1.000868234427514,6,1.772787960060249,6,1.4666040606716713,0.8272867899113147,7.643871422932261,5.349613719107047e-15,60,96,True,pareto_kept_polished,,
61,23,2255,1781,off_manifold_hop,33.99999999999966,34,1.0073370786887426,1,2.6177097609357745,7,2.20237960840739,0.841338348992551,4.242579491031758,4.249580774351988e-15,12,96,True,pareto_kept_polished,,
42,23,1619,1596,off_manifold_hop,33.49646711910134,32,1.0088117078542185,7,2.5716376455653203,6,1.8023139160508244,0.7008428730847202,6.984119701833336,3.7765954039074107e-14,55,96,True,frontier,,
92,23,3210,2838,off_manifold_hop,33.99999999999943,34,0.488878707442645,7,3.274356627532227,14,2.0038378830462844,0.6119791186449076,7.855731733943027,5.2489374509413676e-15,5,96,True,frontier,,
37,23,1474,595,exact_hop,33.99999999999977,34,1.000868234427514,6,1.772787960060249,6,1.4666040606716713,0.8272867899113147,7.643871422932261,5.349613719107047e-15,60,96,True,frontier,,
61,23,2255,1781,off_manifold_hop,33.99999999999966,34,1.0073370786887426,1,2.6177097609357745,7,2.20237960840739,0.841338348992551,4.242579491031758,4.249580774351988e-15,12,96,True,frontier,,
42,23,1619,1596,off_manifold_hop,33.49646711910134,32,1.0088117078542185,7,2.5716376455653203,6,1.8023139160508244,0.7008428730847202,6.984119701833336,3.7765954039074107e-14,56,97,True,expanded:genericity,,
92,23,3210,2838,off_manifold_hop,33.99999999999943,34,0.488878707442645,7,3.274356627532227,14,2.0038378830462844,0.6119791186449076,7.855731733943027,5.2489374509413676e-15,6,97,True,expanded:deletion,,
37,23,1474,595,exact_hop,33.99999999999977,34,1.000868234427514,6,1.772787960060249,6,1.4666040606716713,0.8272867899113147,7.643871422932261,5.349613719107047e-15,61,97,True,expanded:death,,
42,23,1619,1596,off_manifold_hop,33.49646711680725,32,1.0088117078542185,7,2.5716376460381607,6,1.8023139160508244,0.700842872955858,6.984119701833336,3.766739801580232e-14,56,97,True,pareto_kept_polished,,
92,23,3210,2838,off_manifold_hop,33.999999999999545,34,0.488878707442645,7,3.274356627532224,14,2.0038378830462844,0.6119791186449082,7.855731733943027,5.2554542274056265e-15,6,97,True,pareto_kept_polished,,
37,23,1474,595,exact_hop,33.99999999999977,34,1.000868234427514,6,1.7727879600602525,6,1.4666040606716713,0.827286789911313,7.643871422932261,5.797675914864943e-15,61,97,True,pareto_kept_polished,,
61,23,2255,1781,off_manifold_hop,33.99999999999966,34,1.0073370786887426,1,2.6177097609357745,7,2.20237960840739,0.841338348992551,4.242579491031758,4.249580774351988e-15,12,96,True,pareto_kept_polished,,
42,23,1619,1596,off_manifold_hop,33.49646711680725,32,1.0088117078542185,7,2.5716376460381607,6,1.8023139160508244,0.700842872955858,6.984119701833336,3.766739801580232e-14,56,97,True,frontier,,
92,23,3210,2838,off_manifold_hop,33.999999999999545,34,0.488878707442645,7,3.274356627532224,14,2.0038378830462844,0.6119791186449082,7.855731733943027,5.2554542274056265e-15,6,97,True,frontier,,
37,23,1474,595,exact_hop,33.99999999999977,34,1.000868234427514,6,1.7727879600602525,6,1.4666040606716713,0.827286789911313,7.643871422932261,5.797675914864943e-15,61,97,True,frontier,,
61,23,2255,1781,off_manifold_hop,33.99999999999966,34,1.0073370786887426,1,2.6177097609357745,7,2.20237960840739,0.841338348992551,4.242579491031758,4.249580774351988e-15,12,96,True,frontier,,
92,23,3210,2838,off_manifold_hop,33.999999999999545,34,0.488878707442645,7,3.274356627532224,14,2.0038378830462844,0.6119791186449082,7.855731733943027,5.2554542274056265e-15,6,97,False,full_delete_probe,0.3143871583810243,7
42,23,1619,1596,off_manifold_hop,33.49646711680725,32,1.0088117078542185,7,2.5716376460381607,6,1.8023139160508244,0.700842872955858,6.984119701833336,3.766739801580232e-14,57,98,True,expanded:genericity,,
92,23,3210,2838,off_manifold_hop,33.999999999999545,34,0.488878707442645,7,3.274356627532224,14,2.0038378830462844,0.6119791186449082,7.855731733943027,5.2554542274056265e-15,7,98,True,expanded:deletion,,
37,23,1474,595,exact_hop,33.99999999999977,34,1.000868234427514,6,1.7727879600602525,6,1.4666040606716713,0.827286789911313,7.643871422932261,5.797675914864943e-15,62,98,True,expanded:death,,
42,23,1619,1596,off_manifold_hop,33.49646711910134,32,1.0088117078542185,7,2.5716376455653203,6,1.8023139160508244,0.7008428730847202,6.984119701833336,3.7765954039074107e-14,57,98,True,pareto_kept_polished,,
92,23,3210,2838,off_manifold_hop,33.99999999999943,34,0.488878707442645,7,3.274356627532233,14,2.0038378830462844,0.6119791186449065,7.855731733943027,5.2486335881279104e-15,7,98,True,pareto_kept_polished,,
37,23,1474,595,exact_hop,33.99999999999977,34,1.000868234427514,6,1.772787960060249,6,1.4666040606716713,0.8272867899113147,7.643871422932261,5.349613719107047e-15,62,98,True,pareto_kept_polished,,
61,23,2255,1781,off_manifold_hop,33.99999999999966,34,1.0073370786887426,1,2.6177097609357745,7,2.20237960840739,0.841338348992551,4.242579491031758,4.249580774351988e-15,12,96,True,pareto_kept_polished,,
42,23,1619,1596,off_manifold_hop,33.49646711910134,32,1.0088117078542185,7,2.5716376455653203,6,1.8023139160508244,0.7008428730847202,6.984119701833336,3.7765954039074107e-14,57,98,True,frontier,,
92,23,3210,2838,off_manifold_hop,33.99999999999943,34,0.488878707442645,7,3.274356627532233,14,2.0038378830462844,0.6119791186449065,7.855731733943027,5.2486335881279104e-15,7,98,True,frontier,,
37,23,1474,595,exact_hop,33.99999999999977,34,1.000868234427514,6,1.772787960060249,6,1.4666040606716713,0.8272867899113147,7.643871422932261,5.349613719107047e-15,62,98,True,frontier,,
61,23,2255,1781,off_manifold_hop,33.99999999999966,34,1.0073370786887426,1,2.6177097609357745,7,2.20237960840739,0.841338348992551,4.242579491031758,4.249580774351988e-15,12,96,True,frontier,,
42,23,1619,1596,off_manifold_hop,33.49646711910134,32,1.0088117078542185,7,2.5716376455653203,6,1.8023139160508244,0.7008428730847202,6.984119701833336,3.7765954039074107e-14,58,99,True,expanded:genericity,,
92,23,3210,2838,off_manifold_hop,33.99999999999943,34,0.488878707442645,7,3.274356627532233,14,2.0038378830462844,0.6119791186449065,7.855731733943027,5.2486335881279104e-15,8,99,True,expanded:deletion,,
37,23,1474,595,exact_hop,33.99999999999977,34,1.000868234427514,6,1.772787960060249,6,1.4666040606716713,0.8272867899113147,7.643871422932261,5.349613719107047e-15,63,99,True,expanded:death,,
61,23,2255,1781,off_manifold_hop,33.99999999999966,34,1.0073370786887426,1,2.6177097609357745,7,2.20237960840739,0.841338348992551,4.242579491031758,4.249580774351988e-15,13,99,True,expanded:explore,,
42,23,1619,1596,off_manifold_hop,33.49646711680725,32,1.0088117078542185,7,2.5716376460381607,6,1.8023139160508244,0.700842872955858,6.984119701833336,3.766739801580232e-14,58,99,True,pareto_kept_polished,,
100,23,3442,3210,off_manifold_hop,33.999999999999545,34,0.4755626438633279,7,2.561512922533991,6,1.3041635792486013,0.5091380050343256,7.873754678566823,7.297364596294169e-15,0,-1,True,pareto_kept_polished,,
37,23,1474,595,exact_hop,33.99999999999977,34,1.000868234427514,6,1.7727879600602525,6,1.4666040606716713,0.827286789911313,7.643871422932261,5.797675914864943e-15,63,99,True,pareto_kept_polished,,
61,23,2255,1781,off_manifold_hop,33.99999999999966,34,1.0073370786887426,1,2.6177097609357745,7,2.20237960840739,0.841338348992551,4.242579491031758,4.249580774351988e-15,13,99,True,pareto_kept_polished,,
42,23,1619,1596,off_manifold_hop,33.49646711680725,32,1.0088117078542185,7,2.5716376460381607,6,1.8023139160508244,0.700842872955858,6.984119701833336,3.766739801580232e-14,58,99,True,frontier,,
100,23,3442,3210,off_manifold_hop,33.999999999999545,34,0.4755626438633279,7,2.561512922533991,6,1.3041635792486013,0.5091380050343256,7.873754678566823,7.297364596294169e-15,0,-1,True,frontier,,
37,23,1474,595,exact_hop,33.99999999999977,34,1.000868234427514,6,1.7727879600602525,6,1.4666040606716713,0.827286789911313,7.643871422932261,5.797675914864943e-15,63,99,True,frontier,,
61,23,2255,1781,off_manifold_hop,33.99999999999966,34,1.0073370786887426,1,2.6177097609357745,7,2.20237960840739,0.841338348992551,4.242579491031758,4.249580774351988e-15,13,99,True,frontier,,
100,23,3442,3210,off_manifold_hop,33.999999999999545,34,0.4755626438633279,7,2.561512922533991,6,1.3041635792486013,0.5091380050343256,7.873754678566823,7.297364596294169e-15,0,-1,False,full_delete_probe,1.0023339766069572,7
42,23,1619,1596,off_manifold_hop,33.49646711680725,32,1.0088117078542185,7,2.5716376460381607,6,1.8023139160508244,0.700842872955858,6.984119701833336,3.766739801580232e-14,59,100,True,expanded:genericity,,
100,23,3442,3210,off_manifold_hop,33.999999999999545,34,0.4755626438633279,7,2.561512922533991,6,1.3041635792486013,0.5091380050343256,7.873754678566823,7.297364596294169e-15,1,100,True,expanded:deletion,,
37,23,1474,595,exact_hop,33.99999999999977,34,1.000868234427514,6,1.7727879600602525,6,1.4666040606716713,0.827286789911313,7.643871422932261,5.797675914864943e-15,64,100,True,expanded:death,,
42,23,1619,1596,off_manifold_hop,33.49646711910134,32,1.0088117078542185,7,2.5716376455653203,6,1.8023139160508244,0.7008428730847202,6.984119701833336,3.7765954039074107e-14,59,100,True,pareto_kept_polished,,
101,23,3486,3442,exact_hop,33.99999999999966,34,0.4620144757728471,7,2.212503825884186,6,1.3614402827189793,0.6153391767243183,7.878053271650318,6.811857817244375e-15,0,-1,True,pareto_kept_polished,,
37,23,1474,595,exact_hop,33.99999999999977,34,1.000868234427514,6,1.772787960060249,6,1.4666040606716713,0.8272867899113147,7.643871422932261,5.349613719107047e-15,64,100,True,pareto_kept_polished,,
61,23,2255,1781,off_manifold_hop,33.99999999999966,34,1.0073370786887426,1,2.6177097609357745,7,2.20237960840739,0.841338348992551,4.242579491031758,4.249580774351988e-15,13,99,True,pareto_kept_polished,,
42,23,1619,1596,off_manifold_hop,33.49646711910134,32,1.0088117078542185,7,2.5716376455653203,6,1.8023139160508244,0.7008428730847202,6.984119701833336,3.7765954039074107e-14,59,100,True,frontier,,
101,23,3486,3442,exact_hop,33.99999999999966,34,0.4620144757728471,7,2.212503825884186,6,1.3614402827189793,0.6153391767243183,7.878053271650318,6.811857817244375e-15,0,-1,True,frontier,,
37,23,1474,595,exact_hop,33.99999999999977,34,1.000868234427514,6,1.772787960060249,6,1.4666040606716713,0.8272867899113147,7.643871422932261,5.349613719107047e-15,64,100,True,frontier,,
61,23,2255,1781,off_manifold_hop,33.99999999999966,34,1.0073370786887426,1,2.6177097609357745,7,2.20237960840739,0.841338348992551,4.242579491031758,4.249580774351988e-15,13,99,True,frontier,,
42,23,1619,1596,off_manifold_hop,33.49646711910134,32,1.0088117078542185,7,2.5716376455653203,6,1.8023139160508244,0.7008428730847202,6.984119701833336,3.7765954039074107e-14,60,101,True,expanded:genericity,,
101,23,3486,3442,exact_hop,33.99999999999966,34,0.4620144757728471,7,2.212503825884186,6,1.3614402827189793,0.6153391767243183,7.878053271650318,6.811857817244375e-15,1,101,True,expanded:deletion,,
37,23,1474,595,exact_hop,33.99999999999977,34,1.000868234427514,6,1.772787960060249,6,1.4666040606716713,0.8272867899113147,7.643871422932261,5.349613719107047e-15,65,101,True,expanded:death,,
42,23,1619,1596,off_manifold_hop,33.49646711680725,32,1.0088117078542185,7,2.5716376460381607,6,1.8023139160508244,0.700842872955858,6.984119701833336,3.766739801580232e-14,60,101,True,pareto_kept_polished,,
101,23,3486,3442,exact_hop,33.99999999999966,34,0.4620144757728471,7,2.2125038258841885,6,1.3614402827189793,0.6153391767243176,7.878053271650318,7.19254244955449e-15,1,101,True,pareto_kept_polished,,
37,23,1474,595,exact_hop,33.99999999999977,34,1.000868234427514,6,1.7727879600602525,6,1.4666040606716713,0.827286789911313,7.643871422932261,5.797675914864943e-15,65,101,True,pareto_kept_polished,,
61,23,2255,1781,off_manifold_hop,33.99999999999966,34,1.0073370786887426,1,2.6177097609357745,7,2.20237960840739,0.841338348992551,4.242579491031758,4.249580774351988e-15,13,99,True,pareto_kept_polished,,
42,23,1619,1596,off_manifold_hop,33.49646711680725,32,1.0088117078542185,7,2.5716376460381607,6,1.8023139160508244,0.700842872955858,6.984119701833336,3.766739801580232e-14,60,101,True,frontier,,
101,23,3486,3442,exact_hop,33.99999999999966,34,0.4620144757728471,7,2.2125038258841885,6,1.3614402827189793,0.6153391767243176,7.878053271650318,7.19254244955449e-15,1,101,True,frontier,,
37,23,1474,595,exact_hop,33.99999999999977,34,1.000868234427514,6,1.7727879600602525,6,1.4666040606716713,0.827286789911313,7.643871422932261,5.797675914864943e-15,65,101,True,frontier,,
61,23,2255,1781,off_manifold_hop,33.99999999999966,34,1.0073370786887426,1,2.6177097609357745,7,2.20237960840739,0.841338348992551,4.242579491031758,4.249580774351988e-15,13,99,True,frontier,,
101,23,3486,3442,exact_hop,33.99999999999966,34,0.4620144757728471,7,2.2125038258841885,6,1.3614402827189793,0.6153391767243176,7.878053271650318,7.19254244955449e-15,1,101,False,full_delete_probe,0.4557944771095107,7
42,23,1619,1596,off_manifold_hop,33.49646711680725,32,1.0088117078542185,7,2.5716376460381607,6,1.8023139160508244,0.700842872955858,6.984119701833336,3.766739801580232e-14,61,102,True,expanded:genericity,,
101,23,3486,3442,exact_hop,33.99999999999966,34,0.4620144757728471,7,2.2125038258841885,6,1.3614402827189793,0.6153391767243176,7.878053271650318,7.19254244955449e-15,2,102,True,expanded:deletion,,
37,23,1474,595,exact_hop,33.99999999999977,34,1.000868234427514,6,1.7727879600602525,6,1.4666040606716713,0.827286789911313,7.643871422932261,5.797675914864943e-15,66,102,True,expanded:death,,
61,23,2255,1781,off_manifold_hop,33.99999999999966,34,1.0073370786887426,1,2.6177097609357745,7,2.20237960840739,0.841338348992551,4.242579491031758,4.249580774351988e-15,14,102,True,expanded:explore,,
42,23,1619,1596,off_manifold_hop,33.49646711910134,32,1.0088117078542185,7,2.5716376455653203,6,1.8023139160508244,0.7008428730847202,6.984119701833336,3.7765954039074107e-14,61,102,True,pareto_kept_polished,,
101,23,3486,3442,exact_hop,33.99999999999966,34,0.4620144757728471,7,2.212503825884184,6,1.3614402827189793,0.6153391767243188,7.878053271650318,6.691030898928628e-15,2,102,True,pareto_kept_polished,,
37,23,1474,595,exact_hop,33.99999999999977,34,1.000868234427514,6,1.772787960060249,6,1.4666040606716713,0.8272867899113147,7.643871422932261,5.349613719107047e-15,66,102,True,pareto_kept_polished,,
61,23,2255,1781,off_manifold_hop,33.99999999999966,34,1.0073370786887426,1,2.6177097609357745,7,2.20237960840739,0.841338348992551,4.242579491031758,4.249580774351988e-15,14,102,True,pareto_kept_polished,,
42,23,1619,1596,off_manifold_hop,33.49646711910134,32,1.0088117078542185,7,2.5716376455653203,6,1.8023139160508244,0.7008428730847202,6.984119701833336,3.7765954039074107e-14,61,102,True,frontier,,
101,23,3486,3442,exact_hop,33.99999999999966,34,0.4620144757728471,7,2.212503825884184,6,1.3614402827189793,0.6153391767243188,7.878053271650318,6.691030898928628e-15,2,102,True,frontier,,
37,23,1474,595,exact_hop,33.99999999999977,34,1.000868234427514,6,1.772787960060249,6,1.4666040606716713,0.8272867899113147,7.643871422932261,5.349613719107047e-15,66,102,True,frontier,,
61,23,2255,1781,off_manifold_hop,33.99999999999966,34,1.0073370786887426,1,2.6177097609357745,7,2.20237960840739,0.841338348992551,4.242579491031758,4.249580774351988e-15,14,102,True,frontier,,
42,23,1619,1596,off_manifold_hop,33.49646711910134,32,1.0088117078542185,7,2.5716376455653203,6,1.8023139160508244,0.7008428730847202,6.984119701833336,3.7765954039074107e-14,62,103,True,expanded:genericity,,
101,23,3486,3442,exact_hop,33.99999999999966,34,0.4620144757728471,7,2.212503825884184,6,1.3614402827189793,0.6153391767243188,7.878053271650318,6.691030898928628e-15,3,103,True,expanded:deletion,,
37,23,1474,595,exact_hop,33.99999999999977,34,1.000868234427514,6,1.772787960060249,6,1.4666040606716713,0.8272867899113147,7.643871422932261,5.349613719107047e-15,67,103,True,expanded:death,,
42,23,1619,1596,off_manifold_hop,33.49646711680725,32,1.0088117078542185,7,2.5716376460381607,6,1.8023139160508244,0.700842872955858,6.984119701833336,3.766739801580232e-14,62,103,True,pareto_kept_polished,,
101,23,3486,3442,exact_hop,33.99999999999966,34,0.4620144757728471,7,2.212503825884192,6,1.3614402827189793,0.6153391767243166,7.878053271650318,7.208467870070126e-15,3,103,True,pareto_kept_polished,,
37,23,1474,595,exact_hop,33.99999999999977,34,1.000868234427514,6,1.7727879600602525,6,1.4666040606716713,0.827286789911313,7.643871422932261,5.797675914864943e-15,67,103,True,pareto_kept_polished,,
61,23,2255,1781,off_manifold_hop,33.99999999999966,34,1.0073370786887426,1,2.6177097609357745,7,2.20237960840739,0.841338348992551,4.242579491031758,4.249580774351988e-15,14,102,True,pareto_kept_polished,,
42,23,1619,1596,off_manifold_hop,33.49646711680725,32,1.0088117078542185,7,2.5716376460381607,6,1.8023139160508244,0.700842872955858,6.984119701833336,3.766739801580232e-14,62,103,True,frontier,,
101,23,3486,3442,exact_hop,33.99999999999966,34,0.4620144757728471,7,2.212503825884192,6,1.3614402827189793,0.6153391767243166,7.878053271650318,7.208467870070126e-15,3,103,True,frontier,,
37,23,1474,595,exact_hop,33.99999999999977,34,1.000868234427514,6,1.7727879600602525,6,1.4666040606716713,0.827286789911313,7.643871422932261,5.797675914864943e-15,67,103,True,frontier,,
61,23,2255,1781,off_manifold_hop,33.99999999999966,34,1.0073370786887426,1,2.6177097609357745,7,2.20237960840739,0.841338348992551,4.242579491031758,4.249580774351988e-15,14,102,True,frontier,,
101,23,3486,3442,exact_hop,33.99999999999966,34,0.4620144757728471,7,2.212503825884192,6,1.3614402827189793,0.6153391767243166,7.878053271650318,7.208467870070126e-15,3,103,False,full_delete_probe,0.3813506916810895,7
42,23,1619,1596,off_manifold_hop,33.49646711680725,32,1.0088117078542185,7,2.5716376460381607,6,1.8023139160508244,0.700842872955858,6.984119701833336,3.766739801580232e-14,63,104,True,expanded:genericity,,
101,23,3486,3442,exact_hop,33.99999999999966,34,0.4620144757728471,7,2.212503825884192,6,1.3614402827189793,0.6153391767243166,7.878053271650318,7.208467870070126e-15,4,104,True,expanded:deletion,,
37,23,1474,595,exact_hop,33.99999999999977,34,1.000868234427514,6,1.7727879600602525,6,1.4666040606716713,0.827286789911313,7.643871422932261,5.797675914864943e-15,68,104,True,expanded:death,,
42,23,1619,1596,off_manifold_hop,33.49646711910134,32,1.0088117078542185,7,2.5716376455653203,6,1.8023139160508244,0.7008428730847202,6.984119701833336,3.7765954039074107e-14,63,104,True,pareto_kept_polished,,
101,23,3486,3442,exact_hop,33.99999999999966,34,0.4620144757728471,7,2.2125038258841845,6,1.3614402827189793,0.6153391767243187,7.878053271650318,7.208467870070126e-15,4,104,True,pareto_kept_polished,,
37,23,1474,595,exact_hop,33.99999999999977,34,1.000868234427514,6,1.772787960060249,6,1.4666040606716713,0.8272867899113147,7.643871422932261,5.349613719107047e-15,68,104,True,pareto_kept_polished,,
61,23,2255,1781,off_manifold_hop,33.99999999999966,34,1.0073370786887426,1,2.6177097609357745,7,2.20237960840739,0.841338348992551,4.242579491031758,4.249580774351988e-15,14,102,True,pareto_kept_polished,,
42,23,1619,1596,off_manifold_hop,33.49646711910134,32,1.0088117078542185,7,2.5716376455653203,6,1.8023139160508244,0.7008428730847202,6.984119701833336,3.7765954039074107e-14,63,104,True,frontier,,
101,23,3486,3442,exact_hop,33.99999999999966,34,0.4620144757728471,7,2.2125038258841845,6,1.3614402827189793,0.6153391767243187,7.878053271650318,7.208467870070126e-15,4,104,True,frontier,,
37,23,1474,595,exact_hop,33.99999999999977,34,1.000868234427514,6,1.772787960060249,6,1.4666040606716713,0.8272867899113147,7.643871422932261,5.349613719107047e-15,68,104,True,frontier,,
61,23,2255,1781,off_manifold_hop,33.99999999999966,34,1.0073370786887426,1,2.6177097609357745,7,2.20237960840739,0.841338348992551,4.242579491031758,4.249580774351988e-15,14,102,True,frontier,,
42,23,1619,1596,off_manifold_hop,33.49646711910134,32,1.0088117078542185,7,2.5716376455653203,6,1.8023139160508244,0.7008428730847202,6.984119701833336,3.7765954039074107e-14,64,105,True,expanded:genericity,,
101,23,3486,3442,exact_hop,33.99999999999966,34,0.4620144757728471,7,2.2125038258841845,6,1.3614402827189793,0.6153391767243187,7.878053271650318,7.208467870070126e-15,5,105,True,expanded:deletion,,
37,23,1474,595,exact_hop,33.99999999999977,34,1.000868234427514,6,1.772787960060249,6,1.4666040606716713,0.8272867899113147,7.643871422932261,5.349613719107047e-15,69,105,True,expanded:death,,
61,23,2255,1781,off_manifold_hop,33.99999999999966,34,1.0073370786887426,1,2.6177097609357745,7,2.20237960840739,0.841338348992551,4.242579491031758,4.249580774351988e-15,15,105,True,expanded:explore,,
106,23,3666,2255,exact_hop,33.00000000003524,33,1.0027835137579024,7,3.078126879923974,6,2.260610036824823,0.7344109339900431,4.880047901443993,4.272677795794474e-15,0,-1,True,pareto_kept_polished,,
101,23,3486,3442,exact_hop,33.99999999999966,34,0.4620144757728471,7,2.2125038258841845,6,1.3614402827189793,0.6153391767243187,7.878053271650318,7.208467870070126e-15,5,105,True,pareto_kept_polished,,
37,23,1474,595,exact_hop,33.99999999999977,34,1.000868234427514,6,1.7727879600602525,6,1.4666040606716713,0.827286789911313,7.643871422932261,5.797675914864943e-15,69,105,True,pareto_kept_polished,,
61,23,2255,1781,off_manifold_hop,33.99999999999966,34,1.0073370786887426,1,2.6177097609357745,7,2.20237960840739,0.841338348992551,4.242579491031758,4.249580774351988e-15,15,105,True,pareto_kept_polished,,
106,23,3666,2255,exact_hop,33.00000000003524,33,1.0027835137579024,7,3.078126879923974,6,2.260610036824823,0.7344109339900431,4.880047901443993,4.272677795794474e-15,0,-1,True,frontier,,
101,23,3486,3442,exact_hop,33.99999999999966,34,0.4620144757728471,7,2.2125038258841845,6,1.3614402827189793,0.6153391767243187,7.878053271650318,7.208467870070126e-15,5,105,True,frontier,,
37,23,1474,595,exact_hop,33.99999999999977,34,1.000868234427514,6,1.7727879600602525,6,1.4666040606716713,0.827286789911313,7.643871422932261,5.797675914864943e-15,69,105,True,frontier,,
61,23,2255,1781,off_manifold_hop,33.99999999999966,34,1.0073370786887426,1,2.6177097609357745,7,2.20237960840739,0.841338348992551,4.242579491031758,4.249580774351988e-15,15,105,True,frontier,,
101,23,3486,3442,exact_hop,33.99999999999966,34,0.4620144757728471,7,2.2125038258841845,6,1.3614402827189793,0.6153391767243187,7.878053271650318,7.208467870070126e-15,5,105,False,full_delete_probe,0.4044918145230236,7
106,23,3666,2255,exact_hop,33.00000000003524,33,1.0027835137579024,7,3.078126879923974,6,2.260610036824823,0.7344109339900431,4.880047901443993,4.272677795794474e-15,1,106,True,expanded:genericity,,
101,23,3486,3442,exact_hop,33.99999999999966,34,0.4620144757728471,7,2.2125038258841845,6,1.3614402827189793,0.6153391767243187,7.878053271650318,7.208467870070126e-15,6,106,True,expanded:deletion,,
37,23,1474,595,exact_hop,33.99999999999977,34,1.000868234427514,6,1.7727879600602525,6,1.4666040606716713,0.827286789911313,7.643871422932261,5.797675914864943e-15,70,106,True,expanded:death,,
107,23,3682,3666,off_manifold_hop,32.27574433142536,30,1.0144813387973421,6,3.1405251230147737,19,2.474031393579704,0.7877763420675128,5.259120799187459,5.232776864488994e-14,0,-1,True,pareto_kept_polished,,
101,23,3486,3442,exact_hop,33.99999999999966,34,0.4620144757728471,7,2.2125038258841845,6,1.3614402827189793,0.6153391767243187,7.878053271650318,7.208467870070126e-15,6,106,True,pareto_kept_polished,,
37,23,1474,595,exact_hop,33.99999999999977,34,1.000868234427514,6,1.772787960060249,6,1.4666040606716713,0.8272867899113147,7.643871422932261,5.349613719107047e-15,70,106,True,pareto_kept_polished,,
61,23,2255,1781,off_manifold_hop,33.99999999999966,34,1.0073370786887426,1,2.6177097609357745,7,2.20237960840739,0.841338348992551,4.242579491031758,4.249580774351988e-15,15,105,True,pareto_kept_polished,,
107,23,3682,3666,off_manifold_hop,32.27574433142536,30,1.0144813387973421,6,3.1405251230147737,19,2.474031393579704,0.7877763420675128,5.259120799187459,5.232776864488994e-14,0,-1,True,frontier,,
101,23,3486,3442,exact_hop,33.99999999999966,34,0.4620144757728471,7,2.2125038258841845,6,1.3614402827189793,0.6153391767243187,7.878053271650318,7.208467870070126e-15,6,106,True,frontier,,
37,23,1474,595,exact_hop,33.99999999999977,34,1.000868234427514,6,1.772787960060249,6,1.4666040606716713,0.8272867899113147,7.643871422932261,5.349613719107047e-15,70,106,True,frontier,,
61,23,2255,1781,off_manifold_hop,33.99999999999966,34,1.0073370786887426,1,2.6177097609357745,7,2.20237960840739,0.841338348992551,4.242579491031758,4.249580774351988e-15,15,105,True,frontier,,
107,23,3682,3666,off_manifold_hop,32.27574433142536,30,1.0144813387973421,6,3.1405251230147737,19,2.474031393579704,0.7877763420675128,5.259120799187459,5.232776864488994e-14,1,107,True,expanded:genericity,,
101,23,3486,3442,exact_hop,33.99999999999966,34,0.4620144757728471,7,2.2125038258841845,6,1.3614402827189793,0.6153391767243187,7.878053271650318,7.208467870070126e-15,7,107,True,expanded:deletion,,
37,23,1474,595,exact_hop,33.99999999999977,34,1.000868234427514,6,1.772787960060249,6,1.4666040606716713,0.8272867899113147,7.643871422932261,5.349613719107047e-15,71,107,True,expanded:death,,
108,23,3711,3682,off_manifold_hop,32.563156122897226,29,1.0158670192076305,19,3.1239199278311096,19,2.138663688140301,0.6846089968846105,5.13400511176381,5.5943645248209826e-14,0,-1,True,pareto_kept_polished,,
101,23,3486,3442,exact_hop,33.99999999999966,34,0.4620144757728471,7,2.2125038258841845,6,1.3614402827189793,0.6153391767243187,7.878053271650318,7.208467870070126e-15,7,107,True,pareto_kept_polished,,
37,23,1474,595,exact_hop,33.99999999999977,34,1.000868234427514,6,1.7727879600602525,6,1.4666040606716713,0.827286789911313,7.643871422932261,5.797675914864943e-15,71,107,True,pareto_kept_polished,,
61,23,2255,1781,off_manifold_hop,33.99999999999966,34,1.0073370786887426,1,2.6177097609357745,7,2.20237960840739,0.841338348992551,4.242579491031758,4.249580774351988e-15,15,105,True,pareto_kept_polished,,
108,23,3711,3682,off_manifold_hop,32.563156122897226,29,1.0158670192076305,19,3.1239199278311096,19,2.138663688140301,0.6846089968846105,5.13400511176381,5.5943645248209826e-14,0,-1,True,frontier,,
101,23,3486,3442,exact_hop,33.99999999999966,34,0.4620144757728471,7,2.2125038258841845,6,1.3614402827189793,0.6153391767243187,7.878053271650318,7.208467870070126e-15,7,107,True,frontier,,
37,23,1474,595,exact_hop,33.99999999999977,34,1.000868234427514,6,1.7727879600602525,6,1.4666040606716713,0.827286789911313,7.643871422932261,5.797675914864943e-15,71,107,True,frontier,,
61,23,2255,1781,off_manifold_hop,33.99999999999966,34,1.0073370786887426,1,2.6177097609357745,7,2.20237960840739,0.841338348992551,4.242579491031758,4.249580774351988e-15,15,105,True,frontier,,
101,23,3486,3442,exact_hop,33.99999999999966,34,0.4620144757728471,7,2.2125038258841845,6,1.3614402827189793,0.6153391767243187,7.878053271650318,7.208467870070126e-15,7,107,False,full_delete_probe,0.4044918145230236,7
108,23,3711,3682,off_manifold_hop,32.563156122897226,29,1.0158670192076305,19,3.1239199278311096,19,2.138663688140301,0.6846089968846105,5.13400511176381,5.5943645248209826e-14,1,108,True,expanded:genericity,,
101,23,3486,3442,exact_hop,33.99999999999966,34,0.4620144757728471,7,2.2125038258841845,6,1.3614402827189793,0.6153391767243187,7.878053271650318,7.208467870070126e-15,8,108,True,expanded:deletion,,
37,23,1474,595,exact_hop,33.99999999999977,34,1.000868234427514,6,1.7727879600602525,6,1.4666040606716713,0.827286789911313,7.643871422932261,5.797675914864943e-15,72,108,True,expanded:death,,
61,23,2255,1781,off_manifold_hop,33.99999999999966,34,1.0073370786887426,1,2.6177097609357745,7,2.20237960840739,0.841338348992551,4.242579491031758,4.249580774351988e-15,16,108,True,expanded:explore,,
109,23,3740,3711,off_manifold_hop,31.236659290517423,30,1.006268751337769,1,3.2348433921282735,5,2.7363114345994,0.8458868337360597,4.761206741191887,6.844617309294564e-14,0,-1,True,pareto_kept_polished,,
101,23,3486,3442,exact_hop,33.99999999999966,34,0.4620144757728471,7,2.2125038258841845,6,1.3614402827189793,0.6153391767243187,7.878053271650318,7.208467870070126e-15,8,108,True,pareto_kept_polished,,
37,23,1474,595,exact_hop,33.99999999999977,34,1.000868234427514,6,1.772787960060249,6,1.4666040606716713,0.8272867899113147,7.643871422932261,5.349613719107047e-15,72,108,True,pareto_kept_polished,,
61,23,2255,1781,off_manifold_hop,33.99999999999966,34,1.0073370786887426,1,2.6177097609357745,7,2.20237960840739,0.841338348992551,4.242579491031758,4.249580774351988e-15,16,108,True,pareto_kept_polished,,
109,23,3740,3711,off_manifold_hop,31.236659290517423,30,1.006268751337769,1,3.2348433921282735,5,2.7363114345994,0.8458868337360597,4.761206741191887,6.844617309294564e-14,0,-1,True,frontier,,
101,23,3486,3442,exact_hop,33.99999999999966,34,0.4620144757728471,7,2.2125038258841845,6,1.3614402827189793,0.6153391767243187,7.878053271650318,7.208467870070126e-15,8,108,True,frontier,,
37,23,1474,595,exact_hop,33.99999999999977,34,1.000868234427514,6,1.772787960060249,6,1.4666040606716713,0.8272867899113147,7.643871422932261,5.349613719107047e-15,72,108,True,frontier,,
61,23,2255,1781,off_manifold_hop,33.99999999999966,34,1.0073370786887426,1,2.6177097609357745,7,2.20237960840739,0.841338348992551,4.242579491031758,4.249580774351988e-15,16,108,True,frontier,,
109,23,3740,3711,off_manifold_hop,31.236659290517423,30,1.006268751337769,1,3.2348433921282735,5,2.7363114345994,0.8458868337360597,4.761206741191887,6.844617309294564e-14,1,109,True,expanded:genericity,,
101,23,3486,3442,exact_hop,33.99999999999966,34,0.4620144757728471,7,2.2125038258841845,6,1.3614402827189793,0.6153391767243187,7.878053271650318,7.208467870070126e-15,9,109,True,expanded:deletion,,
37,23,1474,595,exact_hop,33.99999999999977,34,1.000868234427514,6,1.772787960060249,6,1.4666040606716713,0.8272867899113147,7.643871422932261,5.349613719107047e-15,73,109,True,expanded:death,,
110,23,3777,3740,off_manifold_hop,31.376234847742353,30,1.0089717206347546,1,3.1878345158514465,5,2.6452399948533256,0.8297921305826635,5.283669771305934,6.434914216727455e-14,0,-1,True,pareto_kept_polished,,
101,23,3486,3442,exact_hop,33.99999999999966,34,0.4620144757728471,7,2.2125038258841845,6,1.3614402827189793,0.6153391767243187,7.878053271650318,7.208467870070126e-15,9,109,True,pareto_kept_polished,,
37,23,1474,595,exact_hop,33.99999999999977,34,1.000868234427514,6,1.7727879600602525,6,1.4666040606716713,0.827286789911313,7.643871422932261,5.797675914864943e-15,73,109,True,pareto_kept_polished,,
61,23,2255,1781,off_manifold_hop,33.99999999999966,34,1.0073370786887426,1,2.6177097609357745,7,2.20237960840739,0.841338348992551,4.242579491031758,4.249580774351988e-15,16,108,True,pareto_kept_polished,,
110,23,3777,3740,off_manifold_hop,31.376234847742353,30,1.0089717206347546,1,3.1878345158514465,5,2.6452399948533256,0.8297921305826635,5.283669771305934,6.434914216727455e-14,0,-1,True,frontier,,
101,23,3486,3442,exact_hop,33.99999999999966,34,0.4620144757728471,7,2.2125038258841845,6,1.3614402827189793,0.6153391767243187,7.878053271650318,7.208467870070126e-15,9,109,True,frontier,,
37,23,1474,595,exact_hop,33.99999999999977,34,1.000868234427514,6,1.7727879600602525,6,1.4666040606716713,0.827286789911313,7.643871422932261,5.797675914864943e-15,73,109,True,frontier,,
61,23,2255,1781,off_manifold_hop,33.99999999999966,34,1.0073370786887426,1,2.6177097609357745,7,2.20237960840739,0.841338348992551,4.242579491031758,4.249580774351988e-15,16,108,True,frontier,,
101,23,3486,3442,exact_hop,33.99999999999966,34,0.4620144757728471,7,2.2125038258841845,6,1.3614402827189793,0.6153391767243187,7.878053271650318,7.208467870070126e-15,9,109,False,full_delete_probe,0.4044918145230236,7
110,23,3777,3740,off_manifold_hop,31.376234847742353,30,1.0089717206347546,1,3.1878345158514465,5,2.6452399948533256,0.8297921305826635,5.283669771305934,6.434914216727455e-14,1,110,True,expanded:genericity,,
101,23,3486,3442,exact_hop,33.99999999999966,34,0.4620144757728471,7,2.2125038258841845,6,1.3614402827189793,0.6153391767243187,7.878053271650318,7.208467870070126e-15,10,110,True,expanded:deletion,,
37,23,1474,595,exact_hop,33.99999999999977,34,1.000868234427514,6,1.7727879600602525,6,1.4666040606716713,0.827286789911313,7.643871422932261,5.797675914864943e-15,74,110,True,expanded:death,,
111,23,3803,3777,off_manifold_hop,32.305566252735275,31,1.0191087104278904,5,2.4981758952379636,1,2.280444325978207,0.9128437794653299,5.399572187600943,7.061472512791204e-14,0,-1,True,pareto_kept_polished,,
101,23,3486,3442,exact_hop,33.99999999999966,34,0.4620144757728471,7,2.2125038258841845,6,1.3614402827189793,0.6153391767243187,7.878053271650318,7.208467870070126e-15,10,110,True,pareto_kept_polished,,
37,23,1474,595,exact_hop,33.99999999999977,34,1.000868234427514,6,1.772787960060249,6,1.4666040606716713,0.8272867899113147,7.643871422932261,5.349613719107047e-15,74,110,True,pareto_kept_polished,,
61,23,2255,1781,off_manifold_hop,33.99999999999966,34,1.0073370786887426,1,2.6177097609357745,7,2.20237960840739,0.841338348992551,4.242579491031758,4.249580774351988e-15,16,108,True,pareto_kept_polished,,
111,23,3803,3777,off_manifold_hop,32.305566252735275,31,1.0191087104278904,5,2.4981758952379636,1,2.280444325978207,0.9128437794653299,5.399572187600943,7.061472512791204e-14,0,-1,True,frontier,,
101,23,3486,3442,exact_hop,33.99999999999966,34,0.4620144757728471,7,2.2125038258841845,6,1.3614402827189793,0.6153391767243187,7.878053271650318,7.208467870070126e-15,10,110,True,frontier,,
37,23,1474,595,exact_hop,33.99999999999977,34,1.000868234427514,6,1.772787960060249,6,1.4666040606716713,0.8272867899113147,7.643871422932261,5.349613719107047e-15,74,110,True,frontier,,
61,23,2255,1781,off_manifold_hop,33.99999999999966,34,1.0073370786887426,1,2.6177097609357745,7,2.20237960840739,0.841338348992551,4.242579491031758,4.249580774351988e-15,16,108,True,frontier,,
111,23,3803,3777,off_manifold_hop,32.305566252735275,31,1.0191087104278904,5,2.4981758952379636,1,2.280444325978207,0.9128437794653299,5.399572187600943,7.061472512791204e-14,1,111,True,expanded:genericity,,
101,23,3486,3442,exact_hop,33.99999999999966,34,0.4620144757728471,7,2.2125038258841845,6,1.3614402827189793,0.6153391767243187,7.878053271650318,7.208467870070126e-15,11,111,True,expanded:deletion,,
37,23,1474,595,exact_hop,33.99999999999977,34,1.000868234427514,6,1.772787960060249,6,1.4666040606716713,0.8272867899113147,7.643871422932261,5.349613719107047e-15,75,111,True,expanded:death,,
61,23,2255,1781,off_manifold_hop,33.99999999999966,34,1.0073370786887426,1,2.6177097609357745,7,2.20237960840739,0.841338348992551,4.242579491031758,4.249580774351988e-15,17,111,True,expanded:explore,,
112,23,3821,3803,off_manifold_hop,31.999999999999773,32,1.0099231422465726,5,2.7265584561883127,1,2.1145600497662747,0.7755417988442461,5.317584936466449,4.8299186628265184e-14,0,-1,True,pareto_kept_polished,,
101,23,3486,3442,exact_hop,33.99999999999966,34,0.4620144757728471,7,2.2125038258841845,6,1.3614402827189793,0.6153391767243187,7.878053271650318,7.208467870070126e-15,11,111,True,pareto_kept_polished,,
37,23,1474,595,exact_hop,33.99999999999977,34,1.000868234427514,6,1.7727879600602525,6,1.4666040606716713,0.827286789911313,7.643871422932261,5.797675914864943e-15,75,111,True,pareto_kept_polished,,
61,23,2255,1781,off_manifold_hop,33.99999999999966,34,1.0073370786887426,1,2.6177097609357745,7,2.20237960840739,0.841338348992551,4.242579491031758,4.249580774351988e-15,17,111,True,pareto_kept_polished,,
112,23,3821,3803,off_manifold_hop,31.999999999999773,32,1.0099231422465726,5,2.7265584561883127,1,2.1145600497662747,0.7755417988442461,5.317584936466449,4.8299186628265184e-14,0,-1,True,frontier,,
101,23,3486,3442,exact_hop,33.99999999999966,34,0.4620144757728471,7,2.2125038258841845,6,1.3614402827189793,0.6153391767243187,7.878053271650318,7.208467870070126e-15,11,111,True,frontier,,
37,23,1474,595,exact_hop,33.99999999999977,34,1.000868234427514,6,1.7727879600602525,6,1.4666040606716713,0.827286789911313,7.643871422932261,5.797675914864943e-15,75,111,True,frontier,,
61,23,2255,1781,off_manifold_hop,33.99999999999966,34,1.0073370786887426,1,2.6177097609357745,7,2.20237960840739,0.841338348992551,4.242579491031758,4.249580774351988e-15,17,111,True,frontier,,
101,23,3486,3442,exact_hop,33.99999999999966,34,0.4620144757728471,7,2.2125038258841845,6,1.3614402827189793,0.6153391767243187,7.878053271650318,7.208467870070126e-15,11,111,False,full_delete_probe,0.4044918145230236,7
112,23,3821,3803,off_manifold_hop,31.999999999999773,32,1.0099231422465726,5,2.7265584561883127,1,2.1145600497662747,0.7755417988442461,5.317584936466449,4.8299186628265184e-14,1,112,True,expanded:genericity,,
101,23,3486,3442,exact_hop,33.99999999999966,34,0.4620144757728471,7,2.2125038258841845,6,1.3614402827189793,0.6153391767243187,7.878053271650318,7.208467870070126e-15,12,112,True,expanded:deletion,,
37,23,1474,595,exact_hop,33.99999999999977,34,1.000868234427514,6,1.7727879600602525,6,1.4666040606716713,0.827286789911313,7.643871422932261,5.797675914864943e-15,76,112,True,expanded:death,,
113,23,3860,3821,off_manifold_hop,32.241405085620386,32,1.0130609408585474,1,2.5201582761453927,1,2.2037644552543703,0.8744547817151588,4.931313242772266,5.169843464416237e-15,0,-1,True,pareto_kept_polished,,
101,23,3486,3442,exact_hop,33.99999999999966,34,0.4620144757728471,7,2.2125038258841845,6,1.3614402827189793,0.6153391767243187,7.878053271650318,7.208467870070126e-15,12,112,True,pareto_kept_polished,,
37,23,1474,595,exact_hop,33.99999999999977,34,1.000868234427514,6,1.772787960060249,6,1.4666040606716713,0.8272867899113147,7.643871422932261,5.349613719107047e-15,76,112,True,pareto_kept_polished,,
61,23,2255,1781,off_manifold_hop,33.99999999999966,34,1.0073370786887426,1,2.6177097609357745,7,2.20237960840739,0.841338348992551,4.242579491031758,4.249580774351988e-15,17,111,True,pareto_kept_polished,,
113,23,3860,3821,off_manifold_hop,32.241405085620386,32,1.0130609408585474,1,2.5201582761453927,1,2.2037644552543703,0.8744547817151588,4.931313242772266,5.169843464416237e-15,0,-1,True,frontier,,
101,23,3486,3442,exact_hop,33.99999999999966,34,0.4620144757728471,7,2.2125038258841845,6,1.3614402827189793,0.6153391767243187,7.878053271650318,7.208467870070126e-15,12,112,True,frontier,,
37,23,1474,595,exact_hop,33.99999999999977,34,1.000868234427514,6,1.772787960060249,6,1.4666040606716713,0.8272867899113147,7.643871422932261,5.349613719107047e-15,76,112,True,frontier,,
61,23,2255,1781,off_manifold_hop,33.99999999999966,34,1.0073370786887426,1,2.6177097609357745,7,2.20237960840739,0.841338348992551,4.242579491031758,4.249580774351988e-15,17,111,True,frontier,,
113,23,3860,3821,off_manifold_hop,32.241405085620386,32,1.0130609408585474,1,2.5201582761453927,1,2.2037644552543703,0.8744547817151588,4.931313242772266,5.169843464416237e-15,1,113,True,expanded:genericity,,
101,23,3486,3442,exact_hop,33.99999999999966,34,0.4620144757728471,7,2.2125038258841845,6,1.3614402827189793,0.6153391767243187,7.878053271650318,7.208467870070126e-15,13,113,True,expanded:deletion,,
37,23,1474,595,exact_hop,33.99999999999977,34,1.000868234427514,6,1.772787960060249,6,1.4666040606716713,0.8272867899113147,7.643871422932261,5.349613719107047e-15,77,113,True,expanded:death,,
114,23,3888,3860,off_manifold_hop,32.00000000000023,32,1.0096937077543955,1,2.9059058313332384,1,2.672352619148205,0.9196280864759205,5.2689820546864645,4.290179771157332e-15,0,-1,True,pareto_kept_polished,,
101,23,3486,3442,exact_hop,33.99999999999966,34,0.4620144757728471,7,2.2125038258841845,6,1.3614402827189793,0.6153391767243187,7.878053271650318,7.208467870070126e-15,13,113,True,pareto_kept_polished,,
37,23,1474,595,exact_hop,33.99999999999977,34,1.000868234427514,6,1.7727879600602525,6,1.4666040606716713,0.827286789911313,7.643871422932261,5.797675914864943e-15,77,113,True,pareto_kept_polished,,
61,23,2255,1781,off_manifold_hop,33.99999999999966,34,1.0073370786887426,1,2.6177097609357745,7,2.20237960840739,0.841338348992551,4.242579491031758,4.249580774351988e-15,17,111,True,pareto_kept_polished,,
114,23,3888,3860,off_manifold_hop,32.00000000000023,32,1.0096937077543955,1,2.9059058313332384,1,2.672352619148205,0.9196280864759205,5.2689820546864645,4.290179771157332e-15,0,-1,True,frontier,,
101,23,3486,3442,exact_hop,33.99999999999966,34,0.4620144757728471,7,2.2125038258841845,6,1.3614402827189793,0.6153391767243187,7.878053271650318,7.208467870070126e-15,13,113,True,frontier,,
37,23,1474,595,exact_hop,33.99999999999977,34,1.000868234427514,6,1.7727879600602525,6,1.4666040606716713,0.827286789911313,7.643871422932261,5.797675914864943e-15,77,113,True,frontier,,
61,23,2255,1781,off_manifold_hop,33.99999999999966,34,1.0073370786887426,1,2.6177097609357745,7,2.20237960840739,0.841338348992551,4.242579491031758,4.249580774351988e-15,17,111,True,frontier,,
101,23,3486,3442,exact_hop,33.99999999999966,34,0.4620144757728471,7,2.2125038258841845,6,1.3614402827189793,0.6153391767243187,7.878053271650318,7.208467870070126e-15,13,113,False,full_delete_probe,0.4044918145230236,7
114,23,3888,3860,off_manifold_hop,32.00000000000023,32,1.0096937077543955,1,2.9059058313332384,1,2.672352619148205,0.9196280864759205,5.2689820546864645,4.290179771157332e-15,1,114,True,expanded:genericity,,
101,23,3486,3442,exact_hop,33.99999999999966,34,0.4620144757728471,7,2.2125038258841845,6,1.3614402827189793,0.6153391767243187,7.878053271650318,7.208467870070126e-15,14,114,True,expanded:deletion,,
37,23,1474,595,exact_hop,33.99999999999977,34,1.000868234427514,6,1.7727879600602525,6,1.4666040606716713,0.827286789911313,7.643871422932261,5.797675914864943e-15,78,114,True,expanded:death,,
61,23,2255,1781,off_manifold_hop,33.99999999999966,34,1.0073370786887426,1,2.6177097609357745,7,2.20237960840739,0.841338348992551,4.242579491031758,4.249580774351988e-15,18,114,True,expanded:explore,,
115,23,3909,3888,exact_hop,32.00000000000091,32,1.0182275753507177,5,3.0778465004375444,5,2.13058948661258,0.692233835023838,5.830344983458667,4.502560268265838e-15,0,-1,True,pareto_kept_polished,,
101,23,3486,3442,exact_hop,33.99999999999966,34,0.4620144757728471,7,2.2125038258841845,6,1.3614402827189793,0.6153391767243187,7.878053271650318,7.208467870070126e-15,14,114,True,pareto_kept_polished,,
37,23,1474,595,exact_hop,33.99999999999977,34,1.000868234427514,6,1.772787960060249,6,1.4666040606716713,0.8272867899113147,7.643871422932261,5.349613719107047e-15,78,114,True,pareto_kept_polished,,
61,23,2255,1781,off_manifold_hop,33.99999999999966,34,1.0073370786887426,1,2.6177097609357745,7,2.20237960840739,0.841338348992551,4.242579491031758,4.249580774351988e-15,18,114,True,pareto_kept_polished,,
115,23,3909,3888,exact_hop,32.00000000000091,32,1.0182275753507177,5,3.0778465004375444,5,2.13058948661258,0.692233835023838,5.830344983458667,4.502560268265838e-15,0,-1,True,frontier,,
101,23,3486,3442,exact_hop,33.99999999999966,34,0.4620144757728471,7,2.2125038258841845,6,1.3614402827189793,0.6153391767243187,7.878053271650318,7.208467870070126e-15,14,114,True,frontier,,
37,23,1474,595,exact_hop,33.99999999999977,34,1.000868234427514,6,1.772787960060249,6,1.4666040606716713,0.8272867899113147,7.643871422932261,5.349613719107047e-15,78,114,True,frontier,,
61,23,2255,1781,off_manifold_hop,33.99999999999966,34,1.0073370786887426,1,2.6177097609357745,7,2.20237960840739,0.841338348992551,4.242579491031758,4.249580774351988e-15,18,114,True,frontier,,
115,23,3909,3888,exact_hop,32.00000000000091,32,1.0182275753507177,5,3.0778465004375444,5,2.13058948661258,0.692233835023838,5.830344983458667,4.502560268265838e-15,1,115,True,expanded:genericity,,
101,23,3486,3442,exact_hop,33.99999999999966,34,0.4620144757728471,7,2.2125038258841845,6,1.3614402827189793,0.6153391767243187,7.878053271650318,7.208467870070126e-15,15,115,True,expanded:deletion,,
37,23,1474,595,exact_hop,33.99999999999977,34,1.000868234427514,6,1.772787960060249,6,1.4666040606716713,0.8272867899113147,7.643871422932261,5.349613719107047e-15,79,115,True,expanded:death,,
116,23,3947,3909,off_manifold_hop,31.999999999999773,32,1.0135606056017374,5,3.045649841085915,20,2.1457784983867514,0.7045388046387112,5.484721733334985,3.9998562407997095e-15,0,-1,True,pareto_kept_polished,,
101,23,3486,3442,exact_hop,33.99999999999966,34,0.4620144757728471,7,2.2125038258841845,6,1.3614402827189793,0.6153391767243187,7.878053271650318,7.208467870070126e-15,15,115,True,pareto_kept_polished,,
37,23,1474,595,exact_hop,33.99999999999977,34,1.000868234427514,6,1.7727879600602525,6,1.4666040606716713,0.827286789911313,7.643871422932261,5.797675914864943e-15,79,115,True,pareto_kept_polished,,
61,23,2255,1781,off_manifold_hop,33.99999999999966,34,1.0073370786887426,1,2.6177097609357745,7,2.20237960840739,0.841338348992551,4.242579491031758,4.249580774351988e-15,18,114,True,pareto_kept_polished,,
116,23,3947,3909,off_manifold_hop,31.999999999999773,32,1.0135606056017374,5,3.045649841085915,20,2.1457784983867514,0.7045388046387112,5.484721733334985,3.9998562407997095e-15,0,-1,True,frontier,,
101,23,3486,3442,exact_hop,33.99999999999966,34,0.4620144757728471,7,2.2125038258841845,6,1.3614402827189793,0.6153391767243187,7.878053271650318,7.208467870070126e-15,15,115,True,frontier,,
37,23,1474,595,exact_hop,33.99999999999977,34,1.000868234427514,6,1.7727879600602525,6,1.4666040606716713,0.827286789911313,7.643871422932261,5.797675914864943e-15,79,115,True,frontier,,
61,23,2255,1781,off_manifold_hop,33.99999999999966,34,1.0073370786887426,1,2.6177097609357745,7,2.20237960840739,0.841338348992551,4.242579491031758,4.249580774351988e-15,18,114,True,frontier,,
101,23,3486,3442,exact_hop,33.99999999999966,34,0.4620144757728471,7,2.2125038258841845,6,1.3614402827189793,0.6153391767243187,7.878053271650318,7.208467870070126e-15,15,115,False,full_delete_probe,0.4044918145230236,7
116,23,3947,3909,off_manifold_hop,31.999999999999773,32,1.0135606056017374,5,3.045649841085915,20,2.1457784983867514,0.7045388046387112,5.484721733334985,3.9998562407997095e-15,1,116,True,expanded:genericity,,
101,23,3486,3442,exact_hop,33.99999999999966,34,0.4620144757728471,7,2.2125038258841845,6,1.3614402827189793,0.6153391767243187,7.878053271650318,7.208467870070126e-15,16,116,True,expanded:deletion,,
37,23,1474,595,exact_hop,33.99999999999977,34,1.000868234427514,6,1.7727879600602525,6,1.4666040606716713,0.827286789911313,7.643871422932261,5.797675914864943e-15,80,116,True,expanded:death,,
117,23,3972,3947,exact_hop,32.00000000000125,32,0.9391315726425786,5,3.5344818068285813,21,2.578312827912177,0.729474069701223,6.75490829287534,4.80561722010797e-15,0,-1,True,pareto_kept_polished,,
101,23,3486,3442,exact_hop,33.99999999999966,34,0.4620144757728471,7,2.2125038258841845,6,1.3614402827189793,0.6153391767243187,7.878053271650318,7.208467870070126e-15,16,116,True,pareto_kept_polished,,
37,23,1474,595,exact_hop,33.99999999999977,34,1.000868234427514,6,1.772787960060249,6,1.4666040606716713,0.8272867899113147,7.643871422932261,5.349613719107047e-15,80,116,True,pareto_kept_polished,,
61,23,2255,1781,off_manifold_hop,33.99999999999966,34,1.0073370786887426,1,2.6177097609357745,7,2.20237960840739,0.841338348992551,4.242579491031758,4.249580774351988e-15,18,114,True,pareto_kept_polished,,
117,23,3972,3947,exact_hop,32.00000000000125,32,0.9391315726425786,5,3.5344818068285813,21,2.578312827912177,0.729474069701223,6.75490829287534,4.80561722010797e-15,0,-1,True,frontier,,
101,23,3486,3442,exact_hop,33.99999999999966,34,0.4620144757728471,7,2.2125038258841845,6,1.3614402827189793,0.6153391767243187,7.878053271650318,7.208467870070126e-15,16,116,True,frontier,,
37,23,1474,595,exact_hop,33.99999999999977,34,1.000868234427514,6,1.772787960060249,6,1.4666040606716713,0.8272867899113147,7.643871422932261,5.349613719107047e-15,80,116,True,frontier,,
61,23,2255,1781,off_manifold_hop,33.99999999999966,34,1.0073370786887426,1,2.6177097609357745,7,2.20237960840739,0.841338348992551,4.242579491031758,4.249580774351988e-15,18,114,True,frontier,,
117,23,3972,3947,exact_hop,32.00000000000125,32,0.9391315726425786,5,3.5344818068285813,21,2.578312827912177,0.729474069701223,6.75490829287534,4.80561722010797e-15,1,117,True,expanded:genericity,,
101,23,3486,3442,exact_hop,33.99999999999966,34,0.4620144757728471,7,2.2125038258841845,6,1.3614402827189793,0.6153391767243187,7.878053271650318,7.208467870070126e-15,17,117,True,expanded:deletion,,
37,23,1474,595,exact_hop,33.99999999999977,34,1.000868234427514,6,1.772787960060249,6,1.4666040606716713,0.8272867899113147,7.643871422932261,5.349613719107047e-15,81,117,True,expanded:death,,
61,23,2255,1781,off_manifold_hop,33.99999999999966,34,1.0073370786887426,1,2.6177097609357745,7,2.20237960840739,0.841338348992551,4.242579491031758,4.249580774351988e-15,19,117,True,expanded:explore,,
118,23,4001,3972,exact_hop,31.999999999999773,32,1.0070662264649934,7,2.7406178441950075,20,1.8567880586293115,0.6775071039408997,7.329456863458817,5.427116616945036e-15,0,-1,True,pareto_kept_polished,,
101,23,3486,3442,exact_hop,33.99999999999966,34,0.4620144757728471,7,2.2125038258841845,6,1.3614402827189793,0.6153391767243187,7.878053271650318,7.208467870070126e-15,17,117,True,pareto_kept_polished,,
37,23,1474,595,exact_hop,33.99999999999977,34,1.000868234427514,6,1.7727879600602525,6,1.4666040606716713,0.827286789911313,7.643871422932261,5.797675914864943e-15,81,117,True,pareto_kept_polished,,
61,23,2255,1781,off_manifold_hop,33.99999999999966,34,1.0073370786887426,1,2.6177097609357745,7,2.20237960840739,0.841338348992551,4.242579491031758,4.249580774351988e-15,19,117,True,pareto_kept_polished,,
118,23,4001,3972,exact_hop,31.999999999999773,32,1.0070662264649934,7,2.7406178441950075,20,1.8567880586293115,0.6775071039408997,7.329456863458817,5.427116616945036e-15,0,-1,True,frontier,,
101,23,3486,3442,exact_hop,33.99999999999966,34,0.4620144757728471,7,2.2125038258841845,6,1.3614402827189793,0.6153391767243187,7.878053271650318,7.208467870070126e-15,17,117,True,frontier,,
37,23,1474,595,exact_hop,33.99999999999977,34,1.000868234427514,6,1.7727879600602525,6,1.4666040606716713,0.827286789911313,7.643871422932261,5.797675914864943e-15,81,117,True,frontier,,
61,23,2255,1781,off_manifold_hop,33.99999999999966,34,1.0073370786887426,1,2.6177097609357745,7,2.20237960840739,0.841338348992551,4.242579491031758,4.249580774351988e-15,19,117,True,frontier,,
101,23,3486,3442,exact_hop,33.99999999999966,34,0.4620144757728471,7,2.2125038258841845,6,1.3614402827189793,0.6153391767243187,7.878053271650318,7.208467870070126e-15,17,117,False,full_delete_probe,0.4044918145230236,7
118,23,4001,3972,exact_hop,31.999999999999773,32,1.0070662264649934,7,2.7406178441950075,20,1.8567880586293115,0.6775071039408997,7.329456863458817,5.427116616945036e-15,1,118,True,expanded:genericity,,
101,23,3486,3442,exact_hop,33.99999999999966,34,0.4620144757728471,7,2.2125038258841845,6,1.3614402827189793,0.6153391767243187,7.878053271650318,7.208467870070126e-15,18,118,True,expanded:deletion,,
37,23,1474,595,exact_hop,33.99999999999977,34,1.000868234427514,6,1.7727879600602525,6,1.4666040606716713,0.827286789911313,7.643871422932261,5.797675914864943e-15,82,118,True,expanded:death,,
119,23,4039,4001,off_manifold_hop,31.99999999999966,32,1.0022288170379035,7,2.9005083032061414,20,1.8652550739149536,0.6430786879158913,7.205618971570118,5.668894941643405e-15,0,-1,True,pareto_kept_polished,,
101,23,3486,3442,exact_hop,33.99999999999966,34,0.4620144757728471,7,2.2125038258841845,6,1.3614402827189793,0.6153391767243187,7.878053271650318,7.208467870070126e-15,18,118,True,pareto_kept_polished,,
37,23,1474,595,exact_hop,33.99999999999977,34,1.000868234427514,6,1.772787960060249,6,1.4666040606716713,0.8272867899113147,7.643871422932261,5.349613719107047e-15,82,118,True,pareto_kept_polished,,
61,23,2255,1781,off_manifold_hop,33.99999999999966,34,1.0073370786887426,1,2.6177097609357745,7,2.20237960840739,0.841338348992551,4.242579491031758,4.249580774351988e-15,19,117,True,pareto_kept_polished,,
119,23,4039,4001,off_manifold_hop,31.99999999999966,32,1.0022288170379035,7,2.9005083032061414,20,1.8652550739149536,0.6430786879158913,7.205618971570118,5.668894941643405e-15,0,-1,True,frontier,,
101,23,3486,3442,exact_hop,33.99999999999966,34,0.4620144757728471,7,2.2125038258841845,6,1.3614402827189793,0.6153391767243187,7.878053271650318,7.208467870070126e-15,18,118,True,frontier,,
37,23,1474,595,exact_hop,33.99999999999977,34,1.000868234427514,6,1.772787960060249,6,1.4666040606716713,0.8272867899113147,7.643871422932261,5.349613719107047e-15,82,118,True,frontier,,
61,23,2255,1781,off_manifold_hop,33.99999999999966,34,1.0073370786887426,1,2.6177097609357745,7,2.20237960840739,0.841338348992551,4.242579491031758,4.249580774351988e-15,19,117,True,frontier,,
119,23,4039,4001,off_manifold_hop,31.99999999999966,32,1.0022288170379035,7,2.9005083032061414,20,1.8652550739149536,0.6430786879158913,7.205618971570118,5.668894941643405e-15,1,119,True,expanded:genericity,,
101,23,3486,3442,exact_hop,33.99999999999966,34,0.4620144757728471,7,2.2125038258841845,6,1.3614402827189793,0.6153391767243187,7.878053271650318,7.208467870070126e-15,19,119,True,expanded:deletion,,
37,23,1474,595,exact_hop,33.99999999999977,34,1.000868234427514,6,1.772787960060249,6,1.4666040606716713,0.8272867899113147,7.643871422932261,5.349613719107047e-15,83,119,True,expanded:death,,
120,23,4064,4039,exact_hop,32.000000000000114,32,1.0081897438017244,21,3.6216735851214876,2,3.3742523216731066,0.9316831686696355,7.810468392068419,5.5312475215031024e-15,0,-1,True,pareto_kept_polished,,
101,23,3486,3442,exact_hop,33.99999999999966,34,0.4620144757728471,7,2.2125038258841845,6,1.3614402827189793,0.6153391767243187,7.878053271650318,7.208467870070126e-15,19,119,True,pareto_kept_polished,,
37,23,1474,595,exact_hop,33.99999999999977,34,1.000868234427514,6,1.7727879600602525,6,1.4666040606716713,0.827286789911313,7.643871422932261,5.797675914864943e-15,83,119,True,pareto_kept_polished,,
61,23,2255,1781,off_manifold_hop,33.99999999999966,34,1.0073370786887426,1,2.6177097609357745,7,2.20237960840739,0.841338348992551,4.242579491031758,4.249580774351988e-15,19,117,True,pareto_kept_polished,,
