generation,rank,basin_id,parent_id,source,soft_nullity,hard_nullity,susceptibility,susceptibility_channel,death_distance,best_channel,best_amplitude,best_killability,max_abs_amplitude,residual,expansion_count,last_expanded_generation,accepted,note,probe_residual,probe_channel
0,23,0,-1,initial,34.999999999999886,35,1.007184442253934,22,2.738521196218581,22,1.7351317115534728,0.6336017095465196,3.5933851038236875,3.229326868884845e-15,0,-1,True,frontier,,
0,23,0,-1,initial,34.999999999999886,35,1.007184442253934,22,2.738521196218581,22,1.7351317115534728,0.6336017095465196,3.5933851038236875,3.229326868884845e-15,0,-1,False,full_delete_probe,1.000174793673893,22
0,23,0,-1,initial,34.999999999999886,35,1.007184442253934,22,2.738521196218581,22,1.7351317115534728,0.6336017095465196,3.5933851038236875,3.229326868884845e-15,1,0,True,expanded:genericity+deletion+death,,
1,23,12,0,exact_hop,35.0,35,1.0118981758960204,2,3.124369887631535,14,2.223733799234404,0.7117383277945145,4.965188822630523,3.761811171151207e-15,0,-1,True,pareto_kept_polished,,
1,23,14,0,exact_hop,34.99999999999977,35,1.0006164230091237,11,2.9210905312669597,11,1.13139621158199,0.3873198038443784,4.428471574367834,3.5124408848142988e-15,0,-1,True,pareto_kept_polished,,
1,23,13,0,exact_hop,34.99999999999977,35,1.0026100000643046,11,2.1955686993554644,11,1.4094882433299343,0.6419695469987828,4.545843688638398,3.938265875667738e-15,0,-1,True,pareto_kept_polished,,
0,23,0,-1,initial,34.99999999999977,35,1.007184442253934,22,2.7385211962185845,22,1.7351317115534728,0.6336017095465188,3.5933851038236875,3.1276083929785848e-15,1,0,True,pareto_kept_polished,,
1,23,12,0,exact_hop,35.0,35,1.0118981758960204,2,3.124369887631535,14,2.223733799234404,0.7117383277945145,4.965188822630523,3.761811171151207e-15,0,-1,True,frontier,,
1,23,14,0,exact_hop,34.99999999999977,35,1.0006164230091237,11,2.9210905312669597,11,1.13139621158199,0.3873198038443784,4.428471574367834,3.5124408848142988e-15,0,-1,True,frontier,,
1,23,13,0,exact_hop,34.99999999999977,35,1.0026100000643046,11,2.1955686993554644,11,1.4094882433299343,0.6419695469987828,4.545843688638398,3.938265875667738e-15,0,-1,True,frontier,,
0,23,0,-1,initial,34.99999999999977,35,1.007184442253934,22,2.7385211962185845,22,1.7351317115534728,0.6336017095465188,3.5933851038236875,3.1276083929785848e-15,1,0,True,frontier,,
0,23,0,-1,initial,34.99999999999977,35,1.007184442253934,22,2.7385211962185845,22,1.7351317115534728,0.6336017095465188,3.5933851038236875,3.1276083929785848e-15,2,1,True,expanded:genericity,,
1,23,14,0,exact_hop,34.99999999999977,35,1.0006164230091237,11,2.9210905312669597,11,1.13139621158199,0.3873198038443784,4.428471574367834,3.5124408848142988e-15,1,1,True,expanded:deletion,,
1,23,13,0,exact_hop,34.99999999999977,35,1.0026100000643046,11,2.1955686993554644,11,1.4094882433299343,0.6419695469987828,4.545843688638398,3.938265875667738e-15,1,1,True,expanded:death,,
2,23,59,13,exact_hop,34.99999999999977,35,1.0009956169037526,11,2.1548305810626265,11,1.4057685816942003,0.6523800961655946,5.09671877656741,3.707023537745885e-15,0,-1,True,pareto_kept_polished,,
2,23,32,0,off_manifold_hop,35.0,35,0.916738298910729,14,2.227347650658912,11,1.4685532292770165,0.6593282502812604,4.203930752171282,3.1969034741833386e-15,0,-1,True,pareto_kept_polished,,
2,23,29,0,exact_hop,34.99999999999977,35,1.0008610433971101,11,1.97010199662488,11,1.522866781590605,0.7729888016963258,4.9570923830156675,3.9663870245798194e-15,0,-1,True,pareto_kept_polished,,
0,23,0,-1,initial,34.99999999999977,35,1.007184442253934,22,2.738521196218587,22,1.7351317115534728,0.6336017095465182,3.5933851038236875,3.191905963138118e-15,2,1,True,pareto_kept_polished,,
2,23,59,13,exact_hop,34.99999999999977,35,1.0009956169037526,11,2.1548305810626265,11,1.4057685816942003,0.6523800961655946,5.09671877656741,3.707023537745885e-15,0,-1,True,frontier,,
2,23,32,0,off_manifold_hop,35.0,35,0.916738298910729,14,2.227347650658912,11,1.4685532292770165,0.6593282502812604,4.203930752171282,3.1969034741833386e-15,0,-1,True,frontier,,
2,23,29,0,exact_hop,34.99999999999977,35,1.0008610433971101,11,1.97010199662488,11,1.522866781590605,0.7729888016963258,4.9570923830156675,3.9663870245798194e-15,0,-1,True,frontier,,
0,23,0,-1,initial,34.99999999999977,35,1.007184442253934,22,2.738521196218587,22,1.7351317115534728,0.6336017095465182,3.5933851038236875,3.191905963138118e-15,2,1,True,frontier,,
2,23,32,0,off_manifold_hop,35.0,35,0.916738298910729,14,2.227347650658912,11,1.4685532292770165,0.6593282502812604,4.203930752171282,3.1969034741833386e-15,0,-1,False,full_delete_probe,1.0081672192008773,14
0,23,0,-1,initial,34.99999999999977,35,1.007184442253934,22,2.738521196218587,22,1.7351317115534728,0.6336017095465182,3.5933851038236875,3.191905963138118e-15,3,2,True,expanded:genericity,,
2,23,32,0,off_manifold_hop,35.0,35,0.916738298910729,14,2.227347650658912,11,1.4685532292770165,0.6593282502812604,4.203930752171282,3.1969034741833386e-15,1,2,True,expanded:deletion,,
2,23,29,0,exact_hop,34.99999999999977,35,1.0008610433971101,11,1.97010199662488,11,1.522866781590605,0.7729888016963258,4.9570923830156675,3.9663870245798194e-15,1,2,True,expanded:death,,
3,23,74,0,exact_hop,34.99999999999977,35,1.0012306746681177,12,2.234881099850393,11,1.3361316212613468,0.5978535597937581,5.191919302346545,4.367582057448414e-15,0,-1,True,pareto_kept_polished,,
3,23,107,29,exact_hop,34.999999999999545,35,0.7515507215753943,14,2.5297066445409024,11,1.2149593612089211,0.48027677985144995,4.924558957052268,3.6652169295180884e-14,0,-1,True,pareto_kept_polished,,
3,23,106,29,exact_hop,35.00000000000091,35,1.0002445605711725,12,1.8242980131028432,11,1.387659395347992,0.7606538983111659,4.643126862098765,5.304334753056548e-15,0,-1,True,pareto_kept_polished,,
3,23,78,0,off_manifold_hop,34.99999999999977,35,1.0010620149515337,11,2.3008193540557267,12,1.4636261571600424,0.6361325823255366,3.4938431313657,3.132062271658138e-15,0,-1,True,pareto_kept_polished,,
3,23,74,0,exact_hop,34.99999999999977,35,1.0012306746681177,12,2.234881099850393,11,1.3361316212613468,0.5978535597937581,5.191919302346545,4.367582057448414e-15,0,-1,True,frontier,,
3,23,107,29,exact_hop,34.999999999999545,35,0.7515507215753943,14,2.5297066445409024,11,1.2149593612089211,0.48027677985144995,4.924558957052268,3.6652169295180884e-14,0,-1,True,frontier,,
3,23,106,29,exact_hop,35.00000000000091,35,1.0002445605711725,12,1.8242980131028432,11,1.387659395347992,0.7606538983111659,4.643126862098765,5.304334753056548e-15,0,-1,True,frontier,,
3,23,78,0,off_manifold_hop,34.99999999999977,35,1.0010620149515337,11,2.3008193540557267,12,1.4636261571600424,0.6361325823255366,3.4938431313657,3.132062271658138e-15,0,-1,True,frontier,,
3,23,107,29,exact_hop,34.999999999999545,35,0.7515507215753943,14,2.5297066445409024,11,1.2149593612089211,0.48027677985144995,4.924558957052268,3.6652169295180884e-14,1,3,True,expanded:genericity+deletion,,
3,23,106,29,exact_hop,35.00000000000091,35,1.0002445605711725,12,1.8242980131028432,11,1.387659395347992,0.7606538983111659,4.643126862098765,5.304334753056548e-15,1,3,True,expanded:death,,
3,23,74,0,exact_hop,34.99999999999977,35,1.0012306746681177,12,2.234881099850393,11,1.3361316212613468,0.5978535597937581,5.191919302346545,4.367582057448414e-15,1,3,True,expanded:explore,,
3,23,78,0,off_manifold_hop,34.99999999999977,35,1.0010620149515337,11,2.3008193540557267,12,1.4636261571600424,0.6361325823255366,3.4938431313657,3.132062271658138e-15,1,3,True,expanded:explore,,
4,23,169,78,off_manifold_hop,34.000000000006594,34,1.0011390286231678,11,2.256226623333924,11,1.4265300595151775,0.6322636408780864,3.9352595730444344,3.730109354536265e-15,0,-1,True,pareto_kept_polished,,
3,23,107,29,exact_hop,34.999999999999545,35,0.7515507215753943,14,2.5297066445408976,11,1.2149593612089211,0.4802767798514509,4.924558957052268,3.684187900872689e-14,1,3,True,pareto_kept_polished,,
3,23,106,29,exact_hop,35.00000000000091,35,1.0002445605711725,12,1.8242980131028423,11,1.387659395347992,0.7606538983111663,4.643126862098765,5.220907742258174e-15,1,3,True,pareto_kept_polished,,
3,23,78,0,off_manifold_hop,34.99999999999977,35,1.0010620149515337,11,2.3008193540557222,12,1.4636261571600424,0.6361325823255378,3.4938431313657,3.334281827613365e-15,1,3,True,pareto_kept_polished,,
4,23,169,78,off_manifold_hop,34.000000000006594,34,1.0011390286231678,11,2.256226623333924,11,1.4265300595151775,0.6322636408780864,3.9352595730444344,3.730109354536265e-15,0,-1,True,frontier,,
3,23,107,29,exact_hop,34.999999999999545,35,0.7515507215753943,14,2.5297066445408976,11,1.2149593612089211,0.4802767798514509,4.924558957052268,3.684187900872689e-14,1,3,True,frontier,,
3,23,106,29,exact_hop,35.00000000000091,35,1.0002445605711725,12,1.8242980131028423,11,1.387659395347992,0.7606538983111663,4.643126862098765,5.220907742258174e-15,1,3,True,frontier,,
3,23,78,0,off_manifold_hop,34.99999999999977,35,1.0010620149515337,11,2.3008193540557222,12,1.4636261571600424,0.6361325823255378,3.4938431313657,3.334281827613365e-15,1,3,True,frontier,,
3,23,107,29,exact_hop,34.999999999999545,35,0.7515507215753943,14,2.5297066445408976,11,1.2149593612089211,0.4802767798514509,4.924558957052268,3.684187900872689e-14,1,3,False,full_delete_probe,1.000118587821383,14
4,23,169,78,off_manifold_hop,34.000000000006594,34,1.0011390286231678,11,2.256226623333924,11,1.4265300595151775,0.6322636408780864,3.9352595730444344,3.730109354536265e-15,1,4,True,expanded:genericity,,
3,23,107,29,exact_hop,34.999999999999545,35,0.7515507215753943,14,2.5297066445408976,11,1.2149593612089211,0.4802767798514509,4.924558957052268,3.684187900872689e-14,2,4,True,expanded:deletion,,
3,23,106,29,exact_hop,35.00000000000091,35,1.0002445605711725,12,1.8242980131028423,11,1.387659395347992,0.7606538983111663,4.643126862098765,5.220907742258174e-15,2,4,True,expanded:death,,
5,23,181,169,exact_hop,33.99999999999977,34,1.0008974105166755,11,2.0682372417419534,11,1.4638133444385737,0.7077589141590404,4.161989471248186,3.780057892842701e-15,0,-1,True,pareto_kept_polished,,
3,23,107,29,exact_hop,34.999999999999545,35,0.7515507215753943,14,2.529706644540904,11,1.2149593612089211,0.4802767798514496,4.924558957052268,3.6680581269010496e-14,2,4,True,pareto_kept_polished,,
3,23,106,29,exact_hop,35.00000000000091,35,1.0002445605711725,12,1.8242980131028408,11,1.387659395347992,0.7606538983111669,4.643126862098765,5.089514364481192e-15,2,4,True,pareto_kept_polished,,
3,23,78,0,off_manifold_hop,34.99999999999977,35,1.0010620149515337,11,2.3008193540557227,12,1.4636261571600424,0.6361325823255377,3.4938431313657,3.3936216338958087e-15,1,3,True,pareto_kept_polished,,
5,23,181,169,exact_hop,33.99999999999977,34,1.0008974105166755,11,2.0682372417419534,11,1.4638133444385737,0.7077589141590404,4.161989471248186,3.780057892842701e-15,0,-1,True,frontier,,
3,23,107,29,exact_hop,34.999999999999545,35,0.7515507215753943,14,2.529706644540904,11,1.2149593612089211,0.4802767798514496,4.924558957052268,3.6680581269010496e-14,2,4,True,frontier,,
3,23,106,29,exact_hop,35.00000000000091,35,1.0002445605711725,12,1.8242980131028408,11,1.387659395347992,0.7606538983111669,4.643126862098765,5.089514364481192e-15,2,4,True,frontier,,
3,23,78,0,off_manifold_hop,34.99999999999977,35,1.0010620149515337,11,2.3008193540557227,12,1.4636261571600424,0.6361325823255377,3.4938431313657,3.3936216338958087e-15,1,3,True,frontier,,
5,23,181,169,exact_hop,33.99999999999977,34,1.0008974105166755,11,2.0682372417419534,11,1.4638133444385737,0.7077589141590404,4.161989471248186,3.780057892842701e-15,1,5,True,expanded:genericity,,
3,23,107,29,exact_hop,34.999999999999545,35,0.7515507215753943,14,2.529706644540904,11,1.2149593612089211,0.4802767798514496,4.924558957052268,3.6680581269010496e-14,3,5,True,expanded:deletion,,
3,23,106,29,exact_hop,35.00000000000091,35,1.0002445605711725,12,1.8242980131028408,11,1.387659395347992,0.7606538983111669,4.643126862098765,5.089514364481192e-15,3,5,True,expanded:death,,
6,23,228,181,off_manifold_hop,33.999999999999886,34,0.6233778812468029,14,2.4266923227249313,11,1.3410658794618215,0.5526311955179961,3.9936100835669532,3.795852927335188e-15,0,-1,True,pareto_kept_polished,,
3,23,106,29,exact_hop,35.00000000000091,35,1.0002445605711725,12,1.8242980131028446,11,1.387659395347992,0.7606538983111654,4.643126862098765,5.224702275256273e-15,3,5,True,pareto_kept_polished,,
3,23,78,0,off_manifold_hop,34.99999999999977,35,1.0010620149515337,11,2.300819354055727,12,1.4636261571600424,0.6361325823255364,3.4938431313657,3.3558939936368064e-15,1,3,True,pareto_kept_polished,,
6,23,226,181,exact_hop,34.000000000000114,34,0.9996467805570545,9,2.051295489047178,11,1.5475045507865999,0.7544035264784852,4.103431704319164,3.952493661119167e-15,0,-1,True,pareto_kept_polished,,
6,23,228,181,off_manifold_hop,33.999999999999886,34,0.6233778812468029,14,2.4266923227249313,11,1.3410658794618215,0.5526311955179961,3.9936100835669532,3.795852927335188e-15,0,-1,True,frontier,,
3,23,106,29,exact_hop,35.00000000000091,35,1.0002445605711725,12,1.8242980131028446,11,1.387659395347992,0.7606538983111654,4.643126862098765,5.224702275256273e-15,3,5,True,frontier,,
3,23,78,0,off_manifold_hop,34.99999999999977,35,1.0010620149515337,11,2.300819354055727,12,1.4636261571600424,0.6361325823255364,3.4938431313657,3.3558939936368064e-15,1,3,True,frontier,,
6,23,226,181,exact_hop,34.000000000000114,34,0.9996467805570545,9,2.051295489047178,11,1.5475045507865999,0.7544035264784852,4.103431704319164,3.952493661119167e-15,0,-1,True,frontier,,
6,23,228,181,off_manifold_hop,33.999999999999886,34,0.6233778812468029,14,2.4266923227249313,11,1.3410658794618215,0.5526311955179961,3.9936100835669532,3.795852927335188e-15,0,-1,False,full_delete_probe,1.010211809185348,14
6,23,228,181,off_manifold_hop,33.999999999999886,34,0.6233778812468029,14,2.4266923227249313,11,1.3410658794618215,0.5526311955179961,3.9936100835669532,3.795852927335188e-15,1,6,True,expanded:genericity+deletion,,
3,23,106,29,exact_hop,35.00000000000091,35,1.0002445605711725,12,1.8242980131028446,11,1.387659395347992,0.7606538983111654,4.643126862098765,5.224702275256273e-15,4,6,True,expanded:death,,
6,23,226,181,exact_hop,34.000000000000114,34,0.9996467805570545,9,2.051295489047178,11,1.5475045507865999,0.7544035264784852,4.103431704319164,3.952493661119167e-15,1,6,True,expanded:explore,,
3,23,78,0,off_manifold_hop,34.99999999999977,35,1.0010620149515337,11,2.300819354055727,12,1.4636261571600424,0.6361325823255364,3.4938431313657,3.3558939936368064e-15,2,6,True,expanded:explore,,
7,23,270,228,wall:amplitude_wall,34.00000000007083,34,0.6536339272349926,14,2.923215065811111,12,1.2798744107562525,0.4378310804857332,4.055796991341579,4.525765769388705e-15,0,-1,True,pareto_kept_polished,,
6,23,228,181,off_manifold_hop,33.99999999999977,34,0.6233778812468029,14,2.4266923227249273,11,1.3410658794618215,0.552631195517997,3.9936100835669532,3.666674555463838e-15,1,6,True,pareto_kept_polished,,
3,23,106,29,exact_hop,35.00000000000091,35,1.0002445605711725,12,1.8242980131028426,11,1.387659395347992,0.7606538983111661,4.643126862098765,5.095775059918725e-15,4,6,True,pareto_kept_polished,,
3,23,78,0,off_manifold_hop,34.99999999999977,35,1.0010620149515337,11,2.300819354055725,12,1.4636261571600424,0.636132582325537,3.4938431313657,3.412070689384608e-15,2,6,True,pareto_kept_polished,,
7,23,270,228,wall:amplitude_wall,34.00000000007083,34,0.6536339272349926,14,2.923215065811111,12,1.2798744107562525,0.4378310804857332,4.055796991341579,4.525765769388705e-15,0,-1,True,frontier,,
6,23,228,181,off_manifold_hop,33.99999999999977,34,0.6233778812468029,14,2.4266923227249273,11,1.3410658794618215,0.552631195517997,3.9936100835669532,3.666674555463838e-15,1,6,True,frontier,,
3,23,106,29,exact_hop,35.00000000000091,35,1.0002445605711725,12,1.8242980131028426,11,1.387659395347992,0.7606538983111661,4.643126862098765,5.095775059918725e-15,4,6,True,frontier,,
3,23,78,0,off_manifold_hop,34.99999999999977,35,1.0010620149515337,11,2.300819354055725,12,1.4636261571600424,0.636132582325537,3.4938431313657,3.412070689384608e-15,2,6,True,frontier,,
6,23,228,181,off_manifold_hop,33.99999999999977,34,0.6233778812468029,14,2.4266923227249273,11,1.3410658794618215,0.552631195517997,3.9936100835669532,3.666674555463838e-15,2,7,True,expanded:genericity+deletion,,
3,23,106,29,exact_hop,35.00000000000091,35,1.0002445605711725,12,1.8242980131028426,11,1.387659395347992,0.7606538983111661,4.643126862098765,5.095775059918725e-15,5,7,True,expanded:death,,
7,23,270,228,wall:amplitude_wall,34.00000000007083,34,0.6536339272349926,14,2.923215065811111,12,1.2798744107562525,0.4378310804857332,4.055796991341579,4.525765769388705e-15,1,7,True,expanded:explore,,
8,23,356,270,exact_hop,33.99999999999977,34,1.0021536744271815,11,2.2494139883618476,11,1.4358563444441925,0.6383246267130513,4.303260243959931,4.3483282668300844e-15,0,-1,True,pareto_kept_polished,,
8,23,331,228,off_manifold_hop,35.00000000000057,35,0.6080886546589332,14,2.4245536769170437,12,1.6259199908150423,0.6706058959612274,4.25301538382033,4.772797390333615e-15,0,-1,True,pareto_kept_polished,,
3,23,106,29,exact_hop,35.00000000000091,35,1.0002445605711725,12,1.824298013102841,11,1.387659395347992,0.7606538983111668,4.643126862098765,5.230729956592825e-15,5,7,True,pareto_kept_polished,,
3,23,78,0,off_manifold_hop,34.99999999999977,35,1.0010620149515337,11,2.3008193540557227,12,1.4636261571600424,0.6361325823255377,3.4938431313657,3.361245330733872e-15,2,6,True,pareto_kept_polished,,
8,23,356,270,exact_hop,33.99999999999977,34,1.0021536744271815,11,2.2494139883618476,11,1.4358563444441925,0.6383246267130513,4.303260243959931,4.3483282668300844e-15,0,-1,True,frontier,,
8,23,331,228,off_manifold_hop,35.00000000000057,35,0.6080886546589332,14,2.4245536769170437,12,1.6259199908150423,0.6706058959612274,4.25301538382033,4.772797390333615e-15,0,-1,True,frontier,,
3,23,106,29,exact_hop,35.00000000000091,35,1.0002445605711725,12,1.824298013102841,11,1.387659395347992,0.7606538983111668,4.643126862098765,5.230729956592825e-15,5,7,True,frontier,,
3,23,78,0,off_manifold_hop,34.99999999999977,35,1.0010620149515337,11,2.3008193540557227,12,1.4636261571600424,0.6361325823255377,3.4938431313657,3.361245330733872e-15,2,6,True,frontier,,
8,23,331,228,off_manifold_hop,35.00000000000057,35,0.6080886546589332,14,2.4245536769170437,12,1.6259199908150423,0.6706058959612274,4.25301538382033,4.772797390333615e-15,0,-1,False,full_delete_probe,1.0036996118156492,14
8,23,356,270,exact_hop,33.99999999999977,34,1.0021536744271815,11,2.2494139883618476,11,1.4358563444441925,0.6383246267130513,4.303260243959931,4.3483282668300844e-15,1,8,True,expanded:genericity,,
8,23,331,228,off_manifold_hop,35.00000000000057,35,0.6080886546589332,14,2.4245536769170437,12,1.6259199908150423,0.6706058959612274,4.25301538382033,4.772797390333615e-15,1,8,True,expanded:deletion,,
3,23,106,29,exact_hop,35.00000000000091,35,1.0002445605711725,12,1.824298013102841,11,1.387659395347992,0.7606538983111668,4.643126862098765,5.230729956592825e-15,6,8,True,expanded:death,,
9,23,369,356,exact_hop,34.0,34,1.0068140762093853,3,2.966402876050978,0,1.9074800174716096,0.6430279692861346,5.114142394526303,4.451059928977869e-15,0,-1,True,pareto_kept_polished,,
8,23,331,228,off_manifold_hop,35.000000000000455,35,0.6080886546589332,14,2.4245536769170433,12,1.6259199908150423,0.6706058959612275,4.25301538382033,4.5936148560712826e-15,1,8,True,pareto_kept_polished,,
3,23,106,29,exact_hop,35.000000000000796,35,1.0002445605711725,12,1.8242980131028446,11,1.387659395347992,0.7606538983111654,4.643126862098765,4.9933625525335845e-15,6,8,True,pareto_kept_polished,,
3,23,78,0,off_manifold_hop,34.99999999999977,35,1.0010620149515337,11,2.300819354055723,12,1.4636261571600424,0.6361325823255376,3.4938431313657,3.3831076562681163e-15,2,6,True,pareto_kept_polished,,
9,23,369,356,exact_hop,34.0,34,1.0068140762093853,3,2.966402876050978,0,1.9074800174716096,0.6430279692861346,5.114142394526303,4.451059928977869e-15,0,-1,True,frontier,,
8,23,331,228,off_manifold_hop,35.000000000000455,35,0.6080886546589332,14,2.4245536769170433,12,1.6259199908150423,0.6706058959612275,4.25301538382033,4.5936148560712826e-15,1,8,True,frontier,,
3,23,106,29,exact_hop,35.000000000000796,35,1.0002445605711725,12,1.8242980131028446,11,1.387659395347992,0.7606538983111654,4.643126862098765,4.9933625525335845e-15,6,8,True,frontier,,
3,23,78,0,off_manifold_hop,34.99999999999977,35,1.0010620149515337,11,2.300819354055723,12,1.4636261571600424,0.6361325823255376,3.4938431313657,3.3831076562681163e-15,2,6,True,frontier,,
9,23,369,356,exact_hop,34.0,34,1.0068140762093853,3,2.966402876050978,0,1.9074800174716096,0.6430279692861346,5.114142394526303,4.451059928977869e-15,1,9,True,expanded:genericity,,
8,23,331,228,off_manifold_hop,35.000000000000455,35,0.6080886546589332,14,2.4245536769170433,12,1.6259199908150423,0.6706058959612275,4.25301538382033,4.5936148560712826e-15,2,9,True,expanded:deletion,,
3,23,106,29,exact_hop,35.000000000000796,35,1.0002445605711725,12,1.8242980131028446,11,1.387659395347992,0.7606538983111654,4.643126862098765,4.9933625525335845e-15,7,9,True,expanded:death,,
3,23,78,0,off_manifold_hop,34.99999999999977,35,1.0010620149515337,11,2.300819354055723,12,1.4636261571600424,0.6361325823255376,3.4938431313657,3.3831076562681163e-15,3,9,True,expanded:explore,,
10,23,415,369,exact_hop,33.999999999999886,34,1.0005425582347838,11,2.175581216901622,11,1.4836238892989169,0.6819436929189139,6.449958452210073,4.694442288977566e-15,0,-1,True,pareto_kept_polished,,
8,23,331,228,off_manifold_hop,35.000000000000455,35,0.6080886546589332,14,2.424553676917047,12,1.6259199908150423,0.6706058959612266,4.25301538382033,4.5770490148667944e-15,2,9,True,pareto_kept_polished,,
3,23,106,29,exact_hop,35.00000000000091,35,1.0002445605711725,12,1.824298013102845,11,1.387659395347992,0.7606538983111651,4.643126862098765,5.230729956592825e-15,7,9,True,pareto_kept_polished,,
3,23,78,0,off_manifold_hop,34.99999999999977,35,1.0010620149515337,11,2.300819354055727,12,1.4636261571600424,0.6361325823255365,3.4938431313657,3.3696790586777064e-15,3,9,True,pareto_kept_polished,,
10,23,415,369,exact_hop,33.999999999999886,34,1.0005425582347838,11,2.175581216901622,11,1.4836238892989169,0.6819436929189139,6.449958452210073,4.694442288977566e-15,0,-1,True,frontier,,
8,23,331,228,off_manifold_hop,35.000000000000455,35,0.6080886546589332,14,2.424553676917047,12,1.6259199908150423,0.6706058959612266,4.25301538382033,4.5770490148667944e-15,2,9,True,frontier,,
3,23,106,29,exact_hop,35.00000000000091,35,1.0002445605711725,12,1.824298013102845,11,1.387659395347992,0.7606538983111651,4.643126862098765,5.230729956592825e-15,7,9,True,frontier,,
3,23,78,0,off_manifold_hop,34.99999999999977,35,1.0010620149515337,11,2.300819354055727,12,1.4636261571600424,0.6361325823255365,3.4938431313657,3.3696790586777064e-15,3,9,True,frontier,,
8,23,331,228,off_manifold_hop,35.000000000000455,35,0.6080886546589332,14,2.424553676917047,12,1.6259199908150423,0.6706058959612266,4.25301538382033,4.5770490148667944e-15,2,9,False,full_delete_probe,1.000227153962632,14
10,23,415,369,exact_hop,33.999999999999886,34,1.0005425582347838,11,2.175581216901622,11,1.4836238892989169,0.6819436929189139,6.449958452210073,4.694442288977566e-15,1,10,True,expanded:genericity,,
8,23,331,228,off_manifold_hop,35.000000000000455,35,0.6080886546589332,14,2.424553676917047,12,1.6259199908150423,0.6706058959612266,4.25301538382033,4.5770490148667944e-15,3,10,True,expanded:deletion,,
3,23,106,29,exact_hop,35.00000000000091,35,1.0002445605711725,12,1.824298013102845,11,1.387659395347992,0.7606538983111651,4.643126862098765,5.230729956592825e-15,8,10,True,expanded:death,,
11,23,476,415,exact_hop,34.00000000000091,34,1.0005665120947371,11,2.178602241046273,11,1.4659299720159678,0.6728763720136244,6.310913036731542,4.152851612142097e-15,0,-1,True,pareto_kept_polished,,
8,23,331,228,off_manifold_hop,35.00000000000057,35,0.6080886546589332,14,2.424553676917047,12,1.6259199908150423,0.6706058959612266,4.25301538382033,4.5936148560712826e-15,3,10,True,pareto_kept_polished,,
3,23,106,29,exact_hop,35.000000000000796,35,1.0002445605711725,12,1.8242980131028446,11,1.387659395347992,0.7606538983111654,4.643126862098765,4.9933625525335845e-15,8,10,True,pareto_kept_polished,,
3,23,78,0,off_manifold_hop,34.99999999999977,35,1.0010620149515337,11,2.3008193540557245,12,1.4636261571600424,0.6361325823255372,3.4938431313657,3.3851377697734747e-15,3,9,True,pareto_kept_polished,,
11,23,476,415,exact_hop,34.00000000000091,34,1.0005665120947371,11,2.178602241046273,11,1.4659299720159678,0.6728763720136244,6.310913036731542,4.152851612142097e-15,0,-1,True,frontier,,
8,23,331,228,off_manifold_hop,35.00000000000057,35,0.6080886546589332,14,2.424553676917047,12,1.6259199908150423,0.6706058959612266,4.25301538382033,4.5936148560712826e-15,3,10,True,frontier,,
3,23,106,29,exact_hop,35.000000000000796,35,1.0002445605711725,12,1.8242980131028446,11,1.387659395347992,0.7606538983111654,4.643126862098765,4.9933625525335845e-15,8,10,True,frontier,,
3,23,78,0,off_manifold_hop,34.99999999999977,35,1.0010620149515337,11,2.3008193540557245,12,1.4636261571600424,0.6361325823255372,3.4938431313657,3.3851377697734747e-15,3,9,True,frontier,,
11,23,476,415,exact_hop,34.00000000000091,34,1.0005665120947371,11,2.178602241046273,11,1.4659299720159678,0.6728763720136244,6.310913036731542,4.152851612142097e-15,1,11,True,expanded:genericity,,
8,23,331,228,off_manifold_hop,35.00000000000057,35,0.6080886546589332,14,2.424553676917047,12,1.6259199908150423,0.6706058959612266,4.25301538382033,4.5936148560712826e-15,4,11,True,expanded:deletion,,
3,23,106,29,exact_hop,35.000000000000796,35,1.0002445605711725,12,1.8242980131028446,11,1.387659395347992,0.7606538983111654,4.643126862098765,4.9933625525335845e-15,9,11,True,expanded:death,,
12,23,522,476,exact_hop,33.000000000043656,33,1.0009549767458754,11,2.625935126557647,12,1.172190896239605,0.4463898915036171,6.7746040202560565,4.996651401451994e-15,0,-1,True,pareto_kept_polished,,
8,23,331,228,off_manifold_hop,35.000000000000455,35,0.6080886546589332,14,2.424553676917047,12,1.6259199908150423,0.6706058959612266,4.25301538382033,4.5770490148667944e-15,4,11,True,pareto_kept_polished,,
3,23,106,29,exact_hop,35.00000000000091,35,1.0002445605711725,12,1.824298013102845,11,1.387659395347992,0.7606538983111651,4.643126862098765,5.230729956592825e-15,9,11,True,pareto_kept_polished,,
3,23,78,0,off_manifold_hop,34.99999999999977,35,1.0010620149515337,11,2.300819354055723,12,1.4636261571600424,0.6361325823255376,3.4938431313657,3.373634699877987e-15,3,9,True,pareto_kept_polished,,
12,23,522,476,exact_hop,33.000000000043656,33,1.0009549767458754,11,2.625935126557647,12,1.172190896239605,0.4463898915036171,6.7746040202560565,4.996651401451994e-15,0,-1,True,frontier,,
8,23,331,228,off_manifold_hop,35.000000000000455,35,0.6080886546589332,14,2.424553676917047,12,1.6259199908150423,0.6706058959612266,4.25301538382033,4.5770490148667944e-15,4,11,True,frontier,,
3,23,106,29,exact_hop,35.00000000000091,35,1.0002445605711725,12,1.824298013102845,11,1.387659395347992,0.7606538983111651,4.643126862098765,5.230729956592825e-15,9,11,True,frontier,,
3,23,78,0,off_manifold_hop,34.99999999999977,35,1.0010620149515337,11,2.300819354055723,12,1.4636261571600424,0.6361325823255376,3.4938431313657,3.373634699877987e-15,3,9,True,frontier,,
8,23,331,228,off_manifold_hop,35.000000000000455,35,0.6080886546589332,14,2.424553676917047,12,1.6259199908150423,0.6706058959612266,4.25301538382033,4.5770490148667944e-15,4,11,False,full_delete_probe,1.0001086208139893,14
12,23,522,476,exact_hop,33.000000000043656,33,1.0009549767458754,11,2.625935126557647,12,1.172190896239605,0.4463898915036171,6.7746040202560565,4.996651401451994e-15,1,12,True,expanded:genericity,,
8,23,331,228,off_manifold_hop,35.000000000000455,35,0.6080886546589332,14,2.424553676917047,12,1.6259199908150423,0.6706058959612266,4.25301538382033,4.5770490148667944e-15,5,12,True,expanded:deletion,,
3,23,106,29,exact_hop,35.00000000000091,35,1.0002445605711725,12,1.824298013102845,11,1.387659395347992,0.7606538983111651,4.643126862098765,5.230729956592825e-15,10,12,True,expanded:death,,
3,23,78,0,off_manifold_hop,34.99999999999977,35,1.0010620149515337,11,2.300819354055723,12,1.4636261571600424,0.6361325823255376,3.4938431313657,3.373634699877987e-15,4,12,True,expanded:explore,,
13,23,566,522,exact_hop,33.000000000006025,33,1.0010419784533549,11,3.3270753939679474,3,2.7210263201008758,0.8178433001651089,6.971806023010479,4.410537168164596e-15,0,-1,True,pareto_kept_polished,,
8,23,331,228,off_manifold_hop,35.00000000000057,35,0.6080886546589332,14,2.424553676917047,12,1.6259199908150423,0.6706058959612266,4.25301538382033,4.5936148560712826e-15,5,12,True,pareto_kept_polished,,
3,23,106,29,exact_hop,35.000000000000796,35,1.0002445605711725,12,1.8242980131028446,11,1.387659395347992,0.7606538983111654,4.643126862098765,4.9933625525335845e-15,10,12,True,pareto_kept_polished,,
3,23,78,0,off_manifold_hop,34.99999999999977,35,1.0010620149515337,11,2.300819354055723,12,1.4636261571600424,0.6361325823255375,3.4938431313657,3.3801932969321973e-15,4,12,True,pareto_kept_polished,,
13,23,566,522,exact_hop,33.000000000006025,33,1.0010419784533549,11,3.3270753939679474,3,2.7210263201008758,0.8178433001651089,6.971806023010479,4.410537168164596e-15,0,-1,True,frontier,,
8,23,331,228,off_manifold_hop,35.00000000000057,35,0.6080886546589332,14,2.424553676917047,12,1.6259199908150423,0.6706058959612266,4.25301538382033,4.5936148560712826e-15,5,12,True,frontier,,
3,23,106,29,exact_hop,35.000000000000796,35,1.0002445605711725,12,1.8242980131028446,11,1.387659395347992,0.7606538983111654,4.643126862098765,4.9933625525335845e-15,10,12,True,frontier,,
3,23,78,0,off_manifold_hop,34.99999999999977,35,1.0010620149515337,11,2.300819354055723,12,1.4636261571600424,0.6361325823255375,3.4938431313657,3.3801932969321973e-15,4,12,True,frontier,,
13,23,566,522,exact_hop,33.000000000006025,33,1.0010419784533549,11,3.3270753939679474,3,2.7210263201008758,0.8178433001651089,6.971806023010479,4.410537168164596e-15,1,13,True,expanded:genericity,,
8,23,331,228,off_manifold_hop,35.00000000000057,35,0.6080886546589332,14,2.424553676917047,12,1.6259199908150423,0.6706058959612266,4.25301538382033,4.5936148560712826e-15,6,13,True,expanded:deletion,,
3,23,106,29,exact_hop,35.000000000000796,35,1.0002445605711725,12,1.8242980131028446,11,1.387659395347992,0.7606538983111654,4.643126862098765,4.9933625525335845e-15,11,13,True,expanded:death,,
14,23,625,566,exact_hop,33.000000000002274,33,1.0013280738069577,3,2.9872056881171303,12,1.3141888219207458,0.43993918033447976,6.979001567000775,6.003413851930052e-15,0,-1,True,pareto_kept_polished,,
8,23,331,228,off_manifold_hop,35.000000000000455,35,0.6080886546589332,14,2.424553676917047,12,1.6259199908150423,0.6706058959612266,4.25301538382033,4.5770490148667944e-15,6,13,True,pareto_kept_polished,,
3,23,106,29,exact_hop,35.00000000000091,35,1.0002445605711725,12,1.824298013102845,11,1.387659395347992,0.7606538983111651,4.643126862098765,5.230729956592825e-15,11,13,True,pareto_kept_polished,,
3,23,78,0,off_manifold_hop,34.99999999999977,35,1.0010620149515337,11,2.300819354055727,12,1.4636261571600424,0.6361325823255364,3.4938431313657,3.375670510382763e-15,4,12,True,pareto_kept_polished,,
14,23,625,566,exact_hop,33.000000000002274,33,1.0013280738069577,3,2.9872056881171303,12,1.3141888219207458,0.43993918033447976,6.979001567000775,6.003413851930052e-15,0,-1,True,frontier,,
8,23,331,228,off_manifold_hop,35.000000000000455,35,0.6080886546589332,14,2.424553676917047,12,1.6259199908150423,0.6706058959612266,4.25301538382033,4.5770490148667944e-15,6,13,True,frontier,,
3,23,106,29,exact_hop,35.00000000000091,35,1.0002445605711725,12,1.824298013102845,11,1.387659395347992,0.7606538983111651,4.643126862098765,5.230729956592825e-15,11,13,True,frontier,,
3,23,78,0,off_manifold_hop,34.99999999999977,35,1.0010620149515337,11,2.300819354055727,12,1.4636261571600424,0.6361325823255364,3.4938431313657,3.375670510382763e-15,4,12,True,frontier,,
8,23,331,228,off_manifold_hop,35.000000000000455,35,0.6080886546589332,14,2.424553676917047,12,1.6259199908150423,0.6706058959612266,4.25301538382033,4.5770490148667944e-15,6,13,False,full_delete_probe,1.0002690935255245,14
14,23,625,566,exact_hop,33.000000000002274,33,1.0013280738069577,3,2.9872056881171303,12,1.3141888219207458,0.43993918033447976,6.979001567000775,6.003413851930052e-15,1,14,True,expanded:genericity,,
8,23,331,228,off_manifold_hop,35.000000000000455,35,0.6080886546589332,14,2.424553676917047,12,1.6259199908150423,0.6706058959612266,4.25301538382033,4.5770490148667944e-15,7,14,True,expanded:deletion,,
3,23,106,29,exact_hop,35.00000000000091,35,1.0002445605711725,12,1.824298013102845,11,1.387659395347992,0.7606538983111651,4.643126862098765,5.230729956592825e-15,12,14,True,expanded:death,,
15,23,671,625,wall:amplitude_wall,33.00000000000455,33,1.0020856571295829,3,3.650347441946587,2,2.56220854753299,0.7019081301934001,7.183246456372149,4.851512351587844e-15,0,-1,True,pareto_kept_polished,,
8,23,331,228,off_manifold_hop,35.00000000000057,35,0.6080886546589332,14,2.424553676917047,12,1.6259199908150423,0.6706058959612266,4.25301538382033,4.5936148560712826e-15,7,14,True,pareto_kept_polished,,
3,23,106,29,exact_hop,35.000000000000796,35,1.0002445605711725,12,1.8242980131028446,11,1.387659395347992,0.7606538983111654,4.643126862098765,4.9933625525335845e-15,12,14,True,pareto_kept_polished,,
3,23,78,0,off_manifold_hop,34.99999999999977,35,1.0010620149515337,11,2.300819354055724,12,1.4636261571600424,0.6361325823255373,3.4938431313657,3.381723315048906e-15,4,12,True,pareto_kept_polished,,
15,23,671,625,wall:amplitude_wall,33.00000000000455,33,1.0020856571295829,3,3.650347441946587,2,2.56220854753299,0.7019081301934001,7.183246456372149,4.851512351587844e-15,0,-1,True,frontier,,
8,23,331,228,off_manifold_hop,35.00000000000057,35,0.6080886546589332,14,2.424553676917047,12,1.6259199908150423,0.6706058959612266,4.25301538382033,4.5936148560712826e-15,7,14,True,frontier,,
3,23,106,29,exact_hop,35.000000000000796,35,1.0002445605711725,12,1.8242980131028446,11,1.387659395347992,0.7606538983111654,4.643126862098765,4.9933625525335845e-15,12,14,True,frontier,,
3,23,78,0,off_manifold_hop,34.99999999999977,35,1.0010620149515337,11,2.300819354055724,12,1.4636261571600424,0.6361325823255373,3.4938431313657,3.381723315048906e-15,4,12,True,frontier,,
15,23,671,625,wall:amplitude_wall,33.00000000000455,33,1.0020856571295829,3,3.650347441946587,2,2.56220854753299,0.7019081301934001,7.183246456372149,4.851512351587844e-15,1,15,True,expanded:genericity,,
8,23,331,228,off_manifold_hop,35.00000000000057,35,0.6080886546589332,14,2.424553676917047,12,1.6259199908150423,0.6706058959612266,4.25301538382033,4.5936148560712826e-15,8,15,True,expanded:deletion,,
3,23,106,29,exact_hop,35.000000000000796,35,1.0002445605711725,12,1.8242980131028446,11,1.387659395347992,0.7606538983111654,4.643126862098765,4.9933625525335845e-15,13,15,True,expanded:death,,
3,23,78,0,off_manifold_hop,34.99999999999977,35,1.0010620149515337,11,2.300819354055724,12,1.4636261571600424,0.6361325823255373,3.4938431313657,3.381723315048906e-15,5,15,True,expanded:explore,,
16,23,720,671,off_manifold_hop,33.00000000000102,33,1.000456598487873,12,2.2087263010009166,12,1.29490548819101,0.5862679715473142,7.516841845422432,5.544150506499586e-15,0,-1,True,pareto_kept_polished,,
8,23,331,228,off_manifold_hop,35.000000000000455,35,0.6080886546589332,14,2.424553676917047,12,1.6259199908150423,0.6706058959612266,4.25301538382033,4.5770490148667944e-15,8,15,True,pareto_kept_polished,,
3,23,106,29,exact_hop,35.00000000000091,35,1.0002445605711725,12,1.824298013102845,11,1.387659395347992,0.7606538983111651,4.643126862098765,5.230729956592825e-15,13,15,True,pareto_kept_polished,,
3,23,78,0,off_manifold_hop,34.99999999999977,35,1.0010620149515337,11,2.3008193540557222,12,1.4636261571600424,0.6361325823255378,3.4938431313657,3.370712150116982e-15,5,15,True,pareto_kept_polished,,
16,23,720,671,off_manifold_hop,33.00000000000102,33,1.000456598487873,12,2.2087263010009166,12,1.29490548819101,0.5862679715473142,7.516841845422432,5.544150506499586e-15,0,-1,True,frontier,,
8,23,331,228,off_manifold_hop,35.000000000000455,35,0.6080886546589332,14,2.424553676917047,12,1.6259199908150423,0.6706058959612266,4.25301538382033,4.5770490148667944e-15,8,15,True,frontier,,
3,23,106,29,exact_hop,35.00000000000091,35,1.0002445605711725,12,1.824298013102845,11,1.387659395347992,0.7606538983111651,4.643126862098765,5.230729956592825e-15,13,15,True,frontier,,
3,23,78,0,off_manifold_hop,34.99999999999977,35,1.0010620149515337,11,2.3008193540557222,12,1.4636261571600424,0.6361325823255378,3.4938431313657,3.370712150116982e-15,5,15,True,frontier,,
8,23,331,228,off_manifold_hop,35.000000000000455,35,0.6080886546589332,14,2.424553676917047,12,1.6259199908150423,0.6706058959612266,4.25301538382033,4.5770490148667944e-15,8,15,False,full_delete_probe,1.0008045686670344,14
16,23,720,671,off_manifold_hop,33.00000000000102,33,1.000456598487873,12,2.2087263010009166,12,1.29490548819101,0.5862679715473142,7.516841845422432,5.544150506499586e-15,1,16,True,expanded:genericity,,
8,23,331,228,off_manifold_hop,35.000000000000455,35,0.6080886546589332,14,2.424553676917047,12,1.6259199908150423,0.6706058959612266,4.25301538382033,4.5770490148667944e-15,9,16,True,expanded:deletion,,
3,23,106,29,exact_hop,35.00000000000091,35,1.0002445605711725,12,1.824298013102845,11,1.387659395347992,0.7606538983111651,4.643126862098765,5.230729956592825e-15,14,16,True,expanded:death,,
17,23,775,720,exact_hop,33.00000000000148,33,1.000886297424729,12,2.4653625462838664,3,1.7993383832799321,0.729847375183071,7.644555044917941,5.319779135730483e-15,0,-1,True,pareto_kept_polished,,
8,23,331,228,off_manifold_hop,35.00000000000057,35,0.6080886546589332,14,2.424553676917047,12,1.6259199908150423,0.6706058959612266,4.25301538382033,4.5936148560712826e-15,9,16,True,pareto_kept_polished,,
3,23,106,29,exact_hop,35.000000000000796,35,1.0002445605711725,12,1.8242980131028446,11,1.387659395347992,0.7606538983111654,4.643126862098765,4.9933625525335845e-15,14,16,True,pareto_kept_polished,,
3,23,78,0,off_manifold_hop,34.99999999999977,35,1.0010620149515337,11,2.3008193540557227,12,1.4636261571600424,0.6361325823255377,3.4938431313657,3.3834616577210207e-15,5,15,True,pareto_kept_polished,,
17,23,775,720,exact_hop,33.00000000000148,33,1.000886297424729,12,2.4653625462838664,3,1.7993383832799321,0.729847375183071,7.644555044917941,5.319779135730483e-15,0,-1,True,frontier,,
8,23,331,228,off_manifold_hop,35.00000000000057,35,0.6080886546589332,14,2.424553676917047,12,1.6259199908150423,0.6706058959612266,4.25301538382033,4.5936148560712826e-15,9,16,True,frontier,,
3,23,106,29,exact_hop,35.000000000000796,35,1.0002445605711725,12,1.8242980131028446,11,1.387659395347992,0.7606538983111654,4.643126862098765,4.9933625525335845e-15,14,16,True,frontier,,
3,23,78,0,off_manifold_hop,34.99999999999977,35,1.0010620149515337,11,2.3008193540557227,12,1.4636261571600424,0.6361325823255377,3.4938431313657,3.3834616577210207e-15,5,15,True,frontier,,
17,23,775,720,exact_hop,33.00000000000148,33,1.000886297424729,12,2.4653625462838664,3,1.7993383832799321,0.729847375183071,7.644555044917941,5.319779135730483e-15,1,17,True,expanded:genericity,,
8,23,331,228,off_manifold_hop,35.00000000000057,35,0.6080886546589332,14,2.424553676917047,12,1.6259199908150423,0.6706058959612266,4.25301538382033,4.5936148560712826e-15,10,17,True,expanded:deletion,,
3,23,106,29,exact_hop,35.000000000000796,35,1.0002445605711725,12,1.8242980131028446,11,1.387659395347992,0.7606538983111654,4.643126862098765,4.9933625525335845e-15,15,17,True,expanded:death,,
18,23,815,775,exact_hop,33.000000000001364,33,1.0010091019437157,12,2.3027141730152816,12,1.5717443740615487,0.68256164507097,7.747937189745757,6.066520894065153e-15,0,-1,True,pareto_kept_polished,,
8,23,331,228,off_manifold_hop,35.000000000000455,35,0.6080886546589332,14,2.424553676917047,12,1.6259199908150423,0.6706058959612266,4.25301538382033,4.5770490148667944e-15,10,17,True,pareto_kept_polished,,
3,23,106,29,exact_hop,35.00000000000091,35,1.0002445605711725,12,1.824298013102845,11,1.387659395347992,0.7606538983111651,4.643126862098765,5.230729956592825e-15,15,17,True,pareto_kept_polished,,
3,23,78,0,off_manifold_hop,34.99999999999977,35,1.0010620149515337,11,2.3008193540557254,12,1.4636261571600424,0.6361325823255369,3.4938431313657,3.3722464699167903e-15,5,15,True,pareto_kept_polished,,
18,23,815,775,exact_hop,33.000000000001364,33,1.0010091019437157,12,2.3027141730152816,12,1.5717443740615487,0.68256164507097,7.747937189745757,6.066520894065153e-15,0,-1,True,frontier,,
8,23,331,228,off_manifold_hop,35.000000000000455,35,0.6080886546589332,14,2.424553676917047,12,1.6259199908150423,0.6706058959612266,4.25301538382033,4.5770490148667944e-15,10,17,True,frontier,,
3,23,106,29,exact_hop,35.00000000000091,35,1.0002445605711725,12,1.824298013102845,11,1.387659395347992,0.7606538983111651,4.643126862098765,5.230729956592825e-15,15,17,True,frontier,,
3,23,78,0,off_manifold_hop,34.99999999999977,35,1.0010620149515337,11,2.3008193540557254,12,1.4636261571600424,0.6361325823255369,3.4938431313657,3.3722464699167903e-15,5,15,True,frontier,,
8,23,331,228,off_manifold_hop,35.000000000000455,35,0.6080886546589332,14,2.424553676917047,12,1.6259199908150423,0.6706058959612266,4.25301538382033,4.5770490148667944e-15,10,17,False,full_delete_probe,1.004373096056935,14
18,23,815,775,exact_hop,33.000000000001364,33,1.0010091019437157,12,2.3027141730152816,12,1.5717443740615487,0.68256164507097,7.747937189745757,6.066520894065153e-15,1,18,True,expanded:genericity,,
8,23,331,228,off_manifold_hop,35.000000000000455,35,0.6080886546589332,14,2.424553676917047,12,1.6259199908150423,0.6706058959612266,4.25301538382033,4.5770490148667944e-15,11,18,True,expanded:deletion,,
3,23,106,29,exact_hop,35.00000000000091,35,1.0002445605711725,12,1.824298013102845,11,1.387659395347992,0.7606538983111651,4.643126862098765,5.230729956592825e-15,16,18,True,expanded:death,,
3,23,78,0,off_manifold_hop,34.99999999999977,35,1.0010620149515337,11,2.3008193540557254,12,1.4636261571600424,0.6361325823255369,3.4938431313657,3.3722464699167903e-15,6,18,True,expanded:explore,,
19,23,852,815,exact_hop,33.00000000000841,33,1.002137920252623,3,2.2077209972671477,3,1.6034308985696402,0.7262833032590917,7.865885333119387,6.330183961283212e-15,0,-1,True,pareto_kept_polished,,
8,23,331,228,off_manifold_hop,35.00000000000057,35,0.6080886546589332,14,2.424553676917047,12,1.6259199908150423,0.6706058959612266,4.25301538382033,4.5936148560712826e-15,11,18,True,pareto_kept_polished,,
3,23,106,29,exact_hop,35.000000000000796,35,1.0002445605711725,12,1.8242980131028446,11,1.387659395347992,0.7606538983111654,4.643126862098765,4.9933625525335845e-15,16,18,True,pareto_kept_polished,,
3,23,78,0,off_manifold_hop,34.99999999999977,35,1.0010620149515337,11,2.300819354055724,12,1.4636261571600424,0.6361325823255373,3.4938431313657,3.415223956787777e-15,6,18,True,pareto_kept_polished,,
19,23,852,815,exact_hop,33.00000000000841,33,1.002137920252623,3,2.2077209972671477,3,1.6034308985696402,0.7262833032590917,7.865885333119387,6.330183961283212e-15,0,-1,True,frontier,,
8,23,331,228,off_manifold_hop,35.00000000000057,35,0.6080886546589332,14,2.424553676917047,12,1.6259199908150423,0.6706058959612266,4.25301538382033,4.5936148560712826e-15,11,18,True,frontier,,
3,23,106,29,exact_hop,35.000000000000796,35,1.0002445605711725,12,1.8242980131028446,11,1.387659395347992,0.7606538983111654,4.643126862098765,4.9933625525335845e-15,16,18,True,frontier,,
3,23,78,0,off_manifold_hop,34.99999999999977,35,1.0010620149515337,11,2.300819354055724,12,1.4636261571600424,0.6361325823255373,3.4938431313657,3.415223956787777e-15,6,18,True,frontier,,
19,23,852,815,exact_hop,33.00000000000841,33,1.002137920252623,3,2.2077209972671477,3,1.6034308985696402,0.7262833032590917,7.865885333119387,6.330183961283212e-15,1,19,True,expanded:genericity,,
8,23,331,228,off_manifold_hop,35.00000000000057,35,0.6080886546589332,14,2.424553676917047,12,1.6259199908150423,0.6706058959612266,4.25301538382033,4.5936148560712826e-15,12,19,True,expanded:deletion,,
3,23,106,29,exact_hop,35.000000000000796,35,1.0002445605711725,12,1.8242980131028446,11,1.387659395347992,0.7606538983111654,4.643126862098765,4.9933625525335845e-15,17,19,True,expanded:death,,
20,23,906,852,off_manifold_hop,33.000000000000455,33,0.6529612124231545,2,2.6112578551911647,12,1.2086536466085522,0.4628626178015151,7.43102595470069,1.7286960941691453e-14,0,-1,True,pareto_kept_polished,,
8,23,331,228,off_manifold_hop,35.000000000000455,35,0.6080886546589332,14,2.424553676917047,12,1.6259199908150423,0.6706058959612266,4.25301538382033,4.5770490148667944e-15,12,19,True,pareto_kept_polished,,
3,23,106,29,exact_hop,35.00000000000091,35,1.0002445605711725,12,1.824298013102845,11,1.387659395347992,0.7606538983111651,4.643126862098765,5.230729956592825e-15,17,19,True,pareto_kept_polished,,
3,23,78,0,off_manifold_hop,34.99999999999977,35,1.0010620149515337,11,2.300819354055723,12,1.4636261571600424,0.6361325823255376,3.4938431313657,3.3739896952405125e-15,6,18,True,pareto_kept_polished,,
20,23,906,852,off_manifold_hop,33.000000000000455,33,0.6529612124231545,2,2.6112578551911647,12,1.2086536466085522,0.4628626178015151,7.43102595470069,1.7286960941691453e-14,0,-1,True,frontier,,
8,23,331,228,off_manifold_hop,35.000000000000455,35,0.6080886546589332,14,2.424553676917047,12,1.6259199908150423,0.6706058959612266,4.25301538382033,4.5770490148667944e-15,12,19,True,frontier,,
3,23,106,29,exact_hop,35.00000000000091,35,1.0002445605711725,12,1.824298013102845,11,1.387659395347992,0.7606538983111651,4.643126862098765,5.230729956592825e-15,17,19,True,frontier,,
3,23,78,0,off_manifold_hop,34.99999999999977,35,1.0010620149515337,11,2.300819354055723,12,1.4636261571600424,0.6361325823255376,3.4938431313657,3.3739896952405125e-15,6,18,True,frontier,,
8,23,331,228,off_manifold_hop,35.000000000000455,35,0.6080886546589332,14,2.424553676917047,12,1.6259199908150423,0.6706058959612266,4.25301538382033,4.5770490148667944e-15,12,19,False,full_delete_probe,1.0000867072445305,14
20,23,906,852,off_manifold_hop,33.000000000000455,33,0.6529612124231545,2,2.6112578551911647,12,1.2086536466085522,0.4628626178015151,7.43102595470069,1.7286960941691453e-14,1,20,True,expanded:genericity,,
8,23,331,228,off_manifold_hop,35.000000000000455,35,0.6080886546589332,14,2.424553676917047,12,1.6259199908150423,0.6706058959612266,4.25301538382033,4.5770490148667944e-15,13,20,True,expanded:deletion,,
3,23,106,29,exact_hop,35.00000000000091,35,1.0002445605711725,12,1.824298013102845,11,1.387659395347992,0.7606538983111651,4.643126862098765,5.230729956592825e-15,18,20,True,expanded:death,,
21,23,947,906,exact_hop,33.00000000000057,33,1.000596058170929,12,2.3840116292786555,3,1.297557355658904,0.5442747592852614,7.275236991768285,4.947532350145086e-15,0,-1,True,pareto_kept_polished,,
8,23,331,228,off_manifold_hop,35.00000000000057,35,0.6080886546589332,14,2.424553676917047,12,1.6259199908150423,0.6706058959612266,4.25301538382033,4.5936148560712826e-15,13,20,True,pareto_kept_polished,,
3,23,106,29,exact_hop,35.000000000000796,35,1.0002445605711725,12,1.8242980131028446,11,1.387659395347992,0.7606538983111654,4.643126862098765,4.9933625525335845e-15,18,20,True,pareto_kept_polished,,
3,23,78,0,off_manifold_hop,34.99999999999977,35,1.0010620149515337,11,2.300819354055724,12,1.4636261571600424,0.6361325823255373,3.4938431313657,3.4218361841555346e-15,6,18,True,pareto_kept_polished,,
21,23,947,906,exact_hop,33.00000000000057,33,1.000596058170929,12,2.3840116292786555,3,1.297557355658904,0.5442747592852614,7.275236991768285,4.947532350145086e-15,0,-1,True,frontier,,
8,23,331,228,off_manifold_hop,35.00000000000057,35,0.6080886546589332,14,2.424553676917047,12,1.6259199908150423,0.6706058959612266,4.25301538382033,4.5936148560712826e-15,13,20,True,frontier,,
3,23,106,29,exact_hop,35.000000000000796,35,1.0002445605711725,12,1.8242980131028446,11,1.387659395347992,0.7606538983111654,4.643126862098765,4.9933625525335845e-15,18,20,True,frontier,,
3,23,78,0,off_manifold_hop,34.99999999999977,35,1.0010620149515337,11,2.300819354055724,12,1.4636261571600424,0.6361325823255373,3.4938431313657,3.4218361841555346e-15,6,18,True,frontier,,
21,23,947,906,exact_hop,33.00000000000057,33,1.000596058170929,12,2.3840116292786555,3,1.297557355658904,0.5442747592852614,7.275236991768285,4.947532350145086e-15,1,21,True,expanded:genericity,,
8,23,331,228,off_manifold_hop,35.00000000000057,35,0.6080886546589332,14,2.424553676917047,12,1.6259199908150423,0.6706058959612266,4.25301538382033,4.5936148560712826e-15,14,21,True,expanded:deletion,,
3,23,106,29,exact_hop,35.000000000000796,35,1.0002445605711725,12,1.8242980131028446,11,1.387659395347992,0.7606538983111654,4.643126862098765,4.9933625525335845e-15,19,21,True,expanded:death,,
3,23,78,0,off_manifold_hop,34.99999999999977,35,1.0010620149515337,11,2.300819354055724,12,1.4636261571600424,0.6361325823255373,3.4938431313657,3.4218361841555346e-15,7,21,True,expanded:explore,,
22,23,993,947,wall:amplitude_wall,33.00000000000023,33,1.0008398554063889,12,2.511254632401088,12,1.4304115120729446,0.5696003478170926,7.1292725361819285,6.64838004324739e-15,0,-1,True,pareto_kept_polished,,
8,23,331,228,off_manifold_hop,35.000000000000455,35,0.6080886546589332,14,2.424553676917047,12,1.6259199908150423,0.6706058959612266,4.25301538382033,4.5770490148667944e-15,14,21,True,pareto_kept_polished,,
3,23,106,29,exact_hop,35.00000000000091,35,1.0002445605711725,12,1.824298013102845,11,1.387659395347992,0.7606538983111651,4.643126862098765,5.230729956592825e-15,19,21,True,pareto_kept_polished,,
22,23,1041,78,off_manifold_hop,34.99999999999977,35,1.001312116211544,12,2.7094829704336685,12,2.0332124121513,0.7504060495445272,3.4572224749683276,3.4853531141108973e-15,0,-1,True,pareto_kept_polished,,
22,23,993,947,wall:amplitude_wall,33.00000000000023,33,1.0008398554063889,12,2.511254632401088,12,1.4304115120729446,0.5696003478170926,7.1292725361819285,6.64838004324739e-15,0,-1,True,frontier,,
8,23,331,228,off_manifold_hop,35.000000000000455,35,0.6080886546589332,14,2.424553676917047,12,1.6259199908150423,0.6706058959612266,4.25301538382033,4.5770490148667944e-15,14,21,True,frontier,,
3,23,106,29,exact_hop,35.00000000000091,35,1.0002445605711725,12,1.824298013102845,11,1.387659395347992,0.7606538983111651,4.643126862098765,5.230729956592825e-15,19,21,True,frontier,,
22,23,1041,78,off_manifold_hop,34.99999999999977,35,1.001312116211544,12,2.7094829704336685,12,2.0332124121513,0.7504060495445272,3.4572224749683276,3.4853531141108973e-15,0,-1,True,frontier,,
8,23,331,228,off_manifold_hop,35.000000000000455,35,0.6080886546589332,14,2.424553676917047,12,1.6259199908150423,0.6706058959612266,4.25301538382033,4.5770490148667944e-15,14,21,False,full_delete_probe,1.0000867362435153,14
22,23,993,947,wall:amplitude_wall,33.00000000000023,33,1.0008398554063889,12,2.511254632401088,12,1.4304115120729446,0.5696003478170926,7.1292725361819285,6.64838004324739e-15,1,22,True,expanded:genericity,,
8,23,331,228,off_manifold_hop,35.000000000000455,35,0.6080886546589332,14,2.424553676917047,12,1.6259199908150423,0.6706058959612266,4.25301538382033,4.5770490148667944e-15,15,22,True,expanded:deletion,,
3,23,106,29,exact_hop,35.00000000000091,35,1.0002445605711725,12,1.824298013102845,11,1.387659395347992,0.7606538983111651,4.643126862098765,5.230729956592825e-15,20,22,True,expanded:death,,
23,23,1052,993,exact_hop,33.00000000000068,33,1.0013373288508918,12,2.1799570649702944,12,1.5426168285886044,0.7076363353099457,6.950067962794073,6.398843480648448e-15,0,-1,True,pareto_kept_polished,,
8,23,331,228,off_manifold_hop,35.00000000000057,35,0.6080886546589332,14,2.424553676917047,12,1.6259199908150423,0.6706058959612266,4.25301538382033,4.5936148560712826e-15,15,22,True,pareto_kept_polished,,
3,23,106,29,exact_hop,35.000000000000796,35,1.0002445605711725,12,1.8242980131028446,11,1.387659395347992,0.7606538983111654,4.643126862098765,4.9933625525335845e-15,20,22,True,pareto_kept_polished,,
22,23,1041,78,off_manifold_hop,34.99999999999977,35,1.001312116211544,12,2.70948297043367,12,2.0332124121513,0.7504060495445267,3.4572224749683276,3.538519943979803e-15,0,-1,True,pareto_kept_polished,,
23,23,1052,993,exact_hop,33.00000000000068,33,1.0013373288508918,12,2.1799570649702944,12,1.5426168285886044,0.7076363353099457,6.950067962794073,6.398843480648448e-15,0,-1,True,frontier,,
8,23,331,228,off_manifold_hop,35.00000000000057,35,0.6080886546589332,14,2.424553676917047,12,1.6259199908150423,0.6706058959612266,4.25301538382033,4.5936148560712826e-15,15,22,True,frontier,,
3,23,106,29,exact_hop,35.000000000000796,35,1.0002445605711725,12,1.8242980131028446,11,1.387659395347992,0.7606538983111654,4.643126862098765,4.9933625525335845e-15,20,22,True,frontier,,
22,23,1041,78,off_manifold_hop,34.99999999999977,35,1.001312116211544,12,2.70948297043367,12,2.0332124121513,0.7504060495445267,3.4572224749683276,3.538519943979803e-15,0,-1,True,frontier,,
23,23,1052,993,exact_hop,33.00000000000068,33,1.0013373288508918,12,2.1799570649702944,12,1.5426168285886044,0.7076363353099457,6.950067962794073,6.398843480648448e-15,1,23,True,expanded:genericity,,
8,23,331,228,off_manifold_hop,35.00000000000057,35,0.6080886546589332,14,2.424553676917047,12,1.6259199908150423,0.6706058959612266,4.25301538382033,4.5936148560712826e-15,16,23,True,expanded:deletion,,
3,23,106,29,exact_hop,35.000000000000796,35,1.0002445605711725,12,1.8242980131028446,11,1.387659395347992,0.7606538983111654,4.643126862098765,4.9933625525335845e-15,21,23,True,expanded:death,,
24,23,1099,1052,exact_hop,33.000000000000455,33,1.0026075656570368,12,2.0333772646761923,3,1.3206863801214073,0.6495038589564055,7.1925147805204785,6.476109252671406e-15,0,-1,True,pareto_kept_polished,,
8,23,331,228,off_manifold_hop,35.000000000000455,35,0.6080886546589332,14,2.424553676917047,12,1.6259199908150423,0.6706058959612266,4.25301538382033,4.5770490148667944e-15,16,23,True,pareto_kept_polished,,
3,23,106,29,exact_hop,35.00000000000091,35,1.0002445605711725,12,1.824298013102845,11,1.387659395347992,0.7606538983111651,4.643126862098765,5.230729956592825e-15,21,23,True,pareto_kept_polished,,
22,23,1041,78,off_manifold_hop,34.99999999999977,35,1.001312116211544,12,2.709482970433669,12,2.0332124121513,0.750406049544527,3.4572224749683276,3.545331024994682e-15,0,-1,True,pareto_kept_polished,,
24,23,1099,1052,exact_hop,33.000000000000455,33,1.0026075656570368,12,2.0333772646761923,3,1.3206863801214073,0.6495038589564055,7.1925147805204785,6.476109252671406e-15,0,-1,True,frontier,,
8,23,331,228,off_manifold_hop,35.000000000000455,35,0.6080886546589332,14,2.424553676917047,12,1.6259199908150423,0.6706058959612266,4.25301538382033,4.5770490148667944e-15,16,23,True,frontier,,
3,23,106,29,exact_hop,35.00000000000091,35,1.0002445605711725,12,1.824298013102845,11,1.387659395347992,0.7606538983111651,4.643126862098765,5.230729956592825e-15,21,23,True,frontier,,
22,23,1041,78,off_manifold_hop,34.99999999999977,35,1.001312116211544,12,2.709482970433669,12,2.0332124121513,0.750406049544527,3.4572224749683276,3.545331024994682e-15,0,-1,True,frontier,,
8,23,331,228,off_manifold_hop,35.000000000000455,35,0.6080886546589332,14,2.424553676917047,12,1.6259199908150423,0.6706058959612266,4.25301538382033,4.5770490148667944e-15,16,23,False,full_delete_probe,1.0000975045579286,14
24,23,1099,1052,exact_hop,33.000000000000455,33,1.0026075656570368,12,2.0333772646761923,3,1.3206863801214073,0.6495038589564055,7.1925147805204785,6.476109252671406e-15,1,24,True,expanded:genericity,,
8,23,331,228,off_manifold_hop,35.000000000000455,35,0.6080886546589332,14,2.424553676917047,12,1.6259199908150423,0.6706058959612266,4.25301538382033,4.5770490148667944e-15,17,24,True,expanded:deletion,,
3,23,106,29,exact_hop,35.00000000000091,35,1.0002445605711725,12,1.824298013102845,11,1.387659395347992,0.7606538983111651,4.643126862098765,5.230729956592825e-15,22,24,True,expanded:death,,
22,23,1041,78,off_manifold_hop,34.99999999999977,35,1.001312116211544,12,2.709482970433669,12,2.0332124121513,0.750406049544527,3.4572224749683276,3.545331024994682e-15,1,24,True,expanded:explore,,
25,23,1144,1099,wall:amplitude_wall,33.00000000000034,33,1.002018631236148,12,2.6883379015258635,12,1.5935553088547658,0.5927660016065264,7.260413810050406,5.8062122891957655e-15,0,-1,True,pareto_kept_polished,,
8,23,331,228,off_manifold_hop,35.00000000000057,35,0.6080886546589332,14,2.424553676917047,12,1.6259199908150423,0.6706058959612266,4.25301538382033,4.5936148560712826e-15,17,24,True,pareto_kept_polished,,
3,23,106,29,exact_hop,35.000000000000796,35,1.0002445605711725,12,1.8242980131028446,11,1.387659395347992,0.7606538983111654,4.643126862098765,4.9933625525335845e-15,22,24,True,pareto_kept_polished,,
22,23,1041,78,off_manifold_hop,34.99999999999977,35,1.001312116211544,12,2.709482970433669,12,2.0332124121513,0.750406049544527,3.4572224749683276,3.566625400910321e-15,1,24,True,pareto_kept_polished,,
25,23,1144,1099,wall:amplitude_wall,33.00000000000034,33,1.002018631236148,12,2.6883379015258635,12,1.5935553088547658,0.5927660016065264,7.260413810050406,5.8062122891957655e-15,0,-1,True,frontier,,
8,23,331,228,off_manifold_hop,35.00000000000057,35,0.6080886546589332,14,2.424553676917047,12,1.6259199908150423,0.6706058959612266,4.25301538382033,4.5936148560712826e-15,17,24,True,frontier,,
3,23,106,29,exact_hop,35.000000000000796,35,1.0002445605711725,12,1.8242980131028446,11,1.387659395347992,0.7606538983111654,4.643126862098765,4.9933625525335845e-15,22,24,True,frontier,,
22,23,1041,78,off_manifold_hop,34.99999999999977,35,1.001312116211544,12,2.709482970433669,12,2.0332124121513,0.750406049544527,3.4572224749683276,3.566625400910321e-15,1,24,True,frontier,,
25,23,1144,1099,wall:amplitude_wall,33.00000000000034,33,1.002018631236148,12,2.6883379015258635,12,1.5935553088547658,0.5927660016065264,7.260413810050406,5.8062122891957655e-15,1,25,True,expanded:genericity,,
8,23,331,228,off_manifold_hop,35.00000000000057,35,0.6080886546589332,14,2.424553676917047,12,1.6259199908150423,0.6706058959612266,4.25301538382033,4.5936148560712826e-15,18,25,True,expanded:deletion,,
3,23,106,29,exact_hop,35.000000000000796,35,1.0002445605711725,12,1.8242980131028446,11,1.387659395347992,0.7606538983111654,4.643126862098765,4.9933625525335845e-15,23,25,True,expanded:death,,
26,23,1205,1144,exact_hop,33.00000000000159,33,1.001929637833217,12,1.9726354618454325,3,1.4353202921552988,0.7276155782034525,7.344258326799206,5.95602015614101e-15,0,-1,True,pareto_kept_polished,,
8,23,331,228,off_manifold_hop,35.000000000000455,35,0.6080886546589332,14,2.424553676917047,12,1.6259199908150423,0.6706058959612266,4.25301538382033,4.5770490148667944e-15,18,25,True,pareto_kept_polished,,
3,23,106,29,exact_hop,35.00000000000091,35,1.0002445605711725,12,1.824298013102845,11,1.387659395347992,0.7606538983111651,4.643126862098765,5.230729956592825e-15,23,25,True,pareto_kept_polished,,
22,23,1041,78,off_manifold_hop,34.99999999999977,35,1.001312116211544,12,2.7094829704336703,12,2.0332124121513,0.7504060495445266,3.4572224749683276,3.4660162228394793e-15,1,24,True,pareto_kept_polished,,
26,23,1205,1144,exact_hop,33.00000000000159,33,1.001929637833217,12,1.9726354618454325,3,1.4353202921552988,0.7276155782034525,7.344258326799206,5.95602015614101e-15,0,-1,True,frontier,,
8,23,331,228,off_manifold_hop,35.000000000000455,35,0.6080886546589332,14,2.424553676917047,12,1.6259199908150423,0.6706058959612266,4.25301538382033,4.5770490148667944e-15,18,25,True,frontier,,
3,23,106,29,exact_hop,35.00000000000091,35,1.0002445605711725,12,1.824298013102845,11,1.387659395347992,0.7606538983111651,4.643126862098765,5.230729956592825e-15,23,25,True,frontier,,
22,23,1041,78,off_manifold_hop,34.99999999999977,35,1.001312116211544,12,2.7094829704336703,12,2.0332124121513,0.7504060495445266,3.4572224749683276,3.4660162228394793e-15,1,24,True,frontier,,
8,23,331,228,off_manifold_hop,35.000000000000455,35,0.6080886546589332,14,2.424553676917047,12,1.6259199908150423,0.6706058959612266,4.25301538382033,4.5770490148667944e-15,18,25,False,full_delete_probe,1.000185071068491,14
26,23,1205,1144,exact_hop,33.00000000000159,33,1.001929637833217,12,1.9726354618454325,3,1.4353202921552988,0.7276155782034525,7.344258326799206,5.95602015614101e-15,1,26,True,expanded:genericity,,
8,23,331,228,off_manifold_hop,35.000000000000455,35,0.6080886546589332,14,2.424553676917047,12,1.6259199908150423,0.6706058959612266,4.25301538382033,4.5770490148667944e-15,19,26,True,expanded:deletion,,
3,23,106,29,exact_hop,35.00000000000091,35,1.0002445605711725,12,1.824298013102845,11,1.387659395347992,0.7606538983111651,4.643126862098765,5.230729956592825e-15,24,26,True,expanded:death,,
27,23,1251,1205,exact_hop,33.00000000009072,33,1.0052734424235656,12,2.368850450424784,12,1.8003768494455887,0.760021321364016,7.816933292080635,6.343302601595007e-15,0,-1,True,pareto_kept_polished,,
8,23,331,228,off_manifold_hop,35.00000000000057,35,0.6080886546589332,14,2.424553676917047,12,1.6259199908150423,0.6706058959612266,4.25301538382033,4.5936148560712826e-15,19,26,True,pareto_kept_polished,,
3,23,106,29,exact_hop,35.000000000000796,35,1.0002445605711725,12,1.8242980131028446,11,1.387659395347992,0.7606538983111654,4.643126862098765,4.9933625525335845e-15,24,26,True,pareto_kept_polished,,
22,23,1041,78,off_manifold_hop,34.99999999999977,35,1.001312116211544,12,2.7094829704336685,12,2.0332124121513,0.7504060495445272,3.4572224749683276,3.540580893806544e-15,1,24,True,pareto_kept_polished,,
27,23,1251,1205,exact_hop,33.00000000009072,33,1.0052734424235656,12,2.368850450424784,12,1.8003768494455887,0.760021321364016,7.816933292080635,6.343302601595007e-15,0,-1,True,frontier,,
8,23,331,228,off_manifold_hop,35.00000000000057,35,0.6080886546589332,14,2.424553676917047,12,1.6259199908150423,0.6706058959612266,4.25301538382033,4.5936148560712826e-15,19,26,True,frontier,,
3,23,106,29,exact_hop,35.000000000000796,35,1.0002445605711725,12,1.8242980131028446,11,1.387659395347992,0.7606538983111654,4.643126862098765,4.9933625525335845e-15,24,26,True,frontier,,
22,23,1041,78,off_manifold_hop,34.99999999999977,35,1.001312116211544,12,2.7094829704336685,12,2.0332124121513,0.7504060495445272,3.4572224749683276,3.540580893806544e-15,1,24,True,frontier,,
27,23,1251,1205,exact_hop,33.00000000009072,33,1.0052734424235656,12,2.368850450424784,12,1.8003768494455887,0.760021321364016,7.816933292080635,6.343302601595007e-15,1,27,True,expanded:genericity,,
8,23,331,228,off_manifold_hop,35.00000000000057,35,0.6080886546589332,14,2.424553676917047,12,1.6259199908150423,0.6706058959612266,4.25301538382033,4.5936148560712826e-15,20,27,True,expanded:deletion,,
3,23,106,29,exact_hop,35.000000000000796,35,1.0002445605711725,12,1.8242980131028446,11,1.387659395347992,0.7606538983111654,4.643126862098765,4.9933625525335845e-15,25,27,True,expanded:death,,
22,23,1041,78,off_manifold_hop,34.99999999999977,35,1.001312116211544,12,2.7094829704336685,12,2.0332124121513,0.7504060495445272,3.4572224749683276,3.540580893806544e-15,2,27,True,expanded:explore,,
28,23,1294,1251,exact_hop,33.00000000000057,33,1.0020495736036614,12,2.181496142324728,12,1.3595987500695037,0.6232414184425908,7.996949144652756,5.278249723304574e-15,0,-1,True,pareto_kept_polished,,
8,23,331,228,off_manifold_hop,35.000000000000455,35,0.6080886546589332,14,2.424553676917047,12,1.6259199908150423,0.6706058959612266,4.25301538382033,4.5770490148667944e-15,20,27,True,pareto_kept_polished,,
3,23,106,29,exact_hop,35.00000000000091,35,1.0002445605711725,12,1.824298013102845,11,1.387659395347992,0.7606538983111651,4.643126862098765,5.230729956592825e-15,25,27,True,pareto_kept_polished,,
22,23,1041,78,off_manifold_hop,34.99999999999977,35,1.001312116211544,12,2.7094829704336707,12,2.0332124121513,0.7504060495445265,3.4572224749683276,3.4727609411871503e-15,2,27,True,pareto_kept_polished,,
28,23,1294,1251,exact_hop,33.00000000000057,33,1.0020495736036614,12,2.181496142324728,12,1.3595987500695037,0.6232414184425908,7.996949144652756,5.278249723304574e-15,0,-1,True,frontier,,
8,23,331,228,off_manifold_hop,35.000000000000455,35,0.6080886546589332,14,2.424553676917047,12,1.6259199908150423,0.6706058959612266,4.25301538382033,4.5770490148667944e-15,20,27,True,frontier,,
3,23,106,29,exact_hop,35.00000000000091,35,1.0002445605711725,12,1.824298013102845,11,1.387659395347992,0.7606538983111651,4.643126862098765,5.230729956592825e-15,25,27,True,frontier,,
22,23,1041,78,off_manifold_hop,34.99999999999977,35,1.001312116211544,12,2.7094829704336707,12,2.0332124121513,0.7504060495445265,3.4572224749683276,3.4727609411871503e-15,2,27,True,frontier,,
8,23,331,228,off_manifold_hop,35.000000000000455,35,0.6080886546589332,14,2.424553676917047,12,1.6259199908150423,0.6706058959612266,4.25301538382033,4.5770490148667944e-15,20,27,False,full_delete_probe,1.000067118582913,14
28,23,1294,1251,exact_hop,33.00000000000057,33,1.0020495736036614,12,2.181496142324728,12,1.3595987500695037,0.6232414184425908,7.996949144652756,5.278249723304574e-15,1,28,True,expanded:genericity,,
8,23,331,228,off_manifold_hop,35.000000000000455,35,0.6080886546589332,14,2.424553676917047,12,1.6259199908150423,0.6706058959612266,4.25301538382033,4.5770490148667944e-15,21,28,True,expanded:deletion,,
3,23,106,29,exact_hop,35.00000000000091,35,1.0002445605711725,12,1.824298013102845,11,1.387659395347992,0.7606538983111651,4.643126862098765,5.230729956592825e-15,26,28,True,expanded:death,,
29,23,1348,1294,exact_hop,33.00000000000057,33,1.0030343896318967,12,2.163256805414178,3,1.5092508893634606,0.6976753224980604,7.834880021819162,7.480905398373988e-15,0,-1,True,pareto_kept_polished,,
8,23,331,228,off_manifold_hop,35.00000000000057,35,0.6080886546589332,14,2.424553676917047,12,1.6259199908150423,0.6706058959612266,4.25301538382033,4.5936148560712826e-15,21,28,True,pareto_kept_polished,,
29,23,1378,106,exact_hop,34.99999999999886,35,1.000340387660961,12,1.8140751119850353,11,1.3460253543224148,0.7419898687929953,4.888928599370436,8.719790108301609e-14,0,-1,True,pareto_kept_polished,,
22,23,1041,78,off_manifold_hop,34.99999999999977,35,1.001312116211544,12,2.7094829704336734,12,2.0332124121513,0.7504060495445258,3.4572224749683276,3.5470073736563763e-15,2,27,True,pareto_kept_polished,,
29,23,1348,1294,exact_hop,33.00000000000057,33,1.0030343896318967,12,2.163256805414178,3,1.5092508893634606,0.6976753224980604,7.834880021819162,7.480905398373988e-15,0,-1,True,frontier,,
8,23,331,228,off_manifold_hop,35.00000000000057,35,0.6080886546589332,14,2.424553676917047,12,1.6259199908150423,0.6706058959612266,4.25301538382033,4.5936148560712826e-15,21,28,True,frontier,,
29,23,1378,106,exact_hop,34.99999999999886,35,1.000340387660961,12,1.8140751119850353,11,1.3460253543224148,0.7419898687929953,4.888928599370436,8.719790108301609e-14,0,-1,True,frontier,,
22,23,1041,78,off_manifold_hop,34.99999999999977,35,1.001312116211544,12,2.7094829704336734,12,2.0332124121513,0.7504060495445258,3.4572224749683276,3.5470073736563763e-15,2,27,True,frontier,,
29,23,1348,1294,exact_hop,33.00000000000057,33,1.0030343896318967,12,2.163256805414178,3,1.5092508893634606,0.6976753224980604,7.834880021819162,7.480905398373988e-15,1,29,True,expanded:genericity,,
8,23,331,228,off_manifold_hop,35.00000000000057,35,0.6080886546589332,14,2.424553676917047,12,1.6259199908150423,0.6706058959612266,4.25301538382033,4.5936148560712826e-15,22,29,True,expanded:deletion,,
29,23,1378,106,exact_hop,34.99999999999886,35,1.000340387660961,12,1.8140751119850353,11,1.3460253543224148,0.7419898687929953,4.888928599370436,8.719790108301609e-14,1,29,True,expanded:death,,
30,23,1386,1348,wall:amplitude_wall,33.00000000000034,33,1.0007884074242406,12,2.23296145067935,12,1.2544207668483611,0.5617744840452663,7.5816982906321995,7.773449191992718e-15,0,-1,True,pareto_kept_polished,,
8,23,331,228,off_manifold_hop,35.000000000000455,35,0.6080886546589332,14,2.424553676917047,12,1.6259199908150423,0.6706058959612266,4.25301538382033,4.5770490148667944e-15,22,29,True,pareto_kept_polished,,
29,23,1378,106,exact_hop,34.99999999999886,35,1.000340387660961,12,1.8140751119850345,11,1.3460253543224148,0.7419898687929958,4.888928599370436,8.711142364664713e-14,1,29,True,pareto_kept_polished,,
22,23,1041,78,off_manifold_hop,34.99999999999977,35,1.001312116211544,12,2.709482970433673,12,2.0332124121513,0.7504060495445259,3.4572224749683276,3.474725684585174e-15,2,27,True,pareto_kept_polished,,
30,23,1386,1348,wall:amplitude_wall,33.00000000000034,33,1.0007884074242406,12,2.23296145067935,12,1.2544207668483611,0.5617744840452663,7.5816982906321995,7.773449191992718e-15,0,-1,True,frontier,,
8,23,331,228,off_manifold_hop,35.000000000000455,35,0.6080886546589332,14,2.424553676917047,12,1.6259199908150423,0.6706058959612266,4.25301538382033,4.5770490148667944e-15,22,29,True,frontier,,
29,23,1378,106,exact_hop,34.99999999999886,35,1.000340387660961,12,1.8140751119850345,11,1.3460253543224148,0.7419898687929958,4.888928599370436,8.711142364664713e-14,1,29,True,frontier,,
22,23,1041,78,off_manifold_hop,34.99999999999977,35,1.001312116211544,12,2.709482970433673,12,2.0332124121513,0.7504060495445259,3.4572224749683276,3.474725684585174e-15,2,27,True,frontier,,
8,23,331,228,off_manifold_hop,35.000000000000455,35,0.6080886546589332,14,2.424553676917047,12,1.6259199908150423,0.6706058959612266,4.25301538382033,4.5770490148667944e-15,22,29,False,full_delete_probe,1.0002012992634015,14
30,23,1386,1348,wall:amplitude_wall,33.00000000000034,33,1.0007884074242406,12,2.23296145067935,12,1.2544207668483611,0.5617744840452663,7.5816982906321995,7.773449191992718e-15,1,30,True,expanded:genericity,,
8,23,331,228,off_manifold_hop,35.000000000000455,35,0.6080886546589332,14,2.424553676917047,12,1.6259199908150423,0.6706058959612266,4.25301538382033,4.5770490148667944e-15,23,30,True,expanded:deletion,,
29,23,1378,106,exact_hop,34.99999999999886,35,1.000340387660961,12,1.8140751119850345,11,1.3460253543224148,0.7419898687929958,4.888928599370436,8.711142364664713e-14,2,30,True,expanded:death,,
22,23,1041,78,off_manifold_hop,34.99999999999977,35,1.001312116211544,12,2.709482970433673,12,2.0332124121513,0.7504060495445259,3.4572224749683276,3.474725684585174e-15,3,30,True,expanded:explore,,
31,23,1429,1386,off_manifold_hop,33.0,33,1.0019782530673762,12,2.2248795058202484,3,1.2000361962735944,0.5393713201700673,7.820968991225411,5.752748447157295e-15,0,-1,True,pareto_kept_polished,,
8,23,331,228,off_manifold_hop,35.00000000000057,35,0.6080886546589332,14,2.424553676917047,12,1.6259199908150423,0.6706058959612266,4.25301538382033,4.5936148560712826e-15,23,30,True,pareto_kept_polished,,
29,23,1378,106,exact_hop,34.99999999999886,35,1.000340387660961,12,1.8140751119850338,11,1.3460253543224148,0.741989868792996,4.888928599370436,8.711142364664713e-14,2,30,True,pareto_kept_polished,,
22,23,1041,78,off_manifold_hop,34.99999999999977,35,1.001312116211544,12,2.7094829704336703,12,2.0332124121513,0.7504060495445266,3.4572224749683276,3.5542351275331555e-15,3,30,True,pareto_kept_polished,,
31,23,1429,1386,off_manifold_hop,33.0,33,1.0019782530673762,12,2.2248795058202484,3,1.2000361962735944,0.5393713201700673,7.820968991225411,5.752748447157295e-15,0,-1,True,frontier,,
8,23,331,228,off_manifold_hop,35.00000000000057,35,0.6080886546589332,14,2.424553676917047,12,1.6259199908150423,0.6706058959612266,4.25301538382033,4.5936148560712826e-15,23,30,True,frontier,,
29,23,1378,106,exact_hop,34.99999999999886,35,1.000340387660961,12,1.8140751119850338,11,1.3460253543224148,0.741989868792996,4.888928599370436,8.711142364664713e-14,2,30,True,frontier,,
22,23,1041,78,off_manifold_hop,34.99999999999977,35,1.001312116211544,12,2.7094829704336703,12,2.0332124121513,0.7504060495445266,3.4572224749683276,3.5542351275331555e-15,3,30,True,frontier,,
31,23,1429,1386,off_manifold_hop,33.0,33,1.0019782530673762,12,2.2248795058202484,3,1.2000361962735944,0.5393713201700673,7.820968991225411,5.752748447157295e-15,1,31,True,expanded:genericity,,
8,23,331,228,off_manifold_hop,35.00000000000057,35,0.6080886546589332,14,2.424553676917047,12,1.6259199908150423,0.6706058959612266,4.25301538382033,4.5936148560712826e-15,24,31,True,expanded:deletion,,
29,23,1378,106,exact_hop,34.99999999999886,35,1.000340387660961,12,1.8140751119850338,11,1.3460253543224148,0.741989868792996,4.888928599370436,8.711142364664713e-14,3,31,True,expanded:death,,
32,23,1484,1429,off_manifold_hop,33.0,33,1.0026854694262206,12,1.8855663459894494,3,1.461754978622082,0.7752339140604608,7.80628253870711,6.605071286017084e-15,0,-1,True,pareto_kept_polished,,
8,23,331,228,off_manifold_hop,35.000000000000455,35,0.6080886546589332,14,2.424553676917047,12,1.6259199908150423,0.6706058959612266,4.25301538382033,4.5770490148667944e-15,24,31,True,pareto_kept_polished,,
29,23,1378,106,exact_hop,34.99999999999886,35,1.000340387660961,12,1.8140751119850338,11,1.3460253543224148,0.741989868792996,4.888928599370436,8.711142364664713e-14,3,31,True,pareto_kept_polished,,
22,23,1041,78,off_manifold_hop,34.99999999999977,35,1.001312116211544,12,2.7094829704336685,12,2.0332124121513,0.7504060495445272,3.4572224749683276,3.4759340389646e-15,3,30,True,pareto_kept_polished,,
32,23,1484,1429,off_manifold_hop,33.0,33,1.0026854694262206,12,1.8855663459894494,3,1.461754978622082,0.7752339140604608,7.80628253870711,6.605071286017084e-15,0,-1,True,frontier,,
8,23,331,228,off_manifold_hop,35.000000000000455,35,0.6080886546589332,14,2.424553676917047,12,1.6259199908150423,0.6706058959612266,4.25301538382033,4.5770490148667944e-15,24,31,True,frontier,,
29,23,1378,106,exact_hop,34.99999999999886,35,1.000340387660961,12,1.8140751119850338,11,1.3460253543224148,0.741989868792996,4.888928599370436,8.711142364664713e-14,3,31,True,frontier,,
22,23,1041,78,off_manifold_hop,34.99999999999977,35,1.001312116211544,12,2.7094829704336685,12,2.0332124121513,0.7504060495445272,3.4572224749683276,3.4759340389646e-15,3,30,True,frontier,,
8,23,331,228,off_manifold_hop,35.000000000000455,35,0.6080886546589332,14,2.424553676917047,12,1.6259199908150423,0.6706058959612266,4.25301538382033,4.5770490148667944e-15,24,31,False,full_delete_probe,1.0001536953787658,14
32,23,1484,1429,off_manifold_hop,33.0,33,1.0026854694262206,12,1.8855663459894494,3,1.461754978622082,0.7752339140604608,7.80628253870711,6.605071286017084e-15,1,32,True,expanded:genericity,,
8,23,331,228,off_manifold_hop,35.000000000000455,35,0.6080886546589332,14,2.424553676917047,12,1.6259199908150423,0.6706058959612266,4.25301538382033,4.5770490148667944e-15,25,32,True,expanded:deletion,,
29,23,1378,106,exact_hop,34.99999999999886,35,1.000340387660961,12,1.8140751119850338,11,1.3460253543224148,0.741989868792996,4.888928599370436,8.711142364664713e-14,4,32,True,expanded:death,,
33,23,1520,1484,exact_hop,32.99999999999977,33,1.002289877365094,3,1.9533131821801109,3,1.6361802500676992,0.8376435816818393,7.766466598138724,2.889567088282793e-14,0,-1,True,pareto_kept_polished,,
8,23,331,228,off_manifold_hop,35.00000000000057,35,0.6080886546589332,14,2.424553676917047,12,1.6259199908150423,0.6706058959612266,4.25301538382033,4.5936148560712826e-15,25,32,True,pareto_kept_polished,,
29,23,1378,106,exact_hop,34.99999999999886,35,1.000340387660961,12,1.8140751119850338,11,1.3460253543224148,0.741989868792996,4.888928599370436,8.711142364664713e-14,4,32,True,pareto_kept_polished,,
22,23,1041,78,off_manifold_hop,34.99999999999977,35,1.001312116211544,12,2.7094829704336716,12,2.0332124121513,0.7504060495445263,3.4572224749683276,3.556344404192673e-15,3,30,True,pareto_kept_polished,,
33,23,1520,1484,exact_hop,32.99999999999977,33,1.002289877365094,3,1.9533131821801109,3,1.6361802500676992,0.8376435816818393,7.766466598138724,2.889567088282793e-14,0,-1,True,frontier,,
8,23,331,228,off_manifold_hop,35.00000000000057,35,0.6080886546589332,14,2.424553676917047,12,1.6259199908150423,0.6706058959612266,4.25301538382033,4.5936148560712826e-15,25,32,True,frontier,,
29,23,1378,106,exact_hop,34.99999999999886,35,1.000340387660961,12,1.8140751119850338,11,1.3460253543224148,0.741989868792996,4.888928599370436,8.711142364664713e-14,4,32,True,frontier,,
22,23,1041,78,off_manifold_hop,34.99999999999977,35,1.001312116211544,12,2.7094829704336716,12,2.0332124121513,0.7504060495445263,3.4572224749683276,3.556344404192673e-15,3,30,True,frontier,,
33,23,1520,1484,exact_hop,32.99999999999977,33,1.002289877365094,3,1.9533131821801109,3,1.6361802500676992,0.8376435816818393,7.766466598138724,2.889567088282793e-14,1,33,True,expanded:genericity,,
8,23,331,228,off_manifold_hop,35.00000000000057,35,0.6080886546589332,14,2.424553676917047,12,1.6259199908150423,0.6706058959612266,4.25301538382033,4.5936148560712826e-15,26,33,True,expanded:deletion,,
29,23,1378,106,exact_hop,34.99999999999886,35,1.000340387660961,12,1.8140751119850338,11,1.3460253543224148,0.741989868792996,4.888928599370436,8.711142364664713e-14,5,33,True,expanded:death,,
22,23,1041,78,off_manifold_hop,34.99999999999977,35,1.001312116211544,12,2.7094829704336716,12,2.0332124121513,0.7504060495445263,3.4572224749683276,3.556344404192673e-15,4,33,True,expanded:explore,,
33,23,1520,1484,exact_hop,32.999999999999886,33,1.002289877365094,3,1.9533131821801115,3,1.6361802500676992,0.8376435816818391,7.766466598138724,2.887922535385179e-14,1,33,True,pareto_kept_polished,,
8,23,331,228,off_manifold_hop,35.000000000000455,35,0.6080886546589332,14,2.424553676917047,12,1.6259199908150423,0.6706058959612266,4.25301538382033,4.5770490148667944e-15,26,33,True,pareto_kept_polished,,
29,23,1378,106,exact_hop,34.99999999999886,35,1.000340387660961,12,1.8140751119850338,11,1.3460253543224148,0.741989868792996,4.888928599370436,8.711142364664713e-14,5,33,True,pareto_kept_polished,,
34,23,1606,1041,off_manifold_hop,35.000000000000114,35,1.0006001947725418,11,2.2275355177792924,11,1.3672521841605416,0.6137959072920206,3.3060567118563884,4.026238567431951e-15,0,-1,True,pareto_kept_polished,,
33,23,1520,1484,exact_hop,32.999999999999886,33,1.002289877365094,3,1.9533131821801115,3,1.6361802500676992,0.8376435816818391,7.766466598138724,2.887922535385179e-14,1,33,True,frontier,,
8,23,331,228,off_manifold_hop,35.000000000000455,35,0.6080886546589332,14,2.424553676917047,12,1.6259199908150423,0.6706058959612266,4.25301538382033,4.5770490148667944e-15,26,33,True,frontier,,
29,23,1378,106,exact_hop,34.99999999999886,35,1.000340387660961,12,1.8140751119850338,11,1.3460253543224148,0.741989868792996,4.888928599370436,8.711142364664713e-14,5,33,True,frontier,,
34,23,1606,1041,off_manifold_hop,35.000000000000114,35,1.0006001947725418,11,2.2275355177792924,11,1.3672521841605416,0.6137959072920206,3.3060567118563884,4.026238567431951e-15,0,-1,True,frontier,,
8,23,331,228,off_manifold_hop,35.000000000000455,35,0.6080886546589332,14,2.424553676917047,12,1.6259199908150423,0.6706058959612266,4.25301538382033,4.5770490148667944e-15,26,33,False,full_delete_probe,1.0001133879069732,14
33,23,1520,1484,exact_hop,32.999999999999886,33,1.002289877365094,3,1.9533131821801115,3,1.6361802500676992,0.8376435816818391,7.766466598138724,2.887922535385179e-14,2,34,True,expanded:genericity,,
8,23,331,228,off_manifold_hop,35.000000000000455,35,0.6080886546589332,14,2.424553676917047,12,1.6259199908150423,0.6706058959612266,4.25301538382033,4.5770490148667944e-15,27,34,True,expanded:deletion,,
29,23,1378,106,exact_hop,34.99999999999886,35,1.000340387660961,12,1.8140751119850338,11,1.3460253543224148,0.741989868792996,4.888928599370436,8.711142364664713e-14,6,34,True,expanded:death,,
35,23,1610,1520,off_manifold_hop,33.000000000000114,33,1.0044271437414667,3,2.1002229078858208,3,1.6931051934166026,0.8061549976716322,7.774858299825997,6.2223049846603986e-15,0,-1,True,pareto_kept_polished,,
8,23,331,228,off_manifold_hop,35.00000000000057,35,0.6080886546589332,14,2.424553676917047,12,1.6259199908150423,0.6706058959612266,4.25301538382033,4.5936148560712826e-15,27,34,True,pareto_kept_polished,,
29,23,1378,106,exact_hop,34.99999999999886,35,1.000340387660961,12,1.8140751119850338,11,1.3460253543224148,0.741989868792996,4.888928599370436,8.711142364664713e-14,6,34,True,pareto_kept_polished,,
34,23,1606,1041,off_manifold_hop,35.00000000000023,35,1.0006001947725418,11,2.2275355177792924,11,1.3672521841605416,0.6137959072920206,3.3060567118563884,4.265664545990238e-15,0,-1,True,pareto_kept_polished,,
35,23,1610,1520,off_manifold_hop,33.000000000000114,33,1.0044271437414667,3,2.1002229078858208,3,1.6931051934166026,0.8061549976716322,7.774858299825997,6.2223049846603986e-15,0,-1,True,frontier,,
8,23,331,228,off_manifold_hop,35.00000000000057,35,0.6080886546589332,14,2.424553676917047,12,1.6259199908150423,0.6706058959612266,4.25301538382033,4.5936148560712826e-15,27,34,True,frontier,,
29,23,1378,106,exact_hop,34.99999999999886,35,1.000340387660961,12,1.8140751119850338,11,1.3460253543224148,0.741989868792996,4.888928599370436,8.711142364664713e-14,6,34,True,frontier,,
34,23,1606,1041,off_manifold_hop,35.00000000000023,35,1.0006001947725418,11,2.2275355177792924,11,1.3672521841605416,0.6137959072920206,3.3060567118563884,4.265664545990238e-15,0,-1,True,frontier,,
35,23,1610,1520,off_manifold_hop,33.000000000000114,33,1.0044271437414667,3,2.1002229078858208,3,1.6931051934166026,0.8061549976716322,7.774858299825997,6.2223049846603986e-15,1,35,True,expanded:genericity,,
8,23,331,228,off_manifold_hop,35.00000000000057,35,0.6080886546589332,14,2.424553676917047,12,1.6259199908150423,0.6706058959612266,4.25301538382033,4.5936148560712826e-15,28,35,True,expanded:deletion,,
29,23,1378,106,exact_hop,34.99999999999886,35,1.000340387660961,12,1.8140751119850338,11,1.3460253543224148,0.741989868792996,4.888928599370436,8.711142364664713e-14,7,35,True,expanded:death,,
36,23,1647,1610,exact_hop,33.0,33,1.0018629750598937,3,1.9092803126111162,3,1.3481324744507612,0.7060945768654925,7.674780538310013,6.505658128046062e-15,0,-1,True,pareto_kept_polished,,
8,23,331,228,off_manifold_hop,35.000000000000455,35,0.6080886546589332,14,2.424553676917047,12,1.6259199908150423,0.6706058959612266,4.25301538382033,4.5770490148667944e-15,28,35,True,pareto_kept_polished,,
29,23,1378,106,exact_hop,34.99999999999886,35,1.000340387660961,12,1.8140751119850338,11,1.3460253543224148,0.741989868792996,4.888928599370436,8.711142364664713e-14,7,35,True,pareto_kept_polished,,
34,23,1606,1041,off_manifold_hop,35.000000000000114,35,1.0006001947725418,11,2.2275355177792906,11,1.3672521841605416,0.613795907292021,3.3060567118563884,4.065221044208404e-15,0,-1,True,pareto_kept_polished,,
36,23,1647,1610,exact_hop,33.0,33,1.0018629750598937,3,1.9092803126111162,3,1.3481324744507612,0.7060945768654925,7.674780538310013,6.505658128046062e-15,0,-1,True,frontier,,
8,23,331,228,off_manifold_hop,35.000000000000455,35,0.6080886546589332,14,2.424553676917047,12,1.6259199908150423,0.6706058959612266,4.25301538382033,4.5770490148667944e-15,28,35,True,frontier,,
29,23,1378,106,exact_hop,34.99999999999886,35,1.000340387660961,12,1.8140751119850338,11,1.3460253543224148,0.741989868792996,4.888928599370436,8.711142364664713e-14,7,35,True,frontier,,
34,23,1606,1041,off_manifold_hop,35.000000000000114,35,1.0006001947725418,11,2.2275355177792906,11,1.3672521841605416,0.613795907292021,3.3060567118563884,4.065221044208404e-15,0,-1,True,frontier,,
8,23,331,228,off_manifold_hop,35.000000000000455,35,0.6080886546589332,14,2.424553676917047,12,1.6259199908150423,0.6706058959612266,4.25301538382033,4.5770490148667944e-15,28,35,False,full_delete_probe,1.0251196030732477,14
36,23,1647,1610,exact_hop,33.0,33,1.0018629750598937,3,1.9092803126111162,3,1.3481324744507612,0.7060945768654925,7.674780538310013,6.505658128046062e-15,1,36,True,expanded:genericity,,
8,23,331,228,off_manifold_hop,35.000000000000455,35,0.6080886546589332,14,2.424553676917047,12,1.6259199908150423,0.6706058959612266,4.25301538382033,4.5770490148667944e-15,29,36,True,expanded:deletion,,
29,23,1378,106,exact_hop,34.99999999999886,35,1.000340387660961,12,1.8140751119850338,11,1.3460253543224148,0.741989868792996,4.888928599370436,8.711142364664713e-14,8,36,True,expanded:death,,
34,23,1606,1041,off_manifold_hop,35.000000000000114,35,1.0006001947725418,11,2.2275355177792906,11,1.3672521841605416,0.613795907292021,3.3060567118563884,4.065221044208404e-15,1,36,True,expanded:explore,,
37,23,1689,1647,exact_hop,33.0,33,1.0060099568571519,3,2.3628378817551723,3,1.2738606232962038,0.5391231591182843,7.976583355682413,6.909898579274992e-15,0,-1,True,pareto_kept_polished,,
8,23,331,228,off_manifold_hop,35.00000000000057,35,0.6080886546589332,14,2.424553676917047,12,1.6259199908150423,0.6706058959612266,4.25301538382033,4.5936148560712826e-15,29,36,True,pareto_kept_polished,,
29,23,1378,106,exact_hop,34.99999999999886,35,1.000340387660961,12,1.8140751119850338,11,1.3460253543224148,0.741989868792996,4.888928599370436,8.711142364664713e-14,8,36,True,pareto_kept_polished,,
34,23,1606,1041,off_manifold_hop,35.000000000000114,35,1.0006001947725418,11,2.227535517779295,11,1.3672521841605416,0.6137959072920198,3.3060567118563884,4.096427755360639e-15,1,36,True,pareto_kept_polished,,
37,23,1689,1647,exact_hop,33.0,33,1.0060099568571519,3,2.3628378817551723,3,1.2738606232962038,0.5391231591182843,7.976583355682413,6.909898579274992e-15,0,-1,True,frontier,,
8,23,331,228,off_manifold_hop,35.00000000000057,35,0.6080886546589332,14,2.424553676917047,12,1.6259199908150423,0.6706058959612266,4.25301538382033,4.5936148560712826e-15,29,36,True,frontier,,
29,23,1378,106,exact_hop,34.99999999999886,35,1.000340387660961,12,1.8140751119850338,11,1.3460253543224148,0.741989868792996,4.888928599370436,8.711142364664713e-14,8,36,True,frontier,,
34,23,1606,1041,off_manifold_hop,35.000000000000114,35,1.0006001947725418,11,2.227535517779295,11,1.3672521841605416,0.6137959072920198,3.3060567118563884,4.096427755360639e-15,1,36,True,frontier,,
37,23,1689,1647,exact_hop,33.0,33,1.0060099568571519,3,2.3628378817551723,3,1.2738606232962038,0.5391231591182843,7.976583355682413,6.909898579274992e-15,1,37,True,expanded:genericity,,
8,23,331,228,off_manifold_hop,35.00000000000057,35,0.6080886546589332,14,2.424553676917047,12,1.6259199908150423,0.6706058959612266,4.25301538382033,4.5936148560712826e-15,30,37,True,expanded:deletion,,
29,23,1378,106,exact_hop,34.99999999999886,35,1.000340387660961,12,1.8140751119850338,11,1.3460253543224148,0.741989868792996,4.888928599370436,8.711142364664713e-14,9,37,True,expanded:death,,
38,23,1745,1689,off_manifold_hop,32.999999999999886,33,1.0064248027215437,3,2.037873171486681,3,1.8164073875186426,0.8913250407009022,7.501757794963622,5.74336326814672e-15,0,-1,True,pareto_kept_polished,,
8,23,331,228,off_manifold_hop,35.000000000000455,35,0.6080886546589332,14,2.424553676917047,12,1.6259199908150423,0.6706058959612266,4.25301538382033,4.5770490148667944e-15,30,37,True,pareto_kept_polished,,
29,23,1378,106,exact_hop,34.99999999999886,35,1.000340387660961,12,1.8140751119850338,11,1.3460253543224148,0.741989868792996,4.888928599370436,8.711142364664713e-14,9,37,True,pareto_kept_polished,,
34,23,1606,1041,off_manifold_hop,35.00000000000023,35,1.0006001947725418,11,2.2275355177792937,11,1.3672521841605416,0.6137959072920203,3.3060567118563884,4.069078489048925e-15,1,36,True,pareto_kept_polished,,
38,23,1745,1689,off_manifold_hop,32.999999999999886,33,1.0064248027215437,3,2.037873171486681,3,1.8164073875186426,0.8913250407009022,7.501757794963622,5.74336326814672e-15,0,-1,True,frontier,,
8,23,331,228,off_manifold_hop,35.000000000000455,35,0.6080886546589332,14,2.424553676917047,12,1.6259199908150423,0.6706058959612266,4.25301538382033,4.5770490148667944e-15,30,37,True,frontier,,
29,23,1378,106,exact_hop,34.99999999999886,35,1.000340387660961,12,1.8140751119850338,11,1.3460253543224148,0.741989868792996,4.888928599370436,8.711142364664713e-14,9,37,True,frontier,,
34,23,1606,1041,off_manifold_hop,35.00000000000023,35,1.0006001947725418,11,2.2275355177792937,11,1.3672521841605416,0.6137959072920203,3.3060567118563884,4.069078489048925e-15,1,36,True,frontier,,
8,23,331,228,off_manifold_hop,35.000000000000455,35,0.6080886546589332,14,2.424553676917047,12,1.6259199908150423,0.6706058959612266,4.25301538382033,4.5770490148667944e-15,30,37,False,full_delete_probe,1.0001647732436565,14
38,23,1745,1689,off_manifold_hop,32.999999999999886,33,1.0064248027215437,3,2.037873171486681,3,1.8164073875186426,0.8913250407009022,7.501757794963622,5.74336326814672e-15,1,38,True,expanded:genericity,,
8,23,331,228,off_manifold_hop,35.000000000000455,35,0.6080886546589332,14,2.424553676917047,12,1.6259199908150423,0.6706058959612266,4.25301538382033,4.5770490148667944e-15,31,38,True,expanded:deletion,,
29,23,1378,106,exact_hop,34.99999999999886,35,1.000340387660961,12,1.8140751119850338,11,1.3460253543224148,0.741989868792996,4.888928599370436,8.711142364664713e-14,10,38,True,expanded:death,,
39,23,1780,1745,exact_hop,33.00000000000102,33,1.0034642608836497,3,2.1742981709707725,3,1.3542986719505503,0.6228670428149641,7.944168937143727,7.49105273432533e-15,0,-1,True,pareto_kept_polished,,
8,23,331,228,off_manifold_hop,35.00000000000057,35,0.6080886546589332,14,2.424553676917047,12,1.6259199908150423,0.6706058959612266,4.25301538382033,4.5936148560712826e-15,31,38,True,pareto_kept_polished,,
29,23,1378,106,exact_hop,34.99999999999886,35,1.000340387660961,12,1.8140751119850338,11,1.3460253543224148,0.741989868792996,4.888928599370436,8.711142364664713e-14,10,38,True,pareto_kept_polished,,
34,23,1606,1041,off_manifold_hop,35.00000000000023,35,1.0006001947725418,11,2.2275355177792924,11,1.3672521841605416,0.6137959072920206,3.3060567118563884,4.0969790410083496e-15,1,36,True,pareto_kept_polished,,
39,23,1780,1745,exact_hop,33.00000000000102,33,1.0034642608836497,3,2.1742981709707725,3,1.3542986719505503,0.6228670428149641,7.944168937143727,7.49105273432533e-15,0,-1,True,frontier,,
8,23,331,228,off_manifold_hop,35.00000000000057,35,0.6080886546589332,14,2.424553676917047,12,1.6259199908150423,0.6706058959612266,4.25301538382033,4.5936148560712826e-15,31,38,True,frontier,,
29,23,1378,106,exact_hop,34.99999999999886,35,1.000340387660961,12,1.8140751119850338,11,1.3460253543224148,0.741989868792996,4.888928599370436,8.711142364664713e-14,10,38,True,frontier,,
34,23,1606,1041,off_manifold_hop,35.00000000000023,35,1.0006001947725418,11,2.2275355177792924,11,1.3672521841605416,0.6137959072920206,3.3060567118563884,4.0969790410083496e-15,1,36,True,frontier,,
39,23,1780,1745,exact_hop,33.00000000000102,33,1.0034642608836497,3,2.1742981709707725,3,1.3542986719505503,0.6228670428149641,7.944168937143727,7.49105273432533e-15,1,39,True,expanded:genericity,,
8,23,331,228,off_manifold_hop,35.00000000000057,35,0.6080886546589332,14,2.424553676917047,12,1.6259199908150423,0.6706058959612266,4.25301538382033,4.5936148560712826e-15,32,39,True,expanded:deletion,,
29,23,1378,106,exact_hop,34.99999999999886,35,1.000340387660961,12,1.8140751119850338,11,1.3460253543224148,0.741989868792996,4.888928599370436,8.711142364664713e-14,11,39,True,expanded:death,,
34,23,1606,1041,off_manifold_hop,35.00000000000023,35,1.0006001947725418,11,2.2275355177792924,11,1.3672521841605416,0.6137959072920206,3.3060567118563884,4.0969790410083496e-15,2,39,True,expanded:explore,,
40,23,1821,1780,exact_hop,33.0,33,1.0042004968192502,3,2.091631895719753,3,1.4207238333631576,0.6792418093597062,7.697229092703486,6.671803616175598e-15,0,-1,True,pareto_kept_polished,,
8,23,331,228,off_manifold_hop,35.000000000000455,35,0.6080886546589332,14,2.424553676917047,12,1.6259199908150423,0.6706058959612266,4.25301538382033,4.5770490148667944e-15,32,39,True,pareto_kept_polished,,
29,23,1378,106,exact_hop,34.99999999999886,35,1.000340387660961,12,1.8140751119850338,11,1.3460253543224148,0.741989868792996,4.888928599370436,8.711142364664713e-14,11,39,True,pareto_kept_polished,,
34,23,1606,1041,off_manifold_hop,35.000000000000114,35,1.0006001947725418,11,2.2275355177792933,11,1.3672521841605416,0.6137959072920204,3.3060567118563884,4.071828666047258e-15,2,39,True,pareto_kept_polished,,
40,23,1821,1780,exact_hop,33.0,33,1.0042004968192502,3,2.091631895719753,3,1.4207238333631576,0.6792418093597062,7.697229092703486,6.671803616175598e-15,0,-1,True,frontier,,
8,23,331,228,off_manifold_hop,35.000000000000455,35,0.6080886546589332,14,2.424553676917047,12,1.6259199908150423,0.6706058959612266,4.25301538382033,4.5770490148667944e-15,32,39,True,frontier,,
29,23,1378,106,exact_hop,34.99999999999886,35,1.000340387660961,12,1.8140751119850338,11,1.3460253543224148,0.741989868792996,4.888928599370436,8.711142364664713e-14,11,39,True,frontier,,
34,23,1606,1041,off_manifold_hop,35.000000000000114,35,1.0006001947725418,11,2.2275355177792933,11,1.3672521841605416,0.6137959072920204,3.3060567118563884,4.071828666047258e-15,2,39,True,frontier,,
8,23,331,228,off_manifold_hop,35.000000000000455,35,0.6080886546589332,14,2.424553676917047,12,1.6259199908150423,0.6706058959612266,4.25301538382033,4.5770490148667944e-15,32,39,False,full_delete_probe,1.0067502945223712,14
40,23,1821,1780,exact_hop,33.0,33,1.0042004968192502,3,2.091631895719753,3,1.4207238333631576,0.6792418093597062,7.697229092703486,6.671803616175598e-15,1,40,True,expanded:genericity,,
8,23,331,228,off_manifold_hop,35.000000000000455,35,0.6080886546589332,14,2.424553676917047,12,1.6259199908150423,0.6706058959612266,4.25301538382033,4.5770490148667944e-15,33,40,True,expanded:deletion,,
29,23,1378,106,exact_hop,34.99999999999886,35,1.000340387660961,12,1.8140751119850338,11,1.3460253543224148,0.741989868792996,4.888928599370436,8.711142364664713e-14,12,40,True,expanded:death,,
41,23,1871,1821,exact_hop,32.999999999999886,33,1.0026757040236567,3,2.1525367919578935,3,1.2198358194994263,0.5666968499943242,7.897462466093474,6.454103269175757e-15,0,-1,True,pareto_kept_polished,,
8,23,331,228,off_manifold_hop,35.00000000000057,35,0.6080886546589332,14,2.424553676917047,12,1.6259199908150423,0.6706058959612266,4.25301538382033,4.5936148560712826e-15,33,40,True,pareto_kept_polished,,
29,23,1378,106,exact_hop,34.99999999999886,35,1.000340387660961,12,1.8140751119850338,11,1.3460253543224148,0.741989868792996,4.888928599370436,8.711142364664713e-14,12,40,True,pareto_kept_polished,,
34,23,1606,1041,off_manifold_hop,35.000000000000114,35,1.0006001947725418,11,2.227535517779293,11,1.3672521841605416,0.6137959072920205,3.3060567118563884,4.100806612634583e-15,2,39,True,pareto_kept_polished,,
41,23,1871,1821,exact_hop,32.999999999999886,33,1.0026757040236567,3,2.1525367919578935,3,1.2198358194994263,0.5666968499943242,7.897462466093474,6.454103269175757e-15,0,-1,True,frontier,,
8,23,331,228,off_manifold_hop,35.00000000000057,35,0.6080886546589332,14,2.424553676917047,12,1.6259199908150423,0.6706058959612266,4.25301538382033,4.5936148560712826e-15,33,40,True,frontier,,
29,23,1378,106,exact_hop,34.99999999999886,35,1.000340387660961,12,1.8140751119850338,11,1.3460253543224148,0.741989868792996,4.888928599370436,8.711142364664713e-14,12,40,True,frontier,,
34,23,1606,1041,off_manifold_hop,35.000000000000114,35,1.0006001947725418,11,2.227535517779293,11,1.3672521841605416,0.6137959072920205,3.3060567118563884,4.100806612634583e-15,2,39,True,frontier,,
41,23,1871,1821,exact_hop,32.999999999999886,33,1.0026757040236567,3,2.1525367919578935,3,1.2198358194994263,0.5666968499943242,7.897462466093474,6.454103269175757e-15,1,41,True,expanded:genericity,,
8,23,331,228,off_manifold_hop,35.00000000000057,35,0.6080886546589332,14,2.424553676917047,12,1.6259199908150423,0.6706058959612266,4.25301538382033,4.5936148560712826e-15,34,41,True,expanded:deletion,,
29,23,1378,106,exact_hop,34.99999999999886,35,1.000340387660961,12,1.8140751119850338,11,1.3460253543224148,0.741989868792996,4.888928599370436,8.711142364664713e-14,13,41,True,expanded:death,,
42,23,1906,1871,off_manifold_hop,33.00000000034902,33,1.0038057479930436,3,2.2451287185408026,3,1.9404491054173783,0.8642930311267643,7.878086689078295,5.2097327125947385e-15,0,-1,True,pareto_kept_polished,,
8,23,331,228,off_manifold_hop,35.000000000000455,35,0.6080886546589332,14,2.424553676917047,12,1.6259199908150423,0.6706058959612266,4.25301538382033,4.5770490148667944e-15,34,41,True,pareto_kept_polished,,
29,23,1378,106,exact_hop,34.99999999999886,35,1.000340387660961,12,1.8140751119850338,11,1.3460253543224148,0.741989868792996,4.888928599370436,8.711142364664713e-14,13,41,True,pareto_kept_polished,,
34,23,1606,1041,off_manifold_hop,35.000000000000114,35,1.0006001947725418,11,2.2275355177792946,11,1.3672521841605416,0.6137959072920199,3.3060567118563884,4.0681639392193814e-15,2,39,True,pareto_kept_polished,,
42,23,1906,1871,off_manifold_hop,33.00000000034902,33,1.0038057479930436,3,2.2451287185408026,3,1.9404491054173783,0.8642930311267643,7.878086689078295,5.2097327125947385e-15,0,-1,True,frontier,,
8,23,331,228,off_manifold_hop,35.000000000000455,35,0.6080886546589332,14,2.424553676917047,12,1.6259199908150423,0.6706058959612266,4.25301538382033,4.5770490148667944e-15,34,41,True,frontier,,
29,23,1378,106,exact_hop,34.99999999999886,35,1.000340387660961,12,1.8140751119850338,11,1.3460253543224148,0.741989868792996,4.888928599370436,8.711142364664713e-14,13,41,True,frontier,,
34,23,1606,1041,off_manifold_hop,35.000000000000114,35,1.0006001947725418,11,2.2275355177792946,11,1.3672521841605416,0.6137959072920199,3.3060567118563884,4.0681639392193814e-15,2,39,True,frontier,,
8,23,331,228,off_manifold_hop,35.000000000000455,35,0.6080886546589332,14,2.424553676917047,12,1.6259199908150423,0.6706058959612266,4.25301538382033,4.5770490148667944e-15,34,41,False,full_delete_probe,1.0003098647730484,14
42,23,1906,1871,off_manifold_hop,33.00000000034902,33,1.0038057479930436,3,2.2451287185408026,3,1.9404491054173783,0.8642930311267643,7.878086689078295,5.2097327125947385e-15,1,42,True,expanded:genericity,,
8,23,331,228,off_manifold_hop,35.000000000000455,35,0.6080886546589332,14,2.424553676917047,12,1.6259199908150423,0.6706058959612266,4.25301538382033,4.5770490148667944e-15,35,42,True,expanded:deletion,,
29,23,1378,106,exact_hop,34.99999999999886,35,1.000340387660961,12,1.8140751119850338,11,1.3460253543224148,0.741989868792996,4.888928599370436,8.711142364664713e-14,14,42,True,expanded:death,,
34,23,1606,1041,off_manifold_hop,35.000000000000114,35,1.0006001947725418,11,2.2275355177792946,11,1.3672521841605416,0.6137959072920199,3.3060567118563884,4.0681639392193814e-15,3,42,True,expanded:explore,,
43,23,1944,1906,exact_hop,32.999999999999886,33,1.0061512897018934,3,1.9810453317424552,3,1.66065514884433,0.838272159771164,7.8853396105371525,7.783034540410708e-14,0,-1,True,pareto_kept_polished,,
8,23,331,228,off_manifold_hop,35.00000000000057,35,0.6080886546589332,14,2.424553676917047,12,1.6259199908150423,0.6706058959612266,4.25301538382033,4.5936148560712826e-15,35,42,True,pareto_kept_polished,,
29,23,1378,106,exact_hop,34.99999999999886,35,1.000340387660961,12,1.8140751119850338,11,1.3460253543224148,0.741989868792996,4.888928599370436,8.711142364664713e-14,14,42,True,pareto_kept_polished,,
34,23,1606,1041,off_manifold_hop,35.000000000000114,35,1.0006001947725418,11,2.227535517779295,11,1.3672521841605416,0.6137959072920198,3.3060567118563884,4.1035355255963146e-15,3,42,True,pareto_kept_polished,,
43,23,1944,1906,exact_hop,32.999999999999886,33,1.0061512897018934,3,1.9810453317424552,3,1.66065514884433,0.838272159771164,7.8853396105371525,7.783034540410708e-14,0,-1,True,frontier,,
8,23,331,228,off_manifold_hop,35.00000000000057,35,0.6080886546589332,14,2.424553676917047,12,1.6259199908150423,0.6706058959612266,4.25301538382033,4.5936148560712826e-15,35,42,True,frontier,,
29,23,1378,106,exact_hop,34.99999999999886,35,1.000340387660961,12,1.8140751119850338,11,1.3460253543224148,0.741989868792996,4.888928599370436,8.711142364664713e-14,14,42,True,frontier,,
34,23,1606,1041,off_manifold_hop,35.000000000000114,35,1.0006001947725418,11,2.227535517779295,11,1.3672521841605416,0.6137959072920198,3.3060567118563884,4.1035355255963146e-15,3,42,True,frontier,,
43,23,1944,1906,exact_hop,32.999999999999886,33,1.0061512897018934,3,1.9810453317424552,3,1.66065514884433,0.838272159771164,7.8853396105371525,7.783034540410708e-14,1,43,True,expanded:genericity,,
8,23,331,228,off_manifold_hop,35.00000000000057,35,0.6080886546589332,14,2.424553676917047,12,1.6259199908150423,0.6706058959612266,4.25301538382033,4.5936148560712826e-15,36,43,True,expanded:deletion,,
29,23,1378,106,exact_hop,34.99999999999886,35,1.000340387660961,12,1.8140751119850338,11,1.3460253543224148,0.741989868792996,4.888928599370436,8.711142364664713e-14,15,43,True,expanded:death,,
43,23,1944,1906,exact_hop,32.99999999999977,33,1.0061512897018934,3,1.9810453317424597,3,1.66065514884433,0.8382721597711621,7.8853396105371525,7.769685927620724e-14,1,43,True,pareto_kept_polished,,
8,23,331,228,off_manifold_hop,35.000000000000455,35,0.6080886546589332,14,2.424553676917047,12,1.6259199908150423,0.6706058959612266,4.25301538382033,4.5770490148667944e-15,36,43,True,pareto_kept_polished,,
29,23,1378,106,exact_hop,34.99999999999886,35,1.000340387660961,12,1.8140751119850338,11,1.3460253543224148,0.741989868792996,4.888928599370436,8.711142364664713e-14,15,43,True,pareto_kept_polished,,
34,23,1606,1041,off_manifold_hop,35.00000000000023,35,1.0006001947725418,11,2.227535517779292,11,1.3672521841605416,0.6137959072920207,3.3060567118563884,4.070642325636935e-15,3,42,True,pareto_kept_polished,,
43,23,1944,1906,exact_hop,32.99999999999977,33,1.0061512897018934,3,1.9810453317424597,3,1.66065514884433,0.8382721597711621,7.8853396105371525,7.769685927620724e-14,1,43,True,frontier,,
8,23,331,228,off_manifold_hop,35.000000000000455,35,0.6080886546589332,14,2.424553676917047,12,1.6259199908150423,0.6706058959612266,4.25301538382033,4.5770490148667944e-15,36,43,True,frontier,,
29,23,1378,106,exact_hop,34.99999999999886,35,1.000340387660961,12,1.8140751119850338,11,1.3460253543224148,0.741989868792996,4.888928599370436,8.711142364664713e-14,15,43,True,frontier,,
34,23,1606,1041,off_manifold_hop,35.00000000000023,35,1.0006001947725418,11,2.227535517779292,11,1.3672521841605416,0.6137959072920207,3.3060567118563884,4.070642325636935e-15,3,42,True,frontier,,
8,23,331,228,off_manifold_hop,35.000000000000455,35,0.6080886546589332,14,2.424553676917047,12,1.6259199908150423,0.6706058959612266,4.25301538382033,4.5770490148667944e-15,36,43,False,full_delete_probe,1.0000840540811171,14
43,23,1944,1906,exact_hop,32.99999999999977,33,1.0061512897018934,3,1.9810453317424597,3,1.66065514884433,0.8382721597711621,7.8853396105371525,7.769685927620724e-14,2,44,True,expanded:genericity,,
8,23,331,228,off_manifold_hop,35.000000000000455,35,0.6080886546589332,14,2.424553676917047,12,1.6259199908150423,0.6706058959612266,4.25301538382033,4.5770490148667944e-15,37,44,True,expanded:deletion,,
29,23,1378,106,exact_hop,34.99999999999886,35,1.000340387660961,12,1.8140751119850338,11,1.3460253543224148,0.741989868792996,4.888928599370436,8.711142364664713e-14,16,44,True,expanded:death,,
43,23,1944,1906,exact_hop,32.99999999999977,33,1.0061512897018934,3,1.9810453317424614,3,1.66065514884433,0.8382721597711613,7.8853396105371525,7.783696076070722e-14,2,44,True,pareto_kept_polished,,
8,23,331,228,off_manifold_hop,35.00000000000057,35,0.6080886546589332,14,2.424553676917047,12,1.6259199908150423,0.6706058959612266,4.25301538382033,4.5936148560712826e-15,37,44,True,pareto_kept_polished,,
29,23,1378,106,exact_hop,34.99999999999886,35,1.000340387660961,12,1.8140751119850338,11,1.3460253543224148,0.741989868792996,4.888928599370436,8.711142364664713e-14,16,44,True,pareto_kept_polished,,
34,23,1606,1041,off_manifold_hop,35.000000000000114,35,1.0006001947725418,11,2.2275355177792937,11,1.3672521841605416,0.6137959072920203,3.3060567118563884,4.099899140290135e-15,3,42,True,pareto_kept_polished,,
43,23,1944,1906,exact_hop,32.99999999999977,33,1.0061512897018934,3,1.9810453317424614,3,1.66065514884433,0.8382721597711613,7.8853396105371525,7.783696076070722e-14,2,44,True,frontier,,
8,23,331,228,off_manifold_hop,35.00000000000057,35,0.6080886546589332,14,2.424553676917047,12,1.6259199908150423,0.6706058959612266,4.25301538382033,4.5936148560712826e-15,37,44,True,frontier,,
29,23,1378,106,exact_hop,34.99999999999886,35,1.000340387660961,12,1.8140751119850338,11,1.3460253543224148,0.741989868792996,4.888928599370436,8.711142364664713e-14,16,44,True,frontier,,
34,23,1606,1041,off_manifold_hop,35.000000000000114,35,1.0006001947725418,11,2.2275355177792937,11,1.3672521841605416,0.6137959072920203,3.3060567118563884,4.099899140290135e-15,3,42,True,frontier,,
43,23,1944,1906,exact_hop,32.99999999999977,33,1.0061512897018934,3,1.9810453317424614,3,1.66065514884433,0.8382721597711613,7.8853396105371525,7.783696076070722e-14,3,45,True,expanded:genericity,,
8,23,331,228,off_manifold_hop,35.00000000000057,35,0.6080886546589332,14,2.424553676917047,12,1.6259199908150423,0.6706058959612266,4.25301538382033,4.5936148560712826e-15,38,45,True,expanded:deletion,,
29,23,1378,106,exact_hop,34.99999999999886,35,1.000340387660961,12,1.8140751119850338,11,1.3460253543224148,0.741989868792996,4.888928599370436,8.711142364664713e-14,17,45,True,expanded:death,,
34,23,1606,1041,off_manifold_hop,35.000000000000114,35,1.0006001947725418,11,2.2275355177792937,11,1.3672521841605416,0.6137959072920203,3.3060567118563884,4.099899140290135e-15,4,45,True,expanded:explore,,
46,23,2071,1944,off_manifold_hop,33.000000000000114,33,1.006676865332204,3,2.371295789527944,3,2.0388597863687234,0.8598082935805327,7.127095149276755,6.376080119547316e-15,0,-1,True,pareto_kept_polished,,
8,23,331,228,off_manifold_hop,35.000000000000455,35,0.6080886546589332,14,2.424553676917047,12,1.6259199908150423,0.6706058959612266,4.25301538382033,4.5770490148667944e-15,38,45,True,pareto_kept_polished,,
29,23,1378,106,exact_hop,34.99999999999886,35,1.000340387660961,12,1.8140751119850338,11,1.3460253543224148,0.741989868792996,4.888928599370436,8.711142364664713e-14,17,45,True,pareto_kept_polished,,
34,23,1606,1041,off_manifold_hop,35.00000000000023,35,1.0006001947725418,11,2.2275355177792937,11,1.3672521841605416,0.6137959072920202,3.3060567118563884,4.077251125550856e-15,4,45,True,pareto_kept_polished,,
46,23,2071,1944,off_manifold_hop,33.000000000000114,33,1.006676865332204,3,2.371295789527944,3,2.0388597863687234,0.8598082935805327,7.127095149276755,6.376080119547316e-15,0,-1,True,frontier,,
8,23,331,228,off_manifold_hop,35.000000000000455,35,0.6080886546589332,14,2.424553676917047,12,1.6259199908150423,0.6706058959612266,4.25301538382033,4.5770490148667944e-15,38,45,True,frontier,,
29,23,1378,106,exact_hop,34.99999999999886,35,1.000340387660961,12,1.8140751119850338,11,1.3460253543224148,0.741989868792996,4.888928599370436,8.711142364664713e-14,17,45,True,frontier,,
34,23,1606,1041,off_manifold_hop,35.00000000000023,35,1.0006001947725418,11,2.2275355177792937,11,1.3672521841605416,0.6137959072920202,3.3060567118563884,4.077251125550856e-15,4,45,True,frontier,,
8,23,331,228,off_manifold_hop,35.000000000000455,35,0.6080886546589332,14,2.424553676917047,12,1.6259199908150423,0.6706058959612266,4.25301538382033,4.5770490148667944e-15,38,45,False,full_delete_probe,1.0000656754759731,14
46,23,2071,1944,off_manifold_hop,33.000000000000114,33,1.006676865332204,3,2.371295789527944,3,2.0388597863687234,0.8598082935805327,7.127095149276755,6.376080119547316e-15,1,46,True,expanded:genericity,,
8,23,331,228,off_manifold_hop,35.000000000000455,35,0.6080886546589332,14,2.424553676917047,12,1.6259199908150423,0.6706058959612266,4.25301538382033,4.5770490148667944e-15,39,46,True,expanded:deletion,,
29,23,1378,106,exact_hop,34.99999999999886,35,1.000340387660961,12,1.8140751119850338,11,1.3460253543224148,0.741989868792996,4.888928599370436,8.711142364664713e-14,18,46,True,expanded:death,,
47,23,2124,2071,exact_hop,33.0000000000025,33,1.0089344425438096,3,2.067330735416962,3,1.4499492193206658,0.7013629674635606,7.267567339804867,6.75283612916502e-15,0,-1,True,pareto_kept_polished,,
8,23,331,228,off_manifold_hop,35.00000000000057,35,0.6080886546589332,14,2.424553676917047,12,1.6259199908150423,0.6706058959612266,4.25301538382033,4.5936148560712826e-15,39,46,True,pareto_kept_polished,,
29,23,1378,106,exact_hop,34.99999999999886,35,1.000340387660961,12,1.8140751119850338,11,1.3460253543224148,0.741989868792996,4.888928599370436,8.711142364664713e-14,18,46,True,pareto_kept_polished,,
34,23,1606,1041,off_manifold_hop,35.00000000000023,35,1.0006001947725418,11,2.2275355177792937,11,1.3672521841605416,0.6137959072920202,3.3060567118563884,4.102358354343718e-15,4,45,True,pareto_kept_polished,,
47,23,2124,2071,exact_hop,33.0000000000025,33,1.0089344425438096,3,2.067330735416962,3,1.4499492193206658,0.7013629674635606,7.267567339804867,6.75283612916502e-15,0,-1,True,frontier,,
8,23,331,228,off_manifold_hop,35.00000000000057,35,0.6080886546589332,14,2.424553676917047,12,1.6259199908150423,0.6706058959612266,4.25301538382033,4.5936148560712826e-15,39,46,True,frontier,,
29,23,1378,106,exact_hop,34.99999999999886,35,1.000340387660961,12,1.8140751119850338,11,1.3460253543224148,0.741989868792996,4.888928599370436,8.711142364664713e-14,18,46,True,frontier,,
34,23,1606,1041,off_manifold_hop,35.00000000000023,35,1.0006001947725418,11,2.2275355177792937,11,1.3672521841605416,0.6137959072920202,3.3060567118563884,4.102358354343718e-15,4,45,True,frontier,,
47,23,2124,2071,exact_hop,33.0000000000025,33,1.0089344425438096,3,2.067330735416962,3,1.4499492193206658,0.7013629674635606,7.267567339804867,6.75283612916502e-15,1,47,True,expanded:genericity,,
8,23,331,228,off_manifold_hop,35.00000000000057,35,0.6080886546589332,14,2.424553676917047,12,1.6259199908150423,0.6706058959612266,4.25301538382033,4.5936148560712826e-15,40,47,True,expanded:deletion,,
29,23,1378,106,exact_hop,34.99999999999886,35,1.000340387660961,12,1.8140751119850338,11,1.3460253543224148,0.741989868792996,4.888928599370436,8.711142364664713e-14,19,47,True,expanded:death,,
48,23,2167,2124,exact_hop,33.0,33,1.007984213940885,3,2.55744488871533,3,1.304559411712154,0.5101026487290083,7.791302228271371,5.807605713065093e-15,0,-1,True,pareto_kept_polished,,
8,23,331,228,off_manifold_hop,35.000000000000455,35,0.6080886546589332,14,2.424553676917047,12,1.6259199908150423,0.6706058959612266,4.25301538382033,4.5770490148667944e-15,40,47,True,pareto_kept_polished,,
29,23,1378,106,exact_hop,34.99999999999886,35,1.000340387660961,12,1.8140751119850338,11,1.3460253543224148,0.741989868792996,4.888928599370436,8.711142364664713e-14,19,47,True,pareto_kept_polished,,
34,23,1606,1041,off_manifold_hop,35.000000000000114,35,1.0006001947725418,11,2.2275355177792924,11,1.3672521841605416,0.6137959072920206,3.3060567118563884,4.082252489835479e-15,4,45,True,pareto_kept_polished,,
48,23,2167,2124,exact_hop,33.0,33,1.007984213940885,3,2.55744488871533,3,1.304559411712154,0.5101026487290083,7.791302228271371,5.807605713065093e-15,0,-1,True,frontier,,
8,23,331,228,off_manifold_hop,35.000000000000455,35,0.6080886546589332,14,2.424553676917047,12,1.6259199908150423,0.6706058959612266,4.25301538382033,4.5770490148667944e-15,40,47,True,frontier,,
29,23,1378,106,exact_hop,34.99999999999886,35,1.000340387660961,12,1.8140751119850338,11,1.3460253543224148,0.741989868792996,4.888928599370436,8.711142364664713e-14,19,47,True,frontier,,
34,23,1606,1041,off_manifold_hop,35.000000000000114,35,1.0006001947725418,11,2.2275355177792924,11,1.3672521841605416,0.6137959072920206,3.3060567118563884,4.082252489835479e-15,4,45,True,frontier,,
8,23,331,228,off_manifold_hop,35.000000000000455,35,0.6080886546589332,14,2.424553676917047,12,1.6259199908150423,0.6706058959612266,4.25301538382033,4.5770490148667944e-15,40,47,False,full_delete_probe,1.0011951243494408,14
48,23,2167,2124,exact_hop,33.0,33,1.007984213940885,3,2.55744488871533,3,1.304559411712154,0.5101026487290083,7.791302228271371,5.807605713065093e-15,1,48,True,expanded:genericity,,
8,23,331,228,off_manifold_hop,35.000000000000455,35,0.6080886546589332,14,2.424553676917047,12,1.6259199908150423,0.6706058959612266,4.25301538382033,4.5770490148667944e-15,41,48,True,expanded:deletion,,
29,23,1378,106,exact_hop,34.99999999999886,35,1.000340387660961,12,1.8140751119850338,11,1.3460253543224148,0.741989868792996,4.888928599370436,8.711142364664713e-14,20,48,True,expanded:death,,
34,23,1606,1041,off_manifold_hop,35.000000000000114,35,1.0006001947725418,11,2.2275355177792924,11,1.3672521841605416,0.6137959072920206,3.3060567118563884,4.082252489835479e-15,5,48,True,expanded:explore,,
49,23,2203,2167,exact_hop,33.00000000000068,33,1.0051651431585262,3,3.16952213994508,0,1.9784260493903498,0.6242032590517355,7.929538450633939,5.924050969913947e-15,0,-1,True,pareto_kept_polished,,
49,23,2220,331,off_manifold_hop,34.99999999999977,35,0.5986144603302692,14,2.770864004067447,0,1.9972131146383727,0.7207907395334433,4.745564214632659,3.4645064655290553e-15,0,-1,True,pareto_kept_polished,,
29,23,1378,106,exact_hop,34.99999999999886,35,1.000340387660961,12,1.8140751119850338,11,1.3460253543224148,0.741989868792996,4.888928599370436,8.711142364664713e-14,20,48,True,pareto_kept_polished,,
34,23,1606,1041,off_manifold_hop,35.000000000000114,35,1.0006001947725418,11,2.2275355177792946,11,1.3672521841605416,0.6137959072920199,3.3060567118563884,4.108916142365594e-15,5,48,True,pareto_kept_polished,,
49,23,2203,2167,exact_hop,33.00000000000068,33,1.0051651431585262,3,3.16952213994508,0,1.9784260493903498,0.6242032590517355,7.929538450633939,5.924050969913947e-15,0,-1,True,frontier,,
49,23,2220,331,off_manifold_hop,34.99999999999977,35,0.5986144603302692,14,2.770864004067447,0,1.9972131146383727,0.7207907395334433,4.745564214632659,3.4645064655290553e-15,0,-1,True,frontier,,
29,23,1378,106,exact_hop,34.99999999999886,35,1.000340387660961,12,1.8140751119850338,11,1.3460253543224148,0.741989868792996,4.888928599370436,8.711142364664713e-14,20,48,True,frontier,,
34,23,1606,1041,off_manifold_hop,35.000000000000114,35,1.0006001947725418,11,2.2275355177792946,11,1.3672521841605416,0.6137959072920199,3.3060567118563884,4.108916142365594e-15,5,48,True,frontier,,
49,23,2203,2167,exact_hop,33.00000000000068,33,1.0051651431585262,3,3.16952213994508,0,1.9784260493903498,0.6242032590517355,7.929538450633939,5.924050969913947e-15,1,49,True,expanded:genericity,,
49,23,2220,331,off_manifold_hop,34.99999999999977,35,0.5986144603302692,14,2.770864004067447,0,1.9972131146383727,0.7207907395334433,4.745564214632659,3.4645064655290553e-15,1,49,True,expanded:deletion,,
29,23,1378,106,exact_hop,34.99999999999886,35,1.000340387660961,12,1.8140751119850338,11,1.3460253543224148,0.741989868792996,4.888928599370436,8.711142364664713e-14,21,49,True,expanded:death,,
50,23,2257,2203,off_manifold_hop,33.0,33,1.0088068535446244,3,2.14881441969221,3,1.7946715356419272,0.8351914987144357,7.791954821636634,6.485138690447673e-15,0,-1,True,pareto_kept_polished,,
49,23,2220,331,off_manifold_hop,34.99999999999977,35,0.5986144603302692,14,2.7708640040674504,0,1.9972131146383727,0.7207907395334423,4.745564214632659,3.692755546706409e-15,1,49,True,pareto_kept_polished,,
29,23,1378,106,exact_hop,34.99999999999886,35,1.000340387660961,12,1.8140751119850338,11,1.3460253543224148,0.741989868792996,4.888928599370436,8.711142364664713e-14,21,49,True,pareto_kept_polished,,
34,23,1606,1041,off_manifold_hop,35.000000000000114,35,1.0006001947725418,11,2.2275355177792955,11,1.3672521841605416,0.6137959072920197,3.3060567118563884,4.087996439190562e-15,5,48,True,pareto_kept_polished,,
50,23,2257,2203,off_manifold_hop,33.0,33,1.0088068535446244,3,2.14881441969221,3,1.7946715356419272,0.8351914987144357,7.791954821636634,6.485138690447673e-15,0,-1,True,frontier,,
49,23,2220,331,off_manifold_hop,34.99999999999977,35,0.5986144603302692,14,2.7708640040674504,0,1.9972131146383727,0.7207907395334423,4.745564214632659,3.692755546706409e-15,1,49,True,frontier,,
29,23,1378,106,exact_hop,34.99999999999886,35,1.000340387660961,12,1.8140751119850338,11,1.3460253543224148,0.741989868792996,4.888928599370436,8.711142364664713e-14,21,49,True,frontier,,
34,23,1606,1041,off_manifold_hop,35.000000000000114,35,1.0006001947725418,11,2.2275355177792955,11,1.3672521841605416,0.6137959072920197,3.3060567118563884,4.087996439190562e-15,5,48,True,frontier,,
49,23,2220,331,off_manifold_hop,34.99999999999977,35,0.5986144603302692,14,2.7708640040674504,0,1.9972131146383727,0.7207907395334423,4.745564214632659,3.692755546706409e-15,1,49,False,full_delete_probe,1.0002192524051086,14
50,23,2257,2203,off_manifold_hop,33.0,33,1.0088068535446244,3,2.14881441969221,3,1.7946715356419272,0.8351914987144357,7.791954821636634,6.485138690447673e-15,1,50,True,expanded:genericity,,
49,23,2220,331,off_manifold_hop,34.99999999999977,35,0.5986144603302692,14,2.7708640040674504,0,1.9972131146383727,0.7207907395334423,4.745564214632659,3.692755546706409e-15,2,50,True,expanded:deletion,,
29,23,1378,106,exact_hop,34.99999999999886,35,1.000340387660961,12,1.8140751119850338,11,1.3460253543224148,0.741989868792996,4.888928599370436,8.711142364664713e-14,22,50,True,expanded:death,,
51,23,2292,2257,exact_hop,33.00000000000034,33,1.0066109155713434,3,1.98699224199666,3,1.3652946756798061,0.6871162588475276,7.520423604485712,1.3333887268819125e-14,0,-1,True,pareto_kept_polished,,
49,23,2220,331,off_manifold_hop,34.99999999999977,35,0.5986144603302692,14,2.7708640040674486,0,1.9972131146383727,0.7207907395334427,4.745564214632659,3.635321186141292e-15,2,50,True,pareto_kept_polished,,
29,23,1378,106,exact_hop,34.99999999999886,35,1.000340387660961,12,1.8140751119850338,11,1.3460253543224148,0.741989868792996,4.888928599370436,8.711142364664713e-14,22,50,True,pareto_kept_polished,,
34,23,1606,1041,off_manifold_hop,35.000000000000114,35,1.0006001947725418,11,2.227535517779293,11,1.3672521841605416,0.6137959072920205,3.3060567118563884,4.1138790107336405e-15,5,48,True,pareto_kept_polished,,
51,23,2292,2257,exact_hop,33.00000000000034,33,1.0066109155713434,3,1.98699224199666,3,1.3652946756798061,0.6871162588475276,7.520423604485712,1.3333887268819125e-14,0,-1,True,frontier,,
49,23,2220,331,off_manifold_hop,34.99999999999977,35,0.5986144603302692,14,2.7708640040674486,0,1.9972131146383727,0.7207907395334427,4.745564214632659,3.635321186141292e-15,2,50,True,frontier,,
29,23,1378,106,exact_hop,34.99999999999886,35,1.000340387660961,12,1.8140751119850338,11,1.3460253543224148,0.741989868792996,4.888928599370436,8.711142364664713e-14,22,50,True,frontier,,
34,23,1606,1041,off_manifold_hop,35.000000000000114,35,1.0006001947725418,11,2.227535517779293,11,1.3672521841605416,0.6137959072920205,3.3060567118563884,4.1138790107336405e-15,5,48,True,frontier,,
51,23,2292,2257,exact_hop,33.00000000000034,33,1.0066109155713434,3,1.98699224199666,3,1.3652946756798061,0.6871162588475276,7.520423604485712,1.3333887268819125e-14,1,51,True,expanded:genericity,,
49,23,2220,331,off_manifold_hop,34.99999999999977,35,0.5986144603302692,14,2.7708640040674486,0,1.9972131146383727,0.7207907395334427,4.745564214632659,3.635321186141292e-15,3,51,True,expanded:deletion,,
29,23,1378,106,exact_hop,34.99999999999886,35,1.000340387660961,12,1.8140751119850338,11,1.3460253543224148,0.741989868792996,4.888928599370436,8.711142364664713e-14,23,51,True,expanded:death,,
34,23,1606,1041,off_manifold_hop,35.000000000000114,35,1.0006001947725418,11,2.227535517779293,11,1.3672521841605416,0.6137959072920205,3.3060567118563884,4.1138790107336405e-15,6,51,True,expanded:explore,,
52,23,2327,2292,exact_hop,33.00000000000034,33,1.0094406360933603,3,2.241740274445128,3,1.3212787994696964,0.5893986982041161,7.925966595474056,6.503660664296939e-15,0,-1,True,pareto_kept_polished,,
49,23,2220,331,off_manifold_hop,34.99999999999977,35,0.5986144603302692,14,2.77086400406745,0,1.9972131146383727,0.7207907395334424,4.745564214632659,3.70137132414091e-15,3,51,True,pareto_kept_polished,,
29,23,1378,106,exact_hop,34.99999999999886,35,1.000340387660961,12,1.8140751119850338,11,1.3460253543224148,0.741989868792996,4.888928599370436,8.711142364664713e-14,23,51,True,pareto_kept_polished,,
34,23,1606,1041,off_manifold_hop,35.000000000000114,35,1.0006001947725418,11,2.2275355177792933,11,1.3672521841605416,0.6137959072920204,3.3060567118563884,4.092726233590963e-15,6,51,True,pareto_kept_polished,,
52,23,2327,2292,exact_hop,33.00000000000034,33,1.0094406360933603,3,2.241740274445128,3,1.3212787994696964,0.5893986982041161,7.925966595474056,6.503660664296939e-15,0,-1,True,frontier,,
49,23,2220,331,off_manifold_hop,34.99999999999977,35,0.5986144603302692,14,2.77086400406745,0,1.9972131146383727,0.7207907395334424,4.745564214632659,3.70137132414091e-15,3,51,True,frontier,,
29,23,1378,106,exact_hop,34.99999999999886,35,1.000340387660961,12,1.8140751119850338,11,1.3460253543224148,0.741989868792996,4.888928599370436,8.711142364664713e-14,23,51,True,frontier,,
34,23,1606,1041,off_manifold_hop,35.000000000000114,35,1.0006001947725418,11,2.2275355177792933,11,1.3672521841605416,0.6137959072920204,3.3060567118563884,4.092726233590963e-15,6,51,True,frontier,,
49,23,2220,331,off_manifold_hop,34.99999999999977,35,0.5986144603302692,14,2.77086400406745,0,1.9972131146383727,0.7207907395334424,4.745564214632659,3.70137132414091e-15,3,51,False,full_delete_probe,1.0000514026366951,14
52,23,2327,2292,exact_hop,33.00000000000034,33,1.0094406360933603,3,2.241740274445128,3,1.3212787994696964,0.5893986982041161,7.925966595474056,6.503660664296939e-15,1,52,True,expanded:genericity,,
49,23,2220,331,off_manifold_hop,34.99999999999977,35,0.5986144603302692,14,2.77086400406745,0,1.9972131146383727,0.7207907395334424,4.745564214632659,3.70137132414091e-15,4,52,True,expanded:deletion,,
29,23,1378,106,exact_hop,34.99999999999886,35,1.000340387660961,12,1.8140751119850338,11,1.3460253543224148,0.741989868792996,4.888928599370436,8.711142364664713e-14,24,52,True,expanded:death,,
53,23,2376,2327,off_manifold_hop,33.000000000000796,33,1.0041104856249832,3,2.7756091348146374,3,1.1847500904994313,0.4268432740183182,7.572011515354616,6.8132288645834506e-15,0,-1,True,pareto_kept_polished,,
49,23,2220,331,off_manifold_hop,34.99999999999977,35,0.5986144603302692,14,2.77086400406745,0,1.9972131146383727,0.7207907395334424,4.745564214632659,3.62289434160508e-15,4,52,True,pareto_kept_polished,,
29,23,1378,106,exact_hop,34.99999999999886,35,1.000340387660961,12,1.8140751119850338,11,1.3460253543224148,0.741989868792996,4.888928599370436,8.711142364664713e-14,24,52,True,pareto_kept_polished,,
34,23,1606,1041,off_manifold_hop,35.000000000000114,35,1.0006001947725418,11,2.2275355177792937,11,1.3672521841605416,0.6137959072920202,3.3060567118563884,4.119578863308912e-15,6,51,True,pareto_kept_polished,,
53,23,2376,2327,off_manifold_hop,33.000000000000796,33,1.0041104856249832,3,2.7756091348146374,3,1.1847500904994313,0.4268432740183182,7.572011515354616,6.8132288645834506e-15,0,-1,True,frontier,,
49,23,2220,331,off_manifold_hop,34.99999999999977,35,0.5986144603302692,14,2.77086400406745,0,1.9972131146383727,0.7207907395334424,4.745564214632659,3.62289434160508e-15,4,52,True,frontier,,
29,23,1378,106,exact_hop,34.99999999999886,35,1.000340387660961,12,1.8140751119850338,11,1.3460253543224148,0.741989868792996,4.888928599370436,8.711142364664713e-14,24,52,True,frontier,,
34,23,1606,1041,off_manifold_hop,35.000000000000114,35,1.0006001947725418,11,2.2275355177792937,11,1.3672521841605416,0.6137959072920202,3.3060567118563884,4.119578863308912e-15,6,51,True,frontier,,
53,23,2376,2327,off_manifold_hop,33.000000000000796,33,1.0041104856249832,3,2.7756091348146374,3,1.1847500904994313,0.4268432740183182,7.572011515354616,6.8132288645834506e-15,1,53,True,expanded:genericity,,
49,23,2220,331,off_manifold_hop,34.99999999999977,35,0.5986144603302692,14,2.77086400406745,0,1.9972131146383727,0.7207907395334424,4.745564214632659,3.62289434160508e-15,5,53,True,expanded:deletion,,
29,23,1378,106,exact_hop,34.99999999999886,35,1.000340387660961,12,1.8140751119850338,11,1.3460253543224148,0.741989868792996,4.888928599370436,8.711142364664713e-14,25,53,True,expanded:death,,
54,23,2416,2376,off_manifold_hop,32.99999999999977,33,1.0056354517383324,3,2.205979209485923,3,1.5851836392622478,0.718585031284885,7.014264926198946,6.823976990135039e-15,0,-1,True,pareto_kept_polished,,
49,23,2220,331,off_manifold_hop,34.99999999999977,35,0.5986144603302692,14,2.7708640040674504,0,1.9972131146383727,0.7207907395334423,4.745564214632659,3.7006818243156234e-15,5,53,True,pareto_kept_polished,,
29,23,1378,106,exact_hop,34.99999999999886,35,1.000340387660961,12,1.8140751119850338,11,1.3460253543224148,0.741989868792996,4.888928599370436,8.711142364664713e-14,25,53,True,pareto_kept_polished,,
34,23,1606,1041,off_manifold_hop,35.000000000000114,35,1.0006001947725418,11,2.2275355177792906,11,1.3672521841605416,0.613795907292021,3.3060567118563884,4.099699124427733e-15,6,51,True,pareto_kept_polished,,
54,23,2416,2376,off_manifold_hop,32.99999999999977,33,1.0056354517383324,3,2.205979209485923,3,1.5851836392622478,0.718585031284885,7.014264926198946,6.823976990135039e-15,0,-1,True,frontier,,
49,23,2220,331,off_manifold_hop,34.99999999999977,35,0.5986144603302692,14,2.7708640040674504,0,1.9972131146383727,0.7207907395334423,4.745564214632659,3.7006818243156234e-15,5,53,True,frontier,,
29,23,1378,106,exact_hop,34.99999999999886,35,1.000340387660961,12,1.8140751119850338,11,1.3460253543224148,0.741989868792996,4.888928599370436,8.711142364664713e-14,25,53,True,frontier,,
34,23,1606,1041,off_manifold_hop,35.000000000000114,35,1.0006001947725418,11,2.2275355177792906,11,1.3672521841605416,0.613795907292021,3.3060567118563884,4.099699124427733e-15,6,51,True,frontier,,
49,23,2220,331,off_manifold_hop,34.99999999999977,35,0.5986144603302692,14,2.7708640040674504,0,1.9972131146383727,0.7207907395334423,4.745564214632659,3.7006818243156234e-15,5,53,False,full_delete_probe,1.0002364751137651,14
54,23,2416,2376,off_manifold_hop,32.99999999999977,33,1.0056354517383324,3,2.205979209485923,3,1.5851836392622478,0.718585031284885,7.014264926198946,6.823976990135039e-15,1,54,True,expanded:genericity,,
49,23,2220,331,off_manifold_hop,34.99999999999977,35,0.5986144603302692,14,2.7708640040674504,0,1.9972131146383727,0.7207907395334423,4.745564214632659,3.7006818243156234e-15,6,54,True,expanded:deletion,,
29,23,1378,106,exact_hop,34.99999999999886,35,1.000340387660961,12,1.8140751119850338,11,1.3460253543224148,0.741989868792996,4.888928599370436,8.711142364664713e-14,26,54,True,expanded:death,,
34,23,1606,1041,off_manifold_hop,35.000000000000114,35,1.0006001947725418,11,2.2275355177792906,11,1.3672521841605416,0.613795907292021,3.3060567118563884,4.099699124427733e-15,7,54,True,expanded:explore,,
55,23,2457,2416,exact_hop,33.00000000000341,33,1.0023239324007533,3,1.8914697067089854,3,1.5076331858822773,0.7970696969318347,7.325138119470688,6.263883938701564e-15,0,-1,True,pareto_kept_polished,,
49,23,2220,331,off_manifold_hop,34.99999999999977,35,0.5986144603302692,14,2.7708640040674517,0,1.9972131146383727,0.720790739533442,4.745564214632659,3.6275142377582416e-15,6,54,True,pareto_kept_polished,,
29,23,1378,106,exact_hop,34.99999999999886,35,1.000340387660961,12,1.8140751119850338,11,1.3460253543224148,0.741989868792996,4.888928599370436,8.711142364664713e-14,26,54,True,pareto_kept_polished,,
34,23,1606,1041,off_manifold_hop,35.000000000000114,35,1.0006001947725418,11,2.2275355177792937,11,1.3672521841605416,0.6137959072920203,3.3060567118563884,4.124272438541191e-15,7,54,True,pareto_kept_polished,,
55,23,2457,2416,exact_hop,33.00000000000341,33,1.0023239324007533,3,1.8914697067089854,3,1.5076331858822773,0.7970696969318347,7.325138119470688,6.263883938701564e-15,0,-1,True,frontier,,
49,23,2220,331,off_manifold_hop,34.99999999999977,35,0.5986144603302692,14,2.7708640040674517,0,1.9972131146383727,0.720790739533442,4.745564214632659,3.6275142377582416e-15,6,54,True,frontier,,
29,23,1378,106,exact_hop,34.99999999999886,35,1.000340387660961,12,1.8140751119850338,11,1.3460253543224148,0.741989868792996,4.888928599370436,8.711142364664713e-14,26,54,True,frontier,,
34,23,1606,1041,off_manifold_hop,35.000000000000114,35,1.0006001947725418,11,2.2275355177792937,11,1.3672521841605416,0.6137959072920203,3.3060567118563884,4.124272438541191e-15,7,54,True,frontier,,
55,23,2457,2416,exact_hop,33.00000000000341,33,1.0023239324007533,3,1.8914697067089854,3,1.5076331858822773,0.7970696969318347,7.325138119470688,6.263883938701564e-15,1,55,True,expanded:genericity,,
49,23,2220,331,off_manifold_hop,34.99999999999977,35,0.5986144603302692,14,2.7708640040674517,0,1.9972131146383727,0.720790739533442,4.745564214632659,3.6275142377582416e-15,7,55,True,expanded:deletion,,
29,23,1378,106,exact_hop,34.99999999999886,35,1.000340387660961,12,1.8140751119850338,11,1.3460253543224148,0.741989868792996,4.888928599370436,8.711142364664713e-14,27,55,True,expanded:death,,
56,23,2512,2457,off_manifold_hop,33.000000000000796,33,1.0018632506161294,3,2.051560758537077,3,1.3977635047460883,0.6813171381493974,6.885490936853564,7.356901429980399e-15,0,-1,True,pareto_kept_polished,,
49,23,2220,331,off_manifold_hop,34.99999999999977,35,0.5986144603302692,14,2.77086400406745,0,1.9972131146383727,0.7207907395334424,4.745564214632659,3.701496526130799e-15,7,55,True,pareto_kept_polished,,
29,23,1378,106,exact_hop,34.99999999999886,35,1.000340387660961,12,1.8140751119850338,11,1.3460253543224148,0.741989868792996,4.888928599370436,8.711142364664713e-14,27,55,True,pareto_kept_polished,,
34,23,1606,1041,off_manifold_hop,35.00000000000023,35,1.0006001947725418,11,2.2275355177792937,11,1.3672521841605416,0.6137959072920203,3.3060567118563884,4.102303338080083e-15,7,54,True,pareto_kept_polished,,
56,23,2512,2457,off_manifold_hop,33.000000000000796,33,1.0018632506161294,3,2.051560758537077,3,1.3977635047460883,0.6813171381493974,6.885490936853564,7.356901429980399e-15,0,-1,True,frontier,,
49,23,2220,331,off_manifold_hop,34.99999999999977,35,0.5986144603302692,14,2.77086400406745,0,1.9972131146383727,0.7207907395334424,4.745564214632659,3.701496526130799e-15,7,55,True,frontier,,
29,23,1378,106,exact_hop,34.99999999999886,35,1.000340387660961,12,1.8140751119850338,11,1.3460253543224148,0.741989868792996,4.888928599370436,8.711142364664713e-14,27,55,True,frontier,,
34,23,1606,1041,off_manifold_hop,35.00000000000023,35,1.0006001947725418,11,2.2275355177792937,11,1.3672521841605416,0.6137959072920203,3.3060567118563884,4.102303338080083e-15,7,54,True,frontier,,
49,23,2220,331,off_manifold_hop,34.99999999999977,35,0.5986144603302692,14,2.77086400406745,0,1.9972131146383727,0.7207907395334424,4.745564214632659,3.701496526130799e-15,7,55,False,full_delete_probe,1.000414559727523,14
56,23,2512,2457,off_manifold_hop,33.000000000000796,33,1.0018632506161294,3,2.051560758537077,3,1.3977635047460883,0.6813171381493974,6.885490936853564,7.356901429980399e-15,1,56,True,expanded:genericity,,
49,23,2220,331,off_manifold_hop,34.99999999999977,35,0.5986144603302692,14,2.77086400406745,0,1.9972131146383727,0.7207907395334424,4.745564214632659,3.701496526130799e-15,8,56,True,expanded:deletion,,
29,23,1378,106,exact_hop,34.99999999999886,35,1.000340387660961,12,1.8140751119850338,11,1.3460253543224148,0.741989868792996,4.888928599370436,8.711142364664713e-14,28,56,True,expanded:death,,
57,23,2555,2512,exact_hop,33.00000000326918,33,1.0032483930304532,3,2.2127025983511777,3,1.2430159938820649,0.5617636978454824,7.2510553154207695,6.6615104920211046e-15,0,-1,True,pareto_kept_polished,,
49,23,2220,331,off_manifold_hop,34.99999999999977,35,0.5986144603302692,14,2.7708640040674473,0,1.9972131146383727,0.7207907395334431,4.745564214632659,3.639413936287235e-15,8,56,True,pareto_kept_polished,,
29,23,1378,106,exact_hop,34.99999999999886,35,1.000340387660961,12,1.8140751119850338,11,1.3460253543224148,0.741989868792996,4.888928599370436,8.711142364664713e-14,28,56,True,pareto_kept_polished,,
34,23,1606,1041,off_manifold_hop,35.0,35,1.0006001947725418,11,2.227535517779293,11,1.3672521841605416,0.6137959072920205,3.3060567118563884,4.13119208401405e-15,7,54,True,pareto_kept_polished,,
57,23,2555,2512,exact_hop,33.00000000326918,33,1.0032483930304532,3,2.2127025983511777,3,1.2430159938820649,0.5617636978454824,7.2510553154207695,6.6615104920211046e-15,0,-1,True,frontier,,
49,23,2220,331,off_manifold_hop,34.99999999999977,35,0.5986144603302692,14,2.7708640040674473,0,1.9972131146383727,0.7207907395334431,4.745564214632659,3.639413936287235e-15,8,56,True,frontier,,
29,23,1378,106,exact_hop,34.99999999999886,35,1.000340387660961,12,1.8140751119850338,11,1.3460253543224148,0.741989868792996,4.888928599370436,8.711142364664713e-14,28,56,True,frontier,,
34,23,1606,1041,off_manifold_hop,35.0,35,1.0006001947725418,11,2.227535517779293,11,1.3672521841605416,0.6137959072920205,3.3060567118563884,4.13119208401405e-15,7,54,True,frontier,,
57,23,2555,2512,exact_hop,33.00000000326918,33,1.0032483930304532,3,2.2127025983511777,3,1.2430159938820649,0.5617636978454824,7.2510553154207695,6.6615104920211046e-15,1,57,True,expanded:genericity,,
49,23,2220,331,off_manifold_hop,34.99999999999977,35,0.5986144603302692,14,2.7708640040674473,0,1.9972131146383727,0.7207907395334431,4.745564214632659,3.639413936287235e-15,9,57,True,expanded:deletion,,
29,23,1378,106,exact_hop,34.99999999999886,35,1.000340387660961,12,1.8140751119850338,11,1.3460253543224148,0.741989868792996,4.888928599370436,8.711142364664713e-14,29,57,True,expanded:death,,
34,23,1606,1041,off_manifold_hop,35.0,35,1.0006001947725418,11,2.227535517779293,11,1.3672521841605416,0.6137959072920205,3.3060567118563884,4.13119208401405e-15,8,57,True,expanded:explore,,
58,23,2601,2555,exact_hop,33.00000000001205,33,1.0067415693847181,3,2.5700197583714472,3,1.2561996091932257,0.4887898643974807,7.622046726804066,6.09176379568533e-15,0,-1,True,pareto_kept_polished,,
49,23,2220,331,off_manifold_hop,34.99999999999977,35,0.5986144603302692,14,2.770864004067446,0,1.9972131146383727,0.7207907395334435,4.745564214632659,3.706018438656643e-15,9,57,True,pareto_kept_polished,,
29,23,1378,106,exact_hop,34.99999999999886,35,1.000340387660961,12,1.8140751119850338,11,1.3460253543224148,0.741989868792996,4.888928599370436,8.711142364664713e-14,29,57,True,pareto_kept_polished,,
34,23,1606,1041,off_manifold_hop,35.00000000000023,35,1.0006001947725418,11,2.2275355177792933,11,1.3672521841605416,0.6137959072920204,3.3060567118563884,4.1045682977448264e-15,8,57,True,pareto_kept_polished,,
58,23,2601,2555,exact_hop,33.00000000001205,33,1.0067415693847181,3,2.5700197583714472,3,1.2561996091932257,0.4887898643974807,7.622046726804066,6.09176379568533e-15,0,-1,True,frontier,,
49,23,2220,331,off_manifold_hop,34.99999999999977,35,0.5986144603302692,14,2.770864004067446,0,1.9972131146383727,0.7207907395334435,4.745564214632659,3.706018438656643e-15,9,57,True,frontier,,
29,23,1378,106,exact_hop,34.99999999999886,35,1.000340387660961,12,1.8140751119850338,11,1.3460253543224148,0.741989868792996,4.888928599370436,8.711142364664713e-14,29,57,True,frontier,,
34,23,1606,1041,off_manifold_hop,35.00000000000023,35,1.0006001947725418,11,2.2275355177792933,11,1.3672521841605416,0.6137959072920204,3.3060567118563884,4.1045682977448264e-15,8,57,True,frontier,,
49,23,2220,331,off_manifold_hop,34.99999999999977,35,0.5986144603302692,14,2.770864004067446,0,1.9972131146383727,0.7207907395334435,4.745564214632659,3.706018438656643e-15,9,57,False,full_delete_probe,1.007720081733014,14
58,23,2601,2555,exact_hop,33.00000000001205,33,1.0067415693847181,3,2.5700197583714472,3,1.2561996091932257,0.4887898643974807,7.622046726804066,6.09176379568533e-15,1,58,True,expanded:genericity,,
49,23,2220,331,off_manifold_hop,34.99999999999977,35,0.5986144603302692,14,2.770864004067446,0,1.9972131146383727,0.7207907395334435,4.745564214632659,3.706018438656643e-15,10,58,True,expanded:deletion,,
29,23,1378,106,exact_hop,34.99999999999886,35,1.000340387660961,12,1.8140751119850338,11,1.3460253543224148,0.741989868792996,4.888928599370436,8.711142364664713e-14,30,58,True,expanded:death,,
59,23,2656,2601,off_manifold_hop,33.00000000000068,33,1.0148684361993503,3,2.896281612162313,3,1.473628062387383,0.5087999924452091,7.076083594257113,5.999319875239882e-15,0,-1,True,pareto_kept_polished,,
49,23,2220,331,off_manifold_hop,34.99999999999977,35,0.5986144603302692,14,2.770864004067449,0,1.9972131146383727,0.7207907395334426,4.745564214632659,3.706018438656643e-15,10,58,True,pareto_kept_polished,,
29,23,1378,106,exact_hop,34.99999999999886,35,1.000340387660961,12,1.8140751119850338,11,1.3460253543224148,0.741989868792996,4.888928599370436,8.711142364664713e-14,30,58,True,pareto_kept_polished,,
34,23,1606,1041,off_manifold_hop,35.000000000000114,35,1.0006001947725418,11,2.227535517779292,11,1.3672521841605416,0.6137959072920207,3.3060567118563884,4.133776457648601e-15,8,57,True,pareto_kept_polished,,
59,23,2656,2601,off_manifold_hop,33.00000000000068,33,1.0148684361993503,3,2.896281612162313,3,1.473628062387383,0.5087999924452091,7.076083594257113,5.999319875239882e-15,0,-1,True,frontier,,
49,23,2220,331,off_manifold_hop,34.99999999999977,35,0.5986144603302692,14,2.770864004067449,0,1.9972131146383727,0.7207907395334426,4.745564214632659,3.706018438656643e-15,10,58,True,frontier,,
29,23,1378,106,exact_hop,34.99999999999886,35,1.000340387660961,12,1.8140751119850338,11,1.3460253543224148,0.741989868792996,4.888928599370436,8.711142364664713e-14,30,58,True,frontier,,
34,23,1606,1041,off_manifold_hop,35.000000000000114,35,1.0006001947725418,11,2.227535517779292,11,1.3672521841605416,0.6137959072920207,3.3060567118563884,4.133776457648601e-15,8,57,True,frontier,,
59,23,2656,2601,off_manifold_hop,33.00000000000068,33,1.0148684361993503,3,2.896281612162313,3,1.473628062387383,0.5087999924452091,7.076083594257113,5.999319875239882e-15,1,59,True,expanded:genericity,,
49,23,2220,331,off_manifold_hop,34.99999999999977,35,0.5986144603302692,14,2.770864004067449,0,1.9972131146383727,0.7207907395334426,4.745564214632659,3.706018438656643e-15,11,59,True,expanded:deletion,,
29,23,1378,106,exact_hop,34.99999999999886,35,1.000340387660961,12,1.8140751119850338,11,1.3460253543224148,0.741989868792996,4.888928599370436,8.711142364664713e-14,31,59,True,expanded:death,,
60,23,2693,2656,exact_hop,33.00000000001205,33,1.0054524159396758,3,2.28993144934828,3,1.2557656000544106,0.5483856734714939,7.819929264781054,6.3133453626560094e-15,0,-1,True,pareto_kept_polished,,
49,23,2220,331,off_manifold_hop,34.99999999999977,35,0.5986144603302692,14,2.770864004067449,0,1.9972131146383727,0.7207907395334426,4.745564214632659,3.706018438656643e-15,11,59,True,pareto_kept_polished,,
29,23,1378,106,exact_hop,34.99999999999886,35,1.000340387660961,12,1.8140751119850338,11,1.3460253543224148,0.741989868792996,4.888928599370436,8.711142364664713e-14,31,59,True,pareto_kept_polished,,
34,23,1606,1041,off_manifold_hop,35.00000000000023,35,1.0006001947725418,11,2.227535517779295,11,1.3672521841605416,0.6137959072920198,3.3060567118563884,4.107872009805493e-15,8,57,True,pareto_kept_polished,,
60,23,2693,2656,exact_hop,33.00000000001205,33,1.0054524159396758,3,2.28993144934828,3,1.2557656000544106,0.5483856734714939,7.819929264781054,6.3133453626560094e-15,0,-1,True,frontier,,
49,23,2220,331,off_manifold_hop,34.99999999999977,35,0.5986144603302692,14,2.770864004067449,0,1.9972131146383727,0.7207907395334426,4.745564214632659,3.706018438656643e-15,11,59,True,frontier,,
29,23,1378,106,exact_hop,34.99999999999886,35,1.000340387660961,12,1.8140751119850338,11,1.3460253543224148,0.741989868792996,4.888928599370436,8.711142364664713e-14,31,59,True,frontier,,
34,23,1606,1041,off_manifold_hop,35.00000000000023,35,1.0006001947725418,11,2.227535517779295,11,1.3672521841605416,0.6137959072920198,3.3060567118563884,4.107872009805493e-15,8,57,True,frontier,,
49,23,2220,331,off_manifold_hop,34.99999999999977,35,0.5986144603302692,14,2.770864004067449,0,1.9972131146383727,0.7207907395334426,4.745564214632659,3.706018438656643e-15,11,59,False,full_delete_probe,1.0004967348884641,14
60,23,2693,2656,exact_hop,33.00000000001205,33,1.0054524159396758,3,2.28993144934828,3,1.2557656000544106,0.5483856734714939,7.819929264781054,6.3133453626560094e-15,1,60,True,expanded:genericity,,
49,23,2220,331,off_manifold_hop,34.99999999999977,35,0.5986144603302692,14,2.770864004067449,0,1.9972131146383727,0.7207907395334426,4.745564214632659,3.706018438656643e-15,12,60,True,expanded:deletion,,
29,23,1378,106,exact_hop,34.99999999999886,35,1.000340387660961,12,1.8140751119850338,11,1.3460253543224148,0.741989868792996,4.888928599370436,8.711142364664713e-14,32,60,True,expanded:death,,
34,23,1606,1041,off_manifold_hop,35.00000000000023,35,1.0006001947725418,11,2.227535517779295,11,1.3672521841605416,0.6137959072920198,3.3060567118563884,4.107872009805493e-15,9,60,True,expanded:explore,,
61,23,2731,2693,exact_hop,33.00000000000091,33,1.0035011089257335,3,1.920674730488137,3,1.412669090892542,0.7355066781836161,7.586057243825337,6.719990822924532e-15,0,-1,True,pareto_kept_polished,,
49,23,2220,331,off_manifold_hop,34.99999999999977,35,0.5986144603302692,14,2.770864004067449,0,1.9972131146383727,0.7207907395334426,4.745564214632659,3.706018438656643e-15,12,60,True,pareto_kept_polished,,
29,23,1378,106,exact_hop,34.99999999999886,35,1.000340387660961,12,1.8140751119850338,11,1.3460253543224148,0.741989868792996,4.888928599370436,8.711142364664713e-14,32,60,True,pareto_kept_polished,,
34,23,1606,1041,off_manifold_hop,35.000000000000114,35,1.0006001947725418,11,2.227535517779293,11,1.3672521841605416,0.6137959072920205,3.3060567118563884,4.136024182114836e-15,9,60,True,pareto_kept_polished,,
61,23,2731,2693,exact_hop,33.00000000000091,33,1.0035011089257335,3,1.920674730488137,3,1.412669090892542,0.7355066781836161,7.586057243825337,6.719990822924532e-15,0,-1,True,frontier,,
49,23,2220,331,off_manifold_hop,34.99999999999977,35,0.5986144603302692,14,2.770864004067449,0,1.9972131146383727,0.7207907395334426,4.745564214632659,3.706018438656643e-15,12,60,True,frontier,,
29,23,1378,106,exact_hop,34.99999999999886,35,1.000340387660961,12,1.8140751119850338,11,1.3460253543224148,0.741989868792996,4.888928599370436,8.711142364664713e-14,32,60,True,frontier,,
34,23,1606,1041,off_manifold_hop,35.000000000000114,35,1.0006001947725418,11,2.227535517779293,11,1.3672521841605416,0.6137959072920205,3.3060567118563884,4.136024182114836e-15,9,60,True,frontier,,
61,23,2731,2693,exact_hop,33.00000000000091,33,1.0035011089257335,3,1.920674730488137,3,1.412669090892542,0.7355066781836161,7.586057243825337,6.719990822924532e-15,1,61,True,expanded:genericity,,
49,23,2220,331,off_manifold_hop,34.99999999999977,35,0.5986144603302692,14,2.770864004067449,0,1.9972131146383727,0.7207907395334426,4.745564214632659,3.706018438656643e-15,13,61,True,expanded:deletion,,
29,23,1378,106,exact_hop,34.99999999999886,35,1.000340387660961,12,1.8140751119850338,11,1.3460253543224148,0.741989868792996,4.888928599370436,8.711142364664713e-14,33,61,True,expanded:death,,
62,23,2776,2731,wall:amplitude_wall,33.000000000001364,33,1.0256972633994454,2,3.781808990618264,21,2.3684294658465643,0.6262689288967407,7.747875794023049,7.351340151894751e-15,0,-1,True,pareto_kept_polished,,
49,23,2220,331,off_manifold_hop,34.99999999999977,35,0.5986144603302692,14,2.770864004067449,0,1.9972131146383727,0.7207907395334426,4.745564214632659,3.706018438656643e-15,13,61,True,pareto_kept_polished,,
29,23,1378,106,exact_hop,34.99999999999886,35,1.000340387660961,12,1.8140751119850338,11,1.3460253543224148,0.741989868792996,4.888928599370436,8.711142364664713e-14,33,61,True,pareto_kept_polished,,
34,23,1606,1041,off_manifold_hop,35.000000000000114,35,1.0006001947725418,11,2.2275355177792915,11,1.3672521841605416,0.6137959072920208,3.3060567118563884,4.117077309194247e-15,9,60,True,pareto_kept_polished,,
62,23,2776,2731,wall:amplitude_wall,33.000000000001364,33,1.0256972633994454,2,3.781808990618264,21,2.3684294658465643,0.6262689288967407,7.747875794023049,7.351340151894751e-15,0,-1,True,frontier,,
49,23,2220,331,off_manifold_hop,34.99999999999977,35,0.5986144603302692,14,2.770864004067449,0,1.9972131146383727,0.7207907395334426,4.745564214632659,3.706018438656643e-15,13,61,True,frontier,,
29,23,1378,106,exact_hop,34.99999999999886,35,1.000340387660961,12,1.8140751119850338,11,1.3460253543224148,0.741989868792996,4.888928599370436,8.711142364664713e-14,33,61,True,frontier,,
34,23,1606,1041,off_manifold_hop,35.000000000000114,35,1.0006001947725418,11,2.2275355177792915,11,1.3672521841605416,0.6137959072920208,3.3060567118563884,4.117077309194247e-15,9,60,True,frontier,,
49,23,2220,331,off_manifold_hop,34.99999999999977,35,0.5986144603302692,14,2.770864004067449,0,1.9972131146383727,0.7207907395334426,4.745564214632659,3.706018438656643e-15,13,61,False,full_delete_probe,1.016502176758965,14
62,23,2776,2731,wall:amplitude_wall,33.000000000001364,33,1.0256972633994454,2,3.781808990618264,21,2.3684294658465643,0.6262689288967407,7.747875794023049,7.351340151894751e-15,1,62,True,expanded:genericity,,
49,23,2220,331,off_manifold_hop,34.99999999999977,35,0.5986144603302692,14,2.770864004067449,0,1.9972131146383727,0.7207907395334426,4.745564214632659,3.706018438656643e-15,14,62,True,expanded:deletion,,
29,23,1378,106,exact_hop,34.99999999999886,35,1.000340387660961,12,1.8140751119850338,11,1.3460253543224148,0.741989868792996,4.888928599370436,8.711142364664713e-14,34,62,True,expanded:death,,
63,23,2813,2776,off_manifold_hop,33.00000000000102,33,1.0039074212804595,3,2.2272053761415878,3,1.246655800443893,0.5597399385788123,7.908559884883962,6.786827013186308e-15,0,-1,True,pareto_kept_polished,,
49,23,2220,331,off_manifold_hop,34.99999999999977,35,0.5986144603302692,14,2.770864004067449,0,1.9972131146383727,0.7207907395334426,4.745564214632659,3.706018438656643e-15,14,62,True,pareto_kept_polished,,
63,23,2839,1378,exact_hop,35.000000000000114,35,1.0004762314078657,12,1.8069010727675896,11,1.4311806628795727,0.7920636522106136,5.1695253954560965,6.222204616440401e-15,0,-1,True,pareto_kept_polished,,
34,23,1606,1041,off_manifold_hop,35.00000000000023,35,1.0006001947725418,11,2.227535517779293,11,1.3672521841605416,0.6137959072920205,3.3060567118563884,4.139302788288174e-15,9,60,True,pareto_kept_polished,,
63,23,2813,2776,off_manifold_hop,33.00000000000102,33,1.0039074212804595,3,2.2272053761415878,3,1.246655800443893,0.5597399385788123,7.908559884883962,6.786827013186308e-15,0,-1,True,frontier,,
49,23,2220,331,off_manifold_hop,34.99999999999977,35,0.5986144603302692,14,2.770864004067449,0,1.9972131146383727,0.7207907395334426,4.745564214632659,3.706018438656643e-15,14,62,True,frontier,,
63,23,2839,1378,exact_hop,35.000000000000114,35,1.0004762314078657,12,1.8069010727675896,11,1.4311806628795727,0.7920636522106136,5.1695253954560965,6.222204616440401e-15,0,-1,True,frontier,,
34,23,1606,1041,off_manifold_hop,35.00000000000023,35,1.0006001947725418,11,2.227535517779293,11,1.3672521841605416,0.6137959072920205,3.3060567118563884,4.139302788288174e-15,9,60,True,frontier,,
63,23,2813,2776,off_manifold_hop,33.00000000000102,33,1.0039074212804595,3,2.2272053761415878,3,1.246655800443893,0.5597399385788123,7.908559884883962,6.786827013186308e-15,1,63,True,expanded:genericity,,
49,23,2220,331,off_manifold_hop,34.99999999999977,35,0.5986144603302692,14,2.770864004067449,0,1.9972131146383727,0.7207907395334426,4.745564214632659,3.706018438656643e-15,15,63,True,expanded:deletion,,
63,23,2839,1378,exact_hop,35.000000000000114,35,1.0004762314078657,12,1.8069010727675896,11,1.4311806628795727,0.7920636522106136,5.1695253954560965,6.222204616440401e-15,1,63,True,expanded:death,,
34,23,1606,1041,off_manifold_hop,35.00000000000023,35,1.0006001947725418,11,2.227535517779293,11,1.3672521841605416,0.6137959072920205,3.3060567118563884,4.139302788288174e-15,10,63,True,expanded:explore,,
64,23,2845,2813,off_manifold_hop,33.00000000000114,33,1.006812096782393,3,2.1342119764893024,3,1.3088678113551744,0.6132791989613947,7.331729916154636,6.263196787061035e-15,0,-1,True,pareto_kept_polished,,
49,23,2220,331,off_manifold_hop,34.99999999999977,35,0.5986144603302692,14,2.770864004067449,0,1.9972131146383727,0.7207907395334426,4.745564214632659,3.706018438656643e-15,15,63,True,pareto_kept_polished,,
63,23,2839,1378,exact_hop,35.000000000000114,35,1.0004762314078657,12,1.806901072767591,11,1.4311806628795727,0.792063652210613,5.1695253954560965,5.892290858056814e-15,1,63,True,pareto_kept_polished,,
34,23,1606,1041,off_manifold_hop,35.000000000000114,35,1.0006001947725418,11,2.2275355177792933,11,1.3672521841605416,0.6137959072920204,3.3060567118563884,4.117667852436828e-15,10,63,True,pareto_kept_polished,,
64,23,2845,2813,off_manifold_hop,33.00000000000114,33,1.006812096782393,3,2.1342119764893024,3,1.3088678113551744,0.6132791989613947,7.331729916154636,6.263196787061035e-15,0,-1,True,frontier,,
49,23,2220,331,off_manifold_hop,34.99999999999977,35,0.5986144603302692,14,2.770864004067449,0,1.9972131146383727,0.7207907395334426,4.745564214632659,3.706018438656643e-15,15,63,True,frontier,,
63,23,2839,1378,exact_hop,35.000000000000114,35,1.0004762314078657,12,1.806901072767591,11,1.4311806628795727,0.792063652210613,5.1695253954560965,5.892290858056814e-15,1,63,True,frontier,,
34,23,1606,1041,off_manifold_hop,35.000000000000114,35,1.0006001947725418,11,2.2275355177792933,11,1.3672521841605416,0.6137959072920204,3.3060567118563884,4.117667852436828e-15,10,63,True,frontier,,
49,23,2220,331,off_manifold_hop,34.99999999999977,35,0.5986144603302692,14,2.770864004067449,0,1.9972131146383727,0.7207907395334426,4.745564214632659,3.706018438656643e-15,15,63,False,full_delete_probe,1.000221314402847,14
64,23,2845,2813,off_manifold_hop,33.00000000000114,33,1.006812096782393,3,2.1342119764893024,3,1.3088678113551744,0.6132791989613947,7.331729916154636,6.263196787061035e-15,1,64,True,expanded:genericity,,
49,23,2220,331,off_manifold_hop,34.99999999999977,35,0.5986144603302692,14,2.770864004067449,0,1.9972131146383727,0.7207907395334426,4.745564214632659,3.706018438656643e-15,16,64,True,expanded:deletion,,
63,23,2839,1378,exact_hop,35.000000000000114,35,1.0004762314078657,12,1.806901072767591,11,1.4311806628795727,0.792063652210613,5.1695253954560965,5.892290858056814e-15,2,64,True,expanded:death,,
65,23,2895,2845,off_manifold_hop,33.00000000006514,33,1.0052348231508965,3,2.163791560995277,3,1.4610248644201527,0.6752151597024098,7.365922383701174,6.6866371913077656e-15,0,-1,True,pareto_kept_polished,,
49,23,2220,331,off_manifold_hop,34.99999999999977,35,0.5986144603302692,14,2.770864004067449,0,1.9972131146383727,0.7207907395334426,4.745564214632659,3.706018438656643e-15,16,64,True,pareto_kept_polished,,
63,23,2839,1378,exact_hop,35.000000000000114,35,1.0004762314078657,12,1.8069010727675883,11,1.4311806628795727,0.7920636522106141,5.1695253954560965,5.616814722411307e-15,2,64,True,pareto_kept_polished,,
34,23,1606,1041,off_manifold_hop,35.000000000000114,35,1.0006001947725418,11,2.2275355177792915,11,1.3672521841605416,0.6137959072920208,3.3060567118563884,4.148438344011994e-15,10,63,True,pareto_kept_polished,,
65,23,2895,2845,off_manifold_hop,33.00000000006514,33,1.0052348231508965,3,2.163791560995277,3,1.4610248644201527,0.6752151597024098,7.365922383701174,6.6866371913077656e-15,0,-1,True,frontier,,
49,23,2220,331,off_manifold_hop,34.99999999999977,35,0.5986144603302692,14,2.770864004067449,0,1.9972131146383727,0.7207907395334426,4.745564214632659,3.706018438656643e-15,16,64,True,frontier,,
63,23,2839,1378,exact_hop,35.000000000000114,35,1.0004762314078657,12,1.8069010727675883,11,1.4311806628795727,0.7920636522106141,5.1695253954560965,5.616814722411307e-15,2,64,True,frontier,,
34,23,1606,1041,off_manifold_hop,35.000000000000114,35,1.0006001947725418,11,2.2275355177792915,11,1.3672521841605416,0.6137959072920208,3.3060567118563884,4.148438344011994e-15,10,63,True,frontier,,
65,23,2895,2845,off_manifold_hop,33.00000000006514,33,1.0052348231508965,3,2.163791560995277,3,1.4610248644201527,0.6752151597024098,7.365922383701174,6.6866371913077656e-15,1,65,True,expanded:genericity,,
49,23,2220,331,off_manifold_hop,34.99999999999977,35,0.5986144603302692,14,2.770864004067449,0,1.9972131146383727,0.7207907395334426,4.745564214632659,3.706018438656643e-15,17,65,True,expanded:deletion,,
63,23,2839,1378,exact_hop,35.000000000000114,35,1.0004762314078657,12,1.8069010727675883,11,1.4311806628795727,0.7920636522106141,5.1695253954560965,5.616814722411307e-15,3,65,True,expanded:death,,
66,23,2931,2895,exact_hop,33.00000000000091,33,1.003367584380449,3,2.417027581797417,3,1.263562197798976,0.5227752497798684,7.740072029514067,6.458940583596835e-15,0,-1,True,pareto_kept_polished,,
49,23,2220,331,off_manifold_hop,34.99999999999977,35,0.5986144603302692,14,2.770864004067449,0,1.9972131146383727,0.7207907395334426,4.745564214632659,3.706018438656643e-15,17,65,True,pareto_kept_polished,,
63,23,2839,1378,exact_hop,35.00000000000023,35,1.0004762314078657,12,1.8069010727675914,11,1.4311806628795727,0.7920636522106128,5.1695253954560965,5.813881118236537e-15,3,65,True,pareto_kept_polished,,
34,23,1606,1041,off_manifold_hop,35.000000000000114,35,1.0006001947725418,11,2.2275355177792924,11,1.3672521841605416,0.6137959072920206,3.3060567118563884,4.126786038238367e-15,10,63,True,pareto_kept_polished,,
66,23,2931,2895,exact_hop,33.00000000000091,33,1.003367584380449,3,2.417027581797417,3,1.263562197798976,0.5227752497798684,7.740072029514067,6.458940583596835e-15,0,-1,True,frontier,,
49,23,2220,331,off_manifold_hop,34.99999999999977,35,0.5986144603302692,14,2.770864004067449,0,1.9972131146383727,0.7207907395334426,4.745564214632659,3.706018438656643e-15,17,65,True,frontier,,
63,23,2839,1378,exact_hop,35.00000000000023,35,1.0004762314078657,12,1.8069010727675914,11,1.4311806628795727,0.7920636522106128,5.1695253954560965,5.813881118236537e-15,3,65,True,frontier,,
34,23,1606,1041,off_manifold_hop,35.000000000000114,35,1.0006001947725418,11,2.2275355177792924,11,1.3672521841605416,0.6137959072920206,3.3060567118563884,4.126786038238367e-15,10,63,True,frontier,,
49,23,2220,331,off_manifold_hop,34.99999999999977,35,0.5986144603302692,14,2.770864004067449,0,1.9972131146383727,0.7207907395334426,4.745564214632659,3.706018438656643e-15,17,65,False,full_delete_probe,1.0004791203682937,14
66,23,2931,2895,exact_hop,33.00000000000091,33,1.003367584380449,3,2.417027581797417,3,1.263562197798976,0.5227752497798684,7.740072029514067,6.458940583596835e-15,1,66,True,expanded:genericity,,
49,23,2220,331,off_manifold_hop,34.99999999999977,35,0.5986144603302692,14,2.770864004067449,0,1.9972131146383727,0.7207907395334426,4.745564214632659,3.706018438656643e-15,18,66,True,expanded:deletion,,
63,23,2839,1378,exact_hop,35.00000000000023,35,1.0004762314078657,12,1.8069010727675914,11,1.4311806628795727,0.7920636522106128,5.1695253954560965,5.813881118236537e-15,4,66,True,expanded:death,,
34,23,1606,1041,off_manifold_hop,35.000000000000114,35,1.0006001947725418,11,2.2275355177792924,11,1.3672521841605416,0.6137959072920206,3.3060567118563884,4.126786038238367e-15,11,66,True,expanded:explore,,
67,23,2965,2931,off_manifold_hop,32.999999999999886,33,1.0053514601026001,3,2.269335677296753,3,1.9155540094207073,0.8441034213600905,7.609093081663788,6.137736144354243e-15,0,-1,True,pareto_kept_polished,,
49,23,2220,331,off_manifold_hop,34.99999999999977,35,0.5986144603302692,14,2.770864004067449,0,1.9972131146383727,0.7207907395334426,4.745564214632659,3.706018438656643e-15,18,66,True,pareto_kept_polished,,
63,23,2839,1378,exact_hop,35.000000000000114,35,1.0004762314078657,12,1.8069010727675898,11,1.4311806628795727,0.7920636522106135,5.1695253954560965,5.609179772911553e-15,4,66,True,pareto_kept_polished,,
34,23,1606,1041,off_manifold_hop,35.000000000000114,35,1.0006001947725418,11,2.2275355177792906,11,1.3672521841605416,0.613795907292021,3.3060567118563884,4.149024423545679e-15,11,66,True,pareto_kept_polished,,
67,23,2965,2931,off_manifold_hop,32.999999999999886,33,1.0053514601026001,3,2.269335677296753,3,1.9155540094207073,0.8441034213600905,7.609093081663788,6.137736144354243e-15,0,-1,True,frontier,,
49,23,2220,331,off_manifold_hop,34.99999999999977,35,0.5986144603302692,14,2.770864004067449,0,1.9972131146383727,0.7207907395334426,4.745564214632659,3.706018438656643e-15,18,66,True,frontier,,
63,23,2839,1378,exact_hop,35.000000000000114,35,1.0004762314078657,12,1.8069010727675898,11,1.4311806628795727,0.7920636522106135,5.1695253954560965,5.609179772911553e-15,4,66,True,frontier,,
34,23,1606,1041,off_manifold_hop,35.000000000000114,35,1.0006001947725418,11,2.2275355177792906,11,1.3672521841605416,0.613795907292021,3.3060567118563884,4.149024423545679e-15,11,66,True,frontier,,
67,23,2965,2931,off_manifold_hop,32.999999999999886,33,1.0053514601026001,3,2.269335677296753,3,1.9155540094207073,0.8441034213600905,7.609093081663788,6.137736144354243e-15,1,67,True,expanded:genericity,,
49,23,2220,331,off_manifold_hop,34.99999999999977,35,0.5986144603302692,14,2.770864004067449,0,1.9972131146383727,0.7207907395334426,4.745564214632659,3.706018438656643e-15,19,67,True,expanded:deletion,,
63,23,2839,1378,exact_hop,35.000000000000114,35,1.0004762314078657,12,1.8069010727675898,11,1.4311806628795727,0.7920636522106135,5.1695253954560965,5.609179772911553e-15,5,67,True,expanded:death,,
68,23,3012,2965,wall:amplitude_wall,33.000000000000114,33,1.0048436692041354,2,3.793071482042062,2,3.154906878049868,0.8317551865253465,7.726252652879067,5.8166579491305085e-15,0,-1,True,pareto_kept_polished,,
49,23,2220,331,off_manifold_hop,34.99999999999977,35,0.5986144603302692,14,2.770864004067449,0,1.9972131146383727,0.7207907395334426,4.745564214632659,3.706018438656643e-15,19,67,True,pareto_kept_polished,,
63,23,2839,1378,exact_hop,35.000000000000114,35,1.0004762314078657,12,1.806901072767588,11,1.4311806628795727,0.7920636522106143,5.1695253954560965,5.88073967156267e-15,5,67,True,pareto_kept_polished,,
34,23,1606,1041,off_manifold_hop,35.000000000000114,35,1.0006001947725418,11,2.2275355177792915,11,1.3672521841605416,0.6137959072920208,3.3060567118563884,4.1279094507163044e-15,11,66,True,pareto_kept_polished,,
68,23,3012,2965,wall:amplitude_wall,33.000000000000114,33,1.0048436692041354,2,3.793071482042062,2,3.154906878049868,0.8317551865253465,7.726252652879067,5.8166579491305085e-15,0,-1,True,frontier,,
49,23,2220,331,off_manifold_hop,34.99999999999977,35,0.5986144603302692,14,2.770864004067449,0,1.9972131146383727,0.7207907395334426,4.745564214632659,3.706018438656643e-15,19,67,True,frontier,,
63,23,2839,1378,exact_hop,35.000000000000114,35,1.0004762314078657,12,1.806901072767588,11,1.4311806628795727,0.7920636522106143,5.1695253954560965,5.88073967156267e-15,5,67,True,frontier,,
34,23,1606,1041,off_manifold_hop,35.000000000000114,35,1.0006001947725418,11,2.2275355177792915,11,1.3672521841605416,0.6137959072920208,3.3060567118563884,4.1279094507163044e-15,11,66,True,frontier,,
49,23,2220,331,off_manifold_hop,34.99999999999977,35,0.5986144603302692,14,2.770864004067449,0,1.9972131146383727,0.7207907395334426,4.745564214632659,3.706018438656643e-15,19,67,False,full_delete_probe,1.0000840287116897,14
68,23,3012,2965,wall:amplitude_wall,33.000000000000114,33,1.0048436692041354,2,3.793071482042062,2,3.154906878049868,0.8317551865253465,7.726252652879067,5.8166579491305085e-15,1,68,True,expanded:genericity,,
49,23,2220,331,off_manifold_hop,34.99999999999977,35,0.5986144603302692,14,2.770864004067449,0,1.9972131146383727,0.7207907395334426,4.745564214632659,3.706018438656643e-15,20,68,True,expanded:deletion,,
63,23,2839,1378,exact_hop,35.000000000000114,35,1.0004762314078657,12,1.806901072767588,11,1.4311806628795727,0.7920636522106143,5.1695253954560965,5.88073967156267e-15,6,68,True,expanded:death,,
69,23,3051,3012,exact_hop,32.999999999999886,33,1.001072382271601,3,2.3936568770814954,3,1.270447523434407,0.5307559055763333,7.908607856865257,5.554654592437524e-15,0,-1,True,pareto_kept_polished,,
49,23,2220,331,off_manifold_hop,34.99999999999977,35,0.5986144603302692,14,2.770864004067449,0,1.9972131146383727,0.7207907395334426,4.745564214632659,3.706018438656643e-15,20,68,True,pareto_kept_polished,,
63,23,2839,1378,exact_hop,35.000000000000114,35,1.0004762314078657,12,1.80690107276759,11,1.4311806628795727,0.7920636522106134,5.1695253954560965,5.6146004580177496e-15,6,68,True,pareto_kept_polished,,
34,23,1606,1041,off_manifold_hop,35.000000000000114,35,1.0006001947725418,11,2.2275355177792937,11,1.3672521841605416,0.6137959072920203,3.3060567118563884,4.158073848500764e-15,11,66,True,pareto_kept_polished,,
69,23,3051,3012,exact_hop,32.999999999999886,33,1.001072382271601,3,2.3936568770814954,3,1.270447523434407,0.5307559055763333,7.908607856865257,5.554654592437524e-15,0,-1,True,frontier,,
49,23,2220,331,off_manifold_hop,34.99999999999977,35,0.5986144603302692,14,2.770864004067449,0,1.9972131146383727,0.7207907395334426,4.745564214632659,3.706018438656643e-15,20,68,True,frontier,,
63,23,2839,1378,exact_hop,35.000000000000114,35,1.0004762314078657,12,1.80690107276759,11,1.4311806628795727,0.7920636522106134,5.1695253954560965,5.6146004580177496e-15,6,68,True,frontier,,
34,23,1606,1041,off_manifold_hop,35.000000000000114,35,1.0006001947725418,11,2.2275355177792937,11,1.3672521841605416,0.6137959072920203,3.3060567118563884,4.158073848500764e-15,11,66,True,frontier,,
69,23,3051,3012,exact_hop,32.999999999999886,33,1.001072382271601,3,2.3936568770814954,3,1.270447523434407,0.5307559055763333,7.908607856865257,5.554654592437524e-15,1,69,True,expanded:genericity,,
49,23,2220,331,off_manifold_hop,34.99999999999977,35,0.5986144603302692,14,2.770864004067449,0,1.9972131146383727,0.7207907395334426,4.745564214632659,3.706018438656643e-15,21,69,True,expanded:deletion,,
63,23,2839,1378,exact_hop,35.000000000000114,35,1.0004762314078657,12,1.80690107276759,11,1.4311806628795727,0.7920636522106134,5.1695253954560965,5.6146004580177496e-15,7,69,True,expanded:death,,
34,23,1606,1041,off_manifold_hop,35.000000000000114,35,1.0006001947725418,11,2.2275355177792937,11,1.3672521841605416,0.6137959072920203,3.3060567118563884,4.158073848500764e-15,12,69,True,expanded:explore,,
70,23,3089,3051,exact_hop,33.0,33,1.003408375584266,3,2.4090107367917737,3,1.3418974833711355,0.5570325872263326,7.832547252700492,6.1036498843651505e-15,0,-1,True,pareto_kept_polished,,
49,23,2220,331,off_manifold_hop,34.99999999999977,35,0.5986144603302692,14,2.770864004067449,0,1.9972131146383727,0.7207907395334426,4.745564214632659,3.706018438656643e-15,21,69,True,pareto_kept_polished,,
63,23,2839,1378,exact_hop,35.000000000000114,35,1.0004762314078657,12,1.8069010727675918,11,1.4311806628795727,0.7920636522106126,5.1695253954560965,5.879695167503539e-15,7,69,True,pareto_kept_polished,,
34,23,1606,1041,off_manifold_hop,35.00000000000023,35,1.0006001947725418,11,2.2275355177792906,11,1.3672521841605416,0.613795907292021,3.3060567118563884,4.1390943617538295e-15,12,69,True,pareto_kept_polished,,
70,23,3089,3051,exact_hop,33.0,33,1.003408375584266,3,2.4090107367917737,3,1.3418974833711355,0.5570325872263326,7.832547252700492,6.1036498843651505e-15,0,-1,True,frontier,,
49,23,2220,331,off_manifold_hop,34.99999999999977,35,0.5986144603302692,14,2.770864004067449,0,1.9972131146383727,0.7207907395334426,4.745564214632659,3.706018438656643e-15,21,69,True,frontier,,
63,23,2839,1378,exact_hop,35.000000000000114,35,1.0004762314078657,12,1.8069010727675918,11,1.4311806628795727,0.7920636522106126,5.1695253954560965,5.879695167503539e-15,7,69,True,frontier,,
34,23,1606,1041,off_manifold_hop,35.00000000000023,35,1.0006001947725418,11,2.2275355177792906,11,1.3672521841605416,0.613795907292021,3.3060567118563884,4.1390943617538295e-15,12,69,True,frontier,,
49,23,2220,331,off_manifold_hop,34.99999999999977,35,0.5986144603302692,14,2.770864004067449,0,1.9972131146383727,0.7207907395334426,4.745564214632659,3.706018438656643e-15,21,69,False,full_delete_probe,1.0000662364576869,14
70,23,3089,3051,exact_hop,33.0,33,1.003408375584266,3,2.4090107367917737,3,1.3418974833711355,0.5570325872263326,7.832547252700492,6.1036498843651505e-15,1,70,True,expanded:genericity,,
49,23,2220,331,off_manifold_hop,34.99999999999977,35,0.5986144603302692,14,2.770864004067449,0,1.9972131146383727,0.7207907395334426,4.745564214632659,3.706018438656643e-15,22,70,True,expanded:deletion,,
63,23,2839,1378,exact_hop,35.000000000000114,35,1.0004762314078657,12,1.8069010727675918,11,1.4311806628795727,0.7920636522106126,5.1695253954560965,5.879695167503539e-15,8,70,True,expanded:death,,
71,23,3141,3089,off_manifold_hop,33.00000000000455,33,1.0030921120136669,3,2.2867581378454847,2,1.6138567703528228,0.7057400359241098,7.881051730884775,6.572960591100455e-15,0,-1,True,pareto_kept_polished,,
49,23,2220,331,off_manifold_hop,34.99999999999977,35,0.5986144603302692,14,2.770864004067449,0,1.9972131146383727,0.7207907395334426,4.745564214632659,3.706018438656643e-15,22,70,True,pareto_kept_polished,,
63,23,2839,1378,exact_hop,35.00000000000023,35,1.0004762314078657,12,1.806901072767588,11,1.4311806628795727,0.7920636522106143,5.1695253954560965,5.6190743051613954e-15,8,70,True,pareto_kept_polished,,
34,23,1606,1041,off_manifold_hop,35.000000000000114,35,1.0006001947725418,11,2.2275355177792937,11,1.3672521841605416,0.6137959072920202,3.3060567118563884,4.15918881003253e-15,12,69,True,pareto_kept_polished,,
71,23,3141,3089,off_manifold_hop,33.00000000000455,33,1.0030921120136669,3,2.2867581378454847,2,1.6138567703528228,0.7057400359241098,7.881051730884775,6.572960591100455e-15,0,-1,True,frontier,,
49,23,2220,331,off_manifold_hop,34.99999999999977,35,0.5986144603302692,14,2.770864004067449,0,1.9972131146383727,0.7207907395334426,4.745564214632659,3.706018438656643e-15,22,70,True,frontier,,
63,23,2839,1378,exact_hop,35.00000000000023,35,1.0004762314078657,12,1.806901072767588,11,1.4311806628795727,0.7920636522106143,5.1695253954560965,5.6190743051613954e-15,8,70,True,frontier,,
34,23,1606,1041,off_manifold_hop,35.000000000000114,35,1.0006001947725418,11,2.2275355177792937,11,1.3672521841605416,0.6137959072920202,3.3060567118563884,4.15918881003253e-15,12,69,True,frontier,,
71,23,3141,3089,off_manifold_hop,33.00000000000455,33,1.0030921120136669,3,2.2867581378454847,2,1.6138567703528228,0.7057400359241098,7.881051730884775,6.572960591100455e-15,1,71,True,expanded:genericity,,
49,23,2220,331,off_manifold_hop,34.99999999999977,35,0.5986144603302692,14,2.770864004067449,0,1.9972131146383727,0.7207907395334426,4.745564214632659,3.706018438656643e-15,23,71,True,expanded:deletion,,
63,23,2839,1378,exact_hop,35.00000000000023,35,1.0004762314078657,12,1.806901072767588,11,1.4311806628795727,0.7920636522106143,5.1695253954560965,5.6190743051613954e-15,9,71,True,expanded:death,,
72,23,3175,3141,exact_hop,33.00000000002524,33,1.0023509605786323,2,2.826614736777394,3,2.0859958710033215,0.7379837951957869,7.582077395287312,6.1769320241086404e-15,0,-1,True,pareto_kept_polished,,
49,23,2220,331,off_manifold_hop,34.99999999999977,35,0.5986144603302692,14,2.770864004067449,0,1.9972131146383727,0.7207907395334426,4.745564214632659,3.706018438656643e-15,23,71,True,pareto_kept_polished,,
63,23,2839,1378,exact_hop,35.000000000000114,35,1.0004762314078657,12,1.8069010727675865,11,1.4311806628795727,0.7920636522106149,5.1695253954560965,5.879695167503539e-15,9,71,True,pareto_kept_polished,,
34,23,1606,1041,off_manifold_hop,35.000000000000114,35,1.0006001947725418,11,2.227535517779298,11,1.3672521841605416,0.613795907292019,3.3060567118563884,4.144025082861529e-15,12,69,True,pareto_kept_polished,,
72,23,3175,3141,exact_hop,33.00000000002524,33,1.0023509605786323,2,2.826614736777394,3,2.0859958710033215,0.7379837951957869,7.582077395287312,6.1769320241086404e-15,0,-1,True,frontier,,
49,23,2220,331,off_manifold_hop,34.99999999999977,35,0.5986144603302692,14,2.770864004067449,0,1.9972131146383727,0.7207907395334426,4.745564214632659,3.706018438656643e-15,23,71,True,frontier,,
63,23,2839,1378,exact_hop,35.000000000000114,35,1.0004762314078657,12,1.8069010727675865,11,1.4311806628795727,0.7920636522106149,5.1695253954560965,5.879695167503539e-15,9,71,True,frontier,,
34,23,1606,1041,off_manifold_hop,35.000000000000114,35,1.0006001947725418,11,2.227535517779298,11,1.3672521841605416,0.613795907292019,3.3060567118563884,4.144025082861529e-15,12,69,True,frontier,,
49,23,2220,331,off_manifold_hop,34.99999999999977,35,0.5986144603302692,14,2.770864004067449,0,1.9972131146383727,0.7207907395334426,4.745564214632659,3.706018438656643e-15,23,71,False,full_delete_probe,1.0003006007716118,14
72,23,3175,3141,exact_hop,33.00000000002524,33,1.0023509605786323,2,2.826614736777394,3,2.0859958710033215,0.7379837951957869,7.582077395287312,6.1769320241086404e-15,1,72,True,expanded:genericity,,
49,23,2220,331,off_manifold_hop,34.99999999999977,35,0.5986144603302692,14,2.770864004067449,0,1.9972131146383727,0.7207907395334426,4.745564214632659,3.706018438656643e-15,24,72,True,expanded:deletion,,
63,23,2839,1378,exact_hop,35.000000000000114,35,1.0004762314078657,12,1.8069010727675865,11,1.4311806628795727,0.7920636522106149,5.1695253954560965,5.879695167503539e-15,10,72,True,expanded:death,,
34,23,1606,1041,off_manifold_hop,35.000000000000114,35,1.0006001947725418,11,2.227535517779298,11,1.3672521841605416,0.613795907292019,3.3060567118563884,4.144025082861529e-15,13,72,True,expanded:explore,,
73,23,3213,3175,wall:amplitude_wall,33.00000000000102,33,1.0130019075506393,13,4.0034746654343225,6,2.6237752732840676,0.6553745165262395,7.637214726773822,7.0361743702132134e-15,0,-1,True,pareto_kept_polished,,
49,23,2220,331,off_manifold_hop,34.99999999999977,35,0.5986144603302692,14,2.770864004067449,0,1.9972131146383727,0.7207907395334426,4.745564214632659,3.706018438656643e-15,24,72,True,pareto_kept_polished,,
63,23,2839,1378,exact_hop,35.00000000000023,35,1.0004762314078657,12,1.806901072767588,11,1.4311806628795727,0.7920636522106143,5.1695253954560965,5.6190743051613954e-15,10,72,True,pareto_kept_polished,,
34,23,1606,1041,off_manifold_hop,35.00000000000023,35,1.0006001947725418,11,2.227535517779293,11,1.3672521841605416,0.6137959072920205,3.3060567118563884,4.170289829219208e-15,13,72,True,pareto_kept_polished,,
73,23,3213,3175,wall:amplitude_wall,33.00000000000102,33,1.0130019075506393,13,4.0034746654343225,6,2.6237752732840676,0.6553745165262395,7.637214726773822,7.0361743702132134e-15,0,-1,True,frontier,,
49,23,2220,331,off_manifold_hop,34.99999999999977,35,0.5986144603302692,14,2.770864004067449,0,1.9972131146383727,0.7207907395334426,4.745564214632659,3.706018438656643e-15,24,72,True,frontier,,
63,23,2839,1378,exact_hop,35.00000000000023,35,1.0004762314078657,12,1.806901072767588,11,1.4311806628795727,0.7920636522106143,5.1695253954560965,5.6190743051613954e-15,10,72,True,frontier,,
34,23,1606,1041,off_manifold_hop,35.00000000000023,35,1.0006001947725418,11,2.227535517779293,11,1.3672521841605416,0.6137959072920205,3.3060567118563884,4.170289829219208e-15,13,72,True,frontier,,
73,23,3213,3175,wall:amplitude_wall,33.00000000000102,33,1.0130019075506393,13,4.0034746654343225,6,2.6237752732840676,0.6553745165262395,7.637214726773822,7.0361743702132134e-15,1,73,True,expanded:genericity,,
49,23,2220,331,off_manifold_hop,34.99999999999977,35,0.5986144603302692,14,2.770864004067449,0,1.9972131146383727,0.7207907395334426,4.745564214632659,3.706018438656643e-15,25,73,True,expanded:deletion,,
63,23,2839,1378,exact_hop,35.00000000000023,35,1.0004762314078657,12,1.806901072767588,11,1.4311806628795727,0.7920636522106143,5.1695253954560965,5.6190743051613954e-15,11,73,True,expanded:death,,
74,23,3261,3213,off_manifold_hop,33.00000000000034,33,1.0015183882413223,3,2.7538128518673823,3,1.2779406483225868,0.46406227186281196,7.264665175899441,6.249407942726685e-15,0,-1,True,pareto_kept_polished,,
49,23,2220,331,off_manifold_hop,34.99999999999977,35,0.5986144603302692,14,2.770864004067449,0,1.9972131146383727,0.7207907395334426,4.745564214632659,3.706018438656643e-15,25,73,True,pareto_kept_polished,,
63,23,2839,1378,exact_hop,35.000000000000114,35,1.0004762314078657,12,1.8069010727675865,11,1.4311806628795727,0.7920636522106149,5.1695253954560965,5.879695167503539e-15,11,73,True,pareto_kept_polished,,
34,23,1606,1041,off_manifold_hop,35.00000000000023,35,1.0006001947725418,11,2.2275355177792946,11,1.3672521841605416,0.6137959072920199,3.3060567118563884,4.15873730765821e-15,13,72,True,pareto_kept_polished,,
74,23,3261,3213,off_manifold_hop,33.00000000000034,33,1.0015183882413223,3,2.7538128518673823,3,1.2779406483225868,0.46406227186281196,7.264665175899441,6.249407942726685e-15,0,-1,True,frontier,,
49,23,2220,331,off_manifold_hop,34.99999999999977,35,0.5986144603302692,14,2.770864004067449,0,1.9972131146383727,0.7207907395334426,4.745564214632659,3.706018438656643e-15,25,73,True,frontier,,
63,23,2839,1378,exact_hop,35.000000000000114,35,1.0004762314078657,12,1.8069010727675865,11,1.4311806628795727,0.7920636522106149,5.1695253954560965,5.879695167503539e-15,11,73,True,frontier,,
34,23,1606,1041,off_manifold_hop,35.00000000000023,35,1.0006001947725418,11,2.2275355177792946,11,1.3672521841605416,0.6137959072920199,3.3060567118563884,4.15873730765821e-15,13,72,True,frontier,,
49,23,2220,331,off_manifold_hop,34.99999999999977,35,0.5986144603302692,14,2.770864004067449,0,1.9972131146383727,0.7207907395334426,4.745564214632659,3.706018438656643e-15,25,73,False,full_delete_probe,1.0003724393703641,14
74,23,3261,3213,off_manifold_hop,33.00000000000034,33,1.0015183882413223,3,2.7538128518673823,3,1.2779406483225868,0.46406227186281196,7.264665175899441,6.249407942726685e-15,1,74,True,expanded:genericity,,
49,23,2220,331,off_manifold_hop,34.99999999999977,35,0.5986144603302692,14,2.770864004067449,0,1.9972131146383727,0.7207907395334426,4.745564214632659,3.706018438656643e-15,26,74,True,expanded:deletion,,
63,23,2839,1378,exact_hop,35.000000000000114,35,1.0004762314078657,12,1.8069010727675865,11,1.4311806628795727,0.7920636522106149,5.1695253954560965,5.879695167503539e-15,12,74,True,expanded:death,,
75,23,3301,3261,off_manifold_hop,33.000000000000796,33,1.0034696015768931,3,2.5927912188527285,2,1.8135683741622812,0.6994656418825571,7.078079949677804,6.9057871287940165e-15,0,-1,True,pareto_kept_polished,,
49,23,2220,331,off_manifold_hop,34.99999999999977,35,0.5986144603302692,14,2.770864004067449,0,1.9972131146383727,0.7207907395334426,4.745564214632659,3.706018438656643e-15,26,74,True,pareto_kept_polished,,
63,23,2839,1378,exact_hop,35.00000000000023,35,1.0004762314078657,12,1.806901072767588,11,1.4311806628795727,0.7920636522106143,5.1695253954560965,5.6190743051613954e-15,12,74,True,pareto_kept_polished,,
34,23,1606,1041,off_manifold_hop,35.000000000000114,35,1.0006001947725418,11,2.227535517779291,11,1.3672521841605416,0.6137959072920209,3.3060567118563884,4.175183709918922e-15,13,72,True,pareto_kept_polished,,
75,23,3301,3261,off_manifold_hop,33.000000000000796,33,1.0034696015768931,3,2.5927912188527285,2,1.8135683741622812,0.6994656418825571,7.078079949677804,6.9057871287940165e-15,0,-1,True,frontier,,
49,23,2220,331,off_manifold_hop,34.99999999999977,35,0.5986144603302692,14,2.770864004067449,0,1.9972131146383727,0.7207907395334426,4.745564214632659,3.706018438656643e-15,26,74,True,frontier,,
63,23,2839,1378,exact_hop,35.00000000000023,35,1.0004762314078657,12,1.806901072767588,11,1.4311806628795727,0.7920636522106143,5.1695253954560965,5.6190743051613954e-15,12,74,True,frontier,,
34,23,1606,1041,off_manifold_hop,35.000000000000114,35,1.0006001947725418,11,2.227535517779291,11,1.3672521841605416,0.6137959072920209,3.3060567118563884,4.175183709918922e-15,13,72,True,frontier,,
75,23,3301,3261,off_manifold_hop,33.000000000000796,33,1.0034696015768931,3,2.5927912188527285,2,1.8135683741622812,0.6994656418825571,7.078079949677804,6.9057871287940165e-15,1,75,True,expanded:genericity,,
49,23,2220,331,off_manifold_hop,34.99999999999977,35,0.5986144603302692,14,2.770864004067449,0,1.9972131146383727,0.7207907395334426,4.745564214632659,3.706018438656643e-15,27,75,True,expanded:deletion,,
63,23,2839,1378,exact_hop,35.00000000000023,35,1.0004762314078657,12,1.806901072767588,11,1.4311806628795727,0.7920636522106143,5.1695253954560965,5.6190743051613954e-15,13,75,True,expanded:death,,
34,23,1606,1041,off_manifold_hop,35.000000000000114,35,1.0006001947725418,11,2.227535517779291,11,1.3672521841605416,0.6137959072920209,3.3060567118563884,4.175183709918922e-15,14,75,True,expanded:explore,,
76,23,3336,3301,exact_hop,33.0000000000025,33,1.0009020925093945,3,3.0089940258886947,3,1.314001890641629,0.4366914255516156,7.557891759639993,7.042743826258619e-15,0,-1,True,pareto_kept_polished,,
49,23,2220,331,off_manifold_hop,34.99999999999977,35,0.5986144603302692,14,2.770864004067449,0,1.9972131146383727,0.7207907395334426,4.745564214632659,3.706018438656643e-15,27,75,True,pareto_kept_polished,,
63,23,2839,1378,exact_hop,35.000000000000114,35,1.0004762314078657,12,1.8069010727675865,11,1.4311806628795727,0.7920636522106149,5.1695253954560965,5.879695167503539e-15,13,75,True,pareto_kept_polished,,
34,23,1606,1041,off_manifold_hop,35.000000000000114,35,1.0006001947725418,11,2.22753551777929,11,1.3672521841605416,0.6137959072920212,3.3060567118563884,4.164354444990035e-15,14,75,True,pareto_kept_polished,,
76,23,3336,3301,exact_hop,33.0000000000025,33,1.0009020925093945,3,3.0089940258886947,3,1.314001890641629,0.4366914255516156,7.557891759639993,7.042743826258619e-15,0,-1,True,frontier,,
49,23,2220,331,off_manifold_hop,34.99999999999977,35,0.5986144603302692,14,2.770864004067449,0,1.9972131146383727,0.7207907395334426,4.745564214632659,3.706018438656643e-15,27,75,True,frontier,,
63,23,2839,1378,exact_hop,35.000000000000114,35,1.0004762314078657,12,1.8069010727675865,11,1.4311806628795727,0.7920636522106149,5.1695253954560965,5.879695167503539e-15,13,75,True,frontier,,
34,23,1606,1041,off_manifold_hop,35.000000000000114,35,1.0006001947725418,11,2.22753551777929,11,1.3672521841605416,0.6137959072920212,3.3060567118563884,4.164354444990035e-15,14,75,True,frontier,,
49,23,2220,331,off_manifold_hop,34.99999999999977,35,0.5986144603302692,14,2.770864004067449,0,1.9972131146383727,0.7207907395334426,4.745564214632659,3.706018438656643e-15,27,75,False,full_delete_probe,1.000348493274288,14
76,23,3336,3301,exact_hop,33.0000000000025,33,1.0009020925093945,3,3.0089940258886947,3,1.314001890641629,0.4366914255516156,7.557891759639993,7.042743826258619e-15,1,76,True,expanded:genericity,,
49,23,2220,331,off_manifold_hop,34.99999999999977,35,0.5986144603302692,14,2.770864004067449,0,1.9972131146383727,0.7207907395334426,4.745564214632659,3.706018438656643e-15,28,76,True,expanded:deletion,,
63,23,2839,1378,exact_hop,35.000000000000114,35,1.0004762314078657,12,1.8069010727675865,11,1.4311806628795727,0.7920636522106149,5.1695253954560965,5.879695167503539e-15,14,76,True,expanded:death,,
77,23,3386,3336,off_manifold_hop,33.00000000000182,33,1.0023986611750981,3,2.4087459525734554,2,1.3662476111128674,0.5672028673896456,7.842016134074113,6.650132292417489e-15,0,-1,True,pareto_kept_polished,,
49,23,2220,331,off_manifold_hop,34.99999999999977,35,0.5986144603302692,14,2.770864004067449,0,1.9972131146383727,0.7207907395334426,4.745564214632659,3.706018438656643e-15,28,76,True,pareto_kept_polished,,
63,23,2839,1378,exact_hop,35.00000000000023,35,1.0004762314078657,12,1.806901072767588,11,1.4311806628795727,0.7920636522106143,5.1695253954560965,5.6190743051613954e-15,14,76,True,pareto_kept_polished,,
34,23,1606,1041,off_manifold_hop,35.00000000000023,35,1.0006001947725418,11,2.2275355177792937,11,1.3672521841605416,0.6137959072920202,3.3060567118563884,4.189786524191309e-15,14,75,True,pareto_kept_polished,,
77,23,3386,3336,off_manifold_hop,33.00000000000182,33,1.0023986611750981,3,2.4087459525734554,2,1.3662476111128674,0.5672028673896456,7.842016134074113,6.650132292417489e-15,0,-1,True,frontier,,
49,23,2220,331,off_manifold_hop,34.99999999999977,35,0.5986144603302692,14,2.770864004067449,0,1.9972131146383727,0.7207907395334426,4.745564214632659,3.706018438656643e-15,28,76,True,frontier,,
63,23,2839,1378,exact_hop,35.00000000000023,35,1.0004762314078657,12,1.806901072767588,11,1.4311806628795727,0.7920636522106143,5.1695253954560965,5.6190743051613954e-15,14,76,True,frontier,,
34,23,1606,1041,off_manifold_hop,35.00000000000023,35,1.0006001947725418,11,2.2275355177792937,11,1.3672521841605416,0.6137959072920202,3.3060567118563884,4.189786524191309e-15,14,75,True,frontier,,
77,23,3386,3336,off_manifold_hop,33.00000000000182,33,1.0023986611750981,3,2.4087459525734554,2,1.3662476111128674,0.5672028673896456,7.842016134074113,6.650132292417489e-15,1,77,True,expanded:genericity,,
49,23,2220,331,off_manifold_hop,34.99999999999977,35,0.5986144603302692,14,2.770864004067449,0,1.9972131146383727,0.7207907395334426,4.745564214632659,3.706018438656643e-15,29,77,True,expanded:deletion,,
63,23,2839,1378,exact_hop,35.00000000000023,35,1.0004762314078657,12,1.806901072767588,11,1.4311806628795727,0.7920636522106143,5.1695253954560965,5.6190743051613954e-15,15,77,True,expanded:death,,
78,23,3423,3386,off_manifold_hop,33.000000000001364,33,1.004575863098125,3,2.5261472633112745,2,1.849051235191538,0.7319649420468866,7.812605577820728,6.6234888746376266e-15,0,-1,True,pareto_kept_polished,,
49,23,2220,331,off_manifold_hop,34.99999999999977,35,0.5986144603302692,14,2.770864004067449,0,1.9972131146383727,0.7207907395334426,4.745564214632659,3.706018438656643e-15,29,77,True,pareto_kept_polished,,
63,23,2839,1378,exact_hop,35.000000000000114,35,1.0004762314078657,12,1.8069010727675865,11,1.4311806628795727,0.7920636522106149,5.1695253954560965,5.879695167503539e-15,15,77,True,pareto_kept_polished,,
34,23,1606,1041,off_manifold_hop,35.000000000000114,35,1.0006001947725418,11,2.227535517779293,11,1.3672521841605416,0.6137959072920205,3.3060567118563884,4.183774505767266e-15,14,75,True,pareto_kept_polished,,
78,23,3423,3386,off_manifold_hop,33.000000000001364,33,1.004575863098125,3,2.5261472633112745,2,1.849051235191538,0.7319649420468866,7.812605577820728,6.6234888746376266e-15,0,-1,True,frontier,,
49,23,2220,331,off_manifold_hop,34.99999999999977,35,0.5986144603302692,14,2.770864004067449,0,1.9972131146383727,0.7207907395334426,4.745564214632659,3.706018438656643e-15,29,77,True,frontier,,
63,23,2839,1378,exact_hop,35.000000000000114,35,1.0004762314078657,12,1.8069010727675865,11,1.4311806628795727,0.7920636522106149,5.1695253954560965,5.879695167503539e-15,15,77,True,frontier,,
34,23,1606,1041,off_manifold_hop,35.000000000000114,35,1.0006001947725418,11,2.227535517779293,11,1.3672521841605416,0.6137959072920205,3.3060567118563884,4.183774505767266e-15,14,75,True,frontier,,
49,23,2220,331,off_manifold_hop,34.99999999999977,35,0.5986144603302692,14,2.770864004067449,0,1.9972131146383727,0.7207907395334426,4.745564214632659,3.706018438656643e-15,29,77,False,full_delete_probe,1.0027657067984534,14
78,23,3423,3386,off_manifold_hop,33.000000000001364,33,1.004575863098125,3,2.5261472633112745,2,1.849051235191538,0.7319649420468866,7.812605577820728,6.6234888746376266e-15,1,78,True,expanded:genericity,,
49,23,2220,331,off_manifold_hop,34.99999999999977,35,0.5986144603302692,14,2.770864004067449,0,1.9972131146383727,0.7207907395334426,4.745564214632659,3.706018438656643e-15,30,78,True,expanded:deletion,,
63,23,2839,1378,exact_hop,35.000000000000114,35,1.0004762314078657,12,1.8069010727675865,11,1.4311806628795727,0.7920636522106149,5.1695253954560965,5.879695167503539e-15,16,78,True,expanded:death,,
34,23,1606,1041,off_manifold_hop,35.000000000000114,35,1.0006001947725418,11,2.227535517779293,11,1.3672521841605416,0.6137959072920205,3.3060567118563884,4.183774505767266e-15,15,78,True,expanded:explore,,
78,23,3423,3386,off_manifold_hop,33.00000000000125,33,1.004575863098125,3,2.526147263311277,2,1.849051235191538,0.7319649420468858,7.812605577820728,6.271419058956851e-15,1,78,True,pareto_kept_polished,,
49,23,2220,331,off_manifold_hop,34.99999999999977,35,0.5986144603302692,14,2.770864004067449,0,1.9972131146383727,0.7207907395334426,4.745564214632659,3.706018438656643e-15,30,78,True,pareto_kept_polished,,
63,23,2839,1378,exact_hop,35.00000000000023,35,1.0004762314078657,12,1.806901072767588,11,1.4311806628795727,0.7920636522106143,5.1695253954560965,5.6190743051613954e-15,16,78,True,pareto_kept_polished,,
34,23,1606,1041,off_manifold_hop,35.00000000000023,35,1.0006001947725418,11,2.227535517779295,11,1.3672521841605416,0.6137959072920198,3.3060567118563884,4.1953620901770914e-15,15,78,True,pareto_kept_polished,,
78,23,3423,3386,off_manifold_hop,33.00000000000125,33,1.004575863098125,3,2.526147263311277,2,1.849051235191538,0.7319649420468858,7.812605577820728,6.271419058956851e-15,1,78,True,frontier,,
49,23,2220,331,off_manifold_hop,34.99999999999977,35,0.5986144603302692,14,2.770864004067449,0,1.9972131146383727,0.7207907395334426,4.745564214632659,3.706018438656643e-15,30,78,True,frontier,,
63,23,2839,1378,exact_hop,35.00000000000023,35,1.0004762314078657,12,1.806901072767588,11,1.4311806628795727,0.7920636522106143,5.1695253954560965,5.6190743051613954e-15,16,78,True,frontier,,
34,23,1606,1041,off_manifold_hop,35.00000000000023,35,1.0006001947725418,11,2.227535517779295,11,1.3672521841605416,0.6137959072920198,3.3060567118563884,4.1953620901770914e-15,15,78,True,frontier,,
78,23,3423,3386,off_manifold_hop,33.00000000000125,33,1.004575863098125,3,2.526147263311277,2,1.849051235191538,0.7319649420468858,7.812605577820728,6.271419058956851e-15,2,79,True,expanded:genericity,,
49,23,2220,331,off_manifold_hop,34.99999999999977,35,0.5986144603302692,14,2.770864004067449,0,1.9972131146383727,0.7207907395334426,4.745564214632659,3.706018438656643e-15,31,79,True,expanded:deletion,,
63,23,2839,1378,exact_hop,35.00000000000023,35,1.0004762314078657,12,1.806901072767588,11,1.4311806628795727,0.7920636522106143,5.1695253954560965,5.6190743051613954e-15,17,79,True,expanded:death,,
80,23,3509,3423,exact_hop,33.00000000000159,33,1.0020436474712267,3,2.493353909009162,2,1.527771469286002,0.6127375114161493,7.352648006893781,6.17850244455977e-15,0,-1,True,pareto_kept_polished,,
49,23,2220,331,off_manifold_hop,34.99999999999977,35,0.5986144603302692,14,2.770864004067449,0,1.9972131146383727,0.7207907395334426,4.745564214632659,3.706018438656643e-15,31,79,True,pareto_kept_polished,,
63,23,2839,1378,exact_hop,35.000000000000114,35,1.0004762314078657,12,1.8069010727675865,11,1.4311806628795727,0.7920636522106149,5.1695253954560965,5.879695167503539e-15,17,79,True,pareto_kept_polished,,
34,23,1606,1041,off_manifold_hop,35.000000000000114,35,1.0006001947725418,11,2.227535517779292,11,1.3672521841605416,0.6137959072920207,3.3060567118563884,4.1953620901770914e-15,15,78,True,pareto_kept_polished,,
80,23,3509,3423,exact_hop,33.00000000000159,33,1.0020436474712267,3,2.493353909009162,2,1.527771469286002,0.6127375114161493,7.352648006893781,6.17850244455977e-15,0,-1,True,frontier,,
49,23,2220,331,off_manifold_hop,34.99999999999977,35,0.5986144603302692,14,2.770864004067449,0,1.9972131146383727,0.7207907395334426,4.745564214632659,3.706018438656643e-15,31,79,True,frontier,,
63,23,2839,1378,exact_hop,35.000000000000114,35,1.0004762314078657,12,1.8069010727675865,11,1.4311806628795727,0.7920636522106149,5.1695253954560965,5.879695167503539e-15,17,79,True,frontier,,
34,23,1606,1041,off_manifold_hop,35.000000000000114,35,1.0006001947725418,11,2.227535517779292,11,1.3672521841605416,0.6137959072920207,3.3060567118563884,4.1953620901770914e-15,15,78,True,frontier,,
49,23,2220,331,off_manifold_hop,34.99999999999977,35,0.5986144603302692,14,2.770864004067449,0,1.9972131146383727,0.7207907395334426,4.745564214632659,3.706018438656643e-15,31,79,False,full_delete_probe,1.0002504574150892,14
80,23,3509,3423,exact_hop,33.00000000000159,33,1.0020436474712267,3,2.493353909009162,2,1.527771469286002,0.6127375114161493,7.352648006893781,6.17850244455977e-15,1,80,True,expanded:genericity,,
49,23,2220,331,off_manifold_hop,34.99999999999977,35,0.5986144603302692,14,2.770864004067449,0,1.9972131146383727,0.7207907395334426,4.745564214632659,3.706018438656643e-15,32,80,True,expanded:deletion,,
63,23,2839,1378,exact_hop,35.000000000000114,35,1.0004762314078657,12,1.8069010727675865,11,1.4311806628795727,0.7920636522106149,5.1695253954560965,5.879695167503539e-15,18,80,True,expanded:death,,
81,23,3550,3509,off_manifold_hop,33.000000000000796,33,1.001855262794438,3,2.432305792621063,2,1.7227012872685286,0.7082585144083131,7.652301316202469,6.817994557575076e-15,0,-1,True,pareto_kept_polished,,
49,23,2220,331,off_manifold_hop,34.99999999999977,35,0.5986144603302692,14,2.770864004067449,0,1.9972131146383727,0.7207907395334426,4.745564214632659,3.706018438656643e-15,32,80,True,pareto_kept_polished,,
63,23,2839,1378,exact_hop,35.00000000000023,35,1.0004762314078657,12,1.806901072767588,11,1.4311806628795727,0.7920636522106143,5.1695253954560965,5.6190743051613954e-15,18,80,True,pareto_kept_polished,,
34,23,1606,1041,off_manifold_hop,35.000000000000114,35,1.0006001947725418,11,2.227535517779292,11,1.3672521841605416,0.6137959072920207,3.3060567118563884,4.1953620901770914e-15,15,78,True,pareto_kept_polished,,
81,23,3550,3509,off_manifold_hop,33.000000000000796,33,1.001855262794438,3,2.432305792621063,2,1.7227012872685286,0.7082585144083131,7.652301316202469,6.817994557575076e-15,0,-1,True,frontier,,
49,23,2220,331,off_manifold_hop,34.99999999999977,35,0.5986144603302692,14,2.770864004067449,0,1.9972131146383727,0.7207907395334426,4.745564214632659,3.706018438656643e-15,32,80,True,frontier,,
63,23,2839,1378,exact_hop,35.00000000000023,35,1.0004762314078657,12,1.806901072767588,11,1.4311806628795727,0.7920636522106143,5.1695253954560965,5.6190743051613954e-15,18,80,True,frontier,,
34,23,1606,1041,off_manifold_hop,35.000000000000114,35,1.0006001947725418,11,2.227535517779292,11,1.3672521841605416,0.6137959072920207,3.3060567118563884,4.1953620901770914e-15,15,78,True,frontier,,
81,23,3550,3509,off_manifold_hop,33.000000000000796,33,1.001855262794438,3,2.432305792621063,2,1.7227012872685286,0.7082585144083131,7.652301316202469,6.817994557575076e-15,1,81,True,expanded:genericity,,
49,23,2220,331,off_manifold_hop,34.99999999999977,35,0.5986144603302692,14,2.770864004067449,0,1.9972131146383727,0.7207907395334426,4.745564214632659,3.706018438656643e-15,33,81,True,expanded:deletion,,
63,23,2839,1378,exact_hop,35.00000000000023,35,1.0004762314078657,12,1.806901072767588,11,1.4311806628795727,0.7920636522106143,5.1695253954560965,5.6190743051613954e-15,19,81,True,expanded:death,,
34,23,1606,1041,off_manifold_hop,35.000000000000114,35,1.0006001947725418,11,2.227535517779292,11,1.3672521841605416,0.6137959072920207,3.3060567118563884,4.1953620901770914e-15,16,81,True,expanded:explore,,
82,23,3584,3550,exact_hop,33.00000000000091,33,1.004044888497961,3,3.261695926099929,2,1.1680840198494338,0.35812167851162435,7.871665063395722,6.58768576348458e-15,0,-1,True,pareto_kept_polished,,
49,23,2220,331,off_manifold_hop,34.99999999999977,35,0.5986144603302692,14,2.770864004067449,0,1.9972131146383727,0.7207907395334426,4.745564214632659,3.706018438656643e-15,33,81,True,pareto_kept_polished,,
63,23,2839,1378,exact_hop,35.000000000000114,35,1.0004762314078657,12,1.8069010727675865,11,1.4311806628795727,0.7920636522106149,5.1695253954560965,5.879695167503539e-15,19,81,True,pareto_kept_polished,,
34,23,1606,1041,off_manifold_hop,35.000000000000114,35,1.0006001947725418,11,2.227535517779292,11,1.3672521841605416,0.6137959072920207,3.3060567118563884,4.1953620901770914e-15,16,81,True,pareto_kept_polished,,
82,23,3584,3550,exact_hop,33.00000000000091,33,1.004044888497961,3,3.261695926099929,2,1.1680840198494338,0.35812167851162435,7.871665063395722,6.58768576348458e-15,0,-1,True,frontier,,
49,23,2220,331,off_manifold_hop,34.99999999999977,35,0.5986144603302692,14,2.770864004067449,0,1.9972131146383727,0.7207907395334426,4.745564214632659,3.706018438656643e-15,33,81,True,frontier,,
63,23,2839,1378,exact_hop,35.000000000000114,35,1.0004762314078657,12,1.8069010727675865,11,1.4311806628795727,0.7920636522106149,5.1695253954560965,5.879695167503539e-15,19,81,True,frontier,,
34,23,1606,1041,off_manifold_hop,35.000000000000114,35,1.0006001947725418,11,2.227535517779292,11,1.3672521841605416,0.6137959072920207,3.3060567118563884,4.1953620901770914e-15,16,81,True,frontier,,
49,23,2220,331,off_manifold_hop,34.99999999999977,35,0.5986144603302692,14,2.770864004067449,0,1.9972131146383727,0.7207907395334426,4.745564214632659,3.706018438656643e-15,33,81,False,full_delete_probe,1.0001617162711058,14
82,23,3584,3550,exact_hop,33.00000000000091,33,1.004044888497961,3,3.261695926099929,2,1.1680840198494338,0.35812167851162435,7.871665063395722,6.58768576348458e-15,1,82,True,expanded:genericity,,
49,23,2220,331,off_manifold_hop,34.99999999999977,35,0.5986144603302692,14,2.770864004067449,0,1.9972131146383727,0.7207907395334426,4.745564214632659,3.706018438656643e-15,34,82,True,expanded:deletion,,
63,23,2839,1378,exact_hop,35.000000000000114,35,1.0004762314078657,12,1.8069010727675865,11,1.4311806628795727,0.7920636522106149,5.1695253954560965,5.879695167503539e-15,20,82,True,expanded:death,,
83,23,3633,3584,exact_hop,33.00000000000091,33,1.0042251430712577,3,2.8903597909528465,2,1.2946100679496935,0.44790619908357765,7.8718800522800585,6.429400306272272e-15,0,-1,True,pareto_kept_polished,,
49,23,2220,331,off_manifold_hop,34.99999999999977,35,0.5986144603302692,14,2.770864004067449,0,1.9972131146383727,0.7207907395334426,4.745564214632659,3.706018438656643e-15,34,82,True,pareto_kept_polished,,
63,23,2839,1378,exact_hop,35.00000000000023,35,1.0004762314078657,12,1.806901072767588,11,1.4311806628795727,0.7920636522106143,5.1695253954560965,5.6190743051613954e-15,20,82,True,pareto_kept_polished,,
34,23,1606,1041,off_manifold_hop,35.000000000000114,35,1.0006001947725418,11,2.227535517779292,11,1.3672521841605416,0.6137959072920207,3.3060567118563884,4.1953620901770914e-15,16,81,True,pareto_kept_polished,,
83,23,3633,3584,exact_hop,33.00000000000091,33,1.0042251430712577,3,2.8903597909528465,2,1.2946100679496935,0.44790619908357765,7.8718800522800585,6.429400306272272e-15,0,-1,True,frontier,,
49,23,2220,331,off_manifold_hop,34.99999999999977,35,0.5986144603302692,14,2.770864004067449,0,1.9972131146383727,0.7207907395334426,4.745564214632659,3.706018438656643e-15,34,82,True,frontier,,
63,23,2839,1378,exact_hop,35.00000000000023,35,1.0004762314078657,12,1.806901072767588,11,1.4311806628795727,0.7920636522106143,5.1695253954560965,5.6190743051613954e-15,20,82,True,frontier,,
34,23,1606,1041,off_manifold_hop,35.000000000000114,35,1.0006001947725418,11,2.227535517779292,11,1.3672521841605416,0.6137959072920207,3.3060567118563884,4.1953620901770914e-15,16,81,True,frontier,,
83,23,3633,3584,exact_hop,33.00000000000091,33,1.0042251430712577,3,2.8903597909528465,2,1.2946100679496935,0.44790619908357765,7.8718800522800585,6.429400306272272e-15,1,83,True,expanded:genericity,,
49,23,2220,331,off_manifold_hop,34.99999999999977,35,0.5986144603302692,14,2.770864004067449,0,1.9972131146383727,0.7207907395334426,4.745564214632659,3.706018438656643e-15,35,83,True,expanded:deletion,,
63,23,2839,1378,exact_hop,35.00000000000023,35,1.0004762314078657,12,1.806901072767588,11,1.4311806628795727,0.7920636522106143,5.1695253954560965,5.6190743051613954e-15,21,83,True,expanded:death,,
84,23,3669,3633,exact_hop,33.00000000000023,33,1.0039425177612566,3,2.210721939530658,2,1.4758081355872412,0.6675684124709772,7.847011766149944,5.9194366552411654e-15,0,-1,True,pareto_kept_polished,,
49,23,2220,331,off_manifold_hop,34.99999999999977,35,0.5986144603302692,14,2.770864004067449,0,1.9972131146383727,0.7207907395334426,4.745564214632659,3.706018438656643e-15,35,83,True,pareto_kept_polished,,
63,23,2839,1378,exact_hop,35.000000000000114,35,1.0004762314078657,12,1.8069010727675865,11,1.4311806628795727,0.7920636522106149,5.1695253954560965,5.879695167503539e-15,21,83,True,pareto_kept_polished,,
34,23,1606,1041,off_manifold_hop,35.000000000000114,35,1.0006001947725418,11,2.227535517779292,11,1.3672521841605416,0.6137959072920207,3.3060567118563884,4.1953620901770914e-15,16,81,True,pareto_kept_polished,,
84,23,3669,3633,exact_hop,33.00000000000023,33,1.0039425177612566,3,2.210721939530658,2,1.4758081355872412,0.6675684124709772,7.847011766149944,5.9194366552411654e-15,0,-1,True,frontier,,
49,23,2220,331,off_manifold_hop,34.99999999999977,35,0.5986144603302692,14,2.770864004067449,0,1.9972131146383727,0.7207907395334426,4.745564214632659,3.706018438656643e-15,35,83,True,frontier,,
63,23,2839,1378,exact_hop,35.000000000000114,35,1.0004762314078657,12,1.8069010727675865,11,1.4311806628795727,0.7920636522106149,5.1695253954560965,5.879695167503539e-15,21,83,True,frontier,,
34,23,1606,1041,off_manifold_hop,35.000000000000114,35,1.0006001947725418,11,2.227535517779292,11,1.3672521841605416,0.6137959072920207,3.3060567118563884,4.1953620901770914e-15,16,81,True,frontier,,
49,23,2220,331,off_manifold_hop,34.99999999999977,35,0.5986144603302692,14,2.770864004067449,0,1.9972131146383727,0.7207907395334426,4.745564214632659,3.706018438656643e-15,35,83,False,full_delete_probe,1.0007868795577666,14
84,23,3669,3633,exact_hop,33.00000000000023,33,1.0039425177612566,3,2.210721939530658,2,1.4758081355872412,0.6675684124709772,7.847011766149944,5.9194366552411654e-15,1,84,True,expanded:genericity,,
49,23,2220,331,off_manifold_hop,34.99999999999977,35,0.5986144603302692,14,2.770864004067449,0,1.9972131146383727,0.7207907395334426,4.745564214632659,3.706018438656643e-15,36,84,True,expanded:deletion,,
63,23,2839,1378,exact_hop,35.000000000000114,35,1.0004762314078657,12,1.8069010727675865,11,1.4311806628795727,0.7920636522106149,5.1695253954560965,5.879695167503539e-15,22,84,True,expanded:death,,
34,23,1606,1041,off_manifold_hop,35.000000000000114,35,1.0006001947725418,11,2.227535517779292,11,1.3672521841605416,0.6137959072920207,3.3060567118563884,4.1953620901770914e-15,17,84,True,expanded:explore,,
85,23,3704,3669,off_manifold_hop,33.00000000000216,33,0.9895290502487161,3,2.6993667963069976,2,1.6856000365825228,0.6244427540890669,7.359798727794758,5.948916826861678e-15,0,-1,True,pareto_kept_polished,,
85,23,3719,2220,off_manifold_hop,35.00000000056889,35,0.5807707146664702,14,2.9755563883331217,11,2.1783735936367608,0.7320895017072975,4.4319051867318295,3.435986309117361e-15,0,-1,True,pareto_kept_polished,,
63,23,2839,1378,exact_hop,35.00000000000023,35,1.0004762314078657,12,1.806901072767588,11,1.4311806628795727,0.7920636522106143,5.1695253954560965,5.6190743051613954e-15,22,84,True,pareto_kept_polished,,
34,23,1606,1041,off_manifold_hop,35.000000000000114,35,1.0006001947725418,11,2.227535517779292,11,1.3672521841605416,0.6137959072920207,3.3060567118563884,4.1953620901770914e-15,17,84,True,pareto_kept_polished,,
85,23,3704,3669,off_manifold_hop,33.00000000000216,33,0.9895290502487161,3,2.6993667963069976,2,1.6856000365825228,0.6244427540890669,7.359798727794758,5.948916826861678e-15,0,-1,True,frontier,,
85,23,3719,2220,off_manifold_hop,35.00000000056889,35,0.5807707146664702,14,2.9755563883331217,11,2.1783735936367608,0.7320895017072975,4.4319051867318295,3.435986309117361e-15,0,-1,True,frontier,,
63,23,2839,1378,exact_hop,35.00000000000023,35,1.0004762314078657,12,1.806901072767588,11,1.4311806628795727,0.7920636522106143,5.1695253954560965,5.6190743051613954e-15,22,84,True,frontier,,
34,23,1606,1041,off_manifold_hop,35.000000000000114,35,1.0006001947725418,11,2.227535517779292,11,1.3672521841605416,0.6137959072920207,3.3060567118563884,4.1953620901770914e-15,17,84,True,frontier,,
85,23,3704,3669,off_manifold_hop,33.00000000000216,33,0.9895290502487161,3,2.6993667963069976,2,1.6856000365825228,0.6244427540890669,7.359798727794758,5.948916826861678e-15,1,85,True,expanded:genericity,,
85,23,3719,2220,off_manifold_hop,35.00000000056889,35,0.5807707146664702,14,2.9755563883331217,11,2.1783735936367608,0.7320895017072975,4.4319051867318295,3.435986309117361e-15,1,85,True,expanded:deletion,,
63,23,2839,1378,exact_hop,35.00000000000023,35,1.0004762314078657,12,1.806901072767588,11,1.4311806628795727,0.7920636522106143,5.1695253954560965,5.6190743051613954e-15,23,85,True,expanded:death,,
86,23,3754,3704,off_manifold_hop,33.00000000000102,33,0.9158890951396309,3,3.408808308578288,2,1.611047643167962,0.47261315314027785,6.83995587473833,5.605534180299864e-15,0,-1,True,pareto_kept_polished,,
85,23,3719,2220,off_manifold_hop,35.00000000056889,35,0.5807707146664702,14,2.9755563883331484,11,2.1783735936367608,0.7320895017072909,4.4319051867318295,3.705513370798661e-15,1,85,True,pareto_kept_polished,,
63,23,2839,1378,exact_hop,35.000000000000114,35,1.0004762314078657,12,1.8069010727675865,11,1.4311806628795727,0.7920636522106149,5.1695253954560965,5.879695167503539e-15,23,85,True,pareto_kept_polished,,
34,23,1606,1041,off_manifold_hop,35.000000000000114,35,1.0006001947725418,11,2.227535517779292,11,1.3672521841605416,0.6137959072920207,3.3060567118563884,4.1953620901770914e-15,17,84,True,pareto_kept_polished,,
86,23,3754,3704,off_manifold_hop,33.00000000000102,33,0.9158890951396309,3,3.408808308578288,2,1.611047643167962,0.47261315314027785,6.83995587473833,5.605534180299864e-15,0,-1,True,frontier,,
85,23,3719,2220,off_manifold_hop,35.00000000056889,35,0.5807707146664702,14,2.9755563883331484,11,2.1783735936367608,0.7320895017072909,4.4319051867318295,3.705513370798661e-15,1,85,True,frontier,,
63,23,2839,1378,exact_hop,35.000000000000114,35,1.0004762314078657,12,1.8069010727675865,11,1.4311806628795727,0.7920636522106149,5.1695253954560965,5.879695167503539e-15,23,85,True,frontier,,
34,23,1606,1041,off_manifold_hop,35.000000000000114,35,1.0006001947725418,11,2.227535517779292,11,1.3672521841605416,0.6137959072920207,3.3060567118563884,4.1953620901770914e-15,17,84,True,frontier,,
85,23,3719,2220,off_manifold_hop,35.00000000056889,35,0.5807707146664702,14,2.9755563883331484,11,2.1783735936367608,0.7320895017072909,4.4319051867318295,3.705513370798661e-15,1,85,False,full_delete_probe,1.00010336721358,14
86,23,3754,3704,off_manifold_hop,33.00000000000102,33,0.9158890951396309,3,3.408808308578288,2,1.611047643167962,0.47261315314027785,6.83995587473833,5.605534180299864e-15,1,86,True,expanded:genericity,,
85,23,3719,2220,off_manifold_hop,35.00000000056889,35,0.5807707146664702,14,2.9755563883331484,11,2.1783735936367608,0.7320895017072909,4.4319051867318295,3.705513370798661e-15,2,86,True,expanded:deletion,,
63,23,2839,1378,exact_hop,35.000000000000114,35,1.0004762314078657,12,1.8069010727675865,11,1.4311806628795727,0.7920636522106149,5.1695253954560965,5.879695167503539e-15,24,86,True,expanded:death,,
87,23,3792,3754,exact_hop,33.00000000000091,33,1.003468016337152,2,2.023454171354112,2,1.3407416922814737,0.6626004736169727,7.644698119913757,5.9317306468987745e-15,0,-1,True,pareto_kept_polished,,
85,23,3719,2220,off_manifold_hop,35.00000000056889,35,0.5807707146664702,14,2.9755563883331466,11,2.1783735936367608,0.7320895017072914,4.4319051867318295,3.4446615699510456e-15,2,86,True,pareto_kept_polished,,
63,23,2839,1378,exact_hop,35.00000000000023,35,1.0004762314078657,12,1.806901072767588,11,1.4311806628795727,0.7920636522106143,5.1695253954560965,5.6190743051613954e-15,24,86,True,pareto_kept_polished,,
34,23,1606,1041,off_manifold_hop,35.000000000000114,35,1.0006001947725418,11,2.227535517779292,11,1.3672521841605416,0.6137959072920207,3.3060567118563884,4.1953620901770914e-15,17,84,True,pareto_kept_polished,,
87,23,3792,3754,exact_hop,33.00000000000091,33,1.003468016337152,2,2.023454171354112,2,1.3407416922814737,0.6626004736169727,7.644698119913757,5.9317306468987745e-15,0,-1,True,frontier,,
85,23,3719,2220,off_manifold_hop,35.00000000056889,35,0.5807707146664702,14,2.9755563883331466,11,2.1783735936367608,0.7320895017072914,4.4319051867318295,3.4446615699510456e-15,2,86,True,frontier,,
63,23,2839,1378,exact_hop,35.00000000000023,35,1.0004762314078657,12,1.806901072767588,11,1.4311806628795727,0.7920636522106143,5.1695253954560965,5.6190743051613954e-15,24,86,True,frontier,,
34,23,1606,1041,off_manifold_hop,35.000000000000114,35,1.0006001947725418,11,2.227535517779292,11,1.3672521841605416,0.6137959072920207,3.3060567118563884,4.1953620901770914e-15,17,84,True,frontier,,
87,23,3792,3754,exact_hop,33.00000000000091,33,1.003468016337152,2,2.023454171354112,2,1.3407416922814737,0.6626004736169727,7.644698119913757,5.9317306468987745e-15,1,87,True,expanded:genericity,,
85,23,3719,2220,off_manifold_hop,35.00000000056889,35,0.5807707146664702,14,2.9755563883331466,11,2.1783735936367608,0.7320895017072914,4.4319051867318295,3.4446615699510456e-15,3,87,True,expanded:deletion,,
63,23,2839,1378,exact_hop,35.00000000000023,35,1.0004762314078657,12,1.806901072767588,11,1.4311806628795727,0.7920636522106143,5.1695253954560965,5.6190743051613954e-15,25,87,True,expanded:death,,
34,23,1606,1041,off_manifold_hop,35.000000000000114,35,1.0006001947725418,11,2.227535517779292,11,1.3672521841605416,0.6137959072920207,3.3060567118563884,4.1953620901770914e-15,18,87,True,expanded:explore,,
88,23,3833,3792,off_manifold_hop,33.000000000006594,33,1.0022194199205288,2,2.035905110346233,2,1.393743774886235,0.684581893234312,7.5332099527649525,5.752563168518458e-15,0,-1,True,pareto_kept_polished,,
85,23,3719,2220,off_manifold_hop,35.00000000056889,35,0.5807707146664702,14,2.975556388333172,11,2.1783735936367608,0.7320895017072852,4.4319051867318295,3.705495504447952e-15,3,87,True,pareto_kept_polished,,
63,23,2839,1378,exact_hop,35.000000000000114,35,1.0004762314078657,12,1.8069010727675865,11,1.4311806628795727,0.7920636522106149,5.1695253954560965,5.879695167503539e-15,25,87,True,pareto_kept_polished,,
34,23,1606,1041,off_manifold_hop,35.000000000000114,35,1.0006001947725418,11,2.227535517779292,11,1.3672521841605416,0.6137959072920207,3.3060567118563884,4.1953620901770914e-15,18,87,True,pareto_kept_polished,,
88,23,3833,3792,off_manifold_hop,33.000000000006594,33,1.0022194199205288,2,2.035905110346233,2,1.393743774886235,0.684581893234312,7.5332099527649525,5.752563168518458e-15,0,-1,True,frontier,,
85,23,3719,2220,off_manifold_hop,35.00000000056889,35,0.5807707146664702,14,2.975556388333172,11,2.1783735936367608,0.7320895017072852,4.4319051867318295,3.705495504447952e-15,3,87,True,frontier,,
63,23,2839,1378,exact_hop,35.000000000000114,35,1.0004762314078657,12,1.8069010727675865,11,1.4311806628795727,0.7920636522106149,5.1695253954560965,5.879695167503539e-15,25,87,True,frontier,,
34,23,1606,1041,off_manifold_hop,35.000000000000114,35,1.0006001947725418,11,2.227535517779292,11,1.3672521841605416,0.6137959072920207,3.3060567118563884,4.1953620901770914e-15,18,87,True,frontier,,
85,23,3719,2220,off_manifold_hop,35.00000000056889,35,0.5807707146664702,14,2.975556388333172,11,2.1783735936367608,0.7320895017072852,4.4319051867318295,3.705495504447952e-15,3,87,False,full_delete_probe,1.0017501792745471,14
88,23,3833,3792,off_manifold_hop,33.000000000006594,33,1.0022194199205288,2,2.035905110346233,2,1.393743774886235,0.684581893234312,7.5332099527649525,5.752563168518458e-15,1,88,True,expanded:genericity,,
85,23,3719,2220,off_manifold_hop,35.00000000056889,35,0.5807707146664702,14,2.975556388333172,11,2.1783735936367608,0.7320895017072852,4.4319051867318295,3.705495504447952e-15,4,88,True,expanded:deletion,,
63,23,2839,1378,exact_hop,35.000000000000114,35,1.0004762314078657,12,1.8069010727675865,11,1.4311806628795727,0.7920636522106149,5.1695253954560965,5.879695167503539e-15,26,88,True,expanded:death,,
89,23,3881,3833,exact_hop,33.00000000000534,33,1.0053917766325766,2,2.3069395660499996,2,1.7587498877595258,0.7623736285259097,7.776403236143832,7.182481045600695e-15,0,-1,True,pareto_kept_polished,,
85,23,3719,2220,off_manifold_hop,35.00000000056889,35,0.5807707146664702,14,2.975556388333172,11,2.1783735936367608,0.7320895017072852,4.4319051867318295,3.4777986751587958e-15,4,88,True,pareto_kept_polished,,
63,23,2839,1378,exact_hop,35.00000000000023,35,1.0004762314078657,12,1.806901072767588,11,1.4311806628795727,0.7920636522106143,5.1695253954560965,5.6190743051613954e-15,26,88,True,pareto_kept_polished,,
34,23,1606,1041,off_manifold_hop,35.000000000000114,35,1.0006001947725418,11,2.227535517779292,11,1.3672521841605416,0.6137959072920207,3.3060567118563884,4.1953620901770914e-15,18,87,True,pareto_kept_polished,,
89,23,3881,3833,exact_hop,33.00000000000534,33,1.0053917766325766,2,2.3069395660499996,2,1.7587498877595258,0.7623736285259097,7.776403236143832,7.182481045600695e-15,0,-1,True,frontier,,
85,23,3719,2220,off_manifold_hop,35.00000000056889,35,0.5807707146664702,14,2.975556388333172,11,2.1783735936367608,0.7320895017072852,4.4319051867318295,3.4777986751587958e-15,4,88,True,frontier,,
63,23,2839,1378,exact_hop,35.00000000000023,35,1.0004762314078657,12,1.806901072767588,11,1.4311806628795727,0.7920636522106143,5.1695253954560965,5.6190743051613954e-15,26,88,True,frontier,,
34,23,1606,1041,off_manifold_hop,35.000000000000114,35,1.0006001947725418,11,2.227535517779292,11,1.3672521841605416,0.6137959072920207,3.3060567118563884,4.1953620901770914e-15,18,87,True,frontier,,
89,23,3881,3833,exact_hop,33.00000000000534,33,1.0053917766325766,2,2.3069395660499996,2,1.7587498877595258,0.7623736285259097,7.776403236143832,7.182481045600695e-15,1,89,True,expanded:genericity,,
85,23,3719,2220,off_manifold_hop,35.00000000056889,35,0.5807707146664702,14,2.975556388333172,11,2.1783735936367608,0.7320895017072852,4.4319051867318295,3.4777986751587958e-15,5,89,True,expanded:deletion,,
63,23,2839,1378,exact_hop,35.00000000000023,35,1.0004762314078657,12,1.806901072767588,11,1.4311806628795727,0.7920636522106143,5.1695253954560965,5.6190743051613954e-15,27,89,True,expanded:death,,
90,23,3923,3881,exact_hop,33.000000000002046,33,1.0028111714272643,2,3.0122516958354306,3,2.090953666496719,0.6941497184274321,7.594454115074596,5.267710187068568e-15,0,-1,True,pareto_kept_polished,,
85,23,3719,2220,off_manifold_hop,35.000000000569,35,0.5807707146664702,14,2.97555638833315,11,2.1783735936367608,0.7320895017072905,4.4319051867318295,3.694747085631273e-15,5,89,True,pareto_kept_polished,,
63,23,2839,1378,exact_hop,35.000000000000114,35,1.0004762314078657,12,1.8069010727675865,11,1.4311806628795727,0.7920636522106149,5.1695253954560965,5.879695167503539e-15,27,89,True,pareto_kept_polished,,
34,23,1606,1041,off_manifold_hop,35.000000000000114,35,1.0006001947725418,11,2.227535517779292,11,1.3672521841605416,0.6137959072920207,3.3060567118563884,4.1953620901770914e-15,18,87,True,pareto_kept_polished,,
90,23,3923,3881,exact_hop,33.000000000002046,33,1.0028111714272643,2,3.0122516958354306,3,2.090953666496719,0.6941497184274321,7.594454115074596,5.267710187068568e-15,0,-1,True,frontier,,
85,23,3719,2220,off_manifold_hop,35.000000000569,35,0.5807707146664702,14,2.97555638833315,11,2.1783735936367608,0.7320895017072905,4.4319051867318295,3.694747085631273e-15,5,89,True,frontier,,
63,23,2839,1378,exact_hop,35.000000000000114,35,1.0004762314078657,12,1.8069010727675865,11,1.4311806628795727,0.7920636522106149,5.1695253954560965,5.879695167503539e-15,27,89,True,frontier,,
34,23,1606,1041,off_manifold_hop,35.000000000000114,35,1.0006001947725418,11,2.227535517779292,11,1.3672521841605416,0.6137959072920207,3.3060567118563884,4.1953620901770914e-15,18,87,True,frontier,,
85,23,3719,2220,off_manifold_hop,35.000000000569,35,0.5807707146664702,14,2.97555638833315,11,2.1783735936367608,0.7320895017072905,4.4319051867318295,3.694747085631273e-15,5,89,False,full_delete_probe,1.00048173489735,14
90,23,3923,3881,exact_hop,33.000000000002046,33,1.0028111714272643,2,3.0122516958354306,3,2.090953666496719,0.6941497184274321,7.594454115074596,5.267710187068568e-15,1,90,True,expanded:genericity,,
85,23,3719,2220,off_manifold_hop,35.000000000569,35,0.5807707146664702,14,2.97555638833315,11,2.1783735936367608,0.7320895017072905,4.4319051867318295,3.694747085631273e-15,6,90,True,expanded:deletion,,
63,23,2839,1378,exact_hop,35.000000000000114,35,1.0004762314078657,12,1.8069010727675865,11,1.4311806628795727,0.7920636522106149,5.1695253954560965,5.879695167503539e-15,28,90,True,expanded:death,,
34,23,1606,1041,off_manifold_hop,35.000000000000114,35,1.0006001947725418,11,2.227535517779292,11,1.3672521841605416,0.6137959072920207,3.3060567118563884,4.1953620901770914e-15,19,90,True,expanded:explore,,
91,23,3964,3923,off_manifold_hop,33.000000000001705,33,1.0033505747987517,0,2.373066817953343,2,1.6133302371427642,0.6798503206640362,7.910932812237245,5.305678945158681e-15,0,-1,True,pareto_kept_polished,,
85,23,3719,2220,off_manifold_hop,35.000000000569,35,0.5807707146664702,14,2.9755563883331493,11,2.1783735936367608,0.7320895017072907,4.4319051867318295,3.4916380975071885e-15,6,90,True,pareto_kept_polished,,
63,23,2839,1378,exact_hop,35.00000000000023,35,1.0004762314078657,12,1.806901072767588,11,1.4311806628795727,0.7920636522106143,5.1695253954560965,5.6190743051613954e-15,28,90,True,pareto_kept_polished,,
34,23,1606,1041,off_manifold_hop,35.000000000000114,35,1.0006001947725418,11,2.227535517779292,11,1.3672521841605416,0.6137959072920207,3.3060567118563884,4.1953620901770914e-15,19,90,True,pareto_kept_polished,,
91,23,3964,3923,off_manifold_hop,33.000000000001705,33,1.0033505747987517,0,2.373066817953343,2,1.6133302371427642,0.6798503206640362,7.910932812237245,5.305678945158681e-15,0,-1,True,frontier,,
85,23,3719,2220,off_manifold_hop,35.000000000569,35,0.5807707146664702,14,2.9755563883331493,11,2.1783735936367608,0.7320895017072907,4.4319051867318295,3.4916380975071885e-15,6,90,True,frontier,,
63,23,2839,1378,exact_hop,35.00000000000023,35,1.0004762314078657,12,1.806901072767588,11,1.4311806628795727,0.7920636522106143,5.1695253954560965,5.6190743051613954e-15,28,90,True,frontier,,
34,23,1606,1041,off_manifold_hop,35.000000000000114,35,1.0006001947725418,11,2.227535517779292,11,1.3672521841605416,0.6137959072920207,3.3060567118563884,4.1953620901770914e-15,19,90,True,frontier,,
91,23,3964,3923,off_manifold_hop,33.000000000001705,33,1.0033505747987517,0,2.373066817953343,2,1.6133302371427642,0.6798503206640362,7.910932812237245,5.305678945158681e-15,1,91,True,expanded:genericity,,
85,23,3719,2220,off_manifold_hop,35.000000000569,35,0.5807707146664702,14,2.9755563883331493,11,2.1783735936367608,0.7320895017072907,4.4319051867318295,3.4916380975071885e-15,7,91,True,expanded:deletion,,
63,23,2839,1378,exact_hop,35.00000000000023,35,1.0004762314078657,12,1.806901072767588,11,1.4311806628795727,0.7920636522106143,5.1695253954560965,5.6190743051613954e-15,29,91,True,expanded:death,,
92,23,4015,3964,exact_hop,33.00000000000148,33,1.0035743726094275,3,3.0777212843505652,3,1.6479787623435491,0.5354541916199834,7.246713762345511,5.204295914913326e-15,0,-1,True,pareto_kept_polished,,
92,23,4034,3719,off_manifold_hop,35.0,35,0.5605645500194947,14,2.763028988984221,11,2.1412026643893918,0.7749475929952393,4.759858603441548,4.0627648117310406e-15,0,-1,True,pareto_kept_polished,,
63,23,2839,1378,exact_hop,35.000000000000114,35,1.0004762314078657,12,1.8069010727675865,11,1.4311806628795727,0.7920636522106149,5.1695253954560965,5.879695167503539e-15,29,91,True,pareto_kept_polished,,
34,23,1606,1041,off_manifold_hop,35.000000000000114,35,1.0006001947725418,11,2.227535517779292,11,1.3672521841605416,0.6137959072920207,3.3060567118563884,4.1953620901770914e-15,19,90,True,pareto_kept_polished,,
92,23,4015,3964,exact_hop,33.00000000000148,33,1.0035743726094275,3,3.0777212843505652,3,1.6479787623435491,0.5354541916199834,7.246713762345511,5.204295914913326e-15,0,-1,True,frontier,,
92,23,4034,3719,off_manifold_hop,35.0,35,0.5605645500194947,14,2.763028988984221,11,2.1412026643893918,0.7749475929952393,4.759858603441548,4.0627648117310406e-15,0,-1,True,frontier,,
63,23,2839,1378,exact_hop,35.000000000000114,35,1.0004762314078657,12,1.8069010727675865,11,1.4311806628795727,0.7920636522106149,5.1695253954560965,5.879695167503539e-15,29,91,True,frontier,,
34,23,1606,1041,off_manifold_hop,35.000000000000114,35,1.0006001947725418,11,2.227535517779292,11,1.3672521841605416,0.6137959072920207,3.3060567118563884,4.1953620901770914e-15,19,90,True,frontier,,
92,23,4034,3719,off_manifold_hop,35.0,35,0.5605645500194947,14,2.763028988984221,11,2.1412026643893918,0.7749475929952393,4.759858603441548,4.0627648117310406e-15,0,-1,False,full_delete_probe,0.3096028435795379,14
92,23,4015,3964,exact_hop,33.00000000000148,33,1.0035743726094275,3,3.0777212843505652,3,1.6479787623435491,0.5354541916199834,7.246713762345511,5.204295914913326e-15,1,92,True,expanded:genericity,,
92,23,4034,3719,off_manifold_hop,35.0,35,0.5605645500194947,14,2.763028988984221,11,2.1412026643893918,0.7749475929952393,4.759858603441548,4.0627648117310406e-15,1,92,True,expanded:deletion,,
63,23,2839,1378,exact_hop,35.000000000000114,35,1.0004762314078657,12,1.8069010727675865,11,1.4311806628795727,0.7920636522106149,5.1695253954560965,5.879695167503539e-15,30,92,True,expanded:death,,
93,23,4060,4015,off_manifold_hop,33.00000000001137,33,1.0024304588397848,0,2.3684050961887335,2,1.76915981149305,0.7469836196265596,7.328411782596392,5.357483413594595e-15,0,-1,True,pareto_kept_polished,,
92,23,4034,3719,off_manifold_hop,34.999999999999886,35,0.5605645500194947,14,2.763028988984221,11,2.1412026643893918,0.7749475929952393,4.759858603441548,4.009954631698141e-15,1,92,True,pareto_kept_polished,,
63,23,2839,1378,exact_hop,35.00000000000023,35,1.0004762314078657,12,1.806901072767588,11,1.4311806628795727,0.7920636522106143,5.1695253954560965,5.6190743051613954e-15,30,92,True,pareto_kept_polished,,
34,23,1606,1041,off_manifold_hop,35.000000000000114,35,1.0006001947725418,11,2.227535517779292,11,1.3672521841605416,0.6137959072920207,3.3060567118563884,4.1953620901770914e-15,19,90,True,pareto_kept_polished,,
93,23,4060,4015,off_manifold_hop,33.00000000001137,33,1.0024304588397848,0,2.3684050961887335,2,1.76915981149305,0.7469836196265596,7.328411782596392,5.357483413594595e-15,0,-1,True,frontier,,
92,23,4034,3719,off_manifold_hop,34.999999999999886,35,0.5605645500194947,14,2.763028988984221,11,2.1412026643893918,0.7749475929952393,4.759858603441548,4.009954631698141e-15,1,92,True,frontier,,
63,23,2839,1378,exact_hop,35.00000000000023,35,1.0004762314078657,12,1.806901072767588,11,1.4311806628795727,0.7920636522106143,5.1695253954560965,5.6190743051613954e-15,30,92,True,frontier,,
34,23,1606,1041,off_manifold_hop,35.000000000000114,35,1.0006001947725418,11,2.227535517779292,11,1.3672521841605416,0.6137959072920207,3.3060567118563884,4.1953620901770914e-15,19,90,True,frontier,,
93,23,4060,4015,off_manifold_hop,33.00000000001137,33,1.0024304588397848,0,2.3684050961887335,2,1.76915981149305,0.7469836196265596,7.328411782596392,5.357483413594595e-15,1,93,True,expanded:genericity,,
92,23,4034,3719,off_manifold_hop,34.999999999999886,35,0.5605645500194947,14,2.763028988984221,11,2.1412026643893918,0.7749475929952393,4.759858603441548,4.009954631698141e-15,2,93,True,expanded:deletion,,
63,23,2839,1378,exact_hop,35.00000000000023,35,1.0004762314078657,12,1.806901072767588,11,1.4311806628795727,0.7920636522106143,5.1695253954560965,5.6190743051613954e-15,31,93,True,expanded:death,,
34,23,1606,1041,off_manifold_hop,35.000000000000114,35,1.0006001947725418,11,2.227535517779292,11,1.3672521841605416,0.6137959072920207,3.3060567118563884,4.1953620901770914e-15,20,93,True,expanded:explore,,
94,23,4096,4060,off_manifold_hop,33.000000000001705,33,1.0047912619724018,0,2.922337341186462,0,2.473994924517246,0.8465808822443511,6.826264212148447,5.753821385590551e-15,0,-1,True,pareto_kept_polished,,
92,23,4034,3719,off_manifold_hop,35.0,35,0.5605645500194947,14,2.7630289889842157,11,2.1412026643893918,0.7749475929952409,4.759858603441548,4.093731111317722e-15,2,93,True,pareto_kept_polished,,
63,23,2839,1378,exact_hop,35.000000000000114,35,1.0004762314078657,12,1.8069010727675865,11,1.4311806628795727,0.7920636522106149,5.1695253954560965,5.879695167503539e-15,31,93,True,pareto_kept_polished,,
34,23,1606,1041,off_manifold_hop,35.000000000000114,35,1.0006001947725418,11,2.227535517779292,11,1.3672521841605416,0.6137959072920207,3.3060567118563884,4.1953620901770914e-15,20,93,True,pareto_kept_polished,,
94,23,4096,4060,off_manifold_hop,33.000000000001705,33,1.0047912619724018,0,2.922337341186462,0,2.473994924517246,0.8465808822443511,6.826264212148447,5.753821385590551e-15,0,-1,True,frontier,,
92,23,4034,3719,off_manifold_hop,35.0,35,0.5605645500194947,14,2.7630289889842157,11,2.1412026643893918,0.7749475929952409,4.759858603441548,4.093731111317722e-15,2,93,True,frontier,,
63,23,2839,1378,exact_hop,35.000000000000114,35,1.0004762314078657,12,1.8069010727675865,11,1.4311806628795727,0.7920636522106149,5.1695253954560965,5.879695167503539e-15,31,93,True,frontier,,
34,23,1606,1041,off_manifold_hop,35.000000000000114,35,1.0006001947725418,11,2.227535517779292,11,1.3672521841605416,0.6137959072920207,3.3060567118563884,4.1953620901770914e-15,20,93,True,frontier,,
92,23,4034,3719,off_manifold_hop,35.0,35,0.5605645500194947,14,2.7630289889842157,11,2.1412026643893918,0.7749475929952409,4.759858603441548,4.093731111317722e-15,2,93,False,full_delete_probe,0.27666599024003885,14
94,23,4096,4060,off_manifold_hop,33.000000000001705,33,1.0047912619724018,0,2.922337341186462,0,2.473994924517246,0.8465808822443511,6.826264212148447,5.753821385590551e-15,1,94,True,expanded:genericity,,
92,23,4034,3719,off_manifold_hop,35.0,35,0.5605645500194947,14,2.7630289889842157,11,2.1412026643893918,0.7749475929952409,4.759858603441548,4.093731111317722e-15,3,94,True,expanded:deletion,,
63,23,2839,1378,exact_hop,35.000000000000114,35,1.0004762314078657,12,1.8069010727675865,11,1.4311806628795727,0.7920636522106149,5.1695253954560965,5.879695167503539e-15,32,94,True,expanded:death,,
95,23,4146,4096,exact_hop,33.00000000010073,33,1.0035254800715505,0,2.5231331684658276,0,1.4475770525171572,0.5737220177710024,7.613184678873929,5.672391490635024e-15,0,-1,True,pareto_kept_polished,,
92,23,4034,3719,off_manifold_hop,34.999999999999886,35,0.5605645500194947,14,2.7630289889842197,11,2.1412026643893918,0.7749475929952397,4.759858603441548,4.009954631698141e-15,3,94,True,pareto_kept_polished,,
63,23,2839,1378,exact_hop,35.00000000000023,35,1.0004762314078657,12,1.806901072767588,11,1.4311806628795727,0.7920636522106143,5.1695253954560965,5.6190743051613954e-15,32,94,True,pareto_kept_polished,,
34,23,1606,1041,off_manifold_hop,35.000000000000114,35,1.0006001947725418,11,2.227535517779292,11,1.3672521841605416,0.6137959072920207,3.3060567118563884,4.1953620901770914e-15,20,93,True,pareto_kept_polished,,
95,23,4146,4096,exact_hop,33.00000000010073,33,1.0035254800715505,0,2.5231331684658276,0,1.4475770525171572,0.5737220177710024,7.613184678873929,5.672391490635024e-15,0,-1,True,frontier,,
92,23,4034,3719,off_manifold_hop,34.999999999999886,35,0.5605645500194947,14,2.7630289889842197,11,2.1412026643893918,0.7749475929952397,4.759858603441548,4.009954631698141e-15,3,94,True,frontier,,
63,23,2839,1378,exact_hop,35.00000000000023,35,1.0004762314078657,12,1.806901072767588,11,1.4311806628795727,0.7920636522106143,5.1695253954560965,5.6190743051613954e-15,32,94,True,frontier,,
34,23,1606,1041,off_manifold_hop,35.000000000000114,35,1.0006001947725418,11,2.227535517779292,11,1.3672521841605416,0.6137959072920207,3.3060567118563884,4.1953620901770914e-15,20,93,True,frontier,,
95,23,4146,4096,exact_hop,33.00000000010073,33,1.0035254800715505,0,2.5231331684658276,0,1.4475770525171572,0.5737220177710024,7.613184678873929,5.672391490635024e-15,1,95,True,expanded:genericity,,
92,23,4034,3719,off_manifold_hop,34.999999999999886,35,0.5605645500194947,14,2.7630289889842197,11,2.1412026643893918,0.7749475929952397,4.759858603441548,4.009954631698141e-15,4,95,True,expanded:deletion,,
63,23,2839,1378,exact_hop,35.00000000000023,35,1.0004762314078657,12,1.806901072767588,11,1.4311806628795727,0.7920636522106143,5.1695253954560965,5.6190743051613954e-15,33,95,True,expanded:death,,
96,23,4181,4146,exact_hop,33.0000000359521,33,1.0021353222454816,0,2.5487081058776866,0,1.3659243034001625,0.5359281042227413,7.759300728444874,7.153865813896288e-15,0,-1,True,pareto_kept_polished,,
96,23,4196,4034,off_manifold_hop,34.99999999999977,35,0.5562813718058965,14,2.2942173788969065,11,1.861391846411636,0.8113406617583119,5.15772674792909,3.7476346308114914e-15,0,-1,True,pareto_kept_polished,,
63,23,2839,1378,exact_hop,35.000000000000114,35,1.0004762314078657,12,1.8069010727675865,11,1.4311806628795727,0.7920636522106149,5.1695253954560965,5.879695167503539e-15,33,95,True,pareto_kept_polished,,
34,23,1606,1041,off_manifold_hop,35.000000000000114,35,1.0006001947725418,11,2.227535517779292,11,1.3672521841605416,0.6137959072920207,3.3060567118563884,4.1953620901770914e-15,20,93,True,pareto_kept_polished,,
96,23,4181,4146,exact_hop,33.0000000359521,33,1.0021353222454816,0,2.5487081058776866,0,1.3659243034001625,0.5359281042227413,7.759300728444874,7.153865813896288e-15,0,-1,True,frontier,,
96,23,4196,4034,off_manifold_hop,34.99999999999977,35,0.5562813718058965,14,2.2942173788969065,11,1.861391846411636,0.8113406617583119,5.15772674792909,3.7476346308114914e-15,0,-1,True,frontier,,
63,23,2839,1378,exact_hop,35.000000000000114,35,1.0004762314078657,12,1.8069010727675865,11,1.4311806628795727,0.7920636522106149,5.1695253954560965,5.879695167503539e-15,33,95,True,frontier,,
34,23,1606,1041,off_manifold_hop,35.000000000000114,35,1.0006001947725418,11,2.227535517779292,11,1.3672521841605416,0.6137959072920207,3.3060567118563884,4.1953620901770914e-15,20,93,True,frontier,,
96,23,4196,4034,off_manifold_hop,34.99999999999977,35,0.5562813718058965,14,2.2942173788969065,11,1.861391846411636,0.8113406617583119,5.15772674792909,3.7476346308114914e-15,0,-1,False,full_delete_probe,0.28124181288800787,14
96,23,4181,4146,exact_hop,33.0000000359521,33,1.0021353222454816,0,2.5487081058776866,0,1.3659243034001625,0.5359281042227413,7.759300728444874,7.153865813896288e-15,1,96,True,expanded:genericity,,
96,23,4196,4034,off_manifold_hop,34.99999999999977,35,0.5562813718058965,14,2.2942173788969065,11,1.861391846411636,0.8113406617583119,5.15772674792909,3.7476346308114914e-15,1,96,True,expanded:deletion,,
63,23,2839,1378,exact_hop,35.000000000000114,35,1.0004762314078657,12,1.8069010727675865,11,1.4311806628795727,0.7920636522106149,5.1695253954560965,5.879695167503539e-15,34,96,True,expanded:death,,
34,23,1606,1041,off_manifold_hop,35.000000000000114,35,1.0006001947725418,11,2.227535517779292,11,1.3672521841605416,0.6137959072920207,3.3060567118563884,4.1953620901770914e-15,21,96,True,expanded:explore,,
97,23,4215,4181,exact_hop,33.00000000110174,33,1.0041364288115562,0,2.764734898833833,0,1.328187514328118,0.48040320787658464,7.939763825384716,5.811473263507436e-15,0,-1,True,pareto_kept_polished,,
96,23,4196,4034,off_manifold_hop,34.99999999999977,35,0.5562813718058965,14,2.2942173788969056,11,1.861391846411636,0.8113406617583122,5.15772674792909,4.014242145127736e-15,1,96,True,pareto_kept_polished,,
63,23,2839,1378,exact_hop,35.00000000000023,35,1.0004762314078657,12,1.806901072767588,11,1.4311806628795727,0.7920636522106143,5.1695253954560965,5.6190743051613954e-15,34,96,True,pareto_kept_polished,,
34,23,1606,1041,off_manifold_hop,35.000000000000114,35,1.0006001947725418,11,2.227535517779292,11,1.3672521841605416,0.6137959072920207,3.3060567118563884,4.1953620901770914e-15,21,96,True,pareto_kept_polished,,
97,23,4215,4181,exact_hop,33.00000000110174,33,1.0041364288115562,0,2.764734898833833,0,1.328187514328118,0.48040320787658464,7.939763825384716,5.811473263507436e-15,0,-1,True,frontier,,
96,23,4196,4034,off_manifold_hop,34.99999999999977,35,0.5562813718058965,14,2.2942173788969056,11,1.861391846411636,0.8113406617583122,5.15772674792909,4.014242145127736e-15,1,96,True,frontier,,
63,23,2839,1378,exact_hop,35.00000000000023,35,1.0004762314078657,12,1.806901072767588,11,1.4311806628795727,0.7920636522106143,5.1695253954560965,5.6190743051613954e-15,34,96,True,frontier,,
34,23,1606,1041,off_manifold_hop,35.000000000000114,35,1.0006001947725418,11,2.227535517779292,11,1.3672521841605416,0.6137959072920207,3.3060567118563884,4.1953620901770914e-15,21,96,True,frontier,,
97,23,4215,4181,exact_hop,33.00000000110174,33,1.0041364288115562,0,2.764734898833833,0,1.328187514328118,0.48040320787658464,7.939763825384716,5.811473263507436e-15,1,97,True,expanded:genericity,,
96,23,4196,4034,off_manifold_hop,34.99999999999977,35,0.5562813718058965,14,2.2942173788969056,11,1.861391846411636,0.8113406617583122,5.15772674792909,4.014242145127736e-15,2,97,True,expanded:deletion,,
63,23,2839,1378,exact_hop,35.00000000000023,35,1.0004762314078657,12,1.806901072767588,11,1.4311806628795727,0.7920636522106143,5.1695253954560965,5.6190743051613954e-15,35,97,True,expanded:death,,
98,23,4263,4215,off_manifold_hop,33.00000000000591,33,1.0070275482561917,0,2.5280320370150435,0,1.896565767328487,0.7502142929991679,7.470444502281201,6.749647475094788e-15,0,-1,True,pareto_kept_polished,,
96,23,4196,4034,off_manifold_hop,34.99999999999977,35,0.5562813718058965,14,2.294217378896909,11,1.861391846411636,0.811340661758311,5.15772674792909,3.864162447613926e-15,2,97,True,pareto_kept_polished,,
63,23,2839,1378,exact_hop,35.000000000000114,35,1.0004762314078657,12,1.8069010727675865,11,1.4311806628795727,0.7920636522106149,5.1695253954560965,5.879695167503539e-15,35,97,True,pareto_kept_polished,,
34,23,1606,1041,off_manifold_hop,35.000000000000114,35,1.0006001947725418,11,2.227535517779292,11,1.3672521841605416,0.6137959072920207,3.3060567118563884,4.1953620901770914e-15,21,96,True,pareto_kept_polished,,
98,23,4263,4215,off_manifold_hop,33.00000000000591,33,1.0070275482561917,0,2.5280320370150435,0,1.896565767328487,0.7502142929991679,7.470444502281201,6.749647475094788e-15,0,-1,True,frontier,,
96,23,4196,4034,off_manifold_hop,34.99999999999977,35,0.5562813718058965,14,2.294217378896909,11,1.861391846411636,0.811340661758311,5.15772674792909,3.864162447613926e-15,2,97,True,frontier,,
63,23,2839,1378,exact_hop,35.000000000000114,35,1.0004762314078657,12,1.8069010727675865,11,1.4311806628795727,0.7920636522106149,5.1695253954560965,5.879695167503539e-15,35,97,True,frontier,,
34,23,1606,1041,off_manifold_hop,35.000000000000114,35,1.0006001947725418,11,2.227535517779292,11,1.3672521841605416,0.6137959072920207,3.3060567118563884,4.1953620901770914e-15,21,96,True,frontier,,
96,23,4196,4034,off_manifold_hop,34.99999999999977,35,0.5562813718058965,14,2.294217378896909,11,1.861391846411636,0.811340661758311,5.15772674792909,3.864162447613926e-15,2,97,False,full_delete_probe,0.2700542611417289,14
98,23,4263,4215,off_manifold_hop,33.00000000000591,33,1.0070275482561917,0,2.5280320370150435,0,1.896565767328487,0.7502142929991679,7.470444502281201,6.749647475094788e-15,1,98,True,expanded:genericity,,
96,23,4196,4034,off_manifold_hop,34.99999999999977,35,0.5562813718058965,14,2.294217378896909,11,1.861391846411636,0.811340661758311,5.15772674792909,3.864162447613926e-15,3,98,True,expanded:deletion,,
63,23,2839,1378,exact_hop,35.000000000000114,35,1.0004762314078657,12,1.8069010727675865,11,1.4311806628795727,0.7920636522106149,5.1695253954560965,5.879695167503539e-15,36,98,True,expanded:death,,
99,23,4299,4263,exact_hop,33.00000000000432,33,1.0018415979266566,0,2.1231449525370705,0,1.2327104585460473,0.5806058870700322,7.537873107942967,6.158211003671254e-15,0,-1,True,pareto_kept_polished,,
96,23,4196,4034,off_manifold_hop,34.99999999999977,35,0.5562813718058965,14,2.294217378896907,11,1.861391846411636,0.8113406617583118,5.15772674792909,4.014242145127736e-15,3,98,True,pareto_kept_polished,,
63,23,2839,1378,exact_hop,35.00000000000023,35,1.0004762314078657,12,1.806901072767588,11,1.4311806628795727,0.7920636522106143,5.1695253954560965,5.6190743051613954e-15,36,98,True,pareto_kept_polished,,
34,23,1606,1041,off_manifold_hop,35.000000000000114,35,1.0006001947725418,11,2.227535517779292,11,1.3672521841605416,0.6137959072920207,3.3060567118563884,4.1953620901770914e-15,21,96,True,pareto_kept_polished,,
99,23,4299,4263,exact_hop,33.00000000000432,33,1.0018415979266566,0,2.1231449525370705,0,1.2327104585460473,0.5806058870700322,7.537873107942967,6.158211003671254e-15,0,-1,True,frontier,,
96,23,4196,4034,off_manifold_hop,34.99999999999977,35,0.5562813718058965,14,2.294217378896907,11,1.861391846411636,0.8113406617583118,5.15772674792909,4.014242145127736e-15,3,98,True,frontier,,
63,23,2839,1378,exact_hop,35.00000000000023,35,1.0004762314078657,12,1.806901072767588,11,1.4311806628795727,0.7920636522106143,5.1695253954560965,5.6190743051613954e-15,36,98,True,frontier,,
34,23,1606,1041,off_manifold_hop,35.000000000000114,35,1.0006001947725418,11,2.227535517779292,11,1.3672521841605416,0.6137959072920207,3.3060567118563884,4.1953620901770914e-15,21,96,True,frontier,,
99,23,4299,4263,exact_hop,33.00000000000432,33,1.0018415979266566,0,2.1231449525370705,0,1.2327104585460473,0.5806058870700322,7.537873107942967,6.158211003671254e-15,1,99,True,expanded:genericity,,
96,23,4196,4034,off_manifold_hop,34.99999999999977,35,0.5562813718058965,14,2.294217378896907,11,1.861391846411636,0.8113406617583118,5.15772674792909,4.014242145127736e-15,4,99,True,expanded:deletion,,
63,23,2839,1378,exact_hop,35.00000000000023,35,1.0004762314078657,12,1.806901072767588,11,1.4311806628795727,0.7920636522106143,5.1695253954560965,5.6190743051613954e-15,37,99,True,expanded:death,,
34,23,1606,1041,off_manifold_hop,35.000000000000114,35,1.0006001947725418,11,2.227535517779292,11,1.3672521841605416,0.6137959072920207,3.3060567118563884,4.1953620901770914e-15,22,99,True,expanded:explore,,
100,23,4332,4299,exact_hop,33.00000000000466,33,1.0017790591037998,0,2.3730364824241814,0,1.2109693106339818,0.5103037056543324,7.834381535265409,6.317270549645809e-15,0,-1,True,pareto_kept_polished,,
96,23,4196,4034,off_manifold_hop,34.99999999999977,35,0.5562813718058965,14,2.294217378896909,11,1.861391846411636,0.811340661758311,5.15772674792909,3.864162447613926e-15,4,99,True,pareto_kept_polished,,
63,23,2839,1378,exact_hop,35.000000000000114,35,1.0004762314078657,12,1.8069010727675865,11,1.4311806628795727,0.7920636522106149,5.1695253954560965,5.879695167503539e-15,37,99,True,pareto_kept_polished,,
34,23,1606,1041,off_manifold_hop,35.000000000000114,35,1.0006001947725418,11,2.227535517779292,11,1.3672521841605416,0.6137959072920207,3.3060567118563884,4.1953620901770914e-15,22,99,True,pareto_kept_polished,,
100,23,4332,4299,exact_hop,33.00000000000466,33,1.0017790591037998,0,2.3730364824241814,0,1.2109693106339818,0.5103037056543324,7.834381535265409,6.317270549645809e-15,0,-1,True,frontier,,
96,23,4196,4034,off_manifold_hop,34.99999999999977,35,0.5562813718058965,14,2.294217378896909,11,1.861391846411636,0.811340661758311,5.15772674792909,3.864162447613926e-15,4,99,True,frontier,,
63,23,2839,1378,exact_hop,35.000000000000114,35,1.0004762314078657,12,1.8069010727675865,11,1.4311806628795727,0.7920636522106149,5.1695253954560965,5.879695167503539e-15,37,99,True,frontier,,
34,23,1606,1041,off_manifold_hop,35.000000000000114,35,1.0006001947725418,11,2.227535517779292,11,1.3672521841605416,0.6137959072920207,3.3060567118563884,4.1953620901770914e-15,22,99,True,frontier,,
96,23,4196,4034,off_manifold_hop,34.99999999999977,35,0.5562813718058965,14,2.294217378896909,11,1.861391846411636,0.811340661758311,5.15772674792909,3.864162447613926e-15,4,99,False,full_delete_probe,0.2700542611417289,14
100,23,4332,4299,exact_hop,33.00000000000466,33,1.0017790591037998,0,2.3730364824241814,0,1.2109693106339818,0.5103037056543324,7.834381535265409,6.317270549645809e-15,1,100,True,expanded:genericity,,
96,23,4196,4034,off_manifold_hop,34.99999999999977,35,0.5562813718058965,14,2.294217378896909,11,1.861391846411636,0.811340661758311,5.15772674792909,3.864162447613926e-15,5,100,True,expanded:deletion,,
63,23,2839,1378,exact_hop,35.000000000000114,35,1.0004762314078657,12,1.8069010727675865,11,1.4311806628795727,0.7920636522106149,5.1695253954560965,5.879695167503539e-15,38,100,True,expanded:death,,
101,23,4377,4332,off_manifold_hop,33.00000000000023,33,1.0285869414856539,15,3.450005954301722,15,2.3319005049253825,0.6759120232873213,7.630393715801993,8.328575796654621e-14,0,-1,True,pareto_kept_polished,,
96,23,4196,4034,off_manifold_hop,34.99999999999977,35,0.5562813718058965,14,2.294217378896907,11,1.861391846411636,0.8113406617583118,5.15772674792909,4.014242145127736e-15,5,100,True,pareto_kept_polished,,
63,23,2839,1378,exact_hop,35.00000000000023,35,1.0004762314078657,12,1.806901072767588,11,1.4311806628795727,0.7920636522106143,5.1695253954560965,5.6190743051613954e-15,38,100,True,pareto_kept_polished,,
34,23,1606,1041,off_manifold_hop,35.000000000000114,35,1.0006001947725418,11,2.227535517779292,11,1.3672521841605416,0.6137959072920207,3.3060567118563884,4.1953620901770914e-15,22,99,True,pareto_kept_polished,,
101,23,4377,4332,off_manifold_hop,33.00000000000023,33,1.0285869414856539,15,3.450005954301722,15,2.3319005049253825,0.6759120232873213,7.630393715801993,8.328575796654621e-14,0,-1,True,frontier,,
96,23,4196,4034,off_manifold_hop,34.99999999999977,35,0.5562813718058965,14,2.294217378896907,11,1.861391846411636,0.8113406617583118,5.15772674792909,4.014242145127736e-15,5,100,True,frontier,,
63,23,2839,1378,exact_hop,35.00000000000023,35,1.0004762314078657,12,1.806901072767588,11,1.4311806628795727,0.7920636522106143,5.1695253954560965,5.6190743051613954e-15,38,100,True,frontier,,
34,23,1606,1041,off_manifold_hop,35.000000000000114,35,1.0006001947725418,11,2.227535517779292,11,1.3672521841605416,0.6137959072920207,3.3060567118563884,4.1953620901770914e-15,22,99,True,frontier,,
101,23,4377,4332,off_manifold_hop,33.00000000000023,33,1.0285869414856539,15,3.450005954301722,15,2.3319005049253825,0.6759120232873213,7.630393715801993,8.328575796654621e-14,1,101,True,expanded:genericity,,
96,23,4196,4034,off_manifold_hop,34.99999999999977,35,0.5562813718058965,14,2.294217378896907,11,1.861391846411636,0.8113406617583118,5.15772674792909,4.014242145127736e-15,6,101,True,expanded:deletion,,
63,23,2839,1378,exact_hop,35.00000000000023,35,1.0004762314078657,12,1.806901072767588,11,1.4311806628795727,0.7920636522106143,5.1695253954560965,5.6190743051613954e-15,39,101,True,expanded:death,,
102,23,4407,4377,off_manifold_hop,33.00000000000057,33,1.0034130736188787,0,2.270112279607763,0,1.4887901232744392,0.6558222413261766,7.512899365318426,5.321883950296625e-15,0,-1,True,pareto_kept_polished,,
96,23,4196,4034,off_manifold_hop,34.99999999999977,35,0.5562813718058965,14,2.294217378896909,11,1.861391846411636,0.811340661758311,5.15772674792909,3.864162447613926e-15,6,101,True,pareto_kept_polished,,
63,23,2839,1378,exact_hop,35.000000000000114,35,1.0004762314078657,12,1.8069010727675865,11,1.4311806628795727,0.7920636522106149,5.1695253954560965,5.879695167503539e-15,39,101,True,pareto_kept_polished,,
34,23,1606,1041,off_manifold_hop,35.000000000000114,35,1.0006001947725418,11,2.227535517779292,11,1.3672521841605416,0.6137959072920207,3.3060567118563884,4.1953620901770914e-15,22,99,True,pareto_kept_polished,,
102,23,4407,4377,off_manifold_hop,33.00000000000057,33,1.0034130736188787,0,2.270112279607763,0,1.4887901232744392,0.6558222413261766,7.512899365318426,5.321883950296625e-15,0,-1,True,frontier,,
96,23,4196,4034,off_manifold_hop,34.99999999999977,35,0.5562813718058965,14,2.294217378896909,11,1.861391846411636,0.811340661758311,5.15772674792909,3.864162447613926e-15,6,101,True,frontier,,
63,23,2839,1378,exact_hop,35.000000000000114,35,1.0004762314078657,12,1.8069010727675865,11,1.4311806628795727,0.7920636522106149,5.1695253954560965,5.879695167503539e-15,39,101,True,frontier,,
34,23,1606,1041,off_manifold_hop,35.000000000000114,35,1.0006001947725418,11,2.227535517779292,11,1.3672521841605416,0.6137959072920207,3.3060567118563884,4.1953620901770914e-15,22,99,True,frontier,,
96,23,4196,4034,off_manifold_hop,34.99999999999977,35,0.5562813718058965,14,2.294217378896909,11,1.861391846411636,0.811340661758311,5.15772674792909,3.864162447613926e-15,6,101,False,full_delete_probe,0.2700542611417289,14
102,23,4407,4377,off_manifold_hop,33.00000000000057,33,1.0034130736188787,0,2.270112279607763,0,1.4887901232744392,0.6558222413261766,7.512899365318426,5.321883950296625e-15,1,102,True,expanded:genericity,,
96,23,4196,4034,off_manifold_hop,34.99999999999977,35,0.5562813718058965,14,2.294217378896909,11,1.861391846411636,0.811340661758311,5.15772674792909,3.864162447613926e-15,7,102,True,expanded:deletion,,
63,23,2839,1378,exact_hop,35.000000000000114,35,1.0004762314078657,12,1.8069010727675865,11,1.4311806628795727,0.7920636522106149,5.1695253954560965,5.879695167503539e-15,40,102,True,expanded:death,,
34,23,1606,1041,off_manifold_hop,35.000000000000114,35,1.0006001947725418,11,2.227535517779292,11,1.3672521841605416,0.6137959072920207,3.3060567118563884,4.1953620901770914e-15,23,102,True,expanded:explore,,
103,23,4441,4407,off_manifold_hop,33.000000000000455,33,1.0074754640845038,0,2.3896631284975727,0,1.7391442911933546,0.727778016262396,6.946159157595426,7.304671983637028e-15,0,-1,True,pareto_kept_polished,,
103,23,4450,4196,off_manifold_hop,35.00000000000159,35,0.549590489048066,14,2.652625840013614,11,2.255975954201316,0.8504689655702585,4.9469716688507255,4.242213733742448e-15,0,-1,True,pareto_kept_polished,,
63,23,2839,1378,exact_hop,35.00000000000023,35,1.0004762314078657,12,1.806901072767588,11,1.4311806628795727,0.7920636522106143,5.1695253954560965,5.6190743051613954e-15,40,102,True,pareto_kept_polished,,
34,23,1606,1041,off_manifold_hop,35.000000000000114,35,1.0006001947725418,11,2.227535517779292,11,1.3672521841605416,0.6137959072920207,3.3060567118563884,4.1953620901770914e-15,23,102,True,pareto_kept_polished,,
103,23,4441,4407,off_manifold_hop,33.000000000000455,33,1.0074754640845038,0,2.3896631284975727,0,1.7391442911933546,0.727778016262396,6.946159157595426,7.304671983637028e-15,0,-1,True,frontier,,
103,23,4450,4196,off_manifold_hop,35.00000000000159,35,0.549590489048066,14,2.652625840013614,11,2.255975954201316,0.8504689655702585,4.9469716688507255,4.242213733742448e-15,0,-1,True,frontier,,
63,23,2839,1378,exact_hop,35.00000000000023,35,1.0004762314078657,12,1.806901072767588,11,1.4311806628795727,0.7920636522106143,5.1695253954560965,5.6190743051613954e-15,40,102,True,frontier,,
34,23,1606,1041,off_manifold_hop,35.000000000000114,35,1.0006001947725418,11,2.227535517779292,11,1.3672521841605416,0.6137959072920207,3.3060567118563884,4.1953620901770914e-15,23,102,True,frontier,,
103,23,4441,4407,off_manifold_hop,33.000000000000455,33,1.0074754640845038,0,2.3896631284975727,0,1.7391442911933546,0.727778016262396,6.946159157595426,7.304671983637028e-15,1,103,True,expanded:genericity,,
103,23,4450,4196,off_manifold_hop,35.00000000000159,35,0.549590489048066,14,2.652625840013614,11,2.255975954201316,0.8504689655702585,4.9469716688507255,4.242213733742448e-15,1,103,True,expanded:deletion,,
63,23,2839,1378,exact_hop,35.00000000000023,35,1.0004762314078657,12,1.806901072767588,11,1.4311806628795727,0.7920636522106143,5.1695253954560965,5.6190743051613954e-15,41,103,True,expanded:death,,
104,23,4486,4441,exact_hop,33.000000000000455,33,1.005400392777039,0,2.2435352608129855,0,1.3466650605487958,0.6002424316971989,7.056937094662414,5.667580483829302e-15,0,-1,True,pareto_kept_polished,,
103,23,4450,4196,off_manifold_hop,35.00000000000159,35,0.549590489048066,14,2.652625840013614,11,2.255975954201316,0.8504689655702584,4.9469716688507255,4.1586038986919395e-15,1,103,True,pareto_kept_polished,,
63,23,2839,1378,exact_hop,35.000000000000114,35,1.0004762314078657,12,1.8069010727675865,11,1.4311806628795727,0.7920636522106149,5.1695253954560965,5.879695167503539e-15,41,103,True,pareto_kept_polished,,
34,23,1606,1041,off_manifold_hop,35.000000000000114,35,1.0006001947725418,11,2.227535517779292,11,1.3672521841605416,0.6137959072920207,3.3060567118563884,4.1953620901770914e-15,23,102,True,pareto_kept_polished,,
104,23,4486,4441,exact_hop,33.000000000000455,33,1.005400392777039,0,2.2435352608129855,0,1.3466650605487958,0.6002424316971989,7.056937094662414,5.667580483829302e-15,0,-1,True,frontier,,
103,23,4450,4196,off_manifold_hop,35.00000000000159,35,0.549590489048066,14,2.652625840013614,11,2.255975954201316,0.8504689655702584,4.9469716688507255,4.1586038986919395e-15,1,103,True,frontier,,
63,23,2839,1378,exact_hop,35.000000000000114,35,1.0004762314078657,12,1.8069010727675865,11,1.4311806628795727,0.7920636522106149,5.1695253954560965,5.879695167503539e-15,41,103,True,frontier,,
34,23,1606,1041,off_manifold_hop,35.000000000000114,35,1.0006001947725418,11,2.227535517779292,11,1.3672521841605416,0.6137959072920207,3.3060567118563884,4.1953620901770914e-15,23,102,True,frontier,,
103,23,4450,4196,off_manifold_hop,35.00000000000159,35,0.549590489048066,14,2.652625840013614,11,2.255975954201316,0.8504689655702584,4.9469716688507255,4.1586038986919395e-15,1,103,False,full_delete_probe,0.2860726500269468,14
104,23,4486,4441,exact_hop,33.000000000000455,33,1.005400392777039,0,2.2435352608129855,0,1.3466650605487958,0.6002424316971989,7.056937094662414,5.667580483829302e-15,1,104,True,expanded:genericity,,
103,23,4450,4196,off_manifold_hop,35.00000000000159,35,0.549590489048066,14,2.652625840013614,11,2.255975954201316,0.8504689655702584,4.9469716688507255,4.1586038986919395e-15,2,104,True,expanded:deletion,,
63,23,2839,1378,exact_hop,35.000000000000114,35,1.0004762314078657,12,1.8069010727675865,11,1.4311806628795727,0.7920636522106149,5.1695253954560965,5.879695167503539e-15,42,104,True,expanded:death,,
105,23,4524,4486,off_manifold_hop,33.00000000000068,33,1.0080017474059535,0,2.50882353873425,0,1.781387980724702,0.7100491338754923,6.725643662430686,5.149040224352801e-15,0,-1,True,pareto_kept_polished,,
103,23,4450,4196,off_manifold_hop,35.00000000000159,35,0.549590489048066,14,2.652625840013615,11,2.255975954201316,0.850468965570258,4.9469716688507255,4.128422189697104e-15,2,104,True,pareto_kept_polished,,
63,23,2839,1378,exact_hop,35.00000000000023,35,1.0004762314078657,12,1.806901072767588,11,1.4311806628795727,0.7920636522106143,5.1695253954560965,5.6190743051613954e-15,42,104,True,pareto_kept_polished,,
34,23,1606,1041,off_manifold_hop,35.000000000000114,35,1.0006001947725418,11,2.227535517779292,11,1.3672521841605416,0.6137959072920207,3.3060567118563884,4.1953620901770914e-15,23,102,True,pareto_kept_polished,,
105,23,4524,4486,off_manifold_hop,33.00000000000068,33,1.0080017474059535,0,2.50882353873425,0,1.781387980724702,0.7100491338754923,6.725643662430686,5.149040224352801e-15,0,-1,True,frontier,,
103,23,4450,4196,off_manifold_hop,35.00000000000159,35,0.549590489048066,14,2.652625840013615,11,2.255975954201316,0.850468965570258,4.9469716688507255,4.128422189697104e-15,2,104,True,frontier,,
63,23,2839,1378,exact_hop,35.00000000000023,35,1.0004762314078657,12,1.806901072767588,11,1.4311806628795727,0.7920636522106143,5.1695253954560965,5.6190743051613954e-15,42,104,True,frontier,,
34,23,1606,1041,off_manifold_hop,35.000000000000114,35,1.0006001947725418,11,2.227535517779292,11,1.3672521841605416,0.6137959072920207,3.3060567118563884,4.1953620901770914e-15,23,102,True,frontier,,
105,23,4524,4486,off_manifold_hop,33.00000000000068,33,1.0080017474059535,0,2.50882353873425,0,1.781387980724702,0.7100491338754923,6.725643662430686,5.149040224352801e-15,1,105,True,expanded:genericity,,
103,23,4450,4196,off_manifold_hop,35.00000000000159,35,0.549590489048066,14,2.652625840013615,11,2.255975954201316,0.850468965570258,4.9469716688507255,4.128422189697104e-15,3,105,True,expanded:deletion,,
63,23,2839,1378,exact_hop,35.00000000000023,35,1.0004762314078657,12,1.806901072767588,11,1.4311806628795727,0.7920636522106143,5.1695253954560965,5.6190743051613954e-15,43,105,True,expanded:death,,
34,23,1606,1041,off_manifold_hop,35.000000000000114,35,1.0006001947725418,11,2.227535517779292,11,1.3672521841605416,0.6137959072920207,3.3060567118563884,4.1953620901770914e-15,24,105,True,expanded:explore,,
106,23,4562,4524,exact_hop,33.000000000001705,33,1.0025503295234337,0,2.640616074735224,0,1.2232687304760974,0.4632512625292396,7.198440091545602,6.310129408015185e-15,0,-1,True,pareto_kept_polished,,
103,23,4450,4196,off_manifold_hop,35.00000000000159,35,0.549590489048066,14,2.652625840013615,11,2.255975954201316,0.8504689655702581,4.9469716688507255,4.1586038986919395e-15,3,105,True,pareto_kept_polished,,
63,23,2839,1378,exact_hop,35.000000000000114,35,1.0004762314078657,12,1.8069010727675865,11,1.4311806628795727,0.7920636522106149,5.1695253954560965,5.879695167503539e-15,43,105,True,pareto_kept_polished,,
34,23,1606,1041,off_manifold_hop,35.000000000000114,35,1.0006001947725418,11,2.227535517779292,11,1.3672521841605416,0.6137959072920207,3.3060567118563884,4.1953620901770914e-15,24,105,True,pareto_kept_polished,,
106,23,4562,4524,exact_hop,33.000000000001705,33,1.0025503295234337,0,2.640616074735224,0,1.2232687304760974,0.4632512625292396,7.198440091545602,6.310129408015185e-15,0,-1,True,frontier,,
103,23,4450,4196,off_manifold_hop,35.00000000000159,35,0.549590489048066,14,2.652625840013615,11,2.255975954201316,0.8504689655702581,4.9469716688507255,4.1586038986919395e-15,3,105,True,frontier,,
63,23,2839,1378,exact_hop,35.000000000000114,35,1.0004762314078657,12,1.8069010727675865,11,1.4311806628795727,0.7920636522106149,5.1695253954560965,5.879695167503539e-15,43,105,True,frontier,,
34,23,1606,1041,off_manifold_hop,35.000000000000114,35,1.0006001947725418,11,2.227535517779292,11,1.3672521841605416,0.6137959072920207,3.3060567118563884,4.1953620901770914e-15,24,105,True,frontier,,
103,23,4450,4196,off_manifold_hop,35.00000000000159,35,0.549590489048066,14,2.652625840013615,11,2.255975954201316,0.8504689655702581,4.9469716688507255,4.1586038986919395e-15,3,105,False,full_delete_probe,0.2890168011531846,14
106,23,4562,4524,exact_hop,33.000000000001705,33,1.0025503295234337,0,2.640616074735224,0,1.2232687304760974,0.4632512625292396,7.198440091545602,6.310129408015185e-15,1,106,True,expanded:genericity,,
103,23,4450,4196,off_manifold_hop,35.00000000000159,35,0.549590489048066,14,2.652625840013615,11,2.255975954201316,0.8504689655702581,4.9469716688507255,4.1586038986919395e-15,4,106,True,expanded:deletion,,
63,23,2839,1378,exact_hop,35.000000000000114,35,1.0004762314078657,12,1.8069010727675865,11,1.4311806628795727,0.7920636522106149,5.1695253954560965,5.879695167503539e-15,44,106,True,expanded:death,,
107,23,4621,4562,off_manifold_hop,33.00000000000034,33,1.002235485619171,0,2.6977072894793688,0,1.4481768269285473,0.5368176275373565,6.465907848416688,6.069632540148214e-15,0,-1,True,pareto_kept_polished,,
103,23,4450,4196,off_manifold_hop,35.00000000000159,35,0.549590489048066,14,2.652625840013615,11,2.255975954201316,0.850468965570258,4.9469716688507255,4.128422189697104e-15,4,106,True,pareto_kept_polished,,
63,23,2839,1378,exact_hop,35.00000000000023,35,1.0004762314078657,12,1.806901072767588,11,1.4311806628795727,0.7920636522106143,5.1695253954560965,5.6190743051613954e-15,44,106,True,pareto_kept_polished,,
34,23,1606,1041,off_manifold_hop,35.000000000000114,35,1.0006001947725418,11,2.227535517779292,11,1.3672521841605416,0.6137959072920207,3.3060567118563884,4.1953620901770914e-15,24,105,True,pareto_kept_polished,,
107,23,4621,4562,off_manifold_hop,33.00000000000034,33,1.002235485619171,0,2.6977072894793688,0,1.4481768269285473,0.5368176275373565,6.465907848416688,6.069632540148214e-15,0,-1,True,frontier,,
103,23,4450,4196,off_manifold_hop,35.00000000000159,35,0.549590489048066,14,2.652625840013615,11,2.255975954201316,0.850468965570258,4.9469716688507255,4.128422189697104e-15,4,106,True,frontier,,
63,23,2839,1378,exact_hop,35.00000000000023,35,1.0004762314078657,12,1.806901072767588,11,1.4311806628795727,0.7920636522106143,5.1695253954560965,5.6190743051613954e-15,44,106,True,frontier,,
34,23,1606,1041,off_manifold_hop,35.000000000000114,35,1.0006001947725418,11,2.227535517779292,11,1.3672521841605416,0.6137959072920207,3.3060567118563884,4.1953620901770914e-15,24,105,True,frontier,,
107,23,4621,4562,off_manifold_hop,33.00000000000034,33,1.002235485619171,0,2.6977072894793688,0,1.4481768269285473,0.5368176275373565,6.465907848416688,6.069632540148214e-15,1,107,True,expanded:genericity,,
103,23,4450,4196,off_manifold_hop,35.00000000000159,35,0.549590489048066,14,2.652625840013615,11,2.255975954201316,0.850468965570258,4.9469716688507255,4.128422189697104e-15,5,107,True,expanded:deletion,,
63,23,2839,1378,exact_hop,35.00000000000023,35,1.0004762314078657,12,1.806901072767588,11,1.4311806628795727,0.7920636522106143,5.1695253954560965,5.6190743051613954e-15,45,107,True,expanded:death,,
108,23,4659,4621,exact_hop,33.00000000012733,33,1.0007810280611578,0,2.0672613783498215,0,1.432401310329918,0.6928980173147352,6.837266140758464,6.169530405935295e-15,0,-1,True,pareto_kept_polished,,
103,23,4450,4196,off_manifold_hop,35.00000000000159,35,0.549590489048066,14,2.652625840013615,11,2.255975954201316,0.8504689655702581,4.9469716688507255,4.1586038986919395e-15,5,107,True,pareto_kept_polished,,
63,23,2839,1378,exact_hop,35.000000000000114,35,1.0004762314078657,12,1.8069010727675865,11,1.4311806628795727,0.7920636522106149,5.1695253954560965,5.879695167503539e-15,45,107,True,pareto_kept_polished,,
34,23,1606,1041,off_manifold_hop,35.000000000000114,35,1.0006001947725418,11,2.227535517779292,11,1.3672521841605416,0.6137959072920207,3.3060567118563884,4.1953620901770914e-15,24,105,True,pareto_kept_polished,,
108,23,4659,4621,exact_hop,33.00000000012733,33,1.0007810280611578,0,2.0672613783498215,0,1.432401310329918,0.6928980173147352,6.837266140758464,6.169530405935295e-15,0,-1,True,frontier,,
103,23,4450,4196,off_manifold_hop,35.00000000000159,35,0.549590489048066,14,2.652625840013615,11,2.255975954201316,0.8504689655702581,4.9469716688507255,4.1586038986919395e-15,5,107,True,frontier,,
63,23,2839,1378,exact_hop,35.000000000000114,35,1.0004762314078657,12,1.8069010727675865,11,1.4311806628795727,0.7920636522106149,5.1695253954560965,5.879695167503539e-15,45,107,True,frontier,,
34,23,1606,1041,off_manifold_hop,35.000000000000114,35,1.0006001947725418,11,2.227535517779292,11,1.3672521841605416,0.6137959072920207,3.3060567118563884,4.1953620901770914e-15,24,105,True,frontier,,
103,23,4450,4196,off_manifold_hop,35.00000000000159,35,0.549590489048066,14,2.652625840013615,11,2.255975954201316,0.8504689655702581,4.9469716688507255,4.1586038986919395e-15,5,107,False,full_delete_probe,0.33590186154572677,14
108,23,4659,4621,exact_hop,33.00000000012733,33,1.0007810280611578,0,2.0672613783498215,0,1.432401310329918,0.6928980173147352,6.837266140758464,6.169530405935295e-15,1,108,True,expanded:genericity,,
103,23,4450,4196,off_manifold_hop,35.00000000000159,35,0.549590489048066,14,2.652625840013615,11,2.255975954201316,0.8504689655702581,4.9469716688507255,4.1586038986919395e-15,6,108,True,expanded:deletion,,
63,23,2839,1378,exact_hop,35.000000000000114,35,1.0004762314078657,12,1.8069010727675865,11,1.4311806628795727,0.7920636522106149,5.1695253954560965,5.879695167503539e-15,46,108,True,expanded:death,,
34,23,1606,1041,off_manifold_hop,35.000000000000114,35,1.0006001947725418,11,2.227535517779292,11,1.3672521841605416,0.6137959072920207,3.3060567118563884,4.1953620901770914e-15,25,108,True,expanded:explore,,
109,23,4704,4659,off_manifold_hop,33.00000000001512,33,1.0012256774649395,0,2.0903261798848756,0,1.247600498085485,0.5968448896115325,6.634137806305676,5.770767651241438e-15,0,-1,True,pareto_kept_polished,,
103,23,4450,4196,off_manifold_hop,35.00000000000159,35,0.549590489048066,14,2.652625840013615,11,2.255975954201316,0.850468965570258,4.9469716688507255,4.128422189697104e-15,6,108,True,pareto_kept_polished,,
63,23,2839,1378,exact_hop,35.00000000000023,35,1.0004762314078657,12,1.806901072767588,11,1.4311806628795727,0.7920636522106143,5.1695253954560965,5.6190743051613954e-15,46,108,True,pareto_kept_polished,,
109,23,4744,1606,off_manifold_hop,35.0000000000025,35,1.0003338688360397,11,2.177594381093491,11,1.4169613132861476,0.6507002982688689,3.2716042389788353,3.3040404297078302e-15,0,-1,True,pareto_kept_polished,,
109,23,4704,4659,off_manifold_hop,33.00000000001512,33,1.0012256774649395,0,2.0903261798848756,0,1.247600498085485,0.5968448896115325,6.634137806305676,5.770767651241438e-15,0,-1,True,frontier,,
103,23,4450,4196,off_manifold_hop,35.00000000000159,35,0.549590489048066,14,2.652625840013615,11,2.255975954201316,0.850468965570258,4.9469716688507255,4.128422189697104e-15,6,108,True,frontier,,
63,23,2839,1378,exact_hop,35.00000000000023,35,1.0004762314078657,12,1.806901072767588,11,1.4311806628795727,0.7920636522106143,5.1695253954560965,5.6190743051613954e-15,46,108,True,frontier,,
109,23,4744,1606,off_manifold_hop,35.0000000000025,35,1.0003338688360397,11,2.177594381093491,11,1.4169613132861476,0.6507002982688689,3.2716042389788353,3.3040404297078302e-15,0,-1,True,frontier,,
109,23,4704,4659,off_manifold_hop,33.00000000001512,33,1.0012256774649395,0,2.0903261798848756,0,1.247600498085485,0.5968448896115325,6.634137806305676,5.770767651241438e-15,1,109,True,expanded:genericity,,
103,23,4450,4196,off_manifold_hop,35.00000000000159,35,0.549590489048066,14,2.652625840013615,11,2.255975954201316,0.850468965570258,4.9469716688507255,4.128422189697104e-15,7,109,True,expanded:deletion,,
63,23,2839,1378,exact_hop,35.00000000000023,35,1.0004762314078657,12,1.806901072767588,11,1.4311806628795727,0.7920636522106143,5.1695253954560965,5.6190743051613954e-15,47,109,True,expanded:death,,
110,23,4760,4704,off_manifold_hop,33.00000000000182,33,1.0026481287893103,12,2.3539603840974275,0,1.6433331310615251,0.6981141832986385,6.583345026315963,6.529813975900549e-15,0,-1,True,pareto_kept_polished,,
103,23,4450,4196,off_manifold_hop,35.00000000000159,35,0.549590489048066,14,2.652625840013615,11,2.255975954201316,0.8504689655702581,4.9469716688507255,4.1586038986919395e-15,7,109,True,pareto_kept_polished,,
63,23,2839,1378,exact_hop,35.000000000000114,35,1.0004762314078657,12,1.8069010727675865,11,1.4311806628795727,0.7920636522106149,5.1695253954560965,5.879695167503539e-15,47,109,True,pareto_kept_polished,,
109,23,4744,1606,off_manifold_hop,35.0000000000025,35,1.0003338688360397,11,2.177594381093499,11,1.4169613132861476,0.6507002982688666,3.2716042389788353,3.293310799152118e-15,0,-1,True,pareto_kept_polished,,
110,23,4760,4704,off_manifold_hop,33.00000000000182,33,1.0026481287893103,12,2.3539603840974275,0,1.6433331310615251,0.6981141832986385,6.583345026315963,6.529813975900549e-15,0,-1,True,frontier,,
103,23,4450,4196,off_manifold_hop,35.00000000000159,35,0.549590489048066,14,2.652625840013615,11,2.255975954201316,0.8504689655702581,4.9469716688507255,4.1586038986919395e-15,7,109,True,frontier,,
63,23,2839,1378,exact_hop,35.000000000000114,35,1.0004762314078657,12,1.8069010727675865,11,1.4311806628795727,0.7920636522106149,5.1695253954560965,5.879695167503539e-15,47,109,True,frontier,,
109,23,4744,1606,off_manifold_hop,35.0000000000025,35,1.0003338688360397,11,2.177594381093499,11,1.4169613132861476,0.6507002982688666,3.2716042389788353,3.293310799152118e-15,0,-1,True,frontier,,
103,23,4450,4196,off_manifold_hop,35.00000000000159,35,0.549590489048066,14,2.652625840013615,11,2.255975954201316,0.8504689655702581,4.9469716688507255,4.1586038986919395e-15,7,109,False,full_delete_probe,0.2826573422862582,14
110,23,4760,4704,off_manifold_hop,33.00000000000182,33,1.0026481287893103,12,2.3539603840974275,0,1.6433331310615251,0.6981141832986385,6.583345026315963,6.529813975900549e-15,1,110,True,expanded:genericity,,
103,23,4450,4196,off_manifold_hop,35.00000000000159,35,0.549590489048066,14,2.652625840013615,11,2.255975954201316,0.8504689655702581,4.9469716688507255,4.1586038986919395e-15,8,110,True,expanded:deletion,,
63,23,2839,1378,exact_hop,35.000000000000114,35,1.0004762314078657,12,1.8069010727675865,11,1.4311806628795727,0.7920636522106149,5.1695253954560965,5.879695167503539e-15,48,110,True,expanded:death,,
111,23,4801,4760,exact_hop,33.00000000006344,33,1.001278371237057,0,2.0826877062565528,0,1.4774236983624605,0.7093832137790831,7.155013183383617,5.41207778612123e-15,0,-1,True,pareto_kept_polished,,
103,23,4450,4196,off_manifold_hop,35.00000000000159,35,0.549590489048066,14,2.652625840013615,11,2.255975954201316,0.850468965570258,4.9469716688507255,4.128422189697104e-15,8,110,True,pareto_kept_polished,,
63,23,2839,1378,exact_hop,35.00000000000023,35,1.0004762314078657,12,1.806901072767588,11,1.4311806628795727,0.7920636522106143,5.1695253954560965,5.6190743051613954e-15,48,110,True,pareto_kept_polished,,
109,23,4744,1606,off_manifold_hop,35.0000000000025,35,1.0003338688360397,11,2.1775943810935066,11,1.4169613132861476,0.6507002982688643,3.2716042389788353,3.345056350538028e-15,0,-1,True,pareto_kept_polished,,
111,23,4801,4760,exact_hop,33.00000000006344,33,1.001278371237057,0,2.0826877062565528,0,1.4774236983624605,0.7093832137790831,7.155013183383617,5.41207778612123e-15,0,-1,True,frontier,,
103,23,4450,4196,off_manifold_hop,35.00000000000159,35,0.549590489048066,14,2.652625840013615,11,2.255975954201316,0.850468965570258,4.9469716688507255,4.128422189697104e-15,8,110,True,frontier,,
63,23,2839,1378,exact_hop,35.00000000000023,35,1.0004762314078657,12,1.806901072767588,11,1.4311806628795727,0.7920636522106143,5.1695253954560965,5.6190743051613954e-15,48,110,True,frontier,,
109,23,4744,1606,off_manifold_hop,35.0000000000025,35,1.0003338688360397,11,2.1775943810935066,11,1.4169613132861476,0.6507002982688643,3.2716042389788353,3.345056350538028e-15,0,-1,True,frontier,,
111,23,4801,4760,exact_hop,33.00000000006344,33,1.001278371237057,0,2.0826877062565528,0,1.4774236983624605,0.7093832137790831,7.155013183383617,5.41207778612123e-15,1,111,True,expanded:genericity,,
103,23,4450,4196,off_manifold_hop,35.00000000000159,35,0.549590489048066,14,2.652625840013615,11,2.255975954201316,0.850468965570258,4.9469716688507255,4.128422189697104e-15,9,111,True,expanded:deletion,,
63,23,2839,1378,exact_hop,35.00000000000023,35,1.0004762314078657,12,1.806901072767588,11,1.4311806628795727,0.7920636522106143,5.1695253954560965,5.6190743051613954e-15,49,111,True,expanded:death,,
109,23,4744,1606,off_manifold_hop,35.0000000000025,35,1.0003338688360397,11,2.1775943810935066,11,1.4169613132861476,0.6507002982688643,3.2716042389788353,3.345056350538028e-15,1,111,True,expanded:explore,,
112,23,4846,4801,exact_hop,33.000000000001705,33,1.0009580805979506,0,1.9392048087477862,0,1.458211896219139,0.7519638408697834,7.002289119243647,5.837114626776355e-15,0,-1,True,pareto_kept_polished,,
103,23,4450,4196,off_manifold_hop,35.00000000000159,35,0.549590489048066,14,2.652625840013615,11,2.255975954201316,0.8504689655702581,4.9469716688507255,4.1586038986919395e-15,9,111,True,pareto_kept_polished,,
63,23,2839,1378,exact_hop,35.000000000000114,35,1.0004762314078657,12,1.8069010727675865,11,1.4311806628795727,0.7920636522106149,5.1695253954560965,5.879695167503539e-15,49,111,True,pareto_kept_polished,,
109,23,4744,1606,off_manifold_hop,35.0000000000025,35,1.0003338688360397,11,2.177594381093504,11,1.4169613132861476,0.6507002982688651,3.2716042389788353,3.287990756567924e-15,1,111,True,pareto_kept_polished,,
112,23,4846,4801,exact_hop,33.000000000001705,33,1.0009580805979506,0,1.9392048087477862,0,1.458211896219139,0.7519638408697834,7.002289119243647,5.837114626776355e-15,0,-1,True,frontier,,
103,23,4450,4196,off_manifold_hop,35.00000000000159,35,0.549590489048066,14,2.652625840013615,11,2.255975954201316,0.8504689655702581,4.9469716688507255,4.1586038986919395e-15,9,111,True,frontier,,
63,23,2839,1378,exact_hop,35.000000000000114,35,1.0004762314078657,12,1.8069010727675865,11,1.4311806628795727,0.7920636522106149,5.1695253954560965,5.879695167503539e-15,49,111,True,frontier,,
109,23,4744,1606,off_manifold_hop,35.0000000000025,35,1.0003338688360397,11,2.177594381093504,11,1.4169613132861476,0.6507002982688651,3.2716042389788353,3.287990756567924e-15,1,111,True,frontier,,
103,23,4450,4196,off_manifold_hop,35.00000000000159,35,0.549590489048066,14,2.652625840013615,11,2.255975954201316,0.8504689655702581,4.9469716688507255,4.1586038986919395e-15,9,111,False,full_delete_probe,0.280994720661827,14
112,23,4846,4801,exact_hop,33.000000000001705,33,1.0009580805979506,0,1.9392048087477862,0,1.458211896219139,0.7519638408697834,7.002289119243647,5.837114626776355e-15,1,112,True,expanded:genericity,,
103,23,4450,4196,off_manifold_hop,35.00000000000159,35,0.549590489048066,14,2.652625840013615,11,2.255975954201316,0.8504689655702581,4.9469716688507255,4.1586038986919395e-15,10,112,True,expanded:deletion,,
63,23,2839,1378,exact_hop,35.000000000000114,35,1.0004762314078657,12,1.8069010727675865,11,1.4311806628795727,0.7920636522106149,5.1695253954560965,5.879695167503539e-15,50,112,True,expanded:death,,
113,23,4904,4846,exact_hop,33.00000000031662,33,1.0028057293726123,0,2.5225043576196633,0,1.3447904432611075,0.5331171933158149,7.505840489700531,6.206400390390701e-15,0,-1,True,pareto_kept_polished,,
103,23,4450,4196,off_manifold_hop,35.00000000000159,35,0.549590489048066,14,2.652625840013615,11,2.255975954201316,0.850468965570258,4.9469716688507255,4.128422189697104e-15,10,112,True,pareto_kept_polished,,
63,23,2839,1378,exact_hop,35.00000000000023,35,1.0004762314078657,12,1.806901072767588,11,1.4311806628795727,0.7920636522106143,5.1695253954560965,5.6190743051613954e-15,50,112,True,pareto_kept_polished,,
109,23,4744,1606,off_manifold_hop,35.0000000000025,35,1.0003338688360397,11,2.1775943810935026,11,1.4169613132861476,0.6507002982688654,3.2716042389788353,3.336943109687284e-15,1,111,True,pareto_kept_polished,,
113,23,4904,4846,exact_hop,33.00000000031662,33,1.0028057293726123,0,2.5225043576196633,0,1.3447904432611075,0.5331171933158149,7.505840489700531,6.206400390390701e-15,0,-1,True,frontier,,
103,23,4450,4196,off_manifold_hop,35.00000000000159,35,0.549590489048066,14,2.652625840013615,11,2.255975954201316,0.850468965570258,4.9469716688507255,4.128422189697104e-15,10,112,True,frontier,,
63,23,2839,1378,exact_hop,35.00000000000023,35,1.0004762314078657,12,1.806901072767588,11,1.4311806628795727,0.7920636522106143,5.1695253954560965,5.6190743051613954e-15,50,112,True,frontier,,
109,23,4744,1606,off_manifold_hop,35.0000000000025,35,1.0003338688360397,11,2.1775943810935026,11,1.4169613132861476,0.6507002982688654,3.2716042389788353,3.336943109687284e-15,1,111,True,frontier,,
113,23,4904,4846,exact_hop,33.00000000031662,33,1.0028057293726123,0,2.5225043576196633,0,1.3447904432611075,0.5331171933158149,7.505840489700531,6.206400390390701e-15,1,113,True,expanded:genericity,,
103,23,4450,4196,off_manifold_hop,35.00000000000159,35,0.549590489048066,14,2.652625840013615,11,2.255975954201316,0.850468965570258,4.9469716688507255,4.128422189697104e-15,11,113,True,expanded:deletion,,
63,23,2839,1378,exact_hop,35.00000000000023,35,1.0004762314078657,12,1.806901072767588,11,1.4311806628795727,0.7920636522106143,5.1695253954560965,5.6190743051613954e-15,51,113,True,expanded:death,,
114,23,4944,4904,off_manifold_hop,33.00000000000102,33,1.0061497612235548,0,2.6738234328431125,0,2.195714830267849,0.8211891642871555,7.290623348550214,3.17997503311758e-14,0,-1,True,pareto_kept_polished,,
103,23,4450,4196,off_manifold_hop,35.00000000000159,35,0.549590489048066,14,2.652625840013615,11,2.255975954201316,0.8504689655702581,4.9469716688507255,4.1586038986919395e-15,11,113,True,pareto_kept_polished,,
63,23,2839,1378,exact_hop,35.000000000000114,35,1.0004762314078657,12,1.8069010727675865,11,1.4311806628795727,0.7920636522106149,5.1695253954560965,5.879695167503539e-15,51,113,True,pareto_kept_polished,,
109,23,4744,1606,off_manifold_hop,35.0000000000025,35,1.0003338688360397,11,2.1775943810934995,11,1.4169613132861476,0.6507002982688664,3.2716042389788353,3.2832337859709064e-15,1,111,True,pareto_kept_polished,,
114,23,4944,4904,off_manifold_hop,33.00000000000102,33,1.0061497612235548,0,2.6738234328431125,0,2.195714830267849,0.8211891642871555,7.290623348550214,3.17997503311758e-14,0,-1,True,frontier,,
103,23,4450,4196,off_manifold_hop,35.00000000000159,35,0.549590489048066,14,2.652625840013615,11,2.255975954201316,0.8504689655702581,4.9469716688507255,4.1586038986919395e-15,11,113,True,frontier,,
63,23,2839,1378,exact_hop,35.000000000000114,35,1.0004762314078657,12,1.8069010727675865,11,1.4311806628795727,0.7920636522106149,5.1695253954560965,5.879695167503539e-15,51,113,True,frontier,,
109,23,4744,1606,off_manifold_hop,35.0000000000025,35,1.0003338688360397,11,2.1775943810934995,11,1.4169613132861476,0.6507002982688664,3.2716042389788353,3.2832337859709064e-15,1,111,True,frontier,,
103,23,4450,4196,off_manifold_hop,35.00000000000159,35,0.549590489048066,14,2.652625840013615,11,2.255975954201316,0.8504689655702581,4.9469716688507255,4.1586038986919395e-15,11,113,False,full_delete_probe,0.28688235934209744,14
114,23,4944,4904,off_manifold_hop,33.00000000000102,33,1.0061497612235548,0,2.6738234328431125,0,2.195714830267849,0.8211891642871555,7.290623348550214,3.17997503311758e-14,1,114,True,expanded:genericity,,
103,23,4450,4196,off_manifold_hop,35.00000000000159,35,0.549590489048066,14,2.652625840013615,11,2.255975954201316,0.8504689655702581,4.9469716688507255,4.1586038986919395e-15,12,114,True,expanded:deletion,,
63,23,2839,1378,exact_hop,35.000000000000114,35,1.0004762314078657,12,1.8069010727675865,11,1.4311806628795727,0.7920636522106149,5.1695253954560965,5.879695167503539e-15,52,114,True,expanded:death,,
109,23,4744,1606,off_manifold_hop,35.0000000000025,35,1.0003338688360397,11,2.1775943810934995,11,1.4169613132861476,0.6507002982688664,3.2716042389788353,3.2832337859709064e-15,2,114,True,expanded:explore,,
115,23,4986,4944,exact_hop,33.00000000001046,33,1.002211780129229,0,2.28279416182362,0,1.5547683694151244,0.6810812798702319,7.123617227030519,4.703316500960697e-15,0,-1,True,pareto_kept_polished,,
103,23,4450,4196,off_manifold_hop,35.00000000000159,35,0.549590489048066,14,2.652625840013615,11,2.255975954201316,0.850468965570258,4.9469716688507255,4.128422189697104e-15,12,114,True,pareto_kept_polished,,
63,23,2839,1378,exact_hop,35.00000000000023,35,1.0004762314078657,12,1.806901072767588,11,1.4311806628795727,0.7920636522106143,5.1695253954560965,5.6190743051613954e-15,52,114,True,pareto_kept_polished,,
109,23,4744,1606,off_manifold_hop,35.0000000000025,35,1.0003338688360397,11,2.1775943810935003,11,1.4169613132861476,0.6507002982688661,3.2716042389788353,3.3342623250422998e-15,2,114,True,pareto_kept_polished,,
115,23,4986,4944,exact_hop,33.00000000001046,33,1.002211780129229,0,2.28279416182362,0,1.5547683694151244,0.6810812798702319,7.123617227030519,4.703316500960697e-15,0,-1,True,frontier,,
103,23,4450,4196,off_manifold_hop,35.00000000000159,35,0.549590489048066,14,2.652625840013615,11,2.255975954201316,0.850468965570258,4.9469716688507255,4.128422189697104e-15,12,114,True,frontier,,
63,23,2839,1378,exact_hop,35.00000000000023,35,1.0004762314078657,12,1.806901072767588,11,1.4311806628795727,0.7920636522106143,5.1695253954560965,5.6190743051613954e-15,52,114,True,frontier,,
109,23,4744,1606,off_manifold_hop,35.0000000000025,35,1.0003338688360397,11,2.1775943810935003,11,1.4169613132861476,0.6507002982688661,3.2716042389788353,3.3342623250422998e-15,2,114,True,frontier,,
115,23,4986,4944,exact_hop,33.00000000001046,33,1.002211780129229,0,2.28279416182362,0,1.5547683694151244,0.6810812798702319,7.123617227030519,4.703316500960697e-15,1,115,True,expanded:genericity,,
103,23,4450,4196,off_manifold_hop,35.00000000000159,35,0.549590489048066,14,2.652625840013615,11,2.255975954201316,0.850468965570258,4.9469716688507255,4.128422189697104e-15,13,115,True,expanded:deletion,,
63,23,2839,1378,exact_hop,35.00000000000023,35,1.0004762314078657,12,1.806901072767588,11,1.4311806628795727,0.7920636522106143,5.1695253954560965,5.6190743051613954e-15,53,115,True,expanded:death,,
116,23,5042,4986,exact_hop,33.00000000008106,33,1.0013968881207518,0,2.910366754285174,0,1.1291028811520305,0.38795896753890513,7.597767947761433,5.7817564171477694e-15,0,-1,True,pareto_kept_polished,,
103,23,4450,4196,off_manifold_hop,35.00000000000159,35,0.549590489048066,14,2.652625840013615,11,2.255975954201316,0.8504689655702581,4.9469716688507255,4.1586038986919395e-15,13,115,True,pareto_kept_polished,,
116,23,5074,2839,exact_hop,35.00000000002319,35,1.0002380596592755,11,1.7795429000999958,11,1.4168442044803764,0.7961843484642945,5.4210114657312145,5.0572182556806766e-15,0,-1,True,pareto_kept_polished,,
109,23,4744,1606,off_manifold_hop,35.0000000000025,35,1.0003338688360397,11,2.177594381093498,11,1.4169613132861476,0.6507002982688668,3.2716042389788353,3.4001306015667864e-15,2,114,True,pareto_kept_polished,,
116,23,5042,4986,exact_hop,33.00000000008106,33,1.0013968881207518,0,2.910366754285174,0,1.1291028811520305,0.38795896753890513,7.597767947761433,5.7817564171477694e-15,0,-1,True,frontier,,
103,23,4450,4196,off_manifold_hop,35.00000000000159,35,0.549590489048066,14,2.652625840013615,11,2.255975954201316,0.8504689655702581,4.9469716688507255,4.1586038986919395e-15,13,115,True,frontier,,
116,23,5074,2839,exact_hop,35.00000000002319,35,1.0002380596592755,11,1.7795429000999958,11,1.4168442044803764,0.7961843484642945,5.4210114657312145,5.0572182556806766e-15,0,-1,True,frontier,,
109,23,4744,1606,off_manifold_hop,35.0000000000025,35,1.0003338688360397,11,2.177594381093498,11,1.4169613132861476,0.6507002982688668,3.2716042389788353,3.4001306015667864e-15,2,114,True,frontier,,
103,23,4450,4196,off_manifold_hop,35.00000000000159,35,0.549590489048066,14,2.652625840013615,11,2.255975954201316,0.8504689655702581,4.9469716688507255,4.1586038986919395e-15,13,115,False,full_delete_probe,0.29452449681525283,14
116,23,5042,4986,exact_hop,33.00000000008106,33,1.0013968881207518,0,2.910366754285174,0,1.1291028811520305,0.38795896753890513,7.597767947761433,5.7817564171477694e-15,1,116,True,expanded:genericity,,
103,23,4450,4196,off_manifold_hop,35.00000000000159,35,0.549590489048066,14,2.652625840013615,11,2.255975954201316,0.8504689655702581,4.9469716688507255,4.1586038986919395e-15,14,116,True,expanded:deletion,,
116,23,5074,2839,exact_hop,35.00000000002319,35,1.0002380596592755,11,1.7795429000999958,11,1.4168442044803764,0.7961843484642945,5.4210114657312145,5.0572182556806766e-15,1,116,True,expanded:death,,
117,23,5081,5042,exact_hop,33.00000000002626,33,1.0072621396349486,0,2.8156784538520547,0,1.2740866833959126,0.4524972237695922,7.424155990662129,6.53746243029198e-15,0,-1,True,pareto_kept_polished,,
103,23,4450,4196,off_manifold_hop,35.00000000000159,35,0.549590489048066,14,2.652625840013615,11,2.255975954201316,0.850468965570258,4.9469716688507255,4.128422189697104e-15,14,116,True,pareto_kept_polished,,
116,23,5074,2839,exact_hop,35.00000000002319,35,1.0002380596592755,11,1.7795429000999934,11,1.4168442044803764,0.7961843484642956,5.4210114657312145,4.837694699247101e-15,1,116,True,pareto_kept_polished,,
109,23,4744,1606,off_manifold_hop,35.0000000000025,35,1.0003338688360397,11,2.177594381093502,11,1.4169613132861476,0.6507002982688656,3.2716042389788353,3.3323029248272063e-15,2,114,True,pareto_kept_polished,,
117,23,5081,5042,exact_hop,33.00000000002626,33,1.0072621396349486,0,2.8156784538520547,0,1.2740866833959126,0.4524972237695922,7.424155990662129,6.53746243029198e-15,0,-1,True,frontier,,
103,23,4450,4196,off_manifold_hop,35.00000000000159,35,0.549590489048066,14,2.652625840013615,11,2.255975954201316,0.850468965570258,4.9469716688507255,4.128422189697104e-15,14,116,True,frontier,,
116,23,5074,2839,exact_hop,35.00000000002319,35,1.0002380596592755,11,1.7795429000999934,11,1.4168442044803764,0.7961843484642956,5.4210114657312145,4.837694699247101e-15,1,116,True,frontier,,
109,23,4744,1606,off_manifold_hop,35.0000000000025,35,1.0003338688360397,11,2.177594381093502,11,1.4169613132861476,0.6507002982688656,3.2716042389788353,3.3323029248272063e-15,2,114,True,frontier,,
117,23,5081,5042,exact_hop,33.00000000002626,33,1.0072621396349486,0,2.8156784538520547,0,1.2740866833959126,0.4524972237695922,7.424155990662129,6.53746243029198e-15,1,117,True,expanded:genericity,,
103,23,4450,4196,off_manifold_hop,35.00000000000159,35,0.549590489048066,14,2.652625840013615,11,2.255975954201316,0.850468965570258,4.9469716688507255,4.128422189697104e-15,15,117,True,expanded:deletion,,
116,23,5074,2839,exact_hop,35.00000000002319,35,1.0002380596592755,11,1.7795429000999934,11,1.4168442044803764,0.7961843484642956,5.4210114657312145,4.837694699247101e-15,2,117,True,expanded:death,,
109,23,4744,1606,off_manifold_hop,35.0000000000025,35,1.0003338688360397,11,2.177594381093502,11,1.4169613132861476,0.6507002982688656,3.2716042389788353,3.3323029248272063e-15,3,117,True,expanded:explore,,
118,23,5113,5081,off_manifold_hop,33.00000000000239,33,1.0077669951538475,0,2.277557507745236,0,1.5960790803140927,0.7007854137102332,7.524847173937632,2.3039419347701692e-14,0,-1,True,pareto_kept_polished,,
103,23,4450,4196,off_manifold_hop,35.00000000000159,35,0.549590489048066,14,2.652625840013615,11,2.255975954201316,0.8504689655702581,4.9469716688507255,4.1586038986919395e-15,15,117,True,pareto_kept_polished,,
116,23,5074,2839,exact_hop,35.00000000002319,35,1.0002380596592755,11,1.7795429000999956,11,1.4168442044803764,0.7961843484642946,5.4210114657312145,5.07170485675368e-15,2,117,True,pareto_kept_polished,,
109,23,4744,1606,off_manifold_hop,35.0000000000025,35,1.0003338688360397,11,2.1775943810935003,11,1.4169613132861476,0.6507002982688661,3.2716042389788353,3.3987476048360687e-15,3,117,True,pareto_kept_polished,,
118,23,5113,5081,off_manifold_hop,33.00000000000239,33,1.0077669951538475,0,2.277557507745236,0,1.5960790803140927,0.7007854137102332,7.524847173937632,2.3039419347701692e-14,0,-1,True,frontier,,
103,23,4450,4196,off_manifold_hop,35.00000000000159,35,0.549590489048066,14,2.652625840013615,11,2.255975954201316,0.8504689655702581,4.9469716688507255,4.1586038986919395e-15,15,117,True,frontier,,
116,23,5074,2839,exact_hop,35.00000000002319,35,1.0002380596592755,11,1.7795429000999956,11,1.4168442044803764,0.7961843484642946,5.4210114657312145,5.07170485675368e-15,2,117,True,frontier,,
109,23,4744,1606,off_manifold_hop,35.0000000000025,35,1.0003338688360397,11,2.1775943810935003,11,1.4169613132861476,0.6507002982688661,3.2716042389788353,3.3987476048360687e-15,3,117,True,frontier,,
103,23,4450,4196,off_manifold_hop,35.00000000000159,35,0.549590489048066,14,2.652625840013615,11,2.255975954201316,0.8504689655702581,4.9469716688507255,4.1586038986919395e-15,15,117,False,full_delete_probe,0.2837068689732168,14
118,23,5113,5081,off_manifold_hop,33.00000000000239,33,1.0077669951538475,0,2.277557507745236,0,1.5960790803140927,0.7007854137102332,7.524847173937632,2.3039419347701692e-14,1,118,True,expanded:genericity,,
103,23,4450,4196,off_manifold_hop,35.00000000000159,35,0.549590489048066,14,2.652625840013615,11,2.255975954201316,0.8504689655702581,4.9469716688507255,4.1586038986919395e-15,16,118,True,expanded:deletion,,
116,23,5074,2839,exact_hop,35.00000000002319,35,1.0002380596592755,11,1.7795429000999956,11,1.4168442044803764,0.7961843484642946,5.4210114657312145,5.07170485675368e-15,3,118,True,expanded:death,,
119,23,5159,5113,wall:amplitude_wall,33.00000000000318,33,1.0037556288508924,12,3.57621101450791,3,2.912576990331928,0.8144309657669072,7.994663009973594,7.156036101030204e-15,0,-1,True,pareto_kept_polished,,
103,23,4450,4196,off_manifold_hop,35.00000000000159,35,0.549590489048066,14,2.652625840013615,11,2.255975954201316,0.850468965570258,4.9469716688507255,4.128422189697104e-15,16,118,True,pareto_kept_polished,,
116,23,5074,2839,exact_hop,35.00000000002319,35,1.0002380596592755,11,1.7795429000999967,11,1.4168442044803764,0.7961843484642942,5.4210114657312145,4.856505518617247e-15,3,118,True,pareto_kept_polished,,
109,23,4744,1606,off_manifold_hop,35.0000000000025,35,1.0003338688360397,11,2.1775943810935003,11,1.4169613132861476,0.6507002982688661,3.2716042389788353,3.332546233854648e-15,3,117,True,pareto_kept_polished,,
119,23,5159,5113,wall:amplitude_wall,33.00000000000318,33,1.0037556288508924,12,3.57621101450791,3,2.912576990331928,0.8144309657669072,7.994663009973594,7.156036101030204e-15,0,-1,True,frontier,,
103,23,4450,4196,off_manifold_hop,35.00000000000159,35,0.549590489048066,14,2.652625840013615,11,2.255975954201316,0.850468965570258,4.9469716688507255,4.128422189697104e-15,16,118,True,frontier,,
116,23,5074,2839,exact_hop,35.00000000002319,35,1.0002380596592755,11,1.7795429000999967,11,1.4168442044803764,0.7961843484642942,5.4210114657312145,4.856505518617247e-15,3,118,True,frontier,,
109,23,4744,1606,off_manifold_hop,35.0000000000025,35,1.0003338688360397,11,2.1775943810935003,11,1.4169613132861476,0.6507002982688661,3.2716042389788353,3.332546233854648e-15,3,117,True,frontier,,
119,23,5159,5113,wall:amplitude_wall,33.00000000000318,33,1.0037556288508924,12,3.57621101450791,3,2.912576990331928,0.8144309657669072,7.994663009973594,7.156036101030204e-15,1,119,True,expanded:genericity,,
103,23,4450,4196,off_manifold_hop,35.00000000000159,35,0.549590489048066,14,2.652625840013615,11,2.255975954201316,0.850468965570258,4.9469716688507255,4.128422189697104e-15,17,119,True,expanded:deletion,,
116,23,5074,2839,exact_hop,35.00000000002319,35,1.0002380596592755,11,1.7795429000999967,11,1.4168442044803764,0.7961843484642942,5.4210114657312145,4.856505518617247e-15,4,119,True,expanded:death,,
120,23,5191,5159,exact_hop,33.000000000000796,33,1.0067207079845302,0,2.325259242190614,0,1.857902803141088,0.7990088887425593,7.874788393827043,6.415366305130376e-15,0,-1,True,pareto_kept_polished,,
103,23,4450,4196,off_manifold_hop,35.00000000000159,35,0.549590489048066,14,2.652625840013615,11,2.255975954201316,0.8504689655702581,4.9469716688507255,4.1586038986919395e-15,17,119,True,pareto_kept_polished,,
116,23,5074,2839,exact_hop,35.00000000002319,35,1.0002380596592755,11,1.779542900099993,11,1.4168442044803764,0.7961843484642959,5.4210114657312145,5.073064618871471e-15,4,119,True,pareto_kept_polished,,
109,23,4744,1606,off_manifold_hop,35.0000000000025,35,1.0003338688360397,11,2.1775943810935057,11,1.4169613132861476,0.6507002982688646,3.2716042389788353,3.3983969666701293e-15,3,117,True,pareto_kept_polished,,
