state_id,parent_id,generation,tau,source,frozen_zero_count,smooth_support,structural_support,structural_additions,hard_support,hard_additions,u_support,v_support,output_support,max_abs_amplitude,residual,note,additions_rel_1em03,support_rel_1em03,additions_rel_1em04,support_rel_1em04,additions_rel_1em06,support_rel_1em06,additions_rel_1em08,support_rel_1em08,additions_rel_1em12,support_rel_1em12,step,tangent_dim,tangent_grad_norm,correction_iters,correction_norm,noise_mix
0,-1,0,0.1,initial,423,561.0161260875857,198,143,198,143,57,71,70,8.639924364388474,1.6636573637991994e-13,initial,143,198,143,198,143,198,143,198,143,198,,,,,,
1,0,1,0.1,projected_sparsity,423,558.385952580556,198,143,198,143,57,71,70,8.70297093568372,4.537248080290891e-15,accepted_child,143,198,143,198,143,198,143,198,143,198,0.2,17,15.523448861662413,3,0.009472052071168517,0.0
2,0,1,0.1,projected_sparsity_noise,423,558.3883777523884,198,143,198,143,57,71,70,8.701908795848714,4.290373804109845e-15,accepted_child,143,198,143,198,143,198,143,198,143,198,0.2,17,15.523448861662413,3,0.009387967370097228,0.06
3,0,1,0.1,projected_sparsity_noise,423,558.4386744092371,198,143,198,143,57,71,70,8.702263604313094,3.0054372346229737e-15,accepted_child,143,198,143,198,143,198,143,198,143,198,0.2,17,15.523448861662413,3,0.008705388296563445,0.12
1,0,1,0.1,projected_sparsity,423,558.385952580556,198,143,198,143,57,71,70,8.70297093568372,4.537248080290891e-15,frontier,143,198,143,198,143,198,143,198,143,198,,,,,,
2,0,1,0.1,projected_sparsity_noise,423,558.3883777523884,198,143,198,143,57,71,70,8.701908795848714,4.290373804109845e-15,frontier,143,198,143,198,143,198,143,198,143,198,,,,,,
3,0,1,0.1,projected_sparsity_noise,423,558.4386744092371,198,143,198,143,57,71,70,8.702263604313094,3.0054372346229737e-15,frontier,143,198,143,198,143,198,143,198,143,198,,,,,,
0,-1,0,0.1,retau:initial,423,561.0161260875857,198,143,198,143,57,71,70,8.639924364388474,1.6636573637991994e-13,frontier,143,198,143,198,143,198,143,198,143,198,,,,,,
4,1,2,0.1,projected_sparsity,423,555.9518840508799,198,143,198,143,57,71,70,8.767995789683436,3.838434100677243e-15,accepted_child,143,198,143,198,143,198,143,198,143,198,0.2,17,15.029709292679993,3,0.013755509247522165,0.0
5,1,2,0.1,projected_sparsity_noise,423,555.9389531747813,198,143,198,143,57,71,70,8.770050763136522,4.233648552234629e-15,accepted_child,143,198,143,198,143,198,143,198,143,198,0.2,17,15.029709292679993,3,0.013765472714818065,0.06
6,1,2,0.1,projected_sparsity_noise,423,556.0704249637726,198,143,198,143,57,71,70,8.771152664147742,3.3915305412343137e-15,accepted_child,143,198,143,198,143,198,143,198,143,198,0.2,17,15.029709292679993,3,0.013750671543030502,0.12
7,2,2,0.1,projected_sparsity,423,555.9467509130969,198,143,198,143,57,71,70,8.767080292122523,3.3926216153607197e-15,accepted_child,143,198,143,198,143,198,143,198,143,198,0.2,17,14.977998363837575,3,0.013612888981658687,0.0
8,2,2,0.1,projected_sparsity_noise,423,555.9236443203358,198,143,198,143,57,71,70,8.769670957643926,5.476606590624318e-15,accepted_child,143,198,143,198,143,198,143,198,143,198,0.2,17,14.977998363837575,3,0.013526546376769755,0.06
9,2,2,0.1,projected_sparsity_noise,423,555.9336387082714,198,143,198,143,57,71,70,8.772520399912638,3.795897823646369e-15,accepted_child,143,198,143,198,143,198,143,198,143,198,0.2,17,14.977998363837575,3,0.013009579081958291,0.12
10,3,2,0.1,projected_sparsity,423,556.0195374544641,198,143,198,143,57,71,70,8.766635262233775,3.0509555372324927e-15,accepted_child,143,198,143,198,143,198,143,198,143,198,0.2,17,15.358389676500286,3,0.014174293911406743,0.0
11,3,2,0.1,projected_sparsity_noise,423,555.970886698432,198,143,198,143,57,71,70,8.768890618255371,4.502529875459796e-15,accepted_child,143,198,143,198,143,198,143,198,143,198,0.2,17,15.358389676500286,3,0.013258836593446458,0.06
12,3,2,0.1,projected_sparsity_noise,423,555.9468794972533,198,143,198,143,57,71,70,8.762375787833648,3.175267349345976e-15,accepted_child,143,198,143,198,143,198,143,198,143,198,0.2,17,15.358389676500286,3,0.014113494277183917,0.12
13,0,2,0.1,projected_sparsity,423,558.385952580556,198,143,198,143,57,71,70,8.70297093568372,4.537248080290891e-15,accepted_child,143,198,143,198,143,198,143,198,143,198,0.2,17,15.523448861662413,3,0.009472052071168517,0.0
14,0,2,0.1,projected_sparsity_noise,423,558.3900806335912,198,143,198,143,57,71,70,8.707124097347437,3.4868660173086998e-15,accepted_child,143,198,143,198,143,198,143,198,143,198,0.2,17,15.523448861662413,3,0.008815698870918015,0.06
15,0,2,0.1,projected_sparsity_noise,423,558.4076479049951,198,143,198,143,57,71,70,8.704510285642966,3.901430179115724e-15,accepted_child,143,198,143,198,143,198,143,198,143,198,0.2,17,15.523448861662413,3,0.010958241552514085,0.12
8,2,2,0.1,projected_sparsity_noise,423,555.9236443203358,198,143,198,143,57,71,70,8.769670957643926,5.476606590624318e-15,frontier,143,198,143,198,143,198,143,198,143,198,,,,,,
7,2,2,0.1,projected_sparsity,423,555.9467509130969,198,143,198,143,57,71,70,8.767080292122523,3.3926216153607197e-15,frontier,143,198,143,198,143,198,143,198,143,198,,,,,,
12,3,2,0.1,projected_sparsity_noise,423,555.9468794972533,198,143,198,143,57,71,70,8.762375787833648,3.175267349345976e-15,frontier,143,198,143,198,143,198,143,198,143,198,,,,,,
0,-1,0,0.1,retau:initial,423,561.0161260875857,198,143,198,143,57,71,70,8.639924364388474,1.6636573637991994e-13,frontier,143,198,143,198,143,198,143,198,143,198,,,,,,
16,8,3,0.1,projected_sparsity,423,553.7390925781124,198,143,198,143,57,71,70,8.837696896328115,4.504154949290633e-15,accepted_child,143,198,143,198,143,198,143,198,143,198,0.2,17,14.680330672367017,3,0.00930886949991709,0.0
17,8,3,0.1,projected_sparsity_noise,423,553.7756232703771,198,143,198,143,57,71,70,8.841219374802249,4.894557305592145e-15,accepted_child,143,198,143,198,143,198,143,198,143,198,0.2,17,14.680330672367017,3,0.009506163546459815,0.06
18,8,3,0.1,projected_sparsity_noise,423,553.5759929827013,198,143,198,143,57,71,70,8.839056368659985,4.659407474399941e-15,accepted_child,143,198,143,198,143,198,143,198,143,198,0.2,17,14.680330672367017,3,0.008534225393719064,0.12
19,7,3,0.1,projected_sparsity,423,553.7777529690784,198,143,198,143,57,71,70,8.834654604025577,3.4613669181682613e-15,accepted_child,143,198,143,198,143,198,143,198,143,198,0.2,17,14.72863067912483,3,0.009497535547250862,0.0
20,7,3,0.1,projected_sparsity_noise,423,553.7153148076696,198,143,198,143,57,71,70,8.834888321864264,3.3699669237155553e-15,accepted_child,143,198,143,198,143,198,143,198,143,198,0.2,17,14.72863067912483,3,0.00947644488284669,0.06
21,7,3,0.1,projected_sparsity_noise,423,553.641065939976,198,143,198,143,57,71,70,8.838504406085969,4.135770334610537e-15,accepted_child,143,198,143,198,143,198,143,198,143,198,0.2,17,14.72863067912483,3,0.00921618964253841,0.12
22,12,3,0.1,projected_sparsity,423,553.7540048534771,198,143,198,143,57,71,70,8.831283325597434,3.0027616675263038e-15,accepted_child,143,198,143,198,143,198,143,198,143,198,0.2,17,14.533646080505834,3,0.0089118051901345,0.0
23,12,3,0.1,projected_sparsity_noise,423,553.7243758116108,198,143,198,143,57,71,70,8.830940437647817,3.4622072724653308e-15,accepted_child,143,198,143,198,143,198,143,198,143,198,0.2,17,14.533646080505834,3,0.008874995108658256,0.06
24,12,3,0.1,projected_sparsity_noise,423,553.7032953258438,198,143,198,143,57,71,70,8.83057869037766,3.909806188610897e-15,accepted_child,143,198,143,198,143,198,143,198,143,198,0.2,17,14.533646080505834,3,0.00807062714388407,0.12
25,0,3,0.1,projected_sparsity,423,558.385952580556,198,143,198,143,57,71,70,8.70297093568372,4.537248080290891e-15,accepted_child,143,198,143,198,143,198,143,198,143,198,0.2,17,15.523448861662413,3,0.009472052071168517,0.0
26,0,3,0.1,projected_sparsity_noise,423,558.4199771091353,198,143,198,143,57,71,70,8.705435257577424,3.616385397387434e-15,accepted_child,143,198,143,198,143,198,143,198,143,198,0.2,17,15.523448861662413,3,0.009185035988680269,0.06
27,0,3,0.1,projected_sparsity_noise,423,558.4252454152391,198,143,198,143,57,71,70,8.705831704508954,3.890079066868451e-15,accepted_child,143,198,143,198,143,198,143,198,143,198,0.2,17,15.523448861662413,3,0.009010830132263363,0.12
18,8,3,0.1,projected_sparsity_noise,423,553.5759929827013,198,143,198,143,57,71,70,8.839056368659985,4.659407474399941e-15,frontier,143,198,143,198,143,198,143,198,143,198,,,,,,
21,7,3,0.1,projected_sparsity_noise,423,553.641065939976,198,143,198,143,57,71,70,8.838504406085969,4.135770334610537e-15,frontier,143,198,143,198,143,198,143,198,143,198,,,,,,
24,12,3,0.1,projected_sparsity_noise,423,553.7032953258438,198,143,198,143,57,71,70,8.83057869037766,3.909806188610897e-15,frontier,143,198,143,198,143,198,143,198,143,198,,,,,,
0,-1,0,0.1,retau:initial,423,561.0161260875857,198,143,198,143,57,71,70,8.639924364388474,1.6636573637991994e-13,frontier,143,198,143,198,143,198,143,198,143,198,,,,,,
28,18,4,0.1,projected_sparsity,423,551.4559545788507,198,143,198,143,57,71,70,8.915284731279273,3.993629447719739e-15,accepted_child,141,196,143,198,143,198,143,198,143,198,0.2,17,13.966048948188943,3,0.013222614917867736,0.0
29,18,4,0.1,projected_sparsity_noise,423,551.4097518716195,198,143,198,143,57,71,70,8.915223652241467,3.2948109874835816e-15,accepted_child,143,198,143,198,143,198,143,198,143,198,0.2,17,13.966048948188943,3,0.013288921078813276,0.06
30,18,4,0.1,projected_sparsity_noise,423,551.4783491834494,198,143,198,143,57,71,70,8.919411051829329,2.7462024375887377e-15,accepted_child,143,198,143,198,143,198,143,198,143,198,0.2,17,13.966048948188943,3,0.013220137922146661,0.12
31,21,4,0.1,projected_sparsity,423,551.5439323345254,198,143,198,143,57,71,70,8.913170446764832,3.1432362134310275e-15,accepted_child,141,196,143,198,143,198,143,198,143,198,0.2,17,14.293539321966469,3,0.013764789267990523,0.0
32,21,4,0.1,projected_sparsity_noise,423,551.4687734780623,198,143,198,143,57,71,70,8.91251170137192,3.3542071981857223e-15,accepted_child,141,196,143,198,143,198,143,198,143,198,0.2,17,14.293539321966469,3,0.013475944461935474,0.06
33,21,4,0.1,projected_sparsity_noise,423,551.5452101571295,198,143,198,143,57,71,70,8.90967157035208,3.3504139443996e-15,accepted_child,143,198,143,198,143,198,143,198,143,198,0.2,17,14.293539321966469,3,0.013069458901630242,0.12
34,24,4,0.1,projected_sparsity,423,551.6788736850913,198,143,198,143,57,71,70,8.905217733639487,3.616872138840404e-15,accepted_child,143,198,143,198,143,198,143,198,143,198,0.2,17,14.172386160243686,3,0.014175105488301627,0.0
35,24,4,0.1,projected_sparsity_noise,423,551.6370608142781,198,143,198,143,57,71,70,8.908132724698087,2.857930823686509e-15,accepted_child,143,198,143,198,143,198,143,198,143,198,0.2,17,14.172386160243686,3,0.013619090939144827,0.06
36,24,4,0.1,projected_sparsity_noise,423,551.6230103712548,198,143,198,143,57,71,70,8.908979034377397,3.30881751444009e-15,accepted_child,141,196,143,198,143,198,143,198,143,198,0.2,17,14.172386160243686,3,0.012506424831332984,0.12
37,0,4,0.1,projected_sparsity,423,558.385952580556,198,143,198,143,57,71,70,8.70297093568372,4.537248080290891e-15,accepted_child,143,198,143,198,143,198,143,198,143,198,0.2,17,15.523448861662413,3,0.009472052071168517,0.0
38,0,4,0.1,projected_sparsity_noise,423,558.3267668692022,198,143,198,143,57,71,70,8.706462233859922,4.213428025283417e-15,accepted_child,143,198,143,198,143,198,143,198,143,198,0.2,17,15.523448861662413,3,0.009678409191052648,0.06
39,0,4,0.1,projected_sparsity_noise,423,558.4142532410008,198,143,198,143,57,71,70,8.707689479573373,3.126576626794146e-15,accepted_child,143,198,143,198,143,198,143,198,143,198,0.2,17,15.523448861662413,3,0.008703880182392354,0.12
29,18,4,0.1,projected_sparsity_noise,423,551.4097518716195,198,143,198,143,57,71,70,8.915223652241467,3.2948109874835816e-15,frontier,143,198,143,198,143,198,143,198,143,198,,,,,,
32,21,4,0.1,projected_sparsity_noise,423,551.4687734780623,198,143,198,143,57,71,70,8.91251170137192,3.3542071981857223e-15,frontier,141,196,143,198,143,198,143,198,143,198,,,,,,
33,21,4,0.1,projected_sparsity_noise,423,551.5452101571295,198,143,198,143,57,71,70,8.90967157035208,3.3504139443996e-15,frontier,143,198,143,198,143,198,143,198,143,198,,,,,,
0,-1,0,0.1,retau:initial,423,561.0161260875857,198,143,198,143,57,71,70,8.639924364388474,1.6636573637991994e-13,frontier,143,198,143,198,143,198,143,198,143,198,,,,,,
40,29,5,0.1,projected_sparsity,423,549.3761390356544,198,143,198,143,57,71,70,8.989950998987377,3.0563375512844883e-15,accepted_child,143,198,143,198,143,198,143,198,143,198,0.2,17,15.01090217314158,3,0.011183393870695946,0.0
41,29,5,0.1,projected_sparsity_noise,423,549.3242006031367,198,143,198,143,57,71,70,8.989111125999717,3.7202718716745904e-15,accepted_child,143,198,143,198,143,198,143,198,143,198,0.2,17,15.01090217314158,3,0.011648183754653471,0.06
42,29,5,0.1,projected_sparsity_noise,423,549.288652114036,198,143,198,143,57,71,70,8.990446370297413,4.022700329819214e-15,accepted_child,141,196,143,198,143,198,143,198,143,198,0.2,17,15.01090217314158,3,0.010985385539570604,0.12
43,32,5,0.1,projected_sparsity,423,549.4320123410911,198,143,198,143,57,71,70,8.98734432505906,4.098117496787767e-15,accepted_child,141,196,143,198,143,198,143,198,143,198,0.2,17,14.981095767109386,3,0.011299338809764229,0.0
44,32,5,0.1,projected_sparsity_noise,423,549.4094130348717,198,143,198,143,57,71,70,8.988263178993323,4.1861913140693225e-15,accepted_child,141,196,143,198,143,198,143,198,143,198,0.2,17,14.981095767109386,3,0.011039526735320595,0.06
45,32,5,0.1,projected_sparsity_noise,423,549.5511588808723,198,143,198,143,57,71,70,8.981450092066542,2.98524267428698e-15,accepted_child,143,198,143,198,143,198,143,198,143,198,0.2,17,14.981095767109386,3,0.011005595544011511,0.12
46,33,5,0.1,projected_sparsity,423,549.5218867429578,198,143,198,143,57,71,70,8.983089386932633,3.855559164378464e-15,accepted_child,141,196,143,198,143,198,143,198,143,198,0.2,17,15.157372094210517,3,0.01153955670406825,0.0
47,33,5,0.1,projected_sparsity_noise,423,549.5410921140764,198,143,198,143,57,71,70,8.98526288023656,3.109495383283602e-15,accepted_child,141,196,143,198,143,198,143,198,143,198,0.2,17,15.157372094210517,3,0.011573908328807888,0.06
48,33,5,0.1,projected_sparsity_noise,423,549.6881669103133,198,143,198,143,57,71,70,8.977764386949163,3.723725348712087e-15,accepted_child,141,196,143,198,143,198,143,198,143,198,0.2,17,15.157372094210517,3,0.011963548411427962,0.12
49,0,5,0.1,projected_sparsity,423,558.385952580556,198,143,198,143,57,71,70,8.70297093568372,4.537248080290891e-15,accepted_child,143,198,143,198,143,198,143,198,143,198,0.2,17,15.523448861662413,3,0.009472052071168517,0.0
50,0,5,0.1,projected_sparsity_noise,423,558.3670928725045,198,143,198,143,57,71,70,8.70037391376056,3.5056258816986626e-15,accepted_child,143,198,143,198,143,198,143,198,143,198,0.2,17,15.523448861662413,3,0.009211500228196497,0.06
51,0,5,0.1,projected_sparsity_noise,423,558.372340009284,198,143,198,143,57,71,70,8.702535259243653,2.9281936000812374e-15,accepted_child,143,198,143,198,143,198,143,198,143,198,0.2,17,15.523448861662413,3,0.01051069381888943,0.12
42,29,5,0.1,projected_sparsity_noise,423,549.288652114036,198,143,198,143,57,71,70,8.990446370297413,4.022700329819214e-15,frontier,141,196,143,198,143,198,143,198,143,198,,,,,,
41,29,5,0.1,projected_sparsity_noise,423,549.3242006031367,198,143,198,143,57,71,70,8.989111125999717,3.7202718716745904e-15,frontier,143,198,143,198,143,198,143,198,143,198,,,,,,
44,32,5,0.1,projected_sparsity_noise,423,549.4094130348717,198,143,198,143,57,71,70,8.988263178993323,4.1861913140693225e-15,frontier,141,196,143,198,143,198,143,198,143,198,,,,,,
0,-1,0,0.1,retau:initial,423,561.0161260875857,198,143,198,143,57,71,70,8.639924364388474,1.6636573637991994e-13,frontier,143,198,143,198,143,198,143,198,143,198,,,,,,
52,42,6,0.1,projected_sparsity,423,547.1401807546781,198,143,198,143,57,71,70,9.065958968564242,4.490457865194282e-15,accepted_child,141,196,143,198,143,198,143,198,143,198,0.2,17,15.69236257877095,3,0.014391035523112654,0.0
53,42,6,0.1,projected_sparsity_noise,423,547.1651456016276,198,143,198,143,57,71,70,9.064102899654992,5.0252070494118174e-15,accepted_child,141,196,143,198,143,198,143,198,143,198,0.2,17,15.69236257877095,3,0.014424483634826782,0.06
54,42,6,0.1,projected_sparsity_noise,423,547.0880827048117,198,143,198,143,57,71,70,9.070810007160434,3.848092219590754e-15,accepted_child,141,196,141,196,143,198,143,198,143,198,0.2,17,15.69236257877095,3,0.014078124792370106,0.12
55,41,6,0.1,projected_sparsity,423,547.1832817499208,198,143,198,143,57,71,70,9.06396763964224,3.5497338018834298e-15,accepted_child,143,198,143,198,143,198,143,198,143,198,0.2,17,15.908000187884399,3,0.01457735668499737,0.0
56,41,6,0.1,projected_sparsity_noise,423,547.239338797135,198,143,198,143,57,71,70,9.062380507370724,3.732451229837823e-15,accepted_child,141,196,143,198,143,198,143,198,143,198,0.2,17,15.908000187884399,3,0.014736803090925708,0.06
57,41,6,0.1,projected_sparsity_noise,423,547.2418265087147,198,143,198,143,57,71,70,9.070074400920928,3.0232710847817124e-15,accepted_child,143,198,143,198,143,198,143,198,143,198,0.2,17,15.908000187884399,3,0.014262919028737676,0.12
58,44,6,0.1,projected_sparsity,423,547.2705204785445,198,143,198,143,57,71,70,9.062433437235121,5.033298452311462e-15,accepted_child,141,196,143,198,143,198,143,198,143,198,0.2,17,16.012773224598096,3,0.01472065142732987,0.0
59,44,6,0.1,projected_sparsity_noise,423,547.2694268878269,198,143,198,143,57,71,70,9.063217653950298,3.772404101608042e-15,accepted_child,141,196,143,198,143,198,143,198,143,198,0.2,17,16.012773224598096,3,0.014475189459898657,0.06
60,44,6,0.1,projected_sparsity_noise,423,547.2946635604249,198,143,198,143,57,71,70,9.06209152132271,3.3225878211481482e-15,accepted_child,141,196,143,198,143,198,143,198,143,198,0.2,17,16.012773224598096,3,0.01412658650092974,0.12
61,0,6,0.1,projected_sparsity,423,558.385952580556,198,143,198,143,57,71,70,8.70297093568372,4.537248080290891e-15,accepted_child,143,198,143,198,143,198,143,198,143,198,0.2,17,15.523448861662413,3,0.009472052071168517,0.0
62,0,6,0.1,projected_sparsity_noise,423,558.3869603143056,198,143,198,143,57,71,70,8.707879109806884,4.226093951914949e-15,accepted_child,143,198,143,198,143,198,143,198,143,198,0.2,17,15.523448861662413,3,0.008801891313514939,0.06
63,0,6,0.1,projected_sparsity_noise,423,558.390695300103,198,143,198,143,57,71,70,8.69994862926053,3.986690144214169e-15,accepted_child,143,198,143,198,143,198,143,198,143,198,0.2,17,15.523448861662413,3,0.014700635473573849,0.12
54,42,6,0.1,projected_sparsity_noise,423,547.0880827048117,198,143,198,143,57,71,70,9.070810007160434,3.848092219590754e-15,frontier,141,196,141,196,143,198,143,198,143,198,,,,,,
52,42,6,0.1,projected_sparsity,423,547.1401807546781,198,143,198,143,57,71,70,9.065958968564242,4.490457865194282e-15,frontier,141,196,143,198,143,198,143,198,143,198,,,,,,
53,42,6,0.1,projected_sparsity_noise,423,547.1651456016276,198,143,198,143,57,71,70,9.064102899654992,5.0252070494118174e-15,frontier,141,196,143,198,143,198,143,198,143,198,,,,,,
0,-1,0,0.1,retau:initial,423,561.0161260875857,198,143,198,143,57,71,70,8.639924364388474,1.6636573637991994e-13,frontier,143,198,143,198,143,198,143,198,143,198,,,,,,
64,54,7,0.1,projected_sparsity,423,544.7895090893139,198,143,198,143,57,71,70,9.146534212375187,3.861180122284362e-15,accepted_child,141,196,143,198,143,198,143,198,143,198,0.2,17,16.25221963648516,3,0.011501649559485988,0.0
65,54,7,0.1,projected_sparsity_noise,423,544.9131060573619,198,143,198,143,57,71,70,9.147281539040996,2.7637917231930068e-15,accepted_child,141,196,143,198,143,198,143,198,143,198,0.2,17,16.25221963648516,3,0.011481904278879806,0.06
66,54,7,0.1,projected_sparsity_noise,423,544.7779834712408,198,143,198,143,57,71,70,9.14671889394938,3.435815173005144e-15,accepted_child,143,198,143,198,143,198,143,198,143,198,0.2,17,16.25221963648516,3,0.011502211962408996,0.12
67,52,7,0.1,projected_sparsity,423,544.8450075740518,198,143,198,143,57,71,70,9.14041937506187,4.369285473950504e-15,accepted_child,143,198,143,198,143,198,143,198,143,198,0.2,17,16.50384770651459,3,0.011660620673210989,0.0
68,52,7,0.1,projected_sparsity_noise,423,544.7652186969361,198,143,198,143,57,71,70,9.143225217365998,5.48051932366523e-15,accepted_child,143,198,143,198,143,198,143,198,143,198,0.2,17,16.50384770651459,3,0.01157609284421831,0.06
69,52,7,0.1,projected_sparsity_noise,423,544.9013826508696,198,143,198,143,57,71,70,9.144036307066225,5.248651759297796e-15,accepted_child,141,196,143,198,143,198,143,198,143,198,0.2,17,16.50384770651459,3,0.012417853883403624,0.12
70,53,7,0.1,projected_sparsity,423,544.869696164026,198,143,198,143,57,71,70,9.138291620533012,3.63645946395694e-15,accepted_child,143,198,143,198,143,198,143,198,143,198,0.2,17,16.560596789591933,3,0.01169039173135903,0.0
71,53,7,0.1,projected_sparsity_noise,423,544.9042423904102,198,143,198,143,57,71,70,9.139430252671868,4.065668040234881e-15,accepted_child,143,198,143,198,143,198,143,198,143,198,0.2,17,16.560596789591933,3,0.011983784692174777,0.06
72,53,7,0.1,projected_sparsity_noise,423,544.9861728589533,198,143,198,143,57,71,70,9.13679280176096,3.5917935650530675e-15,accepted_child,143,198,143,198,143,198,143,198,143,198,0.2,17,16.560596789591933,3,0.012053328959993672,0.12
73,0,7,0.1,projected_sparsity,423,558.385952580556,198,143,198,143,57,71,70,8.70297093568372,4.537248080290891e-15,accepted_child,143,198,143,198,143,198,143,198,143,198,0.2,17,15.523448861662413,3,0.009472052071168517,0.0
74,0,7,0.1,projected_sparsity_noise,423,558.3577711550963,198,143,198,143,57,71,70,8.707579184851532,3.770302213496103e-15,accepted_child,143,198,143,198,143,198,143,198,143,198,0.2,17,15.523448861662413,3,0.010011486131710523,0.06
75,0,7,0.1,projected_sparsity_noise,423,558.3231081045654,198,143,198,143,57,71,70,8.704388885416336,3.580566444545355e-15,accepted_child,143,198,143,198,143,198,143,198,143,198,0.2,17,15.523448861662413,3,0.008883383073316986,0.12
68,52,7,0.1,projected_sparsity_noise,423,544.7652186969361,198,143,198,143,57,71,70,9.143225217365998,5.48051932366523e-15,frontier,143,198,143,198,143,198,143,198,143,198,,,,,,
67,52,7,0.1,projected_sparsity,423,544.8450075740518,198,143,198,143,57,71,70,9.14041937506187,4.369285473950504e-15,frontier,143,198,143,198,143,198,143,198,143,198,,,,,,
70,53,7,0.1,projected_sparsity,423,544.869696164026,198,143,198,143,57,71,70,9.138291620533012,3.63645946395694e-15,frontier,143,198,143,198,143,198,143,198,143,198,,,,,,
0,-1,0,0.1,retau:initial,423,561.0161260875857,198,143,198,143,57,71,70,8.639924364388474,1.6636573637991994e-13,frontier,143,198,143,198,143,198,143,198,143,198,,,,,,
76,68,8,0.1,projected_sparsity,423,542.310511265267,198,143,198,143,57,71,70,9.220807775839388,3.0018388740309744e-15,accepted_child,143,198,143,198,143,198,143,198,143,198,0.2,17,16.531268849267335,3,0.012953314531440207,0.0
77,68,8,0.1,projected_sparsity_noise,423,542.3681090994185,198,143,198,143,57,71,70,9.217026623535695,4.651536372888954e-15,accepted_child,141,196,143,198,143,198,143,198,143,198,0.2,17,16.531268849267335,3,0.012886665678815983,0.06
78,68,8,0.1,projected_sparsity_noise,423,542.4672624120399,198,143,198,143,57,71,70,9.21755842588107,3.6886875347632124e-15,accepted_child,141,196,143,198,143,198,143,198,143,198,0.2,17,16.531268849267335,3,0.013218003463635608,0.12
79,67,8,0.1,projected_sparsity,423,542.4027542735059,198,143,198,143,57,71,70,9.216620940768234,3.640143835643063e-15,accepted_child,143,198,143,198,143,198,143,198,143,198,0.2,17,16.807773781134646,3,0.013230385579650785,0.0
80,67,8,0.1,projected_sparsity_noise,423,542.3552341848963,198,143,198,143,57,71,70,9.215279594953124,4.9580844296589165e-15,accepted_child,141,196,143,198,143,198,143,198,143,198,0.2,17,16.807773781134646,3,0.012671257257228561,0.06
81,67,8,0.1,projected_sparsity_noise,423,542.3130882550358,198,143,198,143,57,71,70,9.21700458691014,5.441062931710817e-15,accepted_child,143,198,143,198,143,198,143,198,143,198,0.2,17,16.807773781134646,3,0.01308000977084787,0.12
82,70,8,0.1,projected_sparsity,423,542.4287138836667,198,143,198,143,57,71,70,9.21455361908469,3.3670317459847215e-15,accepted_child,143,198,143,198,143,198,143,198,143,198,0.2,17,16.794133941565324,3,0.013229660748020936,0.0
83,70,8,0.1,projected_sparsity_noise,423,542.4120351176396,198,143,198,143,57,71,70,9.217655744326207,4.5922312908062764e-15,accepted_child,143,198,143,198,143,198,143,198,143,198,0.2,17,16.794133941565324,3,0.01352946196313836,0.06
84,70,8,0.1,projected_sparsity_noise,423,542.5165740869999,198,143,198,143,57,71,70,9.21169436648001,3.3559290952545534e-15,accepted_child,143,198,143,198,143,198,143,198,143,198,0.2,17,16.794133941565324,3,0.013905926403391881,0.12
85,0,8,0.1,projected_sparsity,423,558.385952580556,198,143,198,143,57,71,70,8.70297093568372,4.537248080290891e-15,accepted_child,143,198,143,198,143,198,143,198,143,198,0.2,17,15.523448861662413,3,0.009472052071168517,0.0
86,0,8,0.1,projected_sparsity_noise,423,558.4490319844253,198,143,198,143,57,71,70,8.702748279055774,3.838178717350474e-15,accepted_child,143,198,143,198,143,198,143,198,143,198,0.2,17,15.523448861662413,3,0.010135585579100844,0.06
87,0,8,0.1,projected_sparsity_noise,423,558.3790924703128,198,143,198,143,57,71,70,8.704296119008976,4.151173564173992e-15,accepted_child,143,198,143,198,143,198,143,198,143,198,0.2,17,15.523448861662413,3,0.009722233089813221,0.12
76,68,8,0.1,projected_sparsity,423,542.310511265267,198,143,198,143,57,71,70,9.220807775839388,3.0018388740309744e-15,frontier,143,198,143,198,143,198,143,198,143,198,,,,,,
81,67,8,0.1,projected_sparsity_noise,423,542.3130882550358,198,143,198,143,57,71,70,9.21700458691014,5.441062931710817e-15,frontier,143,198,143,198,143,198,143,198,143,198,,,,,,
80,67,8,0.1,projected_sparsity_noise,423,542.3552341848963,198,143,198,143,57,71,70,9.215279594953124,4.9580844296589165e-15,frontier,141,196,143,198,143,198,143,198,143,198,,,,,,
0,-1,0,0.1,retau:initial,423,561.0161260875857,198,143,198,143,57,71,70,8.639924364388474,1.6636573637991994e-13,frontier,143,198,143,198,143,198,143,198,143,198,,,,,,
88,76,9,0.1,projected_sparsity,423,539.7390940137032,198,143,198,143,57,71,70,9.297997059192225,4.046835399214758e-15,accepted_child,143,198,143,198,143,198,143,198,143,198,0.2,17,17.052899323561707,3,0.011491008926400002,0.0
89,76,9,0.1,projected_sparsity_noise,423,539.7167350959483,198,143,198,143,57,71,70,9.302690800081502,3.637172035948211e-15,accepted_child,141,196,143,198,143,198,143,198,143,198,0.2,17,17.052899323561707,3,0.011235126178588274,0.06
90,76,9,0.1,projected_sparsity_noise,423,539.9722177914838,198,143,198,143,57,71,70,9.292328615260548,3.5187114456932984e-15,accepted_child,143,198,143,198,143,198,143,198,143,198,0.2,17,17.052899323561707,3,0.012027952131523422,0.12
91,81,9,0.1,projected_sparsity,423,539.7259729821618,198,143,198,143,57,71,70,9.296130878092878,3.1334932877386255e-15,accepted_child,143,198,143,198,143,198,143,198,143,198,0.2,17,16.661554127899887,3,0.011378377543237504,0.0
92,81,9,0.1,projected_sparsity_noise,423,539.6882808970888,198,143,198,143,57,71,70,9.296234963231742,3.780564260850951e-15,accepted_child,143,198,143,198,143,198,143,198,143,198,0.2,17,16.661554127899887,3,0.011063078881594175,0.06
93,81,9,0.1,projected_sparsity_noise,423,539.7466004199918,198,143,198,143,57,71,70,9.291287439406366,3.4000115834199624e-15,accepted_child,140,195,141,196,143,198,143,198,143,198,0.2,17,16.661554127899887,3,0.010848280697006588,0.12
94,80,9,0.1,projected_sparsity,423,539.7785066058493,198,143,198,143,57,71,70,9.293151836338366,3.247235492759013e-15,accepted_child,141,196,143,198,143,198,143,198,143,198,0.2,17,16.876517112746424,3,0.011485717317736437,0.0
95,80,9,0.1,projected_sparsity_noise,423,539.7115420027859,198,143,198,143,57,71,70,9.294104753668575,4.553465891836324e-15,accepted_child,141,196,143,198,143,198,143,198,143,198,0.2,17,16.876517112746424,3,0.011181419810335338,0.06
96,80,9,0.1,projected_sparsity_noise,423,539.8598131066381,198,143,198,143,57,71,70,9.286682470905587,3.686653017087311e-15,accepted_child,143,198,143,198,143,198,143,198,143,198,0.2,17,16.876517112746424,3,0.011819051620539405,0.12
97,0,9,0.1,projected_sparsity,423,558.385952580556,198,143,198,143,57,71,70,8.70297093568372,4.537248080290891e-15,accepted_child,143,198,143,198,143,198,143,198,143,198,0.2,17,15.523448861662413,3,0.009472052071168517,0.0
98,0,9,0.1,projected_sparsity_noise,423,558.4104260670647,198,143,198,143,57,71,70,8.70333762744105,4.300940756117783e-15,accepted_child,143,198,143,198,143,198,143,198,143,198,0.2,17,15.523448861662413,3,0.009409979221125589,0.06
99,0,9,0.1,projected_sparsity_noise,423,558.4322106531586,198,143,198,143,57,71,70,8.70461830190939,3.525605859459733e-15,accepted_child,143,198,143,198,143,198,143,198,143,198,0.2,17,15.523448861662413,3,0.010578594745079732,0.12
92,81,9,0.1,projected_sparsity_noise,423,539.6882808970888,198,143,198,143,57,71,70,9.296234963231742,3.780564260850951e-15,frontier,143,198,143,198,143,198,143,198,143,198,,,,,,
95,80,9,0.1,projected_sparsity_noise,423,539.7115420027859,198,143,198,143,57,71,70,9.294104753668575,4.553465891836324e-15,frontier,141,196,143,198,143,198,143,198,143,198,,,,,,
93,81,9,0.1,projected_sparsity_noise,423,539.7466004199918,198,143,198,143,57,71,70,9.291287439406366,3.4000115834199624e-15,frontier,140,195,141,196,143,198,143,198,143,198,,,,,,
0,-1,0,0.1,retau:initial,423,561.0161260875857,198,143,198,143,57,71,70,8.639924364388474,1.6636573637991994e-13,frontier,143,198,143,198,143,198,143,198,143,198,,,,,,
100,92,10,0.1,projected_sparsity,423,536.9831229419013,198,143,198,143,57,71,70,9.375442486327904,5.0006607166433e-15,accepted_child,143,198,143,198,143,198,143,198,143,198,0.2,17,17.060285483469954,3,0.011851635919237748,0.0
101,92,10,0.1,projected_sparsity_noise,423,537.0610510401684,198,143,198,143,57,71,70,9.371810857608956,3.587563381356758e-15,accepted_child,141,196,143,198,143,198,143,198,143,198,0.2,17,17.060285483469954,3,0.012116424729622243,0.06
102,92,10,0.1,projected_sparsity_noise,423,537.1957330924291,198,143,198,143,57,71,70,9.372527812627572,3.4393665685855037e-15,accepted_child,141,196,143,198,143,198,143,198,143,198,0.2,17,17.060285483469954,3,0.011689447074055908,0.12
103,95,10,0.1,projected_sparsity,423,537.0050161683198,198,143,198,143,57,71,70,9.37354439037621,5.365042741414978e-15,accepted_child,141,196,143,198,143,198,143,198,143,198,0.2,17,16.94635185296959,3,0.011942653012589033,0.0
104,95,10,0.1,projected_sparsity_noise,423,537.0065341006447,198,143,198,143,57,71,70,9.376092707336738,3.771055622250702e-15,accepted_child,141,196,143,198,143,198,143,198,143,198,0.2,17,16.94635185296959,3,0.011752265456823974,0.06
105,95,10,0.1,projected_sparsity_noise,423,537.0615476418516,198,143,198,143,57,71,70,9.377444423493323,3.644883267471863e-15,accepted_child,143,198,143,198,143,198,143,198,143,198,0.2,17,16.94635185296959,3,0.012200898190387928,0.12
106,93,10,0.1,projected_sparsity,423,537.0447438320479,198,143,198,143,57,71,70,9.369871395677926,3.6992527163991314e-15,accepted_child,141,196,143,198,143,198,143,198,143,198,0.2,17,17.188115014174134,3,0.011931393648041045,0.0
107,93,10,0.1,projected_sparsity_noise,423,537.0755219824416,198,143,198,143,57,71,70,9.369933731802517,3.655541833809361e-15,accepted_child,143,198,143,198,143,198,143,198,143,198,0.2,17,17.188115014174134,3,0.011755889082858777,0.06
108,93,10,0.1,projected_sparsity_noise,423,536.9550660204379,198,143,198,143,57,71,70,9.369929964018494,4.3065319017123794e-15,accepted_child,143,198,143,198,143,198,143,198,143,198,0.2,17,17.188115014174134,3,0.011642851049217483,0.12
109,0,10,0.1,projected_sparsity,423,558.385952580556,198,143,198,143,57,71,70,8.70297093568372,4.537248080290891e-15,accepted_child,143,198,143,198,143,198,143,198,143,198,0.2,17,15.523448861662413,3,0.009472052071168517,0.0
110,0,10,0.1,projected_sparsity_noise,423,558.3246962362828,198,143,198,143,57,71,70,8.706446137236458,3.930422661869072e-15,accepted_child,143,198,143,198,143,198,143,198,143,198,0.2,17,15.523448861662413,3,0.009542940618409466,0.06
111,0,10,0.1,projected_sparsity_noise,423,558.3969158050002,198,143,198,143,57,71,70,8.700499946989446,3.601974733018616e-15,accepted_child,143,198,143,198,143,198,143,198,143,198,0.2,17,15.523448861662413,3,0.009977685669571117,0.12
108,93,10,0.1,projected_sparsity_noise,423,536.9550660204379,198,143,198,143,57,71,70,9.369929964018494,4.3065319017123794e-15,frontier,143,198,143,198,143,198,143,198,143,198,,,,,,
106,93,10,0.1,projected_sparsity,423,537.0447438320479,198,143,198,143,57,71,70,9.369871395677926,3.6992527163991314e-15,frontier,141,196,143,198,143,198,143,198,143,198,,,,,,
92,81,9,0.1,projected_sparsity_noise,423,539.6882808970888,198,143,198,143,57,71,70,9.296234963231742,3.780564260850951e-15,frontier,143,198,143,198,143,198,143,198,143,198,,,,,,
0,-1,0,0.1,retau:initial,423,561.0161260875857,198,143,198,143,57,71,70,8.639924364388474,1.6636573637991994e-13,frontier,143,198,143,198,143,198,143,198,143,198,,,,,,
112,108,11,0.1,projected_sparsity,423,534.1036615187147,198,143,198,143,57,71,70,9.450740825190747,3.5188367097587403e-15,accepted_child,143,198,143,198,143,198,143,198,143,198,0.2,17,17.01952724500808,3,0.011565109153038806,0.0
113,108,11,0.1,projected_sparsity_noise,423,534.122972102793,198,143,198,143,57,71,70,9.445749687735367,2.776700471533475e-15,accepted_child,143,198,143,198,143,198,143,198,143,198,0.2,17,17.01952724500808,3,0.011496445965826102,0.06
114,108,11,0.1,projected_sparsity_noise,423,534.1895732273556,198,143,198,143,57,71,70,9.450812023437114,4.249411310514889e-15,accepted_child,143,198,143,198,143,198,143,198,143,198,0.2,17,17.01952724500808,3,0.011735407415493806,0.12
115,106,11,0.1,projected_sparsity,423,534.2472362308192,198,143,198,143,57,71,70,9.448419597452032,4.931511139085759e-15,accepted_child,141,196,143,198,143,198,143,198,143,198,0.2,17,17.451212134177972,3,0.011527665689257713,0.0
116,106,11,0.1,projected_sparsity_noise,423,534.254910538565,198,143,198,143,57,71,70,9.445874616845122,4.836600624014965e-15,accepted_child,141,196,143,198,143,198,143,198,143,198,0.2,17,17.451212134177972,3,0.011672567260682191,0.06
117,106,11,0.1,projected_sparsity_noise,423,534.2936073300365,198,143,198,143,57,71,70,9.444870353507971,4.192686690414705e-15,accepted_child,141,196,143,198,143,198,143,198,143,198,0.2,17,17.451212134177972,3,0.011657028655167278,0.12
118,92,11,0.1,projected_sparsity,423,536.9831229419013,198,143,198,143,57,71,70,9.375442486327904,5.0006607166433e-15,accepted_child,143,198,143,198,143,198,143,198,143,198,0.2,17,17.060285483469954,3,0.011851635919237748,0.0
119,92,11,0.1,projected_sparsity_noise,423,536.9581649736446,198,143,198,143,57,71,70,9.375036453271562,4.029058663641352e-15,accepted_child,143,198,143,198,143,198,143,198,143,198,0.2,17,17.060285483469954,3,0.01201368683034941,0.06
120,92,11,0.1,projected_sparsity_noise,423,536.8652109643592,198,143,198,143,57,71,70,9.380967667687067,3.0920647834674372e-15,accepted_child,143,198,143,198,143,198,143,198,143,198,0.2,17,17.060285483469954,3,0.011639751762199843,0.12
121,0,11,0.1,projected_sparsity,423,558.385952580556,198,143,198,143,57,71,70,8.70297093568372,4.537248080290891e-15,accepted_child,143,198,143,198,143,198,143,198,143,198,0.2,17,15.523448861662413,3,0.009472052071168517,0.0
122,0,11,0.1,projected_sparsity_noise,423,558.4301364001026,198,143,198,143,57,71,70,8.701794887001709,4.022584280770356e-15,accepted_child,143,198,143,198,143,198,143,198,143,198,0.2,17,15.523448861662413,3,0.009688524074608337,0.06
123,0,11,0.1,projected_sparsity_noise,423,558.4239127060507,198,143,198,143,57,71,70,8.706167384115187,3.682215738028884e-15,accepted_child,143,198,143,198,143,198,143,198,143,198,0.2,17,15.523448861662413,3,0.010464278373645561,0.12
112,108,11,0.1,projected_sparsity,423,534.1036615187147,198,143,198,143,57,71,70,9.450740825190747,3.5188367097587403e-15,frontier,143,198,143,198,143,198,143,198,143,198,,,,,,
113,108,11,0.1,projected_sparsity_noise,423,534.122972102793,198,143,198,143,57,71,70,9.445749687735367,2.776700471533475e-15,frontier,143,198,143,198,143,198,143,198,143,198,,,,,,
117,106,11,0.1,projected_sparsity_noise,423,534.2936073300365,198,143,198,143,57,71,70,9.444870353507971,4.192686690414705e-15,frontier,141,196,143,198,143,198,143,198,143,198,,,,,,
0,-1,0,0.1,retau:initial,423,561.0161260875857,198,143,198,143,57,71,70,8.639924364388474,1.6636573637991994e-13,frontier,143,198,143,198,143,198,143,198,143,198,,,,,,
124,112,12,0.1,projected_sparsity,423,531.221275557336,198,143,198,143,57,71,70,9.529661009507358,3.772198490623592e-15,accepted_child,143,198,143,198,143,198,143,198,143,198,0.2,17,17.432275934063394,3,0.011623005611030045,0.0
125,112,12,0.1,projected_sparsity_noise,423,531.2000545629412,198,143,198,143,57,71,70,9.530090150715129,3.4830130378832705e-15,accepted_child,143,198,143,198,143,198,143,198,143,198,0.2,17,17.432275934063394,3,0.011608058335817814,0.06
126,112,12,0.1,projected_sparsity_noise,423,531.2233461429871,198,143,198,143,57,71,70,9.525571178557255,3.5031146026081384e-15,accepted_child,143,198,143,198,143,198,143,198,143,198,0.2,17,17.432275934063394,3,0.012583933033741035,0.12
127,113,12,0.1,projected_sparsity,423,531.2424394132989,198,143,198,143,57,71,70,9.524433420659753,4.649541216246621e-15,accepted_child,143,198,143,198,143,198,143,198,143,198,0.2,17,17.484843315794357,3,0.011651849115154026,0.0
128,113,12,0.1,projected_sparsity_noise,423,531.3131064552383,198,143,198,143,57,71,70,9.523729587295161,3.79494060740966e-15,accepted_child,143,198,143,198,143,198,143,198,143,198,0.2,17,17.484843315794357,3,0.011587622987781201,0.06
129,113,12,0.1,projected_sparsity_noise,423,531.3090870070386,198,143,198,143,57,71,70,9.527271087540301,4.0784603883084995e-15,accepted_child,143,198,143,198,143,198,143,198,143,198,0.2,17,17.484843315794357,3,0.012659381350098125,0.12
130,117,12,0.1,projected_sparsity,423,531.4411692847042,198,143,198,143,57,71,70,9.522662796736258,4.456799534398142e-15,accepted_child,141,196,143,198,143,198,143,198,143,198,0.2,17,17.63904640549757,3,0.011583602391257686,0.0
131,117,12,0.1,projected_sparsity_noise,423,531.4195036864523,198,143,198,143,57,71,70,9.522823738969528,4.161696594142406e-15,accepted_child,141,196,143,198,143,198,143,198,143,198,0.2,17,17.63904640549757,3,0.01126213988184351,0.06
132,117,12,0.1,projected_sparsity_noise,423,531.5236365890255,198,143,198,143,57,71,70,9.526241396170605,3.278019340818693e-15,accepted_child,143,198,143,198,143,198,143,198,143,198,0.2,17,17.63904640549757,3,0.0117425755931665,0.12
133,0,12,0.1,projected_sparsity,423,558.385952580556,198,143,198,143,57,71,70,8.70297093568372,4.537248080290891e-15,accepted_child,143,198,143,198,143,198,143,198,143,198,0.2,17,15.523448861662413,3,0.009472052071168517,0.0
134,0,12,0.1,projected_sparsity_noise,423,558.361840487257,198,143,198,143,57,71,70,8.702481818490899,3.659602867817131e-15,accepted_child,143,198,143,198,143,198,143,198,143,198,0.2,17,15.523448861662413,3,0.009903498672660662,0.06
135,0,12,0.1,projected_sparsity_noise,423,558.4338565429834,198,143,198,143,57,71,70,8.704117100646137,3.3279834073369293e-15,accepted_child,143,198,143,198,143,198,143,198,143,198,0.2,17,15.523448861662413,3,0.009647456396003264,0.12
125,112,12,0.1,projected_sparsity_noise,423,531.2000545629412,198,143,198,143,57,71,70,9.530090150715129,3.4830130378832705e-15,frontier,143,198,143,198,143,198,143,198,143,198,,,,,,
124,112,12,0.1,projected_sparsity,423,531.221275557336,198,143,198,143,57,71,70,9.529661009507358,3.772198490623592e-15,frontier,143,198,143,198,143,198,143,198,143,198,,,,,,
126,112,12,0.1,projected_sparsity_noise,423,531.2233461429871,198,143,198,143,57,71,70,9.525571178557255,3.5031146026081384e-15,frontier,143,198,143,198,143,198,143,198,143,198,,,,,,
0,-1,0,0.1,retau:initial,423,561.0161260875857,198,143,198,143,57,71,70,8.639924364388474,1.6636573637991994e-13,frontier,143,198,143,198,143,198,143,198,143,198,,,,,,
136,125,13,0.1,projected_sparsity,423,528.3865532408256,198,143,198,143,57,71,70,9.607948512455794,3.675067399611376e-15,accepted_child,143,198,143,198,143,198,143,198,143,198,0.2,17,17.172264784938925,3,0.01141521576241333,0.0
137,125,13,0.1,projected_sparsity_noise,423,528.3837647520793,198,143,198,143,57,71,70,9.603768091013565,3.276003313382336e-15,accepted_child,143,198,143,198,143,198,143,198,143,198,0.2,17,17.172264784938925,3,0.011532499420346261,0.06
138,125,13,0.1,projected_sparsity_noise,423,528.427570534876,198,143,198,143,57,71,70,9.61187854597859,4.021125698247689e-15,accepted_child,143,198,143,198,143,198,143,198,143,198,0.2,17,17.172264784938925,3,0.01147231068133263,0.12
139,124,13,0.1,projected_sparsity,423,528.414484736257,198,143,198,143,57,71,70,9.606835270122257,2.738063953070193e-15,accepted_child,143,198,143,198,143,198,143,198,143,198,0.2,17,17.317111843403463,3,0.011430774620872238,0.0
140,124,13,0.1,projected_sparsity_noise,423,528.389501041776,198,143,198,143,57,71,70,9.605820535470162,3.9807152378450456e-15,accepted_child,143,198,143,198,143,198,143,198,143,198,0.2,17,17.317111843403463,3,0.012023769928835392,0.06
141,124,13,0.1,projected_sparsity_noise,423,528.5842580670992,198,143,198,143,57,71,70,9.604171382341415,3.414569658451291e-15,accepted_child,143,198,143,198,143,198,143,198,143,198,0.2,17,17.317111843403463,3,0.012136080366298235,0.12
142,126,13,0.1,projected_sparsity,423,528.4008397266165,198,143,198,143,57,71,70,9.603335511540289,4.210413173064654e-15,accepted_child,143,198,143,198,143,198,143,198,143,198,0.2,17,17.237060772327695,3,0.011469977456899573,0.0
143,126,13,0.1,projected_sparsity_noise,423,528.4448111917903,198,143,198,143,57,71,70,9.600339654602907,3.9327058472276524e-15,accepted_child,143,198,143,198,143,198,143,198,143,198,0.2,17,17.237060772327695,3,0.011473598895770381,0.06
144,126,13,0.1,projected_sparsity_noise,423,528.3877820688904,198,143,198,143,57,71,70,9.603285322343757,3.4224954749608097e-15,accepted_child,143,198,143,198,143,198,143,198,143,198,0.2,17,17.237060772327695,3,0.012087324684544373,0.12
145,0,13,0.1,projected_sparsity,423,558.385952580556,198,143,198,143,57,71,70,8.70297093568372,4.537248080290891e-15,accepted_child,143,198,143,198,143,198,143,198,143,198,0.2,17,15.523448861662413,3,0.009472052071168517,0.0
146,0,13,0.1,projected_sparsity_noise,423,558.3677065447196,198,143,198,143,57,71,70,8.704812482563614,3.736825545557309e-15,accepted_child,143,198,143,198,143,198,143,198,143,198,0.2,17,15.523448861662413,3,0.009600369073200056,0.06
147,0,13,0.1,projected_sparsity_noise,423,558.2896586780291,198,143,198,143,57,71,70,8.701208859077013,4.777251626089461e-15,accepted_child,143,198,143,198,143,198,143,198,143,198,0.2,17,15.523448861662413,3,0.010744798418323208,0.12
137,125,13,0.1,projected_sparsity_noise,423,528.3837647520793,198,143,198,143,57,71,70,9.603768091013565,3.276003313382336e-15,frontier,143,198,143,198,143,198,143,198,143,198,,,,,,
144,126,13,0.1,projected_sparsity_noise,423,528.3877820688904,198,143,198,143,57,71,70,9.603285322343757,3.4224954749608097e-15,frontier,143,198,143,198,143,198,143,198,143,198,,,,,,
143,126,13,0.1,projected_sparsity_noise,423,528.4448111917903,198,143,198,143,57,71,70,9.600339654602907,3.9327058472276524e-15,frontier,143,198,143,198,143,198,143,198,143,198,,,,,,
0,-1,0,0.1,retau:initial,423,561.0161260875857,198,143,198,143,57,71,70,8.639924364388474,1.6636573637991994e-13,frontier,143,198,143,198,143,198,143,198,143,198,,,,,,
148,137,14,0.1,projected_sparsity,423,525.8865512425277,198,143,198,143,57,71,70,9.67946393870367,5.046977252593503e-15,accepted_child,143,198,143,198,143,198,143,198,143,198,0.2,17,16.41346843034246,3,0.012098423113688936,0.0
149,137,14,0.1,projected_sparsity_noise,423,525.9142258273745,198,143,198,143,57,71,70,9.678825744235171,4.715196709485678e-15,accepted_child,143,198,143,198,143,198,143,198,143,198,0.2,17,16.41346843034246,3,0.012048496549073367,0.06
150,137,14,0.1,projected_sparsity_noise,423,525.9677141097302,198,143,198,143,57,71,70,9.674984265247279,6.016549623689776e-15,accepted_child,143,198,143,198,143,198,143,198,143,198,0.2,17,16.41346843034246,3,0.012120706231100774,0.12
151,144,14,0.1,projected_sparsity,423,525.8831185490516,198,143,198,143,57,71,70,9.679380175532073,3.4706626095780117e-15,accepted_child,143,198,143,198,143,198,143,198,143,198,0.2,17,16.293393974840388,3,0.012042562264816203,0.0
152,144,14,0.1,projected_sparsity_noise,423,525.8911536152004,198,143,198,143,57,71,70,9.67922447990016,4.2413104460889746e-15,accepted_child,143,198,143,198,143,198,143,198,143,198,0.2,17,16.293393974840388,3,0.01201588106348943,0.06
153,144,14,0.1,projected_sparsity_noise,423,525.9428020799456,198,143,198,143,57,71,70,9.682951874936744,3.399359023223737e-15,accepted_child,143,198,143,198,143,198,143,198,143,198,0.2,17,16.293393974840388,3,0.01408355664165828,0.12
154,143,14,0.1,projected_sparsity,423,525.9309889303745,198,143,198,143,57,71,70,9.67504450094772,3.580235093574086e-15,accepted_child,143,198,143,198,143,198,143,198,143,198,0.2,17,16.721729900423796,3,0.01227849918488127,0.0
155,143,14,0.1,projected_sparsity_noise,423,525.9720296361054,198,143,198,143,57,71,70,9.670956508634227,4.983257458029927e-15,accepted_child,143,198,143,198,143,198,143,198,143,198,0.2,17,16.721729900423796,3,0.012302435098839817,0.06
156,143,14,0.1,projected_sparsity_noise,423,526.0188918138545,198,143,198,143,57,71,70,9.67589794552952,4.4795221212498936e-15,accepted_child,143,198,143,198,143,198,143,198,143,198,0.2,17,16.721729900423796,3,0.012248971099992482,0.12
157,0,14,0.1,projected_sparsity,423,558.385952580556,198,143,198,143,57,71,70,8.70297093568372,4.537248080290891e-15,accepted_child,143,198,143,198,143,198,143,198,143,198,0.2,17,15.523448861662413,3,0.009472052071168517,0.0
158,0,14,0.1,projected_sparsity_noise,423,558.3620146237507,198,143,198,143,57,71,70,8.700645194008434,2.900109851855661e-15,accepted_child,143,198,143,198,143,198,143,198,143,198,0.2,17,15.523448861662413,3,0.009537068232526027,0.06
159,0,14,0.1,projected_sparsity_noise,423,558.3636158763554,198,143,198,143,57,71,70,8.708472302550343,4.9654399541581715e-15,accepted_child,143,198,143,198,143,198,143,198,143,198,0.2,17,15.523448861662413,3,0.008156857096332034,0.12
151,144,14,0.1,projected_sparsity,423,525.8831185490516,198,143,198,143,57,71,70,9.679380175532073,3.4706626095780117e-15,frontier,143,198,143,198,143,198,143,198,143,198,,,,,,
152,144,14,0.1,projected_sparsity_noise,423,525.8911536152004,198,143,198,143,57,71,70,9.67922447990016,4.2413104460889746e-15,frontier,143,198,143,198,143,198,143,198,143,198,,,,,,
149,137,14,0.1,projected_sparsity_noise,423,525.9142258273745,198,143,198,143,57,71,70,9.678825744235171,4.715196709485678e-15,frontier,143,198,143,198,143,198,143,198,143,198,,,,,,
0,-1,0,0.1,retau:initial,423,561.0161260875857,198,143,198,143,57,71,70,8.639924364388474,1.6636573637991994e-13,frontier,143,198,143,198,143,198,143,198,143,198,,,,,,
160,151,15,0.1,projected_sparsity,423,523.9275628636615,198,143,198,143,57,71,70,9.750181395222139,3.703450760314634e-15,accepted_child,140,195,143,198,143,198,143,198,143,198,0.2,17,15.09017313399596,3,0.01224501695755079,0.0
161,151,15,0.1,projected_sparsity_noise,423,523.9209667857465,198,143,198,143,57,71,70,9.755393265568793,3.8443413860176955e-15,accepted_child,140,195,143,198,143,198,143,198,143,198,0.2,17,15.09017313399596,3,0.012225804947065882,0.06
162,151,15,0.1,projected_sparsity_noise,423,523.8211707858102,198,143,198,143,57,71,70,9.747321605988462,3.4648562277518714e-15,accepted_child,138,193,143,198,143,198,143,198,143,198,0.2,17,15.09017313399596,3,0.011758327834706239,0.12
163,152,15,0.1,projected_sparsity,423,523.9406950663861,198,143,198,143,57,71,70,9.750415747201421,4.427396355688144e-15,accepted_child,140,195,143,198,143,198,143,198,143,198,0.2,17,15.035264565138387,3,0.012283111150684851,0.0
164,152,15,0.1,projected_sparsity_noise,423,523.947139290944,198,143,198,143,57,71,70,9.749889568655812,4.7159837845629615e-15,accepted_child,140,195,143,198,143,198,143,198,143,198,0.2,17,15.035264565138387,3,0.012256487814030955,0.06
165,152,15,0.1,projected_sparsity_noise,423,524.0809266308838,198,143,198,143,57,71,70,9.741144513565906,5.423878884722918e-15,accepted_child,140,195,143,198,143,198,143,198,143,198,0.2,17,15.035264565138387,3,0.012831047650685812,0.12
166,149,15,0.1,projected_sparsity,423,523.9653610049543,198,143,198,143,57,71,70,9.749522554869316,4.301832996368928e-15,accepted_child,140,195,143,198,143,198,143,198,143,198,0.2,17,15.219762281087263,3,0.012315982400010545,0.0
167,149,15,0.1,projected_sparsity_noise,423,524.0404742765464,198,143,198,143,57,71,70,9.745499696567443,3.0245978168923103e-15,accepted_child,140,195,143,198,143,198,143,198,143,198,0.2,17,15.219762281087263,3,0.012529978780356608,0.06
168,149,15,0.1,projected_sparsity_noise,423,523.9155406970608,198,143,198,143,57,71,70,9.757789957611694,3.934481497547614e-15,accepted_child,140,195,143,198,143,198,143,198,143,198,0.2,17,15.219762281087263,3,0.012275595355501549,0.12
169,0,15,0.1,projected_sparsity,423,558.385952580556,198,143,198,143,57,71,70,8.70297093568372,4.537248080290891e-15,accepted_child,143,198,143,198,143,198,143,198,143,198,0.2,17,15.523448861662413,3,0.009472052071168517,0.0
170,0,15,0.1,projected_sparsity_noise,423,558.3879330494394,198,143,198,143,57,71,70,8.703422214490846,4.560999108608046e-15,accepted_child,143,198,143,198,143,198,143,198,143,198,0.2,17,15.523448861662413,3,0.009817054032384717,0.06
171,0,15,0.1,projected_sparsity_noise,423,558.3958783277678,198,143,198,143,57,71,70,8.704210125315589,3.67285956325063e-15,accepted_child,143,198,143,198,143,198,143,198,143,198,0.2,17,15.523448861662413,3,0.009779532736864072,0.12
162,151,15,0.1,projected_sparsity_noise,423,523.8211707858102,198,143,198,143,57,71,70,9.747321605988462,3.4648562277518714e-15,frontier,138,193,143,198,143,198,143,198,143,198,,,,,,
167,149,15,0.1,projected_sparsity_noise,423,524.0404742765464,198,143,198,143,57,71,70,9.745499696567443,3.0245978168923103e-15,frontier,140,195,143,198,143,198,143,198,143,198,,,,,,
165,152,15,0.1,projected_sparsity_noise,423,524.0809266308838,198,143,198,143,57,71,70,9.741144513565906,5.423878884722918e-15,frontier,140,195,143,198,143,198,143,198,143,198,,,,,,
0,-1,0,0.1,retau:initial,423,561.0161260875857,198,143,198,143,57,71,70,8.639924364388474,1.6636573637991994e-13,frontier,143,198,143,198,143,198,143,198,143,198,,,,,,
172,162,16,0.1,projected_sparsity,423,522.2924939463907,198,143,198,143,57,71,70,9.807854640005438,3.91258990674925e-15,accepted_child,137,192,143,198,143,198,143,198,143,198,0.2,17,14.092854285947407,3,0.012988227280490787,0.0
173,162,16,0.1,projected_sparsity_noise,423,522.2630283663576,198,143,198,143,57,71,70,9.808345363415755,3.2678822217481072e-15,accepted_child,139,194,143,198,143,198,143,198,143,198,0.2,17,14.092854285947407,3,0.01279928215825489,0.06
174,162,16,0.1,projected_sparsity_noise,423,522.1275745054668,198,143,198,143,57,71,70,9.816320633604642,4.810755050352973e-15,accepted_child,137,192,143,198,143,198,143,198,143,198,0.2,17,14.092854285947407,3,0.012067954864375523,0.12
175,167,16,0.1,projected_sparsity,423,522.4828500952119,198,143,198,143,57,71,70,9.803264135561058,3.780816197022969e-15,accepted_child,140,195,143,198,143,198,143,198,143,198,0.2,17,14.988142146484345,3,0.014351633579985888,0.0
176,167,16,0.1,projected_sparsity_noise,423,522.5289566883024,198,143,198,143,57,71,70,9.802459904709071,5.1116886709968065e-15,accepted_child,140,195,143,198,143,198,143,198,143,198,0.2,17,14.988142146484345,3,0.014424984213569003,0.06
177,167,16,0.1,projected_sparsity_noise,423,522.4612212359693,198,143,198,143,57,71,70,9.80810085357841,3.612162995442777e-15,accepted_child,140,195,143,198,143,198,143,198,143,198,0.2,17,14.988142146484345,3,0.013218517459436255,0.12
178,165,16,0.1,projected_sparsity,423,522.5133735427593,198,143,198,143,57,71,70,9.798498408729653,4.063906686297108e-15,accepted_child,140,195,143,198,143,198,143,198,143,198,0.2,17,15.099570920265812,3,0.014391723910415322,0.0
179,165,16,0.1,projected_sparsity_noise,423,522.4104123233216,198,143,198,143,57,71,70,9.80431255078453,4.049844831888428e-15,accepted_child,140,195,143,198,143,198,143,198,143,198,0.2,17,15.099570920265812,3,0.013716820863874534,0.06
180,165,16,0.1,projected_sparsity_noise,423,522.6688711494506,198,143,198,143,57,71,70,9.793787358305538,3.2266890978359977e-15,accepted_child,137,192,143,198,143,198,143,198,143,198,0.2,17,15.099570920265812,3,0.015379750534254343,0.12
181,0,16,0.1,projected_sparsity,423,558.385952580556,198,143,198,143,57,71,70,8.70297093568372,4.537248080290891e-15,accepted_child,143,198,143,198,143,198,143,198,143,198,0.2,17,15.523448861662413,3,0.009472052071168517,0.0
182,0,16,0.1,projected_sparsity_noise,423,558.3800282820308,198,143,198,143,57,71,70,8.703343904897986,4.330074818698143e-15,accepted_child,143,198,143,198,143,198,143,198,143,198,0.2,17,15.523448861662413,3,0.009895334181691369,0.06
183,0,16,0.1,projected_sparsity_noise,423,558.4043087750233,198,143,198,143,57,71,70,8.70360137661497,5.720865293398933e-15,accepted_child,143,198,143,198,143,198,143,198,143,198,0.2,17,15.523448861662413,3,0.008857910002745285,0.12
174,162,16,0.1,projected_sparsity_noise,423,522.1275745054668,198,143,198,143,57,71,70,9.816320633604642,4.810755050352973e-15,frontier,137,192,143,198,143,198,143,198,143,198,,,,,,
173,162,16,0.1,projected_sparsity_noise,423,522.2630283663576,198,143,198,143,57,71,70,9.808345363415755,3.2678822217481072e-15,frontier,139,194,143,198,143,198,143,198,143,198,,,,,,
172,162,16,0.1,projected_sparsity,423,522.2924939463907,198,143,198,143,57,71,70,9.807854640005438,3.91258990674925e-15,frontier,137,192,143,198,143,198,143,198,143,198,,,,,,
0,-1,0,0.1,retau:initial,423,561.0161260875857,198,143,198,143,57,71,70,8.639924364388474,1.6636573637991994e-13,frontier,143,198,143,198,143,198,143,198,143,198,,,,,,
184,174,17,0.1,projected_sparsity,423,520.7465829089529,198,143,198,143,57,71,70,9.86408487507851,4.416415078731787e-15,accepted_child,139,194,140,195,143,198,143,198,143,198,0.2,17,14.239787667825407,3,0.014091240163897675,0.0
185,174,17,0.1,projected_sparsity_noise,423,520.7867241856723,198,143,198,143,57,71,70,9.865378471451884,4.106348305207546e-15,accepted_child,142,197,143,198,143,198,143,198,143,198,0.2,17,14.239787667825407,3,0.014415053479682393,0.06
186,174,17,0.1,projected_sparsity_noise,423,520.6638427158668,198,143,198,143,57,71,70,9.868753180453941,4.626511974188868e-15,accepted_child,139,194,142,197,143,198,143,198,143,198,0.2,17,14.239787667825407,3,0.013099528543986532,0.12
187,173,17,0.1,projected_sparsity,423,520.7917954188927,198,143,198,143,57,71,70,9.855387061886614,4.1253476032656336e-15,accepted_child,139,194,143,198,143,198,143,198,143,198,0.2,17,14.996439652162058,3,0.014868174882976856,0.0
188,173,17,0.1,projected_sparsity_noise,423,520.7567784042919,198,143,198,143,57,71,70,9.860725935760584,3.5249256767459502e-15,accepted_child,139,194,143,198,143,198,143,198,143,198,0.2,17,14.996439652162058,3,0.014595563866399755,0.06
189,173,17,0.1,projected_sparsity_noise,423,520.7841605951908,198,143,198,143,57,71,70,9.858934852452444,2.923317389488745e-15,accepted_child,142,197,143,198,143,198,143,198,143,198,0.2,17,14.996439652162058,3,0.014321090178647945,0.12
190,172,17,0.1,projected_sparsity,423,520.8214941839199,198,143,198,143,57,71,70,9.854092811041445,3.0266862818193236e-15,accepted_child,139,194,143,198,143,198,143,198,143,198,0.2,17,15.043622676111067,3,0.01495395009436164,0.0
191,172,17,0.1,projected_sparsity_noise,423,520.8042117895799,198,143,198,143,57,71,70,9.85157890046611,4.091514674508592e-15,accepted_child,142,197,143,198,143,198,143,198,143,198,0.2,17,15.043622676111067,3,0.015127462033989278,0.06
192,172,17,0.1,projected_sparsity_noise,423,520.8932336662522,198,143,198,143,57,71,70,9.855903849674451,3.908677684915092e-15,accepted_child,139,194,140,195,143,198,143,198,143,198,0.2,17,15.043622676111067,3,0.01480649178498234,0.12
193,0,17,0.1,projected_sparsity,423,558.385952580556,198,143,198,143,57,71,70,8.70297093568372,4.537248080290891e-15,accepted_child,143,198,143,198,143,198,143,198,143,198,0.2,17,15.523448861662413,3,0.009472052071168517,0.0
194,0,17,0.1,projected_sparsity_noise,423,558.3858821068601,198,143,198,143,57,71,70,8.700624121631062,4.3397933712136456e-15,accepted_child,143,198,143,198,143,198,143,198,143,198,0.2,17,15.523448861662413,3,0.009831909731016542,0.06
195,0,17,0.1,projected_sparsity_noise,423,558.4099858085001,198,143,198,143,57,71,70,8.705600921055165,3.463903460715577e-15,accepted_child,143,198,143,198,143,198,143,198,143,198,0.2,17,15.523448861662413,3,0.009522318412889754,0.12
186,174,17,0.1,projected_sparsity_noise,423,520.6638427158668,198,143,198,143,57,71,70,9.868753180453941,4.626511974188868e-15,frontier,139,194,142,197,143,198,143,198,143,198,,,,,,
184,174,17,0.1,projected_sparsity,423,520.7465829089529,198,143,198,143,57,71,70,9.86408487507851,4.416415078731787e-15,frontier,139,194,140,195,143,198,143,198,143,198,,,,,,
188,173,17,0.1,projected_sparsity_noise,423,520.7567784042919,198,143,198,143,57,71,70,9.860725935760584,3.5249256767459502e-15,frontier,139,194,143,198,143,198,143,198,143,198,,,,,,
0,-1,0,0.1,retau:initial,423,561.0161260875857,198,143,198,143,57,71,70,8.639924364388474,1.6636573637991994e-13,frontier,143,198,143,198,143,198,143,198,143,198,,,,,,
196,186,18,0.1,projected_sparsity,423,519.1818195418986,198,143,198,143,57,71,70,9.909371945370115,3.0714094685582416e-15,accepted_child,139,194,143,198,143,198,143,198,143,198,0.2,17,15.028055086420373,3,0.015083317723413306,0.0
197,186,18,0.1,projected_sparsity_noise,423,519.1385218253729,198,143,198,143,57,71,70,9.910894015774378,5.244018989568426e-15,accepted_child,139,194,142,197,143,198,143,198,143,198,0.2,17,15.028055086420373,3,0.01445392890923871,0.06
198,186,18,0.1,projected_sparsity_noise,423,519.2089347727496,198,143,198,143,57,71,70,9.909492079979328,3.798311790966168e-15,accepted_child,142,197,143,198,143,198,143,198,143,198,0.2,17,15.028055086420373,3,0.01427247356477896,0.12
199,184,18,0.1,projected_sparsity,423,519.2261085633287,198,143,198,143,57,71,70,9.90413898721883,3.660103585265764e-15,accepted_child,139,194,143,198,143,198,143,198,143,198,0.2,17,15.308687395007286,3,0.015405459573989496,0.0
200,184,18,0.1,projected_sparsity_noise,423,519.2977104182061,198,143,198,143,57,71,70,9.902013552946126,3.0567618580533757e-15,accepted_child,139,194,143,198,143,198,143,198,143,198,0.2,17,15.308687395007286,3,0.015843453903664744,0.06
201,184,18,0.1,projected_sparsity_noise,423,519.2127465763513,198,143,198,143,57,71,70,9.910722704988947,3.8877687622501286e-15,accepted_child,142,197,143,198,143,198,143,198,143,198,0.2,17,15.308687395007286,3,0.01512520937377352,0.12
202,188,18,0.1,projected_sparsity,423,519.2770888477773,198,143,198,143,57,71,70,9.902968011454819,3.176725812025193e-15,accepted_child,139,194,143,198,143,198,143,198,143,198,0.2,17,14.988601767894785,3,0.014805870584481698,0.0
203,188,18,0.1,projected_sparsity_noise,423,519.3188972910386,198,143,198,143,57,71,70,9.904018936244826,3.076275946675818e-15,accepted_child,139,194,143,198,143,198,143,198,143,198,0.2,17,14.988601767894785,3,0.014835495997888533,0.06
204,188,18,0.1,projected_sparsity_noise,423,519.3861513330675,198,143,198,143,57,71,70,9.898065155527547,3.4956292788776088e-15,accepted_child,142,197,143,198,143,198,143,198,143,198,0.2,17,14.988601767894785,3,0.016011534009169038,0.12
205,0,18,0.1,projected_sparsity,423,558.385952580556,198,143,198,143,57,71,70,8.70297093568372,4.537248080290891e-15,accepted_child,143,198,143,198,143,198,143,198,143,198,0.2,17,15.523448861662413,3,0.009472052071168517,0.0
206,0,18,0.1,projected_sparsity_noise,423,558.4102793503364,198,143,198,143,57,71,70,8.702155081363271,3.1232486148640638e-15,accepted_child,143,198,143,198,143,198,143,198,143,198,0.2,17,15.523448861662413,3,0.00974082054352918,0.06
207,0,18,0.1,projected_sparsity_noise,423,558.445902363406,198,143,198,143,57,71,70,8.691321334291137,4.763287950001118e-15,accepted_child,143,198,143,198,143,198,143,198,143,198,0.2,17,15.523448861662413,3,0.010005175939856786,0.12
197,186,18,0.1,projected_sparsity_noise,423,519.1385218253729,198,143,198,143,57,71,70,9.910894015774378,5.244018989568426e-15,frontier,139,194,142,197,143,198,143,198,143,198,,,,,,
196,186,18,0.1,projected_sparsity,423,519.1818195418986,198,143,198,143,57,71,70,9.909371945370115,3.0714094685582416e-15,frontier,139,194,143,198,143,198,143,198,143,198,,,,,,
199,184,18,0.1,projected_sparsity,423,519.2261085633287,198,143,198,143,57,71,70,9.90413898721883,3.660103585265764e-15,frontier,139,194,143,198,143,198,143,198,143,198,,,,,,
0,-1,0,0.1,retau:initial,423,561.0161260875857,198,143,198,143,57,71,70,8.639924364388474,1.6636573637991994e-13,frontier,143,198,143,198,143,198,143,198,143,198,,,,,,
208,197,19,0.1,projected_sparsity,423,517.6186980644525,198,143,198,143,57,71,70,9.949686623545764,3.861465066732975e-15,accepted_child,139,194,142,197,143,198,143,198,143,198,0.2,17,15.059281351557603,3,0.01483892361218443,0.0
209,197,19,0.1,projected_sparsity_noise,423,517.5290558665182,198,143,198,143,57,71,70,9.951810688683668,4.194213912420859e-15,accepted_child,142,197,142,197,143,198,143,198,143,198,0.2,17,15.059281351557603,3,0.014440477279649543,0.06
210,197,19,0.1,projected_sparsity_noise,423,517.5403923397189,198,143,198,143,57,71,70,9.950224217593151,3.957376566620454e-15,accepted_child,139,194,142,197,143,198,143,198,143,198,0.2,17,15.059281351557603,3,0.013710485923380221,0.12
211,196,19,0.1,projected_sparsity,423,517.6442330328348,198,143,198,143,57,71,70,9.947792943272141,3.5192144801796337e-15,accepted_child,139,194,139,194,143,198,143,198,143,198,0.2,17,15.20961624793105,3,0.015068807648483626,0.0
212,196,19,0.1,projected_sparsity_noise,423,517.6384299323073,198,143,198,143,57,71,70,9.947997885107599,3.048046866378851e-15,accepted_child,139,194,143,198,143,198,143,198,143,198,0.2,17,15.20961624793105,3,0.014995409161184775,0.06
213,196,19,0.1,projected_sparsity_noise,423,517.6944948409114,198,143,198,143,57,71,70,9.945538218073516,3.80800696571726e-15,accepted_child,142,197,143,198,143,198,143,198,143,198,0.2,17,15.20961624793105,3,0.015955380032311915,0.12
214,199,19,0.1,projected_sparsity,423,517.7142689189495,198,143,198,143,57,71,70,9.94334000908748,3.4436043051072123e-15,accepted_child,139,194,140,195,143,198,143,198,143,198,0.2,17,15.049824673136253,3,0.014847460995425348,0.0
215,199,19,0.1,projected_sparsity_noise,423,517.7513989898227,198,143,198,143,57,71,70,9.937567686801819,3.893605759245534e-15,accepted_child,139,194,143,198,143,198,143,198,143,198,0.2,17,15.049824673136253,3,0.015213861134100958,0.06
216,199,19,0.1,projected_sparsity_noise,423,517.6012380753853,198,143,198,143,57,71,70,9.94741151362974,2.969792556881352e-15,accepted_child,142,197,142,197,143,198,143,198,143,198,0.2,17,15.049824673136253,3,0.01305771768718507,0.12
217,0,19,0.1,projected_sparsity,423,558.385952580556,198,143,198,143,57,71,70,8.70297093568372,4.537248080290891e-15,accepted_child,143,198,143,198,143,198,143,198,143,198,0.2,17,15.523448861662413,3,0.009472052071168517,0.0
218,0,19,0.1,projected_sparsity_noise,423,558.4274444426975,198,143,198,143,57,71,70,8.70525882576502,3.5622435007499656e-15,accepted_child,143,198,143,198,143,198,143,198,143,198,0.2,17,15.523448861662413,3,0.009635723321391532,0.06
219,0,19,0.1,projected_sparsity_noise,423,558.3861574799906,198,143,198,143,57,71,70,8.702955725759294,4.454614335979089e-15,accepted_child,143,198,143,198,143,198,143,198,143,198,0.2,17,15.523448861662413,3,0.009175897698096932,0.12
209,197,19,0.1,projected_sparsity_noise,423,517.5290558665182,198,143,198,143,57,71,70,9.951810688683668,4.194213912420859e-15,frontier,142,197,142,197,143,198,143,198,143,198,,,,,,
210,197,19,0.1,projected_sparsity_noise,423,517.5403923397189,198,143,198,143,57,71,70,9.950224217593151,3.957376566620454e-15,frontier,139,194,142,197,143,198,143,198,143,198,,,,,,
216,199,19,0.1,projected_sparsity_noise,423,517.6012380753853,198,143,198,143,57,71,70,9.94741151362974,2.969792556881352e-15,frontier,142,197,142,197,143,198,143,198,143,198,,,,,,
0,-1,0,0.1,retau:initial,423,561.0161260875857,198,143,198,143,57,71,70,8.639924364388474,1.6636573637991994e-13,frontier,143,198,143,198,143,198,143,198,143,198,,,,,,
220,209,20,0.1,projected_sparsity,423,516.0007553220433,198,143,198,143,57,71,70,9.990191988297378,2.7783337713183507e-15,accepted_child,139,194,142,197,143,198,143,198,143,198,0.2,17,14.986400011330117,3,0.014525100923102474,0.0
221,209,20,0.1,projected_sparsity_noise,423,516.0575950974896,198,143,198,143,57,71,70,9.989632851150828,4.9402259943501815e-15,accepted_child,139,194,142,197,143,198,143,198,143,198,0.2,17,14.986400011330117,3,0.01502852533340843,0.06
222,209,20,0.1,projected_sparsity_noise,423,515.9554204155014,198,143,198,143,57,71,70,9.997821253197104,3.016905000437476e-15,accepted_child,142,197,143,198,143,198,143,198,143,198,0.2,17,14.986400011330117,3,0.014149411962003932,0.12
223,210,20,0.1,projected_sparsity,423,516.017388954202,198,143,198,143,57,71,70,9.987687390427697,3.972950035533564e-15,accepted_child,138,193,142,197,143,198,143,198,143,198,0.2,17,14.942206106183743,3,0.014239138568243203,0.0
224,210,20,0.1,projected_sparsity_noise,423,516.0445704727629,198,143,198,143,57,71,70,9.989795380153343,3.4132539778563266e-15,accepted_child,142,197,142,197,143,198,143,198,143,198,0.2,17,14.942206106183743,3,0.01452252580214226,0.06
225,210,20,0.1,projected_sparsity_noise,423,516.0488720627188,198,143,198,143,57,71,70,9.98707101074319,3.4384117282532114e-15,accepted_child,139,194,143,198,143,198,143,198,143,198,0.2,17,14.942206106183743,3,0.014148409026157776,0.12
226,216,20,0.1,projected_sparsity,423,516.0898885752835,198,143,198,143,57,71,70,9.985615408015324,4.116712498014228e-15,accepted_child,141,196,142,197,143,198,143,198,143,198,0.2,17,14.82145048661942,3,0.014023330814353691,0.0
227,216,20,0.1,projected_sparsity_noise,423,516.157185681783,198,143,198,143,57,71,70,9.98290376254954,4.047019070687421e-15,accepted_child,142,197,142,197,143,198,143,198,143,198,0.2,17,14.82145048661942,3,0.014334070024163563,0.06
228,216,20,0.1,projected_sparsity_noise,423,516.1616210025725,198,143,198,143,57,71,70,9.981182099402185,3.806197414688761e-15,accepted_child,142,197,142,197,143,198,143,198,143,198,0.2,17,14.82145048661942,3,0.014630278269156999,0.12
229,0,20,0.1,projected_sparsity,423,558.385952580556,198,143,198,143,57,71,70,8.70297093568372,4.537248080290891e-15,accepted_child,143,198,143,198,143,198,143,198,143,198,0.2,17,15.523448861662413,3,0.009472052071168517,0.0
230,0,20,0.1,projected_sparsity_noise,423,558.4536549777761,198,143,198,143,57,71,70,8.698312280620689,4.285130611185306e-15,accepted_child,143,198,143,198,143,198,143,198,143,198,0.2,17,15.523448861662413,3,0.01078949834391504,0.06
231,0,20,0.1,projected_sparsity_noise,423,558.4129194942566,198,143,198,143,57,71,70,8.697906117908918,3.530150599784068e-15,accepted_child,143,198,143,198,143,198,143,198,143,198,0.2,17,15.523448861662413,3,0.010008591056289923,0.12
222,209,20,0.1,projected_sparsity_noise,423,515.9554204155014,198,143,198,143,57,71,70,9.997821253197104,3.016905000437476e-15,frontier,142,197,143,198,143,198,143,198,143,198,,,,,,
220,209,20,0.1,projected_sparsity,423,516.0007553220433,198,143,198,143,57,71,70,9.990191988297378,2.7783337713183507e-15,frontier,139,194,142,197,143,198,143,198,143,198,,,,,,
223,210,20,0.1,projected_sparsity,423,516.017388954202,198,143,198,143,57,71,70,9.987687390427697,3.972950035533564e-15,frontier,138,193,142,197,143,198,143,198,143,198,,,,,,
0,-1,0,0.1,retau:initial,423,561.0161260875857,198,143,198,143,57,71,70,8.639924364388474,1.6636573637991994e-13,frontier,143,198,143,198,143,198,143,198,143,198,,,,,,
232,222,21,0.1,projected_sparsity,423,514.4501116435155,198,143,198,143,57,71,70,10.035042654297703,3.573380398377942e-15,accepted_child,139,194,143,198,143,198,143,198,143,198,0.2,17,15.049613412818426,3,0.014504139275115603,0.0
233,222,21,0.1,projected_sparsity_noise,423,514.4792197377828,198,143,198,143,57,71,70,10.037280808177737,4.129240536585958e-15,accepted_child,142,197,143,198,143,198,143,198,143,198,0.2,17,15.049613412818426,3,0.014693876603454894,0.06
234,222,21,0.1,projected_sparsity_noise,423,514.3270418266428,198,143,198,143,57,71,70,10.035131902841469,4.421765023845091e-15,accepted_child,140,195,143,198,143,198,143,198,143,198,0.2,17,15.049613412818426,3,0.013734251232206205,0.12
235,220,21,0.1,projected_sparsity,423,514.4678504954127,198,143,198,143,57,71,70,10.027349998732516,3.845429682715162e-15,accepted_child,139,194,143,198,143,198,143,198,143,198,0.2,17,15.256647766396306,3,0.014673189039285823,0.0
236,220,21,0.1,projected_sparsity_noise,423,514.4081599294361,198,143,198,143,57,71,70,10.027426072290565,2.9801469423232134e-15,accepted_child,142,197,143,198,143,198,143,198,143,198,0.2,17,15.256647766396306,3,0.014435024299254579,0.06
237,220,21,0.1,projected_sparsity_noise,423,514.4881645423153,198,143,198,143,57,71,70,10.026786840029775,4.4908053534902845e-15,accepted_child,139,194,143,198,143,198,143,198,143,198,0.2,17,15.256647766396306,3,0.014293876404128244,0.12
238,223,21,0.1,projected_sparsity,423,514.480641379421,198,143,198,143,57,71,70,10.024355006118553,4.373922982974664e-15,accepted_child,139,194,143,198,143,198,143,198,143,198,0.2,17,15.280500870240878,3,0.014705501661945251,0.0
239,223,21,0.1,projected_sparsity_noise,423,514.4095774618528,198,143,198,143,57,71,70,10.024813458397123,4.4242390729746095e-15,accepted_child,142,197,143,198,143,198,143,198,143,198,0.2,17,15.280500870240878,3,0.013946152141921358,0.06
240,223,21,0.1,projected_sparsity_noise,423,514.5086102046532,198,143,198,143,57,71,70,10.029442880261232,3.104811310064567e-15,accepted_child,142,197,142,197,143,198,143,198,143,198,0.2,17,15.280500870240878,3,0.014196390120681463,0.12
241,0,21,0.1,projected_sparsity,423,558.385952580556,198,143,198,143,57,71,70,8.70297093568372,4.537248080290891e-15,accepted_child,143,198,143,198,143,198,143,198,143,198,0.2,17,15.523448861662413,3,0.009472052071168517,0.0
242,0,21,0.1,projected_sparsity_noise,423,558.3693346221842,198,143,198,143,57,71,70,8.703425327224764,4.072235396748958e-15,accepted_child,143,198,143,198,143,198,143,198,143,198,0.2,17,15.523448861662413,3,0.009826880065099195,0.06
243,0,21,0.1,projected_sparsity_noise,423,558.3927440749246,198,143,198,143,57,71,70,8.697757649556634,3.765680229776831e-15,accepted_child,143,198,143,198,143,198,143,198,143,198,0.2,17,15.523448861662413,3,0.010467693570999423,0.12
234,222,21,0.1,projected_sparsity_noise,423,514.3270418266428,198,143,198,143,57,71,70,10.035131902841469,4.421765023845091e-15,frontier,140,195,143,198,143,198,143,198,143,198,,,,,,
236,220,21,0.1,projected_sparsity_noise,423,514.4081599294361,198,143,198,143,57,71,70,10.027426072290565,2.9801469423232134e-15,frontier,142,197,143,198,143,198,143,198,143,198,,,,,,
239,223,21,0.1,projected_sparsity_noise,423,514.4095774618528,198,143,198,143,57,71,70,10.024813458397123,4.4242390729746095e-15,frontier,142,197,143,198,143,198,143,198,143,198,,,,,,
0,-1,0,0.1,retau:initial,423,561.0161260875857,198,143,198,143,57,71,70,8.639924364388474,1.6636573637991994e-13,frontier,143,198,143,198,143,198,143,198,143,198,,,,,,
244,234,22,0.1,projected_sparsity,423,512.9743917302868,198,143,198,143,57,71,70,10.073263175290709,3.784327359622739e-15,accepted_child,140,195,143,198,143,198,143,198,143,198,0.2,17,14.560744165965462,3,0.014226565530836895,0.0
245,234,22,0.1,projected_sparsity_noise,423,512.9941727219541,198,143,198,143,57,71,70,10.07227689307816,4.99297003405624e-15,accepted_child,142,197,143,198,143,198,143,198,143,198,0.2,17,14.560744165965462,3,0.014253039342103202,0.06
246,234,22,0.1,projected_sparsity_noise,423,512.936970368042,198,143,198,143,57,71,70,10.072966375765729,3.064532688658878e-15,accepted_child,142,197,143,198,143,198,143,198,143,198,0.2,17,14.560744165965462,3,0.014069183055939133,0.12
247,236,22,0.1,projected_sparsity,423,513.0367949257655,198,143,198,143,57,71,70,10.066180343997889,4.192198822391784e-15,accepted_child,142,197,143,198,143,198,143,198,143,198,0.2,17,14.72125737360866,3,0.014741872084426882,0.0
248,236,22,0.1,projected_sparsity_noise,423,513.1193570257483,198,143,198,143,57,71,70,10.066523014191452,3.5491516276236814e-15,accepted_child,142,197,143,198,143,198,143,198,143,198,0.2,17,14.72125737360866,3,0.015262783626963823,0.06
249,236,22,0.1,projected_sparsity_noise,423,513.1200651644119,198,143,198,143,57,71,70,10.063283000801977,4.492535474345161e-15,accepted_child,142,197,143,198,143,198,143,198,143,198,0.2,17,14.72125737360866,3,0.015654919911255425,0.12
250,239,22,0.1,projected_sparsity,423,513.0425507078164,198,143,198,143,57,71,70,10.063758805655766,2.6155500083692092e-15,accepted_child,142,197,143,198,143,198,143,198,143,198,0.2,17,14.672754801937307,3,0.014516543274334909,0.0
251,239,22,0.1,projected_sparsity_noise,423,513.091952263076,198,143,198,143,57,71,70,10.061171688191958,3.067924149635677e-15,accepted_child,142,197,143,198,143,198,143,198,143,198,0.2,17,14.672754801937307,3,0.014784974409702839,0.06
252,239,22,0.1,projected_sparsity_noise,423,513.039344632329,198,143,198,143,57,71,70,10.061402878032174,3.0305471371967875e-15,accepted_child,142,197,143,198,143,198,143,198,143,198,0.2,17,14.672754801937307,3,0.013728343425836379,0.12
253,0,22,0.1,projected_sparsity,423,558.385952580556,198,143,198,143,57,71,70,8.70297093568372,4.537248080290891e-15,accepted_child,143,198,143,198,143,198,143,198,143,198,0.2,17,15.523448861662413,3,0.009472052071168517,0.0
254,0,22,0.1,projected_sparsity_noise,423,558.4454169146986,198,143,198,143,57,71,70,8.705075251877199,4.16187974309724e-15,accepted_child,143,198,143,198,143,198,143,198,143,198,0.2,17,15.523448861662413,3,0.009281184289269174,0.06
255,0,22,0.1,projected_sparsity_noise,423,558.372791749649,198,143,198,143,57,71,70,8.70406236279938,2.9075716093786645e-15,accepted_child,143,198,143,198,143,198,143,198,143,198,0.2,17,15.523448861662413,3,0.010264168540902646,0.12
246,234,22,0.1,projected_sparsity_noise,423,512.936970368042,198,143,198,143,57,71,70,10.072966375765729,3.064532688658878e-15,frontier,142,197,143,198,143,198,143,198,143,198,,,,,,
245,234,22,0.1,projected_sparsity_noise,423,512.9941727219541,198,143,198,143,57,71,70,10.07227689307816,4.99297003405624e-15,frontier,142,197,143,198,143,198,143,198,143,198,,,,,,
247,236,22,0.1,projected_sparsity,423,513.0367949257655,198,143,198,143,57,71,70,10.066180343997889,4.192198822391784e-15,frontier,142,197,143,198,143,198,143,198,143,198,,,,,,
0,-1,0,0.1,retau:initial,423,561.0161260875857,198,143,198,143,57,71,70,8.639924364388474,1.6636573637991994e-13,frontier,143,198,143,198,143,198,143,198,143,198,,,,,,
256,246,23,0.1,projected_sparsity,423,511.7525402178502,198,143,198,143,57,71,70,10.111510642832148,4.984889327734643e-15,accepted_child,139,194,143,198,143,198,143,198,143,198,0.2,17,14.574751270708074,3,0.01589409960996114,0.0
257,246,23,0.1,projected_sparsity_noise,423,511.72262023437054,198,143,198,143,57,71,70,10.108698142935182,3.756659764986591e-15,accepted_child,139,194,143,198,143,198,143,198,143,198,0.2,17,14.574751270708074,3,0.015612212219734974,0.06
258,246,23,0.1,projected_sparsity_noise,423,511.6407771439326,198,143,198,143,57,71,70,10.1100321661999,4.2338869271375295e-15,accepted_child,142,197,143,198,143,198,143,198,143,198,0.2,17,14.574751270708074,3,0.014244117630806272,0.12
259,245,23,0.1,projected_sparsity,423,511.76784827693683,198,143,198,143,57,71,70,10.109800921862844,4.06693940277737e-15,accepted_child,139,194,143,198,143,198,143,198,143,198,0.2,17,14.792502513951996,3,0.016164264377731368,0.0
260,245,23,0.1,projected_sparsity_noise,423,511.7367676405912,198,143,198,143,57,71,70,10.10792178819617,3.730035717276236e-15,accepted_child,139,194,143,198,143,198,143,198,143,198,0.2,17,14.792502513951996,3,0.016125267153338504,0.06
261,245,23,0.1,projected_sparsity_noise,423,511.72548105055597,198,143,198,143,57,71,70,10.11379333652051,4.575517186274997e-15,accepted_child,142,197,143,198,143,198,143,198,143,198,0.2,17,14.792502513951996,3,0.016142350063256095,0.12
262,247,23,0.1,projected_sparsity,423,511.82788604734844,198,143,198,143,57,71,70,10.10423451555696,3.045823415936155e-15,accepted_child,142,197,143,198,143,198,143,198,143,198,0.2,17,14.688829921248535,3,0.015902669734316328,0.0
263,247,23,0.1,projected_sparsity_noise,423,511.8016378406262,198,143,198,143,57,71,70,10.106149817564647,3.426727593087513e-15,accepted_child,139,194,143,198,143,198,143,198,143,198,0.2,17,14.688829921248535,3,0.015406793880304047,0.06
264,247,23,0.1,projected_sparsity_noise,423,511.74497363620344,198,143,198,143,57,71,70,10.110111612699766,2.605912361760046e-15,accepted_child,142,197,143,198,143,198,143,198,143,198,0.2,17,14.688829921248535,3,0.015733595588370442,0.12
265,0,23,0.1,projected_sparsity,423,558.385952580556,198,143,198,143,57,71,70,8.70297093568372,4.537248080290891e-15,accepted_child,143,198,143,198,143,198,143,198,143,198,0.2,17,15.523448861662413,3,0.009472052071168517,0.0
266,0,23,0.1,projected_sparsity_noise,423,558.378701358299,198,143,198,143,57,71,70,8.702736739965163,3.2724761328808622e-15,accepted_child,143,198,143,198,143,198,143,198,143,198,0.2,17,15.523448861662413,3,0.009600046028075621,0.06
267,0,23,0.1,projected_sparsity_noise,423,558.4696022295573,198,143,198,143,57,71,70,8.703533423190628,3.206132690572043e-15,accepted_child,143,198,143,198,143,198,143,198,143,198,0.2,17,15.523448861662413,3,0.008989388435267507,0.12
258,246,23,0.1,projected_sparsity_noise,423,511.6407771439326,198,143,198,143,57,71,70,10.1100321661999,4.2338869271375295e-15,frontier,142,197,143,198,143,198,143,198,143,198,,,,,,
257,246,23,0.1,projected_sparsity_noise,423,511.72262023437054,198,143,198,143,57,71,70,10.108698142935182,3.756659764986591e-15,frontier,139,194,143,198,143,198,143,198,143,198,,,,,,
260,245,23,0.1,projected_sparsity_noise,423,511.7367676405912,198,143,198,143,57,71,70,10.10792178819617,3.730035717276236e-15,frontier,139,194,143,198,143,198,143,198,143,198,,,,,,
0,-1,0,0.1,retau:initial,423,561.0161260875857,198,143,198,143,57,71,70,8.639924364388474,1.6636573637991994e-13,frontier,143,198,143,198,143,198,143,198,143,198,,,,,,
268,258,24,0.1,projected_sparsity,423,510.73211787424555,198,143,198,143,57,71,70,10.150470266316434,3.696563802797508e-15,accepted_child,142,197,143,198,143,198,143,198,143,198,0.2,17,13.8415354375446,3,0.016569814572569938,0.0
269,258,24,0.1,projected_sparsity_noise,423,510.7043507402045,198,143,198,143,57,71,70,10.15060550579349,3.7142614088204765e-15,accepted_child,142,197,143,198,143,198,143,198,143,198,0.2,17,13.8415354375446,3,0.01640840216455674,0.06
270,258,24,0.1,projected_sparsity_noise,423,510.6953305183406,198,143,198,143,57,71,70,10.152206293011913,3.689293625097369e-15,accepted_child,142,197,143,198,143,198,143,198,143,198,0.2,17,13.8415354375446,3,0.015889705645310757,0.12
271,257,24,0.1,projected_sparsity,423,510.7654759700979,198,143,198,143,57,71,70,10.148289122616193,3.3231881058012774e-15,accepted_child,139,194,143,198,143,198,143,198,143,198,0.2,17,14.138599043846812,3,0.017157333083043166,0.0
272,257,24,0.1,projected_sparsity_noise,423,510.7025093748838,198,143,198,143,57,71,70,10.152660885798577,2.6660352268314517e-15,accepted_child,139,194,143,198,143,198,143,198,143,198,0.2,17,14.138599043846812,3,0.016279465863298485,0.06
273,257,24,0.1,projected_sparsity_noise,423,510.68211032918805,198,143,198,143,57,71,70,10.15480940986047,2.8957596479971165e-15,accepted_child,142,197,143,198,143,198,143,198,143,198,0.2,17,14.138599043846812,3,0.016851673893660497,0.12
274,260,24,0.1,projected_sparsity,423,510.77663113000114,198,143,198,143,57,71,70,10.146512197561075,2.9165172630406277e-15,accepted_child,139,194,143,198,143,198,143,198,143,198,0.2,17,14.106594066752718,3,0.017031987622030086,0.0
275,260,24,0.1,projected_sparsity_noise,423,510.80063346351443,198,143,198,143,57,71,70,10.144909419657148,4.115104816062758e-15,accepted_child,139,194,143,198,143,198,143,198,143,198,0.2,17,14.106594066752718,3,0.017288437769340866,0.06
276,260,24,0.1,projected_sparsity_noise,423,510.8985165032109,198,143,198,143,57,71,70,10.149800765566319,3.817695947437312e-15,accepted_child,142,197,143,198,143,198,143,198,143,198,0.2,17,14.106594066752718,3,0.018691247557249154,0.12
277,0,24,0.1,projected_sparsity,423,558.385952580556,198,143,198,143,57,71,70,8.70297093568372,4.537248080290891e-15,accepted_child,143,198,143,198,143,198,143,198,143,198,0.2,17,15.523448861662413,3,0.009472052071168517,0.0
278,0,24,0.1,projected_sparsity_noise,423,558.3977411839041,198,143,198,143,57,71,70,8.70381669424893,2.95779771098205e-15,accepted_child,143,198,143,198,143,198,143,198,143,198,0.2,17,15.523448861662413,3,0.009909171092453099,0.06
279,0,24,0.1,projected_sparsity_noise,423,558.4444061649056,198,143,198,143,57,71,70,8.70555561371412,3.3019842754116557e-15,accepted_child,143,198,143,198,143,198,143,198,143,198,0.2,17,15.523448861662413,3,0.00983302706148066,0.12
273,257,24,0.1,projected_sparsity_noise,423,510.68211032918805,198,143,198,143,57,71,70,10.15480940986047,2.8957596479971165e-15,frontier,142,197,143,198,143,198,143,198,143,198,,,,,,
270,258,24,0.1,projected_sparsity_noise,423,510.6953305183406,198,143,198,143,57,71,70,10.152206293011913,3.689293625097369e-15,frontier,142,197,143,198,143,198,143,198,143,198,,,,,,
269,258,24,0.1,projected_sparsity_noise,423,510.7043507402045,198,143,198,143,57,71,70,10.15060550579349,3.7142614088204765e-15,frontier,142,197,143,198,143,198,143,198,143,198,,,,,,
0,-1,0,0.1,retau:initial,423,561.0161260875857,198,143,198,143,57,71,70,8.639924364388474,1.6636573637991994e-13,frontier,143,198,143,198,143,198,143,198,143,198,,,,,,
280,273,25,0.1,projected_sparsity,423,509.87362564606786,198,143,198,143,57,71,70,10.192110590730959,4.94895473383307e-15,accepted_child,142,197,143,198,143,198,143,198,143,198,0.2,17,13.850603123010838,3,0.018598574426320656,0.0
281,273,25,0.1,projected_sparsity_noise,423,509.85563592227993,198,143,198,143,57,71,70,10.194681582422348,4.095989460879034e-15,accepted_child,140,195,143,198,143,198,143,198,143,198,0.2,17,13.850603123010838,3,0.018700374839970814,0.06
282,273,25,0.1,projected_sparsity_noise,423,509.8761545801051,198,143,198,143,57,71,70,10.19030610130101,3.1118723455629747e-15,accepted_child,142,197,143,198,143,198,143,198,143,198,0.2,17,13.850603123010838,3,0.018147961381422387,0.12
283,270,25,0.1,projected_sparsity,423,509.8239181898931,198,143,198,143,57,71,70,10.189784227468737,3.499192610398919e-15,accepted_child,142,197,143,198,143,198,143,198,143,198,0.2,17,14.092016653042467,3,0.018817676774175965,0.0
284,270,25,0.1,projected_sparsity_noise,423,509.88866198130575,198,143,198,143,57,71,70,10.186274898675553,3.1060403690059763e-15,accepted_child,140,195,143,198,143,198,143,198,143,198,0.2,17,14.092016653042467,3,0.01946931693657784,0.06
285,270,25,0.1,projected_sparsity_noise,423,509.7614210807468,198,143,198,143,57,71,70,10.198004226333508,3.767092583327299e-15,accepted_child,142,197,143,198,143,198,143,198,143,198,0.2,17,14.092016653042467,3,0.017613540757153517,0.12
286,269,25,0.1,projected_sparsity,423,509.8153158418446,198,143,198,143,57,71,70,10.187726714695769,4.624100879627799e-15,accepted_child,142,197,143,198,143,198,143,198,143,198,0.2,17,14.171125341219383,3,0.018992729613036875,0.0
287,269,25,0.1,projected_sparsity_noise,423,509.7863396618003,198,143,198,143,57,71,70,10.191252688739745,2.9530476426903515e-15,accepted_child,142,197,143,198,143,198,143,198,143,198,0.2,17,14.171125341219383,3,0.01864229354974499,0.06
288,269,25,0.1,projected_sparsity_noise,423,509.90057758886127,198,143,198,143,57,71,70,10.181977065131811,3.16338221162768e-15,accepted_child,142,197,143,198,143,198,143,198,143,198,0.2,17,14.171125341219383,3,0.019126627711325,0.12
289,0,25,0.1,projected_sparsity,423,558.385952580556,198,143,198,143,57,71,70,8.70297093568372,4.537248080290891e-15,accepted_child,143,198,143,198,143,198,143,198,143,198,0.2,17,15.523448861662413,3,0.009472052071168517,0.0
290,0,25,0.1,projected_sparsity_noise,423,558.4495155779172,198,143,198,143,57,71,70,8.700352419813733,5.7577066381090334e-15,accepted_child,143,198,143,198,143,198,143,198,143,198,0.2,17,15.523448861662413,3,0.009498398614042485,0.06
291,0,25,0.1,projected_sparsity_noise,423,558.4052969711001,198,143,198,143,57,71,70,8.699550217955531,3.2789599000790403e-15,accepted_child,143,198,143,198,143,198,143,198,143,198,0.2,17,15.523448861662413,3,0.011297267458385787,0.12
285,270,25,0.1,projected_sparsity_noise,423,509.7614210807468,198,143,198,143,57,71,70,10.198004226333508,3.767092583327299e-15,frontier,142,197,143,198,143,198,143,198,143,198,,,,,,
287,269,25,0.1,projected_sparsity_noise,423,509.7863396618003,198,143,198,143,57,71,70,10.191252688739745,2.9530476426903515e-15,frontier,142,197,143,198,143,198,143,198,143,198,,,,,,
286,269,25,0.1,projected_sparsity,423,509.8153158418446,198,143,198,143,57,71,70,10.187726714695769,4.624100879627799e-15,frontier,142,197,143,198,143,198,143,198,143,198,,,,,,
0,-1,0,0.1,retau:initial,423,561.0161260875857,198,143,198,143,57,71,70,8.639924364388474,1.6636573637991994e-13,frontier,143,198,143,198,143,198,143,198,143,198,,,,,,
292,285,26,0.1,projected_sparsity,423,509.01724703425754,198,143,198,143,57,71,70,10.234249862377483,3.426146297245324e-15,accepted_child,142,197,143,198,143,198,143,198,143,198,0.2,17,13.728758837605898,3,0.01890577242552126,0.0
293,285,26,0.1,projected_sparsity_noise,423,508.97619815094015,198,143,198,143,57,71,70,10.23790552418978,3.3892888351395958e-15,accepted_child,142,197,143,198,143,198,143,198,143,198,0.2,17,13.728758837605898,3,0.018303598338671425,0.06
294,285,26,0.1,projected_sparsity_noise,423,509.0238644786061,198,143,198,143,57,71,70,10.232758938444245,3.879716104982565e-15,accepted_child,142,197,143,198,143,198,143,198,143,198,0.2,17,13.728758837605898,3,0.01804765330351244,0.12
295,287,26,0.1,projected_sparsity,423,509.0261549753068,198,143,198,143,57,71,70,10.226914177956315,4.447176063946164e-15,accepted_child,142,197,143,198,143,198,143,198,143,198,0.2,17,13.814881345597806,3,0.019035896811743544,0.0
296,287,26,0.1,projected_sparsity_noise,423,509.05230816290145,198,143,198,143,57,71,70,10.222317235974833,2.9454013721114835e-15,accepted_child,142,197,143,198,143,198,143,198,143,198,0.2,17,13.814881345597806,3,0.01908522392217101,0.06
297,287,26,0.1,projected_sparsity_noise,423,509.1614102119207,198,143,198,143,57,71,70,10.220926754179912,3.3659165394146375e-15,accepted_child,142,197,143,198,143,198,143,198,143,198,0.2,17,13.814881345597806,3,0.020737494466364786,0.12
298,286,26,0.1,projected_sparsity,423,509.027459460484,198,143,198,143,57,71,70,10.223742717083336,3.3242105306079443e-15,accepted_child,142,197,143,198,143,198,143,198,143,198,0.2,17,13.91052986866441,3,0.019118223507426757,0.0
299,286,26,0.1,projected_sparsity_noise,423,509.03329999455934,198,143,198,143,57,71,70,10.22710847364528,4.196197922565141e-15,accepted_child,142,197,143,198,143,198,143,198,143,198,0.2,17,13.91052986866441,3,0.019154349701666365,0.06
300,286,26,0.1,projected_sparsity_noise,423,509.03985218191895,198,143,198,143,57,71,70,10.226275825488333,4.1516878973161364e-15,accepted_child,142,197,143,198,143,198,143,198,143,198,0.2,17,13.91052986866441,3,0.019233291903636776,0.12
301,0,26,0.1,projected_sparsity,423,558.385952580556,198,143,198,143,57,71,70,8.70297093568372,4.537248080290891e-15,accepted_child,143,198,143,198,143,198,143,198,143,198,0.2,17,15.523448861662413,3,0.009472052071168517,0.0
302,0,26,0.1,projected_sparsity_noise,423,558.3742161424467,198,143,198,143,57,71,70,8.70517139095324,3.637400142877909e-15,accepted_child,143,198,143,198,143,198,143,198,143,198,0.2,17,15.523448861662413,3,0.009150477661969122,0.06
303,0,26,0.1,projected_sparsity_noise,423,558.4503275565262,198,143,198,143,57,71,70,8.70088083636277,2.637188233455946e-15,accepted_child,143,198,143,198,143,198,143,198,143,198,0.2,17,15.523448861662413,3,0.010383494066513958,0.12
293,285,26,0.1,projected_sparsity_noise,423,508.97619815094015,198,143,198,143,57,71,70,10.23790552418978,3.3892888351395958e-15,frontier,142,197,143,198,143,198,143,198,143,198,,,,,,
292,285,26,0.1,projected_sparsity,423,509.01724703425754,198,143,198,143,57,71,70,10.234249862377483,3.426146297245324e-15,frontier,142,197,143,198,143,198,143,198,143,198,,,,,,
294,285,26,0.1,projected_sparsity_noise,423,509.0238644786061,198,143,198,143,57,71,70,10.232758938444245,3.879716104982565e-15,frontier,142,197,143,198,143,198,143,198,143,198,,,,,,
0,-1,0,0.1,retau:initial,423,561.0161260875857,198,143,198,143,57,71,70,8.639924364388474,1.6636573637991994e-13,frontier,143,198,143,198,143,198,143,198,143,198,,,,,,
304,293,27,0.1,projected_sparsity,423,508.1958009689945,198,143,198,143,57,71,70,10.271254634263435,4.041611715837008e-15,accepted_child,140,195,143,198,143,198,143,198,143,198,0.2,17,13.941199420576849,3,0.019863687455510544,0.0
305,293,27,0.1,projected_sparsity_noise,423,508.13400900056695,198,143,198,143,57,71,70,10.273514711872085,3.4380784184836764e-15,accepted_child,139,194,143,198,143,198,143,198,143,198,0.2,17,13.941199420576849,3,0.019471644310785532,0.06
306,293,27,0.1,projected_sparsity_noise,423,508.2454764057388,198,143,198,143,57,71,70,10.270110844747714,3.590406804730033e-15,accepted_child,139,194,142,197,143,198,143,198,143,198,0.2,17,13.941199420576849,3,0.020599401505044763,0.12
307,292,27,0.1,projected_sparsity,423,508.2021268954741,198,143,198,143,57,71,70,10.267958182575326,3.3830767838626112e-15,accepted_child,142,197,143,198,143,198,143,198,143,198,0.2,17,14.054687866866315,3,0.020023923163184163,0.0
308,292,27,0.1,projected_sparsity_noise,423,508.2106474130681,198,143,198,143,57,71,70,10.269893894199647,3.633603970846471e-15,accepted_child,142,197,143,198,143,198,143,198,143,198,0.2,17,14.054687866866315,3,0.020140696850605787,0.06
309,292,27,0.1,projected_sparsity_noise,423,508.2408726753031,198,143,198,143,57,71,70,10.271262417903266,2.895029202036282e-15,accepted_child,142,197,143,198,143,198,143,198,143,198,0.2,17,14.054687866866315,3,0.01988817529108214,0.12
310,294,27,0.1,projected_sparsity,423,508.2327989536609,198,143,198,143,57,71,70,10.266929388293178,3.967356329889905e-15,accepted_child,142,197,143,198,143,198,143,198,143,198,0.2,17,13.977254860904281,3,0.019746328309817013,0.0
311,294,27,0.1,projected_sparsity_noise,423,508.2695457624585,198,143,198,143,57,71,70,10.262873077186612,3.003478601332716e-15,accepted_child,142,197,143,198,143,198,143,198,143,198,0.2,17,13.977254860904281,3,0.020014669618939246,0.06
312,294,27,0.1,projected_sparsity_noise,423,508.273968718766,198,143,198,143,57,71,70,10.264996178172444,3.135324144601342e-15,accepted_child,142,197,143,198,143,198,143,198,143,198,0.2,17,13.977254860904281,3,0.020188590609949347,0.12
313,0,27,0.1,projected_sparsity,423,558.385952580556,198,143,198,143,57,71,70,8.70297093568372,4.537248080290891e-15,accepted_child,143,198,143,198,143,198,143,198,143,198,0.2,17,15.523448861662413,3,0.009472052071168517,0.0
314,0,27,0.1,projected_sparsity_noise,423,558.3590304680242,198,143,198,143,57,71,70,8.704195040944585,3.699365771452596e-15,accepted_child,143,198,143,198,143,198,143,198,143,198,0.2,17,15.523448861662413,3,0.010067498643423389,0.06
315,0,27,0.1,projected_sparsity_noise,423,558.3091895120891,198,143,198,143,57,71,70,8.710480600218204,2.937469651793589e-15,accepted_child,143,198,143,198,143,198,143,198,143,198,0.2,17,15.523448861662413,3,0.009967433181982868,0.12
305,293,27,0.1,projected_sparsity_noise,423,508.13400900056695,198,143,198,143,57,71,70,10.273514711872085,3.4380784184836764e-15,frontier,139,194,143,198,143,198,143,198,143,198,,,,,,
304,293,27,0.1,projected_sparsity,423,508.1958009689945,198,143,198,143,57,71,70,10.271254634263435,4.041611715837008e-15,frontier,140,195,143,198,143,198,143,198,143,198,,,,,,
307,292,27,0.1,projected_sparsity,423,508.2021268954741,198,143,198,143,57,71,70,10.267958182575326,3.3830767838626112e-15,frontier,142,197,143,198,143,198,143,198,143,198,,,,,,
0,-1,0,0.1,retau:initial,423,561.0161260875857,198,143,198,143,57,71,70,8.639924364388474,1.6636573637991994e-13,frontier,143,198,143,198,143,198,143,198,143,198,,,,,,
316,305,28,0.1,projected_sparsity,423,507.4591422240218,198,143,198,143,57,71,70,10.30725030171816,3.96392879236145e-15,accepted_child,139,194,143,198,143,198,143,198,143,198,0.2,17,13.635712472296813,3,0.019810006069975652,0.0
317,305,28,0.1,projected_sparsity_noise,423,507.4822084884599,198,143,198,143,57,71,70,10.309303481449454,3.94141639184179e-15,accepted_child,139,194,143,198,143,198,143,198,143,198,0.2,17,13.635712472296813,3,0.019994180389954954,0.06
318,305,28,0.1,projected_sparsity_noise,423,507.4985839171771,198,143,198,143,57,71,70,10.31206094790705,3.635061423150291e-15,accepted_child,139,194,143,198,143,198,143,198,143,198,0.2,17,13.635712472296813,3,0.019767437857544538,0.12
319,304,28,0.1,projected_sparsity,423,507.46832309834133,198,143,198,143,57,71,70,10.304086338817354,3.549057677182837e-15,accepted_child,140,195,143,198,143,198,143,198,143,198,0.2,17,13.80824553976645,3,0.01990396699996622,0.0
320,304,28,0.1,projected_sparsity_noise,423,507.50033492597254,198,143,198,143,57,71,70,10.30206408929023,3.571571722018311e-15,accepted_child,139,194,143,198,143,198,143,198,143,198,0.2,17,13.80824553976645,3,0.02012017191232324,0.06
321,304,28,0.1,projected_sparsity_noise,423,507.45635354716717,198,143,198,143,57,71,70,10.302904002450811,3.0258560124486106e-15,accepted_child,142,197,143,198,143,198,143,198,143,198,0.2,17,13.80824553976645,3,0.019196875645304718,0.12
322,307,28,0.1,projected_sparsity,423,507.49989041369474,198,143,198,143,57,71,70,10.301374153213164,3.8927588336789846e-15,accepted_child,142,197,143,198,143,198,143,198,143,198,0.2,17,13.726619197687493,3,0.019783055469376296,0.0
323,307,28,0.1,projected_sparsity_noise,423,507.54394489480325,198,143,198,143,57,71,70,10.299947543719071,4.304462208932853e-15,accepted_child,139,194,143,198,143,198,143,198,143,198,0.2,17,13.726619197687493,3,0.019977984943538713,0.06
324,307,28,0.1,projected_sparsity_noise,423,507.37515750479713,198,143,198,143,57,71,70,10.29810390759659,3.5356778177993702e-15,accepted_child,142,197,143,198,143,198,143,198,143,198,0.2,17,13.726619197687493,3,0.01801241152040137,0.12
325,0,28,0.1,projected_sparsity,423,558.385952580556,198,143,198,143,57,71,70,8.70297093568372,4.537248080290891e-15,accepted_child,143,198,143,198,143,198,143,198,143,198,0.2,17,15.523448861662413,3,0.009472052071168517,0.0
326,0,28,0.1,projected_sparsity_noise,423,558.3879736108147,198,143,198,143,57,71,70,8.704891461947748,3.298107726088908e-15,accepted_child,143,198,143,198,143,198,143,198,143,198,0.2,17,15.523448861662413,3,0.009794648929877399,0.06
327,0,28,0.1,projected_sparsity_noise,423,558.4402558742679,198,143,198,143,57,71,70,8.698276149501691,3.5895504455664795e-15,accepted_child,143,198,143,198,143,198,143,198,143,198,0.2,17,15.523448861662413,3,0.01025251474875336,0.12
324,307,28,0.1,projected_sparsity_noise,423,507.37515750479713,198,143,198,143,57,71,70,10.29810390759659,3.5356778177993702e-15,frontier,142,197,143,198,143,198,143,198,143,198,,,,,,
305,293,27,0.1,projected_sparsity_noise,423,508.13400900056695,198,143,198,143,57,71,70,10.273514711872085,3.4380784184836764e-15,frontier,139,194,143,198,143,198,143,198,143,198,,,,,,
304,293,27,0.1,projected_sparsity,423,508.1958009689945,198,143,198,143,57,71,70,10.271254634263435,4.041611715837008e-15,frontier,140,195,143,198,143,198,143,198,143,198,,,,,,
0,-1,0,0.1,retau:initial,423,561.0161260875857,198,143,198,143,57,71,70,8.639924364388474,1.6636573637991994e-13,frontier,143,198,143,198,143,198,143,198,143,198,,,,,,
328,324,29,0.1,projected_sparsity,423,506.74091577328176,198,143,198,143,57,71,70,10.33210593443922,4.177255830116026e-15,accepted_child,142,197,143,198,143,198,143,198,143,198,0.2,17,13.528679943113165,3,0.019850658515420075,0.0
329,324,29,0.1,projected_sparsity_noise,423,506.73243132252253,198,143,198,143,57,71,70,10.330363700093997,3.10127107775566e-15,accepted_child,139,194,143,198,143,198,143,198,143,198,0.2,17,13.528679943113165,3,0.019561811342120174,0.06
330,324,29,0.1,projected_sparsity_noise,423,506.819272334999,198,143,198,143,57,71,70,10.330726996809945,3.959407807359094e-15,accepted_child,142,197,143,198,143,198,143,198,143,198,0.2,17,13.528679943113165,3,0.020458327455353875,0.12
331,305,29,0.1,projected_sparsity,423,507.4591422240218,198,143,198,143,57,71,70,10.30725030171816,3.96392879236145e-15,accepted_child,139,194,143,198,143,198,143,198,143,198,0.2,17,13.635712472296813,3,0.019810006069975652,0.0
332,305,29,0.1,projected_sparsity_noise,423,507.4424713880318,198,143,198,143,57,71,70,10.307300310011277,4.000898526958879e-15,accepted_child,139,194,143,198,143,198,143,198,143,198,0.2,17,13.635712472296813,3,0.019568004728599774,0.06
333,305,29,0.1,projected_sparsity_noise,423,507.42613913231094,198,143,198,143,57,71,70,10.317541032737799,4.345786580986574e-15,accepted_child,140,195,143,198,143,198,143,198,143,198,0.2,17,13.635712472296813,3,0.01945698659561352,0.12
334,304,29,0.1,projected_sparsity,423,507.46832309834133,198,143,198,143,57,71,70,10.304086338817354,3.549057677182837e-15,accepted_child,140,195,143,198,143,198,143,198,143,198,0.2,17,13.80824553976645,3,0.01990396699996622,0.0
335,304,29,0.1,projected_sparsity_noise,423,507.4288081024809,198,143,198,143,57,71,70,10.30668250844129,3.382950400400688e-15,accepted_child,142,197,143,198,143,198,143,198,143,198,0.2,17,13.80824553976645,3,0.019702315155668434,0.06
336,304,29,0.1,projected_sparsity_noise,423,507.37680771836347,198,143,198,143,57,71,70,10.30072610990187,3.594566827939381e-15,accepted_child,142,197,143,198,143,198,143,198,143,198,0.2,17,13.80824553976645,3,0.019233276309458588,0.12
337,0,29,0.1,projected_sparsity,423,558.385952580556,198,143,198,143,57,71,70,8.70297093568372,4.537248080290891e-15,accepted_child,143,198,143,198,143,198,143,198,143,198,0.2,17,15.523448861662413,3,0.009472052071168517,0.0
338,0,29,0.1,projected_sparsity_noise,423,558.4103118259135,198,143,198,143,57,71,70,8.703868535882687,4.1625452351283775e-15,accepted_child,143,198,143,198,143,198,143,198,143,198,0.2,17,15.523448861662413,3,0.009197624019040257,0.06
339,0,29,0.1,projected_sparsity_noise,423,558.4198702343452,198,143,198,143,57,71,70,8.695430370703226,3.727859360748414e-15,accepted_child,143,198,143,198,143,198,143,198,143,198,0.2,17,15.523448861662413,3,0.010074759978888494,0.12
329,324,29,0.1,projected_sparsity_noise,423,506.73243132252253,198,143,198,143,57,71,70,10.330363700093997,3.10127107775566e-15,frontier,139,194,143,198,143,198,143,198,143,198,,,,,,
324,307,28,0.1,projected_sparsity_noise,423,507.37515750479713,198,143,198,143,57,71,70,10.29810390759659,3.5356778177993702e-15,frontier,142,197,143,198,143,198,143,198,143,198,,,,,,
305,293,27,0.1,projected_sparsity_noise,423,508.13400900056695,198,143,198,143,57,71,70,10.273514711872085,3.4380784184836764e-15,frontier,139,194,143,198,143,198,143,198,143,198,,,,,,
0,-1,0,0.1,retau:initial,423,561.0161260875857,198,143,198,143,57,71,70,8.639924364388474,1.6636573637991994e-13,frontier,143,198,143,198,143,198,143,198,143,198,,,,,,
340,329,30,0.1,projected_sparsity,423,505.98438507172057,198,143,198,143,57,71,70,10.362724594526851,3.657608083309998e-15,accepted_child,139,194,143,198,143,198,143,198,143,198,0.2,17,13.913222790637299,3,0.02051384120468869,0.0
341,329,30,0.1,projected_sparsity_noise,423,505.99300921263637,198,143,198,143,57,71,70,10.359334602151575,3.625918804143674e-15,accepted_child,139,194,143,198,143,198,143,198,143,198,0.2,17,13.913222790637299,3,0.02059663452370024,0.06
342,329,30,0.1,projected_sparsity_noise,423,506.0496839873831,198,143,198,143,57,71,70,10.356013398909584,3.925369998438128e-15,accepted_child,142,197,143,198,143,198,143,198,143,198,0.2,17,13.913222790637299,3,0.02057214383575632,0.12
343,324,30,0.1,projected_sparsity,423,506.74091577328176,198,143,198,143,57,71,70,10.33210593443922,4.177255830116026e-15,accepted_child,142,197,143,198,143,198,143,198,143,198,0.2,17,13.528679943113165,3,0.019850658515420075,0.0
344,324,30,0.1,projected_sparsity_noise,423,506.741916066151,198,143,198,143,57,71,70,10.32876121684886,3.770064436876077e-15,accepted_child,142,197,143,198,143,198,143,198,143,198,0.2,17,13.528679943113165,3,0.019940123223788065,0.06
345,324,30,0.1,projected_sparsity_noise,423,506.8161217331841,198,143,198,143,57,71,70,10.330436147286491,4.613909816754173e-15,accepted_child,142,197,143,198,143,198,143,198,143,198,0.2,17,13.528679943113165,3,0.021821661689886557,0.12
346,305,30,0.1,projected_sparsity,423,507.4591422240218,198,143,198,143,57,71,70,10.30725030171816,3.96392879236145e-15,accepted_child,139,194,143,198,143,198,143,198,143,198,0.2,17,13.635712472296813,3,0.019810006069975652,0.0
347,305,30,0.1,projected_sparsity_noise,423,507.4920960708147,198,143,198,143,57,71,70,10.304185314716241,3.0273456523108787e-15,accepted_child,139,194,143,198,143,198,143,198,143,198,0.2,17,13.635712472296813,3,0.020074311595041822,0.06
348,305,30,0.1,projected_sparsity_noise,423,507.4479549583153,198,143,198,143,57,71,70,10.299929285288343,5.334415142325727e-15,accepted_child,139,194,140,195,143,198,143,198,143,198,0.2,17,13.635712472296813,3,0.019473270683336163,0.12
349,0,30,0.1,projected_sparsity,423,558.385952580556,198,143,198,143,57,71,70,8.70297093568372,4.537248080290891e-15,accepted_child,143,198,143,198,143,198,143,198,143,198,0.2,17,15.523448861662413,3,0.009472052071168517,0.0
350,0,30,0.1,projected_sparsity_noise,423,558.3519015169438,198,143,198,143,57,71,70,8.704897287306594,3.773642199494836e-15,accepted_child,143,198,143,198,143,198,143,198,143,198,0.2,17,15.523448861662413,3,0.009775689363295485,0.06
351,0,30,0.1,projected_sparsity_noise,423,558.4847839299982,198,143,198,143,57,71,70,8.695707725093866,3.685911949028714e-15,accepted_child,143,198,143,198,143,198,143,198,143,198,0.2,17,15.523448861662413,3,0.010363223929770649,0.12
340,329,30,0.1,projected_sparsity,423,505.98438507172057,198,143,198,143,57,71,70,10.362724594526851,3.657608083309998e-15,frontier,139,194,143,198,143,198,143,198,143,198,,,,,,
341,329,30,0.1,projected_sparsity_noise,423,505.99300921263637,198,143,198,143,57,71,70,10.359334602151575,3.625918804143674e-15,frontier,139,194,143,198,143,198,143,198,143,198,,,,,,
342,329,30,0.1,projected_sparsity_noise,423,506.0496839873831,198,143,198,143,57,71,70,10.356013398909584,3.925369998438128e-15,frontier,142,197,143,198,143,198,143,198,143,198,,,,,,
0,-1,0,0.1,retau:initial,423,561.0161260875857,198,143,198,143,57,71,70,8.639924364388474,1.6636573637991994e-13,frontier,143,198,143,198,143,198,143,198,143,198,,,,,,
352,340,31,0.1,projected_sparsity,423,505.3471158301145,198,143,198,143,57,71,70,10.394977317133504,3.300671473749302e-15,accepted_child,139,194,143,198,143,198,143,198,143,198,0.2,17,13.60008583441139,3,0.020397147722403253,0.0
353,340,31,0.1,projected_sparsity_noise,423,505.418466429826,198,143,198,143,57,71,70,10.39352070521788,3.586832720000658e-15,accepted_child,139,194,143,198,143,198,143,198,143,198,0.2,17,13.60008583441139,3,0.02110459696169022,0.06
354,340,31,0.1,projected_sparsity_noise,423,505.4427851701699,198,143,198,143,57,71,70,10.401361022184417,3.92122157510931e-15,accepted_child,139,194,140,195,143,198,143,198,143,198,0.2,17,13.60008583441139,3,0.02101001321175618,0.12
355,341,31,0.1,projected_sparsity,423,505.3507627199483,198,143,198,143,57,71,70,10.392565806575389,3.842107370256467e-15,accepted_child,139,194,140,195,143,198,143,198,143,198,0.2,17,13.61902565034769,3,0.02040610618877618,0.0
356,341,31,0.1,projected_sparsity_noise,423,505.3274093815786,198,143,198,143,57,71,70,10.395692106718574,2.7866985888897173e-15,accepted_child,142,197,143,198,143,198,143,198,143,198,0.2,17,13.61902565034769,3,0.019826687939422872,0.06
357,341,31,0.1,projected_sparsity_noise,423,505.3761162902275,198,143,198,143,57,71,70,10.392010630764757,3.209021155512708e-15,accepted_child,142,197,143,198,143,198,143,198,143,198,0.2,17,13.61902565034769,3,0.020915390698113972,0.12
358,342,31,0.1,projected_sparsity,423,505.3720098633486,198,143,198,143,57,71,70,10.388717367351271,3.3416851972517965e-15,accepted_child,142,197,143,198,143,198,143,198,143,198,0.2,17,13.717344103578734,3,0.02035224341823938,0.0
359,342,31,0.1,projected_sparsity_noise,423,505.4470431380586,198,143,198,143,57,71,70,10.387046886422903,3.204485939727764e-15,accepted_child,140,195,143,198,143,198,143,198,143,198,0.2,17,13.717344103578734,3,0.02095145409931456,0.06
360,342,31,0.1,projected_sparsity_noise,423,505.4383280353778,198,143,198,143,57,71,70,10.389557143261058,4.035135002187723e-15,accepted_child,142,197,143,198,143,198,143,198,143,198,0.2,17,13.717344103578734,3,0.021127181733746052,0.12
361,0,31,0.1,projected_sparsity,423,558.385952580556,198,143,198,143,57,71,70,8.70297093568372,4.537248080290891e-15,accepted_child,143,198,143,198,143,198,143,198,143,198,0.2,17,15.523448861662413,3,0.009472052071168517,0.0
362,0,31,0.1,projected_sparsity_noise,423,558.4190771017415,198,143,198,143,57,71,70,8.701719133409682,3.717798835369751e-15,accepted_child,143,198,143,198,143,198,143,198,143,198,0.2,17,15.523448861662413,3,0.009922992367804197,0.06
363,0,31,0.1,projected_sparsity_noise,423,558.3014645199742,198,143,198,143,57,71,70,8.705055963830931,3.3390533726064077e-15,accepted_child,143,198,143,198,143,198,143,198,143,198,0.2,17,15.523448861662413,3,0.009386554519991474,0.12
356,341,31,0.1,projected_sparsity_noise,423,505.3274093815786,198,143,198,143,57,71,70,10.395692106718574,2.7866985888897173e-15,frontier,142,197,143,198,143,198,143,198,143,198,,,,,,
352,340,31,0.1,projected_sparsity,423,505.3471158301145,198,143,198,143,57,71,70,10.394977317133504,3.300671473749302e-15,frontier,139,194,143,198,143,198,143,198,143,198,,,,,,
355,341,31,0.1,projected_sparsity,423,505.3507627199483,198,143,198,143,57,71,70,10.392565806575389,3.842107370256467e-15,frontier,139,194,140,195,143,198,143,198,143,198,,,,,,
0,-1,0,0.1,retau:initial,423,561.0161260875857,198,143,198,143,57,71,70,8.639924364388474,1.6636573637991994e-13,frontier,143,198,143,198,143,198,143,198,143,198,,,,,,
364,356,32,0.1,projected_sparsity,423,504.65799862533316,198,143,198,143,57,71,70,10.426938047127859,3.4070701368519527e-15,accepted_child,142,197,143,198,143,198,143,198,143,198,0.2,17,13.715098964379365,3,0.02054915450178512,0.0
365,356,32,0.1,projected_sparsity_noise,423,504.6285016146719,198,143,198,143,57,71,70,10.42645506851667,3.1977879057723365e-15,accepted_child,142,197,143,198,143,198,143,198,143,198,0.2,17,13.715098964379365,3,0.020293692502674748,0.06
366,356,32,0.1,projected_sparsity_noise,423,504.7613153106938,198,143,198,143,57,71,70,10.422633349294989,4.0649239045312406e-15,accepted_child,139,194,143,198,143,198,143,198,143,198,0.2,17,13.715098964379365,3,0.02126003361661771,0.12
367,352,32,0.1,projected_sparsity,423,504.6507071492971,198,143,198,143,57,71,70,10.426189671695631,4.062119149165992e-15,accepted_child,139,194,143,198,143,198,143,198,143,198,0.2,17,13.790633936312046,3,0.020729158075940085,0.0
368,352,32,0.1,projected_sparsity_noise,423,504.65284914913445,198,143,198,143,57,71,70,10.42249699662471,3.605380896195106e-15,accepted_child,139,194,143,198,143,198,143,198,143,198,0.2,17,13.790633936312046,3,0.020786220408074357,0.06
369,352,32,0.1,projected_sparsity_noise,423,504.5558764706106,198,143,198,143,57,71,70,10.427946835807136,3.2860578376037186e-15,accepted_child,139,194,143,198,143,198,143,198,143,198,0.2,17,13.790633936312046,3,0.019637540476531566,0.12
370,355,32,0.1,projected_sparsity,423,504.6573428316963,198,143,198,143,57,71,70,10.424251680675107,3.57932844869262e-15,accepted_child,139,194,143,198,143,198,143,198,143,198,0.2,17,13.785405504391912,3,0.020710567736735228,0.0
371,355,32,0.1,projected_sparsity_noise,423,504.6665432598529,198,143,198,143,57,71,70,10.425161374634243,3.707172010332767e-15,accepted_child,140,195,143,198,143,198,143,198,143,198,0.2,17,13.785405504391912,3,0.020459752213385175,0.06
372,355,32,0.1,projected_sparsity_noise,423,504.74919952211707,198,143,198,143,57,71,70,10.419742686628398,2.925126817158877e-15,accepted_child,140,195,143,198,143,198,143,198,143,198,0.2,17,13.785405504391912,3,0.021153487755777425,0.12
373,0,32,0.1,projected_sparsity,423,558.385952580556,198,143,198,143,57,71,70,8.70297093568372,4.537248080290891e-15,accepted_child,143,198,143,198,143,198,143,198,143,198,0.2,17,15.523448861662413,3,0.009472052071168517,0.0
374,0,32,0.1,projected_sparsity_noise,423,558.3847441011392,198,143,198,143,57,71,70,8.70238704909361,4.2247114871539166e-15,accepted_child,143,198,143,198,143,198,143,198,143,198,0.2,17,15.523448861662413,3,0.009217723416692938,0.06
375,0,32,0.1,projected_sparsity_noise,423,558.3181410461918,198,143,198,143,57,71,70,8.704621369861995,3.550264080765059e-15,accepted_child,143,198,143,198,143,198,143,198,143,198,0.2,17,15.523448861662413,3,0.009496350475952106,0.12
369,352,32,0.1,projected_sparsity_noise,423,504.5558764706106,198,143,198,143,57,71,70,10.427946835807136,3.2860578376037186e-15,frontier,139,194,143,198,143,198,143,198,143,198,,,,,,
365,356,32,0.1,projected_sparsity_noise,423,504.6285016146719,198,143,198,143,57,71,70,10.42645506851667,3.1977879057723365e-15,frontier,142,197,143,198,143,198,143,198,143,198,,,,,,
367,352,32,0.1,projected_sparsity,423,504.6507071492971,198,143,198,143,57,71,70,10.426189671695631,4.062119149165992e-15,frontier,139,194,143,198,143,198,143,198,143,198,,,,,,
0,-1,0,0.1,retau:initial,423,561.0161260875857,198,143,198,143,57,71,70,8.639924364388474,1.6636573637991994e-13,frontier,143,198,143,198,143,198,143,198,143,198,,,,,,
376,369,33,0.1,projected_sparsity,423,504.0176548039095,198,143,198,143,57,71,70,10.461289761230024,3.112709160497593e-15,accepted_child,139,194,143,198,143,198,143,198,143,198,0.2,17,13.31275538654506,3,0.020396616344058083,0.0
377,369,33,0.1,projected_sparsity_noise,423,504.0112690128125,198,143,198,143,57,71,70,10.458506698616011,3.7928431531670625e-15,accepted_child,139,194,143,198,143,198,143,198,143,198,0.2,17,13.31275538654506,3,0.02017145440902007,0.06
378,369,33,0.1,projected_sparsity_noise,423,504.05875597129506,198,143,198,143,57,71,70,10.46340463477709,4.995012971986961e-15,accepted_child,139,194,143,198,143,198,143,198,143,198,0.2,17,13.31275538654506,3,0.02050337804460386,0.12
379,365,33,0.1,projected_sparsity,423,504.01011938996214,198,143,198,143,57,71,70,10.458192265588814,3.8648484832661594e-15,accepted_child,139,194,143,198,143,198,143,198,143,198,0.2,17,13.577289283033526,3,0.02075844006245758,0.0
380,365,33,0.1,projected_sparsity_noise,423,503.96669471285884,198,143,198,143,57,71,70,10.457190290144052,3.6421280976727746e-15,accepted_child,142,197,143,198,143,198,143,198,143,198,0.2,17,13.577289283033526,3,0.020087744448646295,0.06
381,365,33,0.1,projected_sparsity_noise,423,503.9377328528077,198,143,198,143,57,71,70,10.456863108424473,4.287187142263459e-15,accepted_child,142,197,143,198,143,198,143,198,143,198,0.2,17,13.577289283033526,3,0.019561454889928803,0.12
382,367,33,0.1,projected_sparsity,423,504.0268655320802,198,143,198,143,57,71,70,10.457426676751727,3.2142823142864404e-15,accepted_child,139,194,143,198,143,198,143,198,143,198,0.2,17,13.592726182288448,3,0.020692899694234552,0.0
383,367,33,0.1,projected_sparsity_noise,423,504.0594142090332,198,143,198,143,57,71,70,10.455679321878433,4.1288262470035856e-15,accepted_child,139,194,143,198,143,198,143,198,143,198,0.2,17,13.592726182288448,3,0.02104522787616518,0.06
384,367,33,0.1,projected_sparsity_noise,423,504.02691074496806,198,143,198,143,57,71,70,10.453500945782345,4.173936053967245e-15,accepted_child,142,197,143,198,143,198,143,198,143,198,0.2,17,13.592726182288448,3,0.020889397052015174,0.12
385,0,33,0.1,projected_sparsity,423,558.385952580556,198,143,198,143,57,71,70,8.70297093568372,4.537248080290891e-15,accepted_child,143,198,143,198,143,198,143,198,143,198,0.2,17,15.523448861662413,3,0.009472052071168517,0.0
386,0,33,0.1,projected_sparsity_noise,423,558.3313867665172,198,143,198,143,57,71,70,8.702992128761721,3.4275385625046396e-15,accepted_child,143,198,143,198,143,198,143,198,143,198,0.2,17,15.523448861662413,3,0.009499541498888608,0.06
387,0,33,0.1,projected_sparsity_noise,423,558.3297721007908,198,143,198,143,57,71,70,8.699503522993448,2.96705559342828e-15,accepted_child,143,198,143,198,143,198,143,198,143,198,0.2,17,15.523448861662413,3,0.011300710523397277,0.12
381,365,33,0.1,projected_sparsity_noise,423,503.9377328528077,198,143,198,143,57,71,70,10.456863108424473,4.287187142263459e-15,frontier,142,197,143,198,143,198,143,198,143,198,,,,,,
384,367,33,0.1,projected_sparsity_noise,423,504.02691074496806,198,143,198,143,57,71,70,10.453500945782345,4.173936053967245e-15,frontier,142,197,143,198,143,198,143,198,143,198,,,,,,
369,352,32,0.1,projected_sparsity_noise,423,504.5558764706106,198,143,198,143,57,71,70,10.427946835807136,3.2860578376037186e-15,frontier,139,194,143,198,143,198,143,198,143,198,,,,,,
0,-1,0,0.1,retau:initial,423,561.0161260875857,198,143,198,143,57,71,70,8.639924364388474,1.6636573637991994e-13,frontier,143,198,143,198,143,198,143,198,143,198,,,,,,
388,381,34,0.1,projected_sparsity,423,503.34489467625616,198,143,198,143,57,71,70,10.487868308678832,3.962222369229197e-15,accepted_child,142,197,143,198,143,198,143,198,143,198,0.2,17,13.508148062259659,3,0.020601130072401334,0.0
389,381,34,0.1,projected_sparsity_noise,423,503.35916301568705,198,143,198,143,57,71,70,10.490474165611637,5.604856658433261e-15,accepted_child,142,197,143,198,143,198,143,198,143,198,0.2,17,13.508148062259659,3,0.020648496427901678,0.06
390,381,34,0.1,projected_sparsity_noise,423,503.34144637231725,198,143,198,143,57,71,70,10.482641950495925,4.311442848395803e-15,accepted_child,142,197,143,198,143,198,143,198,143,198,0.2,17,13.508148062259659,3,0.019786198583708423,0.12
391,384,34,0.1,projected_sparsity,423,503.38287020138563,198,143,198,143,57,71,70,10.485398618873822,3.2760076315663095e-15,accepted_child,139,194,143,198,143,198,143,198,143,198,0.2,17,13.665491480933106,3,0.02095438447769654,0.0
392,384,34,0.1,projected_sparsity_noise,423,503.43873312721144,198,143,198,143,57,71,70,10.482506845053251,4.217697805526708e-15,accepted_child,142,197,143,198,143,198,143,198,143,198,0.2,17,13.665491480933106,3,0.021295717133105622,0.06
393,384,34,0.1,projected_sparsity_noise,423,503.3677034076292,198,143,198,143,57,71,70,10.47607413247067,3.715907055953615e-15,accepted_child,142,197,143,198,143,198,143,198,143,198,0.2,17,13.665491480933106,3,0.020472778805635358,0.12
394,369,34,0.1,projected_sparsity,423,504.0176548039095,198,143,198,143,57,71,70,10.461289761230024,3.112709160497593e-15,accepted_child,139,194,143,198,143,198,143,198,143,198,0.2,17,13.31275538654506,3,0.020396616344058083,0.0
395,369,34,0.1,projected_sparsity_noise,423,504.0260910646815,198,143,198,143,57,71,70,10.465016572205936,2.153720390432603e-15,accepted_child,139,194,143,198,143,198,143,198,143,198,0.2,17,13.31275538654506,3,0.020434984235212093,0.06
396,369,34,0.1,projected_sparsity_noise,423,503.94229475302956,198,143,198,143,57,71,70,10.464408258093728,3.4224892197460194e-15,accepted_child,139,194,143,198,143,198,143,198,143,198,0.2,17,13.31275538654506,3,0.019367569294768263,0.12
397,0,34,0.1,projected_sparsity,423,558.385952580556,198,143,198,143,57,71,70,8.70297093568372,4.537248080290891e-15,accepted_child,143,198,143,198,143,198,143,198,143,198,0.2,17,15.523448861662413,3,0.009472052071168517,0.0
398,0,34,0.1,projected_sparsity_noise,423,558.3703009204764,198,143,198,143,57,71,70,8.705186525315252,3.2397990772061553e-15,accepted_child,143,198,143,198,143,198,143,198,143,198,0.2,17,15.523448861662413,3,0.009607891912943195,0.06
399,0,34,0.1,projected_sparsity_noise,423,558.4379665151309,198,143,198,143,57,71,70,8.696123067280626,3.378950802123457e-15,accepted_child,143,198,143,198,143,198,143,198,143,198,0.2,17,15.523448861662413,3,0.0103713776715509,0.12
390,381,34,0.1,projected_sparsity_noise,423,503.34144637231725,198,143,198,143,57,71,70,10.482641950495925,4.311442848395803e-15,frontier,142,197,143,198,143,198,143,198,143,198,,,,,,
393,384,34,0.1,projected_sparsity_noise,423,503.3677034076292,198,143,198,143,57,71,70,10.47607413247067,3.715907055953615e-15,frontier,142,197,143,198,143,198,143,198,143,198,,,,,,
381,365,33,0.1,projected_sparsity_noise,423,503.9377328528077,198,143,198,143,57,71,70,10.456863108424473,4.287187142263459e-15,frontier,142,197,143,198,143,198,143,198,143,198,,,,,,
0,-1,0,0.1,retau:initial,423,561.0161260875857,198,143,198,143,57,71,70,8.639924364388474,1.6636573637991994e-13,frontier,143,198,143,198,143,198,143,198,143,198,,,,,,
400,390,35,0.1,projected_sparsity,423,502.6979276652489,198,143,198,143,57,71,70,10.513081156757623,3.756180218740946e-15,accepted_child,142,197,143,198,143,198,143,198,143,198,0.2,17,13.666967553694404,3,0.020873584319117962,0.0
401,390,35,0.1,projected_sparsity_noise,423,502.7462732664792,198,143,198,143,57,71,70,10.513883161894684,3.4572656733351105e-15,accepted_child,139,194,143,198,143,198,143,198,143,198,0.2,17,13.666967553694404,3,0.02115014904756231,0.06
402,390,35,0.1,projected_sparsity_noise,423,502.69990541669597,198,143,198,143,57,71,70,10.51070516755058,3.0669995650046066e-15,accepted_child,139,194,143,198,143,198,143,198,143,198,0.2,17,13.666967553694404,3,0.02041839968583491,0.12
403,393,35,0.1,projected_sparsity,423,502.7720405379199,198,143,198,143,57,71,70,10.507445836892582,3.314782467001452e-15,accepted_child,142,197,143,198,143,198,143,198,143,198,0.2,17,13.535655423452623,3,0.020709648128108542,0.0
404,393,35,0.1,projected_sparsity_noise,423,502.75886918909663,198,143,198,143,57,71,70,10.507829891292678,5.001994896226279e-15,accepted_child,142,197,143,198,143,198,143,198,143,198,0.2,17,13.535655423452623,3,0.020547464359186935,0.06
405,393,35,0.1,projected_sparsity_noise,423,502.82263266563984,198,143,198,143,57,71,70,10.510815069615603,3.926851620210019e-15,accepted_child,142,197,143,198,143,198,143,198,143,198,0.2,17,13.535655423452623,3,0.02104658404590026,0.12
406,381,35,0.1,projected_sparsity,423,503.34489467625616,198,143,198,143,57,71,70,10.487868308678832,3.962222369229197e-15,accepted_child,142,197,143,198,143,198,143,198,143,198,0.2,17,13.508148062259659,3,0.020601130072401334,0.0
407,381,35,0.1,projected_sparsity_noise,423,503.3035512091146,198,143,198,143,57,71,70,10.486997501677012,3.6160713094687465e-15,accepted_child,142,197,143,198,143,198,143,198,143,198,0.2,17,13.508148062259659,3,0.0204578212708198,0.06
408,381,35,0.1,projected_sparsity_noise,423,503.3817145841175,198,143,198,143,57,71,70,10.480530747161502,6.1867446491694415e-15,accepted_child,139,194,143,198,143,198,143,198,143,198,0.2,17,13.508148062259659,3,0.02033301389549783,0.12
409,0,35,0.1,projected_sparsity,423,558.385952580556,198,143,198,143,57,71,70,8.70297093568372,4.537248080290891e-15,accepted_child,143,198,143,198,143,198,143,198,143,198,0.2,17,15.523448861662413,3,0.009472052071168517,0.0
410,0,35,0.1,projected_sparsity_noise,423,558.3963633934283,198,143,198,143,57,71,70,8.703850956142139,3.561633766320542e-15,accepted_child,143,198,143,198,143,198,143,198,143,198,0.2,17,15.523448861662413,3,0.009099832052175062,0.06
411,0,35,0.1,projected_sparsity_noise,423,558.378408327933,198,143,198,143,57,71,70,8.697533848926225,3.1490724559421548e-15,accepted_child,143,198,143,198,143,198,143,198,143,198,0.2,17,15.523448861662413,3,0.010231449190387572,0.12
400,390,35,0.1,projected_sparsity,423,502.6979276652489,198,143,198,143,57,71,70,10.513081156757623,3.756180218740946e-15,frontier,142,197,143,198,143,198,143,198,143,198,,,,,,
402,390,35,0.1,projected_sparsity_noise,423,502.69990541669597,198,143,198,143,57,71,70,10.51070516755058,3.0669995650046066e-15,frontier,139,194,143,198,143,198,143,198,143,198,,,,,,
404,393,35,0.1,projected_sparsity_noise,423,502.75886918909663,198,143,198,143,57,71,70,10.507829891292678,5.001994896226279e-15,frontier,142,197,143,198,143,198,143,198,143,198,,,,,,
0,-1,0,0.1,retau:initial,423,561.0161260875857,198,143,198,143,57,71,70,8.639924364388474,1.6636573637991994e-13,frontier,143,198,143,198,143,198,143,198,143,198,,,,,,
412,400,36,0.1,projected_sparsity,423,502.0977216766889,198,143,198,143,57,71,70,10.543607290305586,3.391093828582345e-15,accepted_child,139,194,143,198,143,198,143,198,143,198,0.2,17,13.560483048739867,3,0.021104985654306588,0.0
413,400,36,0.1,projected_sparsity_noise,423,502.0496221575906,198,143,198,143,57,71,70,10.544862334133628,4.89133923751038e-15,accepted_child,139,194,143,198,143,198,143,198,143,198,0.2,17,13.560483048739867,3,0.020692945405994947,0.06
414,400,36,0.1,projected_sparsity_noise,423,502.190989776695,198,143,198,143,57,71,70,10.539466833715109,4.436199440951166e-15,accepted_child,142,197,143,198,143,198,143,198,143,198,0.2,17,13.560483048739867,3,0.02152681449442336,0.12
415,402,36,0.1,projected_sparsity,423,502.10688871220253,198,143,198,143,57,71,70,10.541629790720153,3.485363390081094e-15,accepted_child,139,194,140,195,143,198,143,198,143,198,0.2,17,13.539215846432224,3,0.020921285595015788,0.0
416,402,36,0.1,projected_sparsity_noise,423,502.0975610620556,198,143,198,143,57,71,70,10.545555377643392,3.1580095989360853e-15,accepted_child,139,194,143,198,143,198,143,198,143,198,0.2,17,13.539215846432224,3,0.020624794464940987,0.06
417,402,36,0.1,projected_sparsity_noise,423,502.0884956579039,198,143,198,143,57,71,70,10.54140830737395,3.4481841615948184e-15,accepted_child,142,197,143,198,143,198,143,198,143,198,0.2,17,13.539215846432224,3,0.020338850144527142,0.12
418,404,36,0.1,projected_sparsity,423,502.133645731232,198,143,198,143,57,71,70,10.538337337008421,3.015090073412593e-15,accepted_child,139,194,143,198,143,198,143,198,143,198,0.2,17,13.63083604635555,3,0.021148872934915193,0.0
419,404,36,0.1,projected_sparsity_noise,423,502.14358655582225,198,143,198,143,57,71,70,10.540284431240375,3.5618593031617e-15,accepted_child,142,197,143,198,143,198,143,198,143,198,0.2,17,13.63083604635555,3,0.021064451320094164,0.06
420,404,36,0.1,projected_sparsity_noise,423,502.2152219597431,198,143,198,143,57,71,70,10.537843140408784,4.1332915879257315e-15,accepted_child,142,197,143,198,143,198,143,198,143,198,0.2,17,13.63083604635555,3,0.021612296609164812,0.12
421,0,36,0.1,projected_sparsity,423,558.385952580556,198,143,198,143,57,71,70,8.70297093568372,4.537248080290891e-15,accepted_child,143,198,143,198,143,198,143,198,143,198,0.2,17,15.523448861662413,3,0.009472052071168517,0.0
422,0,36,0.1,projected_sparsity_noise,423,558.4030803005201,198,143,198,143,57,71,70,8.703078176758726,4.1448413479532636e-15,accepted_child,143,198,143,198,143,198,143,198,143,198,0.2,17,15.523448861662413,3,0.010598837009894502,0.06
423,0,36,0.1,projected_sparsity_noise,423,558.3276617518312,198,143,198,143,57,71,70,8.699121856567796,3.395527317407395e-15,accepted_child,143,198,143,198,143,198,143,198,143,198,0.2,17,15.523448861662413,3,0.008949265768731611,0.12
413,400,36,0.1,projected_sparsity_noise,423,502.0496221575906,198,143,198,143,57,71,70,10.544862334133628,4.89133923751038e-15,frontier,139,194,143,198,143,198,143,198,143,198,,,,,,
417,402,36,0.1,projected_sparsity_noise,423,502.0884956579039,198,143,198,143,57,71,70,10.54140830737395,3.4481841615948184e-15,frontier,142,197,143,198,143,198,143,198,143,198,,,,,,
418,404,36,0.1,projected_sparsity,423,502.133645731232,198,143,198,143,57,71,70,10.538337337008421,3.015090073412593e-15,frontier,139,194,143,198,143,198,143,198,143,198,,,,,,
0,-1,0,0.1,retau:initial,423,561.0161260875857,198,143,198,143,57,71,70,8.639924364388474,1.6636573637991994e-13,frontier,143,198,143,198,143,198,143,198,143,198,,,,,,
424,413,37,0.1,projected_sparsity,423,501.47763257587724,198,143,198,143,57,71,70,10.575710948654512,3.6161224181336715e-15,accepted_child,139,194,143,198,143,198,143,198,143,198,0.2,17,13.487862016389315,3,0.02106395695155042,0.0
425,413,37,0.1,projected_sparsity_noise,423,501.5264610139551,198,143,198,143,57,71,70,10.571333398649363,3.864973463521747e-15,accepted_child,140,195,143,198,143,198,143,198,143,198,0.2,17,13.487862016389315,3,0.021611639652768994,0.06
426,413,37,0.1,projected_sparsity_noise,423,501.4479532589976,198,143,198,143,57,71,70,10.575160152300986,3.848099965477208e-15,accepted_child,142,197,143,198,143,198,143,198,143,198,0.2,17,13.487862016389315,3,0.02172102982758746,0.12
427,417,37,0.1,projected_sparsity,423,501.4880549844213,198,143,198,143,57,71,70,10.573370102901283,4.076573707298862e-15,accepted_child,142,197,143,198,143,198,143,198,143,198,0.2,17,13.56053283044883,3,0.021020536063095355,0.0
428,417,37,0.1,projected_sparsity_noise,423,501.44801490381957,198,143,198,143,57,71,70,10.575916716079211,3.3255356208676306e-15,accepted_child,142,197,143,198,143,198,143,198,143,198,0.2,17,13.56053283044883,3,0.020886594439422,0.06
429,417,37,0.1,projected_sparsity_noise,423,501.5655516504276,198,143,198,143,57,71,70,10.569882473445446,4.084166229646921e-15,accepted_child,142,197,143,198,143,198,143,198,143,198,0.2,17,13.56053283044883,3,0.021677699421639503,0.12
430,418,37,0.1,projected_sparsity,423,501.5408256472649,198,143,198,143,57,71,70,10.569041452088502,2.8907711455052907e-15,accepted_child,139,194,143,198,143,198,143,198,143,198,0.2,17,13.544347477556242,3,0.021091920251644553,0.0
431,418,37,0.1,projected_sparsity_noise,423,501.574863707134,198,143,198,143,57,71,70,10.570310458396584,3.913187048729341e-15,accepted_child,139,194,143,198,143,198,143,198,143,198,0.2,17,13.544347477556242,3,0.02128201526390313,0.06
432,418,37,0.1,projected_sparsity_noise,423,501.5528676916916,198,143,198,143,57,71,70,10.564804147153831,3.582319412062679e-15,accepted_child,142,197,143,198,143,198,143,198,143,198,0.2,17,13.544347477556242,3,0.0214260180331951,0.12
433,0,37,0.1,projected_sparsity,423,558.385952580556,198,143,198,143,57,71,70,8.70297093568372,4.537248080290891e-15,accepted_child,143,198,143,198,143,198,143,198,143,198,0.2,17,15.523448861662413,3,0.009472052071168517,0.0
434,0,37,0.1,projected_sparsity_noise,423,558.4368659482617,198,143,198,143,57,71,70,8.698860000371331,3.9792658202478085e-15,accepted_child,143,198,143,198,143,198,143,198,143,198,0.2,17,15.523448861662413,3,0.009156988986640762,0.06
435,0,37,0.1,projected_sparsity_noise,423,558.3975013496397,198,143,198,143,57,71,70,8.70315194379393,3.966408139780864e-15,accepted_child,143,198,143,198,143,198,143,198,143,198,0.2,17,15.523448861662413,3,0.009179783055006833,0.12
426,413,37,0.1,projected_sparsity_noise,423,501.4479532589976,198,143,198,143,57,71,70,10.575160152300986,3.848099965477208e-15,frontier,142,197,143,198,143,198,143,198,143,198,,,,,,
427,417,37,0.1,projected_sparsity,423,501.4880549844213,198,143,198,143,57,71,70,10.573370102901283,4.076573707298862e-15,frontier,142,197,143,198,143,198,143,198,143,198,,,,,,
425,413,37,0.1,projected_sparsity_noise,423,501.5264610139551,198,143,198,143,57,71,70,10.571333398649363,3.864973463521747e-15,frontier,140,195,143,198,143,198,143,198,143,198,,,,,,
0,-1,0,0.1,retau:initial,423,561.0161260875857,198,143,198,143,57,71,70,8.639924364388474,1.6636573637991994e-13,frontier,143,198,143,198,143,198,143,198,143,198,,,,,,
436,426,38,0.1,projected_sparsity,423,500.867097446786,198,143,198,143,57,71,70,10.605132560394713,4.1085852438944036e-15,accepted_child,142,197,143,198,143,198,143,198,143,198,0.2,17,13.525535759586612,3,0.02143103989069874,0.0
437,426,38,0.1,projected_sparsity_noise,423,500.88632967844023,198,143,198,143,57,71,70,10.604518627838258,4.0997713863027364e-15,accepted_child,142,197,143,198,143,198,143,198,143,198,0.2,17,13.525535759586612,3,0.02192972991793501,0.06
438,426,38,0.1,projected_sparsity_noise,423,500.8809361617745,198,143,198,143,57,71,70,10.603251698175908,3.5339346448217294e-15,accepted_child,142,197,143,198,143,198,143,198,143,198,0.2,17,13.525535759586612,3,0.02144043394275937,0.12
439,427,38,0.1,projected_sparsity,423,500.8916116626731,198,143,198,143,57,71,70,10.604371613740152,4.2725768990197964e-15,accepted_child,139,194,143,198,143,198,143,198,143,198,0.2,17,13.559760747536215,3,0.02130904265677691,0.0
440,427,38,0.1,projected_sparsity_noise,423,500.8738580867273,198,143,198,143,57,71,70,10.60466603472288,3.877890643795288e-15,accepted_child,139,194,140,195,143,198,143,198,143,198,0.2,17,13.559760747536215,3,0.021272759814486328,0.06
441,427,38,0.1,projected_sparsity_noise,423,500.84086022562735,198,143,198,143,57,71,70,10.607769962236013,2.9503772908180864e-15,accepted_child,142,197,143,198,143,198,143,198,143,198,0.2,17,13.559760747536215,3,0.021458806562535987,0.12
442,425,38,0.1,projected_sparsity,423,500.87393830184664,198,143,198,143,57,71,70,10.6015773698725,3.805787700190123e-15,accepted_child,139,194,143,198,143,198,143,198,143,198,0.2,17,13.706438352057546,3,0.02141003360598172,0.0
443,425,38,0.1,projected_sparsity_noise,423,500.8775748469323,198,143,198,143,57,71,70,10.60092605239198,3.514249411318132e-15,accepted_child,139,194,140,195,143,198,143,198,143,198,0.2,17,13.706438352057546,3,0.02154013145161241,0.06
444,425,38,0.1,projected_sparsity_noise,423,500.9194550468949,198,143,198,143,57,71,70,10.596017919873475,2.1036579037822535e-15,accepted_child,139,194,143,198,143,198,143,198,143,198,0.2,17,13.706438352057546,3,0.021556995686245677,0.12
445,0,38,0.1,projected_sparsity,423,558.385952580556,198,143,198,143,57,71,70,8.70297093568372,4.537248080290891e-15,accepted_child,143,198,143,198,143,198,143,198,143,198,0.2,17,15.523448861662413,3,0.009472052071168517,0.0
446,0,38,0.1,projected_sparsity_noise,423,558.4062891542501,198,143,198,143,57,71,70,8.700140690329619,4.456934067123857e-15,accepted_child,143,198,143,198,143,198,143,198,143,198,0.2,17,15.523448861662413,3,0.010773094885325471,0.06
447,0,38,0.1,projected_sparsity_noise,423,558.3249853999745,198,143,198,143,57,71,70,8.707393070036588,3.5957336594519514e-15,accepted_child,143,198,143,198,143,198,143,198,143,198,0.2,17,15.523448861662413,3,0.00882011437262103,0.12
441,427,38,0.1,projected_sparsity_noise,423,500.84086022562735,198,143,198,143,57,71,70,10.607769962236013,2.9503772908180864e-15,frontier,142,197,143,198,143,198,143,198,143,198,,,,,,
436,426,38,0.1,projected_sparsity,423,500.867097446786,198,143,198,143,57,71,70,10.605132560394713,4.1085852438944036e-15,frontier,142,197,143,198,143,198,143,198,143,198,,,,,,
440,427,38,0.1,projected_sparsity_noise,423,500.8738580867273,198,143,198,143,57,71,70,10.60466603472288,3.877890643795288e-15,frontier,139,194,140,195,143,198,143,198,143,198,,,,,,
0,-1,0,0.1,retau:initial,423,561.0161260875857,198,143,198,143,57,71,70,8.639924364388474,1.6636573637991994e-13,frontier,143,198,143,198,143,198,143,198,143,198,,,,,,
448,441,39,0.1,projected_sparsity,423,500.3145633352744,198,143,198,143,57,71,70,10.638021945064185,4.675737222779877e-15,accepted_child,142,197,143,198,143,198,143,198,143,198,0.2,17,13.38023279132153,3,0.021291269281835994,0.0
449,441,39,0.1,projected_sparsity_noise,423,500.2969097818497,198,143,198,143,57,71,70,10.638826135764916,3.81755737228736e-15,accepted_child,139,194,143,198,143,198,143,198,143,198,0.2,17,13.38023279132153,3,0.021267488759400002,0.06
450,441,39,0.1,projected_sparsity_noise,423,500.3074217579549,198,143,198,143,57,71,70,10.631709708770904,4.9007459734350015e-15,accepted_child,142,197,143,198,143,198,143,198,143,198,0.2,17,13.38023279132153,3,0.020941216838254298,0.12
451,436,39,0.1,projected_sparsity,423,500.273406533551,198,143,198,143,57,71,70,10.635268476016273,4.4097276334257795e-15,accepted_child,142,197,143,198,143,198,143,198,143,198,0.2,17,13.553646089689904,3,0.021201236626286722,0.0
452,436,39,0.1,projected_sparsity_noise,423,500.2756409804867,198,143,198,143,57,71,70,10.637796955096993,3.579441274601114e-15,accepted_child,142,197,143,198,143,198,143,198,143,198,0.2,17,13.553646089689904,3,0.020967727834526075,0.06
453,436,39,0.1,projected_sparsity_noise,423,500.3130792768901,198,143,198,143,57,71,70,10.634055155181192,3.485711845005683e-15,accepted_child,142,197,143,198,143,198,143,198,143,198,0.2,17,13.553646089689904,3,0.021336390888488665,0.12
454,440,39,0.1,projected_sparsity,423,500.3113093104811,198,143,198,143,57,71,70,10.635341858367523,3.777064545655595e-15,accepted_child,139,194,143,198,143,198,143,198,143,198,0.2,17,13.46842579199164,3,0.021274799206736677,0.0
455,440,39,0.1,projected_sparsity_noise,423,500.3460796499462,198,143,198,143,57,71,70,10.636777208522945,3.641272245309339e-15,accepted_child,139,194,143,198,143,198,143,198,143,198,0.2,17,13.46842579199164,3,0.021781010217345742,0.06
456,440,39,0.1,projected_sparsity_noise,423,500.3304306051259,198,143,198,143,57,71,70,10.638758538018054,3.71748879278847e-15,accepted_child,142,197,143,198,143,198,143,198,143,198,0.2,17,13.46842579199164,3,0.022043530851086488,0.12
457,0,39,0.1,projected_sparsity,423,558.385952580556,198,143,198,143,57,71,70,8.70297093568372,4.537248080290891e-15,accepted_child,143,198,143,198,143,198,143,198,143,198,0.2,17,15.523448861662413,3,0.009472052071168517,0.0
458,0,39,0.1,projected_sparsity_noise,423,558.3607897774455,198,143,198,143,57,71,70,8.705187693018242,3.06564127611425e-15,accepted_child,143,198,143,198,143,198,143,198,143,198,0.2,17,15.523448861662413,3,0.009757592267075307,0.06
459,0,39,0.1,projected_sparsity_noise,423,558.3696068820934,198,143,198,143,57,71,70,8.708240053962022,4.300764081366884e-15,accepted_child,143,198,143,198,143,198,143,198,143,198,0.2,17,15.523448861662413,3,0.010269674221735081,0.12
451,436,39,0.1,projected_sparsity,423,500.273406533551,198,143,198,143,57,71,70,10.635268476016273,4.4097276334257795e-15,frontier,142,197,143,198,143,198,143,198,143,198,,,,,,
450,441,39,0.1,projected_sparsity_noise,423,500.3074217579549,198,143,198,143,57,71,70,10.631709708770904,4.9007459734350015e-15,frontier,142,197,143,198,143,198,143,198,143,198,,,,,,
441,427,38,0.1,projected_sparsity_noise,423,500.84086022562735,198,143,198,143,57,71,70,10.607769962236013,2.9503772908180864e-15,frontier,142,197,143,198,143,198,143,198,143,198,,,,,,
0,-1,0,0.1,retau:initial,423,561.0161260875857,198,143,198,143,57,71,70,8.639924364388474,1.6636573637991994e-13,frontier,143,198,143,198,143,198,143,198,143,198,,,,,,
460,451,40,0.1,projected_sparsity,423,499.7093816705842,198,143,198,143,57,71,70,10.66542781865161,4.264167398831544e-15,accepted_child,142,197,143,198,143,198,143,198,143,198,0.2,17,13.489021721385077,3,0.021537278534108827,0.0
461,451,40,0.1,projected_sparsity_noise,423,499.7128258106996,198,143,198,143,57,71,70,10.666134968574621,3.714904878576948e-15,accepted_child,142,197,143,198,143,198,143,198,143,198,0.2,17,13.489021721385077,3,0.02155948643345765,0.06
462,451,40,0.1,projected_sparsity_noise,423,499.70481050712306,198,143,198,143,57,71,70,10.672001625126434,3.956809699414146e-15,accepted_child,142,197,143,198,143,198,143,198,143,198,0.2,17,13.489021721385077,3,0.021030742116792508,0.12
463,450,40,0.1,projected_sparsity,423,499.7019496327156,198,143,198,143,57,71,70,10.662013392743013,2.930034327008169e-15,accepted_child,142,197,143,198,143,198,143,198,143,198,0.2,17,13.596017910496167,3,0.021359248838999107,0.0
464,450,40,0.1,projected_sparsity_noise,423,499.7154803218941,198,143,198,143,57,71,70,10.664575304871008,4.589391764641275e-15,accepted_child,142,197,143,198,143,198,143,198,143,198,0.2,17,13.596017910496167,3,0.021388711562566342,0.06
465,450,40,0.1,projected_sparsity_noise,423,499.7191910510413,198,143,198,143,57,71,70,10.66204644953611,4.774416620971303e-15,accepted_child,142,197,143,198,143,198,143,198,143,198,0.2,17,13.596017910496167,3,0.021281591301443768,0.12
466,441,40,0.1,projected_sparsity,423,500.3145633352744,198,143,198,143,57,71,70,10.638021945064185,4.675737222779877e-15,accepted_child,142,197,143,198,143,198,143,198,143,198,0.2,17,13.38023279132153,3,0.021291269281835994,0.0
467,441,40,0.1,projected_sparsity_noise,423,500.2970967592824,198,143,198,143,57,71,70,10.638804255273199,4.1092809769188065e-15,accepted_child,142,197,143,198,143,198,143,198,143,198,0.2,17,13.38023279132153,3,0.021144147603545292,0.06
468,441,40,0.1,projected_sparsity_noise,423,500.38596733962765,198,143,198,143,57,71,70,10.631317780025945,3.4224601144693214e-15,accepted_child,140,195,143,198,143,198,143,198,143,198,0.2,17,13.38023279132153,3,0.02191383494031933,0.12
469,0,40,0.1,projected_sparsity,423,558.385952580556,198,143,198,143,57,71,70,8.70297093568372,4.537248080290891e-15,accepted_child,143,198,143,198,143,198,143,198,143,198,0.2,17,15.523448861662413,3,0.009472052071168517,0.0
470,0,40,0.1,projected_sparsity_noise,423,558.4215252180256,198,143,198,143,57,71,70,8.70274238903935,3.8859687453777805e-15,accepted_child,143,198,143,198,143,198,143,198,143,198,0.2,17,15.523448861662413,3,0.009822646515959163,0.06
471,0,40,0.1,projected_sparsity_noise,423,558.3212622529225,198,143,198,143,57,71,70,8.703947826086225,3.480626397447059e-15,accepted_child,143,198,143,198,143,198,143,198,143,198,0.2,17,15.523448861662413,3,0.00976770667095878,0.12
463,450,40,0.1,projected_sparsity,423,499.7019496327156,198,143,198,143,57,71,70,10.662013392743013,2.930034327008169e-15,frontier,142,197,143,198,143,198,143,198,143,198,,,,,,
451,436,39,0.1,projected_sparsity,423,500.273406533551,198,143,198,143,57,71,70,10.635268476016273,4.4097276334257795e-15,frontier,142,197,143,198,143,198,143,198,143,198,,,,,,
450,441,39,0.1,projected_sparsity_noise,423,500.3074217579549,198,143,198,143,57,71,70,10.631709708770904,4.9007459734350015e-15,frontier,142,197,143,198,143,198,143,198,143,198,,,,,,
0,-1,0,0.1,retau:initial,423,561.0161260875857,198,143,198,143,57,71,70,8.639924364388474,1.6636573637991994e-13,frontier,143,198,143,198,143,198,143,198,143,198,,,,,,
472,463,41,0.05,projected_sparsity,423,717.6424660207038,198,143,198,143,57,71,70,10.703873959256084,3.820957304011408e-15,accepted_child,142,197,142,197,143,198,143,198,143,198,0.2,17,31.431314661138106,3,0.02071360581391358,0.0
473,463,41,0.05,projected_sparsity_noise,423,717.6006971184004,198,143,198,143,57,71,70,10.701574975677405,4.188709134943983e-15,accepted_child,142,197,142,197,143,198,143,198,143,198,0.2,17,31.431314661138106,3,0.020301895190109037,0.06
474,463,41,0.05,projected_sparsity_noise,423,717.7039162783446,198,143,198,143,57,71,70,10.700066908314342,3.1960292497696346e-15,accepted_child,141,196,142,197,143,198,143,198,143,198,0.2,17,31.431314661138106,3,0.020815973703631252,0.12
475,451,41,0.05,projected_sparsity,423,718.3645467456398,198,143,198,143,57,71,70,10.677190276186755,4.145454346219119e-15,accepted_child,142,197,142,197,143,198,143,198,143,198,0.2,17,31.47814811167359,3,0.02067471138108761,0.0
476,451,41,0.05,projected_sparsity_noise,423,718.4064595541104,198,143,198,143,57,71,70,10.676986688399833,3.3730045437302346e-15,accepted_child,138,193,142,197,143,198,143,198,143,198,0.2,17,31.47814811167359,3,0.021138759530637447,0.06
477,451,41,0.05,projected_sparsity_noise,423,718.4576901187139,198,143,198,143,57,71,70,10.667108923748355,4.205694695567902e-15,accepted_child,139,194,142,197,143,198,143,198,143,198,0.2,17,31.47814811167359,3,0.021187074243912883,0.12
478,450,41,0.05,projected_sparsity,423,718.2491776215445,198,143,198,143,57,71,70,10.673952282932506,2.973719919589143e-15,accepted_child,142,197,142,197,143,198,143,198,143,198,0.2,17,31.531548774974066,3,0.020124866899614572,0.0
479,450,41,0.05,projected_sparsity_noise,423,718.21534768516,198,143,198,143,57,71,70,10.676204082720773,3.4894045813167377e-15,accepted_child,142,197,142,197,143,198,143,198,143,198,0.2,17,31.531548774974066,3,0.019965924595543808,0.06
480,450,41,0.05,projected_sparsity_noise,423,718.1419788041826,198,143,198,143,57,71,70,10.671491423356755,4.846116795441367e-15,accepted_child,142,197,142,197,143,198,143,198,143,198,0.2,17,31.531548774974066,3,0.019895343881162795,0.12
481,0,41,0.05,projected_sparsity,423,811.0689997028837,198,143,198,143,57,71,70,8.681440029524676,3.4673644832719008e-15,accepted_child,143,198,143,198,143,198,143,198,143,198,0.2,17,32.26129769277215,3,0.02336039080156282,0.0
482,0,41,0.05,projected_sparsity_noise,423,811.0213242362081,198,143,198,143,57,71,70,8.680183198098572,4.8971947109603255e-15,accepted_child,143,198,143,198,143,198,143,198,143,198,0.2,17,32.26129769277215,3,0.01836305387366554,0.06
483,0,41,0.05,projected_sparsity_noise,423,810.50944999988,198,143,198,143,57,71,70,8.685825485130579,2.741769047864265e-15,accepted_child,143,198,143,198,143,198,143,198,143,198,0.2,17,32.26129769277215,3,0.012087348658040209,0.12
473,463,41,0.05,projected_sparsity_noise,423,717.6006971184004,198,143,198,143,57,71,70,10.701574975677405,4.188709134943983e-15,frontier,142,197,142,197,143,198,143,198,143,198,,,,,,
474,463,41,0.05,projected_sparsity_noise,423,717.7039162783446,198,143,198,143,57,71,70,10.700066908314342,3.1960292497696346e-15,frontier,141,196,142,197,143,198,143,198,143,198,,,,,,
480,450,41,0.05,projected_sparsity_noise,423,718.1419788041826,198,143,198,143,57,71,70,10.671491423356755,4.846116795441367e-15,frontier,142,197,142,197,143,198,143,198,143,198,,,,,,
0,-1,40,0.05,retau:retau:initial,423,813.0750258625494,198,143,198,143,57,71,70,8.639924364388474,1.6636573637991994e-13,frontier,143,198,143,198,143,198,143,198,143,198,,,,,,
484,473,42,0.05,projected_sparsity,423,717.2632815382996,198,143,198,143,57,71,70,10.732272194130239,3.511658827603659e-15,accepted_child,140,195,142,197,143,198,143,198,143,198,0.2,17,29.49839921442887,3,0.023051519246778313,0.0
485,473,42,0.05,projected_sparsity_noise,423,717.1896705530243,198,143,198,143,57,71,70,10.731964683923223,3.578088649539009e-15,accepted_child,142,197,143,198,143,198,143,198,143,198,0.2,17,29.49839921442887,3,0.022532256408792556,0.06
486,473,42,0.05,projected_sparsity_noise,423,717.3320093527816,198,143,198,143,57,71,70,10.729714316741061,3.652052608293826e-15,accepted_child,142,197,142,197,143,198,143,198,143,198,0.2,17,29.49839921442887,3,0.023990975972441493,0.12
487,474,42,0.05,projected_sparsity,423,717.2814766655126,198,143,198,143,57,71,70,10.728733386770225,3.0827772628854833e-15,accepted_child,139,194,142,197,143,198,143,198,143,198,0.2,17,29.415646384647275,3,0.023200767952287617,0.0
488,474,42,0.05,projected_sparsity_noise,423,717.3827296376962,198,143,198,143,57,71,70,10.726174885789224,2.489395266996982e-15,accepted_child,139,194,142,197,143,198,143,198,143,198,0.2,17,29.415646384647275,3,0.023670413982975327,0.06
489,474,42,0.05,projected_sparsity_noise,423,717.3319085938798,198,143,198,143,57,71,70,10.725108475544124,4.586496981548865e-15,accepted_child,142,197,142,197,143,198,143,198,143,198,0.2,17,29.415646384647275,3,0.02357148863446398,0.12
490,480,42,0.05,projected_sparsity,423,718.1332604725314,198,143,198,143,57,71,70,10.701150341628196,4.103283272210397e-15,accepted_child,139,194,142,197,143,198,143,198,143,198,0.2,17,29.41062809799764,3,0.02373232664186238,0.0
491,480,42,0.05,projected_sparsity_noise,423,718.0664897406932,198,143,198,143,57,71,70,10.703444281026787,2.8085903313984284e-15,accepted_child,142,197,142,197,143,198,143,198,143,198,0.2,17,29.41062809799764,3,0.023903616505226485,0.06
492,480,42,0.05,projected_sparsity_noise,423,718.1023973814845,198,143,198,143,57,71,70,10.70185863305681,4.50643714962079e-15,accepted_child,142,197,142,197,143,198,143,198,143,198,0.2,17,29.41062809799764,3,0.02304741879483276,0.12
493,0,42,0.05,projected_sparsity,423,811.0689997028837,198,143,198,143,57,71,70,8.681440029524676,3.4673644832719008e-15,accepted_child,143,198,143,198,143,198,143,198,143,198,0.2,17,32.26129769277215,3,0.02336039080156282,0.0
494,0,42,0.05,projected_sparsity_noise,423,811.0140434628596,198,143,198,143,57,71,70,8.683154422755115,3.1643968603184837e-15,accepted_child,143,198,143,198,143,198,143,198,143,198,0.2,17,32.26129769277215,3,0.01622874543647934,0.06
495,0,42,0.05,projected_sparsity_noise,423,811.0984661709609,198,143,198,143,57,71,70,8.688257144015664,3.1122938172584847e-15,accepted_child,143,198,143,198,143,198,143,198,143,198,0.2,17,32.26129769277215,3,0.015024310124569272,0.12
485,473,42,0.05,projected_sparsity_noise,423,717.1896705530243,198,143,198,143,57,71,70,10.731964683923223,3.578088649539009e-15,frontier,142,197,143,198,143,198,143,198,143,198,,,,,,
487,474,42,0.05,projected_sparsity,423,717.2814766655126,198,143,198,143,57,71,70,10.728733386770225,3.0827772628854833e-15,frontier,139,194,142,197,143,198,143,198,143,198,,,,,,
489,474,42,0.05,projected_sparsity_noise,423,717.3319085938798,198,143,198,143,57,71,70,10.725108475544124,4.586496981548865e-15,frontier,142,197,142,197,143,198,143,198,143,198,,,,,,
0,-1,40,0.05,retau:retau:initial,423,813.0750258625494,198,143,198,143,57,71,70,8.639924364388474,1.6636573637991994e-13,frontier,143,198,143,198,143,198,143,198,143,198,,,,,,
496,485,43,0.05,projected_sparsity,423,716.5607424028634,198,143,198,143,57,71,70,10.758945538789497,3.7496276773364204e-15,accepted_child,138,193,142,197,143,198,143,198,143,198,0.2,17,28.38605843421358,3,0.02445158710786399,0.0
497,485,43,0.05,projected_sparsity_noise,423,716.5662259695256,198,143,198,143,57,71,70,10.761777680667107,4.0521033169332306e-15,accepted_child,142,197,142,197,143,198,143,198,143,198,0.2,17,28.38605843421358,3,0.024227554245287136,0.06
498,485,43,0.05,projected_sparsity_noise,423,716.6535159322975,198,143,198,143,57,71,70,10.767090128313935,3.3090028119142402e-15,accepted_child,142,197,142,197,143,198,143,198,143,198,0.2,17,28.38605843421358,3,0.024490660940550336,0.12
499,487,43,0.05,projected_sparsity,423,716.6274565066713,198,143,198,143,57,71,70,10.752463579728277,3.691890981774031e-15,accepted_child,139,194,142,197,143,198,143,198,143,198,0.2,17,28.285572431788857,3,0.024541994331627806,0.0
500,487,43,0.05,projected_sparsity_noise,423,716.5580588521398,198,143,198,143,57,71,70,10.75378440416085,4.063065553324811e-15,accepted_child,139,194,142,197,143,198,143,198,143,198,0.2,17,28.285572431788857,3,0.02412174940562031,0.06
501,487,43,0.05,projected_sparsity_noise,423,716.5601238805804,198,143,198,143,57,71,70,10.75690674514542,3.939737374500144e-15,accepted_child,139,194,142,197,143,198,143,198,143,198,0.2,17,28.285572431788857,3,0.02375205660344272,0.12
502,489,43,0.05,projected_sparsity,423,716.6632866861373,198,143,198,143,57,71,70,10.747516441455804,3.426138401746491e-15,accepted_child,142,197,142,197,143,198,143,198,143,198,0.2,17,28.392019771748558,3,0.024737915390404108,0.0
503,489,43,0.05,projected_sparsity_noise,423,716.5974675212215,198,143,198,143,57,71,70,10.751069083693917,3.197862583861922e-15,accepted_child,142,197,142,197,143,198,143,198,143,198,0.2,17,28.392019771748558,3,0.024450676629821776,0.06
504,489,43,0.05,projected_sparsity_noise,423,716.5947330862583,198,143,198,143,57,71,70,10.752658411574188,4.378002525901558e-15,accepted_child,142,197,142,197,143,198,143,198,143,198,0.2,17,28.392019771748558,3,0.023834726635209982,0.12
505,0,43,0.05,projected_sparsity,423,811.0689997028837,198,143,198,143,57,71,70,8.681440029524676,3.4673644832719008e-15,accepted_child,143,198,143,198,143,198,143,198,143,198,0.2,17,32.26129769277215,3,0.02336039080156282,0.0
506,0,43,0.05,projected_sparsity_noise,423,811.3004467594188,198,143,198,143,57,71,70,8.68393160512001,3.5875911487280724e-15,accepted_child,143,198,143,198,143,198,143,198,143,198,0.2,17,32.26129769277215,3,0.02514708827091645,0.06
507,0,43,0.05,projected_sparsity_noise,423,810.6212419620222,198,143,198,143,57,71,70,8.682066629164611,3.064301094839966e-15,accepted_child,143,198,143,198,143,198,143,198,143,198,0.2,17,32.26129769277215,3,0.016471672090627318,0.12
500,487,43,0.05,projected_sparsity_noise,423,716.5580588521398,198,143,198,143,57,71,70,10.75378440416085,4.063065553324811e-15,frontier,139,194,142,197,143,198,143,198,143,198,,,,,,
504,489,43,0.05,projected_sparsity_noise,423,716.5947330862583,198,143,198,143,57,71,70,10.752658411574188,4.378002525901558e-15,frontier,142,197,142,197,143,198,143,198,143,198,,,,,,
503,489,43,0.05,projected_sparsity_noise,423,716.5974675212215,198,143,198,143,57,71,70,10.751069083693917,3.197862583861922e-15,frontier,142,197,142,197,143,198,143,198,143,198,,,,,,
0,-1,40,0.05,retau:retau:initial,423,813.0750258625494,198,143,198,143,57,71,70,8.639924364388474,1.6636573637991994e-13,frontier,143,198,143,198,143,198,143,198,143,198,,,,,,
508,500,44,0.05,projected_sparsity,423,716.3965842819781,198,143,198,143,57,71,70,10.772606826967332,5.7620385113812894e-15,accepted_child,139,194,142,197,143,198,143,198,143,198,0.2,17,28.332477757440262,3,0.024797979030554234,0.0
509,500,44,0.05,projected_sparsity_noise,423,716.3806082537265,198,143,198,143,57,71,70,10.772327533377476,3.5917137944013905e-15,accepted_child,139,194,142,197,143,198,143,198,143,198,0.2,17,28.332477757440262,3,0.0247027886290021,0.06
510,500,44,0.05,projected_sparsity_noise,423,716.3328122574087,198,143,198,143,57,71,70,10.773411937672831,5.0463207665095755e-15,accepted_child,139,194,142,197,143,198,143,198,143,198,0.2,17,28.332477757440262,3,0.024261342069416388,0.12
511,504,44,0.05,projected_sparsity,423,716.4824163724998,198,143,198,143,57,71,70,10.771110438517294,3.4156645258082096e-15,accepted_child,142,197,142,197,143,198,143,198,143,198,0.2,17,28.540948225133462,3,0.02428269222443466,0.0
512,504,44,0.05,projected_sparsity_noise,423,716.4471993621237,198,143,198,143,57,71,70,10.7735052528635,4.478381746007848e-15,accepted_child,139,194,142,197,143,198,143,198,143,198,0.2,17,28.540948225133462,3,0.02378272608557775,0.06
513,504,44,0.05,projected_sparsity_noise,423,716.4397076254841,198,143,198,143,57,71,70,10.769490318684594,4.032251525543711e-15,accepted_child,142,197,142,197,143,198,143,198,143,198,0.2,17,28.540948225133462,3,0.02351524620942393,0.12
514,503,44,0.05,projected_sparsity,423,716.4606015149309,198,143,198,143,57,71,70,10.76988651311774,4.608409646294591e-15,accepted_child,139,194,142,197,143,198,143,198,143,198,0.2,17,28.349050785926362,3,0.02471023332616122,0.0
515,503,44,0.05,projected_sparsity_noise,423,716.4939480901703,198,143,198,143,57,71,70,10.769384346476645,3.5253989872906022e-15,accepted_child,142,197,142,197,143,198,143,198,143,198,0.2,17,28.349050785926362,3,0.024937012613533163,0.06
516,503,44,0.05,projected_sparsity_noise,423,716.490628781424,198,143,198,143,57,71,70,10.77466420362968,4.037255048571853e-15,accepted_child,139,194,142,197,143,198,143,198,143,198,0.2,17,28.349050785926362,3,0.024424953480077023,0.12
517,0,44,0.05,projected_sparsity,423,811.0689997028837,198,143,198,143,57,71,70,8.681440029524676,3.4673644832719008e-15,accepted_child,143,198,143,198,143,198,143,198,143,198,0.2,17,32.26129769277215,3,0.02336039080156282,0.0
518,0,44,0.05,projected_sparsity_noise,423,811.0441301049636,198,143,198,143,57,71,70,8.679772876561293,4.3171032586334295e-15,accepted_child,143,198,143,198,143,198,143,198,143,198,0.2,17,32.26129769277215,3,0.01933067170747059,0.06
519,0,44,0.05,projected_sparsity_noise,423,811.135150230898,198,143,198,143,57,71,70,8.675927237104808,3.5196756475352396e-15,accepted_child,143,198,143,198,143,198,143,198,143,198,0.2,17,32.26129769277215,3,0.014036252140042916,0.12
510,500,44,0.05,projected_sparsity_noise,423,716.3328122574087,198,143,198,143,57,71,70,10.773411937672831,5.0463207665095755e-15,frontier,139,194,142,197,143,198,143,198,143,198,,,,,,
509,500,44,0.05,projected_sparsity_noise,423,716.3806082537265,198,143,198,143,57,71,70,10.772327533377476,3.5917137944013905e-15,frontier,139,194,142,197,143,198,143,198,143,198,,,,,,
513,504,44,0.05,projected_sparsity_noise,423,716.4397076254841,198,143,198,143,57,71,70,10.769490318684594,4.032251525543711e-15,frontier,142,197,142,197,143,198,143,198,143,198,,,,,,
0,-1,40,0.05,retau:retau:initial,423,813.0750258625494,198,143,198,143,57,71,70,8.639924364388474,1.6636573637991994e-13,frontier,143,198,143,198,143,198,143,198,143,198,,,,,,
520,510,45,0.05,projected_sparsity,423,714.0547479233356,198,143,198,143,57,71,70,10.782381890829333,3.336628728250822e-15,accepted_child,137,192,139,194,143,198,143,198,143,198,0.1,17,28.00490717848163,3,0.006290204677853255,0.0
521,510,45,0.05,projected_sparsity_noise,423,714.0670176840654,198,143,198,143,57,71,70,10.783765741155209,3.774043468452527e-15,accepted_child,137,192,139,194,143,198,143,198,143,198,0.1,17,28.00490717848163,3,0.00631775448918523,0.06
522,510,45,0.05,projected_sparsity_noise,423,714.1014912124472,198,143,198,143,57,71,70,10.782947418600475,3.878909205015833e-15,accepted_child,136,191,142,197,143,198,143,198,143,198,0.1,17,28.00490717848163,3,0.006549361166222394,0.12
523,509,45,0.05,projected_sparsity,423,714.0715716021075,198,143,198,143,57,71,70,10.780754855817094,3.4430696174994563e-15,accepted_child,138,193,142,197,143,198,143,198,143,198,0.1,17,27.965456346382094,3,0.006285838190782308,0.0
524,509,45,0.05,projected_sparsity_noise,423,714.0798643320818,198,143,198,143,57,71,70,10.779478146787667,2.724402857217732e-15,accepted_child,138,193,142,197,143,198,143,198,143,198,0.1,17,27.965456346382094,3,0.006319616181709916,0.06
525,509,45,0.05,projected_sparsity_noise,423,714.0822853553614,198,143,198,143,57,71,70,10.782665252788231,3.653955275207359e-15,accepted_child,138,193,142,197,143,198,143,198,143,198,0.1,17,27.965456346382094,3,0.006400052486954027,0.12
526,513,45,0.05,projected_sparsity,423,714.1305102515579,198,143,198,143,57,71,70,10.780322428458279,4.426867383471641e-15,accepted_child,141,196,142,197,143,198,143,198,143,198,0.1,17,27.955370611415848,3,0.006217587752527329,0.0
527,513,45,0.05,projected_sparsity_noise,423,714.1334568263433,198,143,198,143,57,71,70,10.781997169579945,3.4452055062675226e-15,accepted_child,141,196,142,197,143,198,143,198,143,198,0.1,17,27.955370611415848,3,0.0062131115253640885,0.06
528,513,45,0.05,projected_sparsity_noise,423,714.12196580329,198,143,198,143,57,71,70,10.779814988158005,3.1106225352595723e-15,accepted_child,142,197,142,197,143,198,143,198,143,198,0.1,17,27.955370611415848,3,0.006099552139382303,0.12
529,0,45,0.05,projected_sparsity,423,810.9842786134384,198,143,198,143,57,71,70,8.66052160349482,3.293020217116686e-15,accepted_child,143,198,143,198,143,198,143,198,143,198,0.1,17,32.26129769277215,3,0.0057521484557516945,0.0
530,0,45,0.05,projected_sparsity_noise,423,810.9296506163992,198,143,198,143,57,71,70,8.65983778463994,3.21285789239857e-15,accepted_child,143,198,143,198,143,198,143,198,143,198,0.1,17,32.26129769277215,3,0.007142876348240016,0.06
531,0,45,0.05,projected_sparsity_noise,423,810.9487360081125,198,143,198,143,57,71,70,8.661887218362121,3.884896112213728e-15,accepted_child,143,198,143,198,143,198,143,198,143,198,0.1,17,32.26129769277215,3,0.0031456388388246435,0.12
520,510,45,0.05,projected_sparsity,423,714.0547479233356,198,143,198,143,57,71,70,10.782381890829333,3.336628728250822e-15,frontier,137,192,139,194,143,198,143,198,143,198,,,,,,
523,509,45,0.05,projected_sparsity,423,714.0715716021075,198,143,198,143,57,71,70,10.780754855817094,3.4430696174994563e-15,frontier,138,193,142,197,143,198,143,198,143,198,,,,,,
524,509,45,0.05,projected_sparsity_noise,423,714.0798643320818,198,143,198,143,57,71,70,10.779478146787667,2.724402857217732e-15,frontier,138,193,142,197,143,198,143,198,143,198,,,,,,
0,-1,40,0.05,retau:retau:initial,423,813.0750258625494,198,143,198,143,57,71,70,8.639924364388474,1.6636573637991994e-13,frontier,143,198,143,198,143,198,143,198,143,198,,,,,,
532,520,46,0.05,projected_sparsity,423,713.3971418909211,198,143,198,143,57,71,70,10.81434946392475,4.5344591982622555e-15,accepted_child,139,194,139,194,143,198,143,198,143,198,0.1,17,7.763494780876173,2,0.00140752092479779,0.0
533,520,46,0.05,projected_sparsity_noise,423,713.3772492731655,198,143,198,143,57,71,70,10.815048311089344,4.920755982074017e-15,accepted_child,139,194,140,195,143,198,143,198,143,198,0.1,17,7.763494780876173,2,0.0013794678000510114,0.06
534,520,46,0.05,projected_sparsity_noise,423,713.3937796435112,198,143,198,143,57,71,70,10.816310700516238,4.6859333795300915e-15,accepted_child,140,195,142,197,143,198,143,198,143,198,0.1,17,7.763494780876173,2,0.0015352840158049488,0.12
535,523,46,0.05,projected_sparsity,423,713.5970800451081,198,143,198,143,57,71,70,10.812097357067417,1.730155266038166e-14,accepted_child,139,194,139,194,143,198,143,198,143,198,0.1,17,8.002845272871458,2,0.0015307500386857037,0.0
536,523,46,0.05,projected_sparsity_noise,423,713.6437149960882,198,143,198,143,57,71,70,10.812835242943214,2.0303467183081663e-14,accepted_child,139,194,142,197,143,198,143,198,143,198,0.1,17,8.002845272871458,2,0.0015570739574545882,0.06
537,523,46,0.05,projected_sparsity_noise,423,713.6081483369444,198,143,198,143,57,71,70,10.80712907454068,1.1173158896788469e-14,accepted_child,139,194,142,197,143,198,143,198,143,198,0.1,17,8.002845272871458,2,0.0017782916801126764,0.12
538,524,46,0.05,projected_sparsity,423,713.5710358897918,198,143,198,143,57,71,70,10.810127246370696,7.539346404537278e-15,accepted_child,139,194,139,194,143,198,143,198,143,198,0.1,17,7.9766058548079615,2,0.0015831599456188783,0.0
539,524,46,0.05,projected_sparsity_noise,423,713.5953360708447,198,143,198,143,57,71,70,10.810486206431136,9.26944538241097e-15,accepted_child,139,194,142,197,143,198,143,198,143,198,0.1,17,7.9766058548079615,2,0.0015500477394521709,0.06
540,524,46,0.05,projected_sparsity_noise,423,713.5543779375272,198,143,198,143,57,71,70,10.811342250654318,6.924279341467959e-15,accepted_child,139,194,142,197,143,198,143,198,143,198,0.1,17,7.9766058548079615,2,0.001539058511225915,0.12
541,0,46,0.05,projected_sparsity,423,810.9842786134384,198,143,198,143,57,71,70,8.66052160349482,3.293020217116686e-15,accepted_child,143,198,143,198,143,198,143,198,143,198,0.1,17,32.26129769277215,3,0.0057521484557516945,0.0
542,0,46,0.05,projected_sparsity_noise,423,810.9640612336186,198,143,198,143,57,71,70,8.659111034263484,3.3047716387144478e-15,accepted_child,143,198,143,198,143,198,143,198,143,198,0.1,17,32.26129769277215,3,0.0038527392172361358,0.06
543,0,46,0.05,projected_sparsity_noise,423,810.9317150471358,198,143,198,143,57,71,70,8.657205267053733,3.0208150820670015e-15,accepted_child,143,198,143,198,143,198,143,198,143,198,0.1,17,32.26129769277215,3,0.0029261937114187487,0.12
533,520,46,0.05,projected_sparsity_noise,423,713.3772492731655,198,143,198,143,57,71,70,10.815048311089344,4.920755982074017e-15,frontier,139,194,140,195,143,198,143,198,143,198,,,,,,
532,520,46,0.05,projected_sparsity,423,713.3971418909211,198,143,198,143,57,71,70,10.81434946392475,4.5344591982622555e-15,frontier,139,194,139,194,143,198,143,198,143,198,,,,,,
540,524,46,0.05,projected_sparsity_noise,423,713.5543779375272,198,143,198,143,57,71,70,10.811342250654318,6.924279341467959e-15,frontier,139,194,142,197,143,198,143,198,143,198,,,,,,
0,-1,40,0.05,retau:retau:initial,423,813.0750258625494,198,143,198,143,57,71,70,8.639924364388474,1.6636573637991994e-13,frontier,143,198,143,198,143,198,143,198,143,198,,,,,,
544,533,47,0.05,projected_sparsity,423,713.3375729358308,198,143,198,143,57,71,70,10.824531361861158,2.0926395465555295e-14,accepted_child,139,194,139,194,143,198,143,198,143,198,0.05,17,13.105346762437328,2,0.0011358909019959663,0.0
545,533,47,0.05,projected_sparsity_noise,423,713.3397353646129,198,143,198,143,57,71,70,10.824020540570682,2.4389013028123732e-14,accepted_child,139,194,142,197,143,198,143,198,143,198,0.05,17,13.105346762437328,2,0.001143240212813956,0.06
546,533,47,0.05,projected_sparsity_noise,423,713.3270913126389,198,143,198,143,57,71,70,10.824127130761527,1.5604043114515172e-14,accepted_child,139,194,142,197,143,198,143,198,143,198,0.05,17,13.105346762437328,2,0.001122941398356412,0.12
547,532,47,0.05,projected_sparsity,423,713.3472338483937,198,143,198,143,57,71,70,10.823134989786883,2.5614779084489608e-14,accepted_child,139,194,139,194,143,198,143,198,143,198,0.05,17,14.170501891385232,2,0.0012237193368309876,0.0
548,532,47,0.05,projected_sparsity_noise,423,713.3446405277375,198,143,198,143,57,71,70,10.822706273414909,2.543374925138228e-14,accepted_child,139,194,139,194,143,198,143,198,143,198,0.05,17,14.170501891385232,2,0.0012128037161454365,0.06
549,532,47,0.05,projected_sparsity_noise,423,713.3838317708733,198,143,198,143,57,71,70,10.821799065601589,2.9058018929453086e-14,accepted_child,139,194,142,197,143,198,143,198,143,198,0.05,17,14.170501891385232,2,0.0012923690520810212,0.12
550,540,47,0.05,projected_sparsity,423,713.3583701511814,198,143,198,143,57,71,70,10.81838525014687,3.354214432287709e-14,accepted_child,139,194,142,197,143,198,143,198,143,198,0.05,17,18.341755033474946,2,0.0014166824332880266,0.0
551,540,47,0.05,projected_sparsity_noise,423,713.3453737234631,198,143,198,143,57,71,70,10.818519446831337,2.891526492750123e-14,accepted_child,139,194,142,197,143,198,143,198,143,198,0.05,17,18.341755033474946,2,0.0013936480341572566,0.06
552,540,47,0.05,projected_sparsity_noise,423,713.3512136343332,198,143,198,143,57,71,70,10.81920119228723,4.239965258759595e-14,accepted_child,139,194,142,197,143,198,143,198,143,198,0.05,17,18.341755033474946,2,0.0013897482436038683,0.12
553,0,47,0.05,projected_sparsity,423,810.9842786134384,198,143,198,143,57,71,70,8.66052160349482,3.293020217116686e-15,accepted_child,143,198,143,198,143,198,143,198,143,198,0.1,17,32.26129769277215,3,0.0057521484557516945,0.0
554,0,47,0.05,projected_sparsity_noise,423,811.0132051450082,198,143,198,143,57,71,70,8.6609158637371,4.0168224072444505e-15,accepted_child,143,198,143,198,143,198,143,198,143,198,0.1,17,32.26129769277215,3,0.009404472366691374,0.06
555,0,47,0.05,projected_sparsity_noise,423,810.811742234064,198,143,198,143,57,71,70,8.657926780478821,4.107158984804436e-15,accepted_child,143,198,143,198,143,198,143,198,143,198,0.1,17,32.26129769277215,3,0.004890771619585417,0.12
546,533,47,0.05,projected_sparsity_noise,423,713.3270913126389,198,143,198,143,57,71,70,10.824127130761527,1.5604043114515172e-14,frontier,139,194,142,197,143,198,143,198,143,198,,,,,,
545,533,47,0.05,projected_sparsity_noise,423,713.3397353646129,198,143,198,143,57,71,70,10.824020540570682,2.4389013028123732e-14,frontier,139,194,142,197,143,198,143,198,143,198,,,,,,
548,532,47,0.05,projected_sparsity_noise,423,713.3446405277375,198,143,198,143,57,71,70,10.822706273414909,2.543374925138228e-14,frontier,139,194,139,194,143,198,143,198,143,198,,,,,,
0,-1,40,0.05,retau:retau:initial,423,813.0750258625494,198,143,198,143,57,71,70,8.639924364388474,1.6636573637991994e-13,frontier,143,198,143,198,143,198,143,198,143,198,,,,,,
556,546,48,0.05,projected_sparsity,423,713.078599671541,198,143,198,143,57,71,70,10.830818739656989,3.3219350397876967e-14,accepted_child,139,194,142,197,143,198,143,198,143,198,0.05,17,19.404602687626788,2,0.0014519846421562654,0.0
557,546,48,0.05,projected_sparsity_noise,423,713.0847660921297,198,143,198,143,57,71,70,10.830688174360414,2.791905637895487e-14,accepted_child,139,194,142,197,143,198,143,198,143,198,0.05,17,19.404602687626788,2,0.0014525770293778444,0.06
558,546,48,0.05,projected_sparsity_noise,423,713.1020407707156,198,143,198,143,57,71,70,10.831801360668596,2.3319802254999694e-14,accepted_child,139,194,142,197,143,198,143,198,143,198,0.05,17,19.404602687626788,2,0.0014551812894153728,0.12
559,545,48,0.05,projected_sparsity,423,713.0771682600762,198,143,198,143,57,71,70,10.830298403649596,3.3773205400902225e-14,accepted_child,139,194,139,194,143,198,143,198,143,198,0.05,17,19.652340858922955,2,0.0014572144325121906,0.0
560,545,48,0.05,projected_sparsity_noise,423,713.0826001221623,198,143,198,143,57,71,70,10.829505267023015,3.4264367647990467e-14,accepted_child,139,194,142,197,143,198,143,198,143,198,0.05,17,19.652340858922955,2,0.0014567093864866227,0.06
561,545,48,0.05,projected_sparsity_noise,423,713.0555328517223,198,143,198,143,57,71,70,10.8315613938513,2.0027992909358297e-14,accepted_child,139,194,142,197,143,198,143,198,143,198,0.05,17,19.652340858922955,2,0.0013859352150188155,0.12
562,548,48,0.05,projected_sparsity,423,713.0975021725858,198,143,198,143,57,71,70,10.829046673407284,3.3831900755510206e-14,accepted_child,139,194,139,194,143,198,143,198,143,198,0.05,17,19.38790634210658,2,0.0014499621420299353,0.0
563,548,48,0.05,projected_sparsity_noise,423,713.1097472313819,198,143,198,143,57,71,70,10.82849653781419,2.7120595569111276e-14,accepted_child,139,194,142,197,143,198,143,198,143,198,0.05,17,19.38790634210658,2,0.0014490554090162313,0.06
564,548,48,0.05,projected_sparsity_noise,423,713.0935440520855,198,143,198,143,57,71,70,10.829992463648777,3.228733720907409e-14,accepted_child,139,194,142,197,143,198,143,198,143,198,0.05,17,19.38790634210658,2,0.001466752493713953,0.12
565,0,48,0.05,projected_sparsity,423,810.9842786134384,198,143,198,143,57,71,70,8.66052160349482,3.293020217116686e-15,accepted_child,143,198,143,198,143,198,143,198,143,198,0.1,17,32.26129769277215,3,0.0057521484557516945,0.0
566,0,48,0.05,projected_sparsity_noise,423,811.0202271886869,198,143,198,143,57,71,70,8.661156934457598,2.9724936428709867e-15,accepted_child,143,198,143,198,143,198,143,198,143,198,0.1,17,32.26129769277215,3,0.0037328286209986606,0.06
567,0,48,0.05,projected_sparsity_noise,423,810.983488726258,198,143,198,143,57,71,70,8.65980585641954,2.6452147099078025e-15,accepted_child,143,198,143,198,143,198,143,198,143,198,0.1,17,32.26129769277215,3,0.004211679784792072,0.12
561,545,48,0.05,projected_sparsity_noise,423,713.0555328517223,198,143,198,143,57,71,70,10.8315613938513,2.0027992909358297e-14,frontier,139,194,142,197,143,198,143,198,143,198,,,,,,
559,545,48,0.05,projected_sparsity,423,713.0771682600762,198,143,198,143,57,71,70,10.830298403649596,3.3773205400902225e-14,frontier,139,194,139,194,143,198,143,198,143,198,,,,,,
560,545,48,0.05,projected_sparsity_noise,423,713.0826001221623,198,143,198,143,57,71,70,10.829505267023015,3.4264367647990467e-14,frontier,139,194,142,197,143,198,143,198,143,198,,,,,,
0,-1,40,0.05,retau:retau:initial,423,813.0750258625494,198,143,198,143,57,71,70,8.639924364388474,1.6636573637991994e-13,frontier,143,198,143,198,143,198,143,198,143,198,,,,,,
568,561,49,0.05,projected_sparsity,423,712.9730791106598,198,143,198,143,57,71,70,10.839129855927576,2.955354451175861e-14,accepted_child,139,194,142,197,143,198,143,198,143,198,0.05,17,15.607822226211166,2,0.0013085719395216978,0.0
569,561,49,0.05,projected_sparsity_noise,423,712.9752029235021,198,143,198,143,57,71,70,10.83858282894936,3.13506423219678e-14,accepted_child,139,194,142,197,143,198,143,198,143,198,0.05,17,15.607822226211166,2,0.0012976210168586738,0.06
570,561,49,0.05,projected_sparsity_noise,423,712.9919420634596,198,143,198,143,57,71,70,10.837619642106944,2.97445485110616e-14,accepted_child,139,194,142,197,143,198,143,198,143,198,0.05,17,15.607822226211166,2,0.001329243439134729,0.12
571,559,49,0.05,projected_sparsity,423,712.9801324068981,198,143,198,143,57,71,70,10.837942385770187,3.038930681873884e-14,accepted_child,139,194,139,194,143,198,143,198,143,198,0.05,17,16.073125711391356,2,0.0013345399731974157,0.0
572,559,49,0.05,projected_sparsity_noise,423,712.9845754652364,198,143,198,143,57,71,70,10.838622435268578,2.707965117125489e-14,accepted_child,139,194,142,197,143,198,143,198,143,198,0.05,17,16.073125711391356,2,0.0013292174865268756,0.06
573,559,49,0.05,projected_sparsity_noise,423,713.0087645033627,198,143,198,143,57,71,70,10.836216173397826,3.6521520154085155e-14,accepted_child,139,194,142,197,143,198,143,198,143,198,0.05,17,16.073125711391356,2,0.001403806203118678,0.12
574,560,49,0.05,projected_sparsity,423,712.9836707080339,198,143,198,143,57,71,70,10.837020850493438,3.029522814911631e-14,accepted_child,139,194,142,197,143,198,143,198,143,198,0.05,17,16.128139289843862,2,0.0013357687655480633,0.0
575,560,49,0.05,projected_sparsity_noise,423,712.9852270266995,198,143,198,143,57,71,70,10.836206877025555,2.5611394576393194e-14,accepted_child,139,194,142,197,143,198,143,198,143,198,0.05,17,16.128139289843862,2,0.0013603560681222093,0.06
576,560,49,0.05,projected_sparsity_noise,423,712.971972999235,198,143,198,143,57,71,70,10.837357681535591,2.178156919985936e-14,accepted_child,139,194,142,197,143,198,143,198,143,198,0.05,17,16.128139289843862,2,0.0013060193972664375,0.12
577,0,49,0.05,projected_sparsity,423,811.6845046102458,198,143,198,143,57,71,70,8.650182003150151,2.8670260776187586e-14,accepted_child,143,198,143,198,143,198,143,198,143,198,0.05,17,32.26129769277215,2,0.0014283041398808452,0.0
578,0,49,0.05,projected_sparsity_noise,423,811.6863257130283,198,143,198,143,57,71,70,8.649433023185097,7.291317677440765e-14,accepted_child,143,198,143,198,143,198,143,198,143,198,0.05,17,32.26129769277215,2,0.0018762615630180267,0.06
579,0,49,0.05,projected_sparsity_noise,423,811.7089370415113,198,143,198,143,57,71,70,8.648568331040293,7.838370071606627e-15,accepted_child,143,198,143,198,143,198,143,198,143,198,0.05,17,32.26129769277215,2,0.0009710021042594545,0.12
576,560,49,0.05,projected_sparsity_noise,423,712.971972999235,198,143,198,143,57,71,70,10.837357681535591,2.178156919985936e-14,frontier,139,194,142,197,143,198,143,198,143,198,,,,,,
574,560,49,0.05,projected_sparsity,423,712.9836707080339,198,143,198,143,57,71,70,10.837020850493438,3.029522814911631e-14,frontier,139,194,142,197,143,198,143,198,143,198,,,,,,
575,560,49,0.05,projected_sparsity_noise,423,712.9852270266995,198,143,198,143,57,71,70,10.836206877025555,2.5611394576393194e-14,frontier,139,194,142,197,143,198,143,198,143,198,,,,,,
0,-1,40,0.05,retau:retau:initial,423,813.0750258625494,198,143,198,143,57,71,70,8.639924364388474,1.6636573637991994e-13,frontier,143,198,143,198,143,198,143,198,143,198,,,,,,
580,576,50,0.05,projected_sparsity,423,712.7783006915588,198,143,198,143,57,71,70,10.843977093095615,3.311922082100711e-14,accepted_child,139,194,142,197,143,198,143,198,143,198,0.05,17,18.386787587973863,2,0.0014259021262937534,0.0
581,576,50,0.05,projected_sparsity_noise,423,712.7650011422015,198,143,198,143,57,71,70,10.843790606386511,3.1161744314094144e-14,accepted_child,139,194,142,197,143,198,143,198,143,198,0.05,17,18.386787587973863,2,0.0014007402712157685,0.06
582,576,50,0.05,projected_sparsity_noise,423,712.7879279037826,198,143,198,143,57,71,70,10.845636094079456,1.78224921541409e-14,accepted_child,139,194,142,197,143,198,143,198,143,198,0.05,17,18.386787587973863,2,0.0014328391359369494,0.12
583,574,50,0.05,projected_sparsity,423,712.7756669504541,198,143,198,143,57,71,70,10.843553702677104,3.323827082305005e-14,accepted_child,139,194,142,197,143,198,143,198,143,198,0.05,17,18.678472448656482,2,0.0014345687206513526,0.0
584,574,50,0.05,projected_sparsity_noise,423,712.7659714473017,198,143,198,143,57,71,70,10.844425145388557,2.927768894855554e-14,accepted_child,139,194,142,197,143,198,143,198,143,198,0.05,17,18.678472448656482,2,0.0014110052440534,0.06
585,574,50,0.05,projected_sparsity_noise,423,712.7772178355983,198,143,198,143,57,71,70,10.842871405605285,2.5837473874903707e-14,accepted_child,140,195,142,197,143,198,143,198,143,198,0.05,17,18.678472448656482,2,0.0013841178249964848,0.12
586,575,50,0.05,projected_sparsity,423,712.7768426490256,198,143,198,143,57,71,70,10.842866917163578,3.330193268880295e-14,accepted_child,139,194,142,197,143,198,143,198,143,198,0.05,17,18.68240337899201,2,0.0014377838600542502,0.0
587,575,50,0.05,projected_sparsity_noise,423,712.7586018580203,198,143,198,143,57,71,70,10.84314070842517,3.2587885617184e-14,accepted_child,139,194,142,197,143,198,143,198,143,198,0.05,17,18.68240337899201,2,0.0014139403244117035,0.06
588,575,50,0.05,projected_sparsity_noise,423,712.7830999949073,198,143,198,143,57,71,70,10.843906891103588,1.7106390420259276e-14,accepted_child,139,194,142,197,143,198,143,198,143,198,0.05,17,18.68240337899201,2,0.0014903378308697452,0.12
589,0,50,0.05,projected_sparsity,423,811.6845046102458,198,143,198,143,57,71,70,8.650182003150151,2.8670260776187586e-14,accepted_child,143,198,143,198,143,198,143,198,143,198,0.05,17,32.26129769277215,2,0.0014283041398808452,0.0
590,0,50,0.05,projected_sparsity_noise,423,811.6951469410197,198,143,198,143,57,71,70,8.649363972377381,1.045477538005802e-14,accepted_child,143,198,143,198,143,198,143,198,143,198,0.05,17,32.26129769277215,2,0.0011003090479733454,0.06
591,0,50,0.05,projected_sparsity_noise,423,811.6921021886195,198,143,198,143,57,71,70,8.649960134651197,4.935202300192454e-15,accepted_child,143,198,143,198,143,198,143,198,143,198,0.05,17,32.26129769277215,2,0.0008293239210243989,0.12
587,575,50,0.05,projected_sparsity_noise,423,712.7586018580203,198,143,198,143,57,71,70,10.84314070842517,3.2587885617184e-14,frontier,139,194,142,197,143,198,143,198,143,198,,,,,,
586,575,50,0.05,projected_sparsity,423,712.7768426490256,198,143,198,143,57,71,70,10.842866917163578,3.330193268880295e-14,frontier,139,194,142,197,143,198,143,198,143,198,,,,,,
576,560,49,0.05,projected_sparsity_noise,423,712.971972999235,198,143,198,143,57,71,70,10.837357681535591,2.178156919985936e-14,frontier,139,194,142,197,143,198,143,198,143,198,,,,,,
0,-1,40,0.05,retau:retau:initial,423,813.0750258625494,198,143,198,143,57,71,70,8.639924364388474,1.6636573637991994e-13,frontier,143,198,143,198,143,198,143,198,143,198,,,,,,
592,587,51,0.05,projected_sparsity,423,712.6436630783566,198,143,198,143,57,71,70,10.850513045666315,3.116977709798974e-14,accepted_child,139,194,142,197,143,198,143,198,143,198,0.05,17,16.617146395638517,2,0.0013598730485861184,0.0
593,587,51,0.05,projected_sparsity_noise,423,712.6473574139126,198,143,198,143,57,71,70,10.850853180142696,3.543699572730695e-14,accepted_child,139,194,142,197,143,198,143,198,143,198,0.05,17,16.617146395638517,2,0.0013732402370865422,0.06
594,587,51,0.05,projected_sparsity_noise,423,712.6460478333101,198,143,198,143,57,71,70,10.85218749418325,2.835264147913471e-14,accepted_child,139,194,142,197,143,198,143,198,143,198,0.05,17,16.617146395638517,2,0.001361170170764886,0.12
595,586,51,0.05,projected_sparsity,423,712.6489444725347,198,143,198,143,57,71,70,10.850149083882764,3.1561759772928684e-14,accepted_child,139,194,142,197,143,198,143,198,143,198,0.05,17,16.94598252440137,2,0.0013704291572509551,0.0
596,586,51,0.05,projected_sparsity_noise,423,712.6430668444868,198,143,198,143,57,71,70,10.850513900572722,3.482275468575605e-14,accepted_child,139,194,142,197,143,198,143,198,143,198,0.05,17,16.94598252440137,2,0.0013671320267460696,0.06
597,586,51,0.05,projected_sparsity_noise,423,712.6660544728423,198,143,198,143,57,71,70,10.849285241485282,2.7677206705911894e-14,accepted_child,139,194,142,197,143,198,143,198,143,198,0.05,17,16.94598252440137,2,0.001398983721039181,0.12
598,576,51,0.05,projected_sparsity,423,712.7783006915588,198,143,198,143,57,71,70,10.843977093095615,3.311922082100711e-14,accepted_child,139,194,142,197,143,198,143,198,143,198,0.05,17,18.386787587973863,2,0.0014259021262937534,0.0
599,576,51,0.05,projected_sparsity_noise,423,712.7770375959167,198,143,198,143,57,71,70,10.844704612577972,2.993584254550263e-14,accepted_child,139,194,142,197,143,198,143,198,143,198,0.05,17,18.386787587973863,2,0.0014149488280330528,0.06
600,576,51,0.05,projected_sparsity_noise,423,712.7758192188576,198,143,198,143,57,71,70,10.841913861363418,4.1561209683018944e-14,accepted_child,139,194,139,194,143,198,143,198,143,198,0.05,17,18.386787587973863,2,0.001430475329926817,0.12
601,0,51,0.05,projected_sparsity,423,811.6845046102458,198,143,198,143,57,71,70,8.650182003150151,2.8670260776187586e-14,accepted_child,143,198,143,198,143,198,143,198,143,198,0.05,17,32.26129769277215,2,0.0014283041398808452,0.0
602,0,51,0.05,projected_sparsity_noise,423,811.6898776999938,198,143,198,143,57,71,70,8.651521052116742,1.3671600981877859e-14,accepted_child,143,198,143,198,143,198,143,198,143,198,0.05,17,32.26129769277215,2,0.001160435919579838,0.06
603,0,51,0.05,projected_sparsity_noise,423,811.7016082052812,198,143,198,143,57,71,70,8.650024793402558,5.0687609064199226e-15,accepted_child,143,198,143,198,143,198,143,198,143,198,0.05,17,32.26129769277215,2,0.0007947959772450478,0.12
596,586,51,0.05,projected_sparsity_noise,423,712.6430668444868,198,143,198,143,57,71,70,10.850513900572722,3.482275468575605e-14,frontier,139,194,142,197,143,198,143,198,143,198,,,,,,
592,587,51,0.05,projected_sparsity,423,712.6436630783566,198,143,198,143,57,71,70,10.850513045666315,3.116977709798974e-14,frontier,139,194,142,197,143,198,143,198,143,198,,,,,,
595,586,51,0.05,projected_sparsity,423,712.6489444725347,198,143,198,143,57,71,70,10.850149083882764,3.1561759772928684e-14,frontier,139,194,142,197,143,198,143,198,143,198,,,,,,
0,-1,40,0.05,retau:retau:initial,423,813.0750258625494,198,143,198,143,57,71,70,8.639924364388474,1.6636573637991994e-13,frontier,143,198,143,198,143,198,143,198,143,198,,,,,,
604,596,52,0.05,projected_sparsity,423,712.4642447338126,198,143,198,143,57,71,70,10.85739461832403,3.3115011417154144e-14,accepted_child,139,194,142,197,143,198,143,198,143,198,0.05,17,18.104991519885264,2,0.0014222504457473825,0.0
605,596,52,0.05,projected_sparsity_noise,423,712.4665843851476,198,143,198,143,57,71,70,10.858023051290964,2.5083229974369342e-14,accepted_child,139,194,142,197,143,198,143,198,143,198,0.05,17,18.104991519885264,2,0.0014219598769399354,0.06
606,596,52,0.05,projected_sparsity_noise,423,712.4629318871409,198,143,198,143,57,71,70,10.856206558200782,3.7283688451233554e-14,accepted_child,139,194,142,197,143,198,143,198,143,198,0.05,17,18.104991519885264,2,0.0013826909035626752,0.12
607,592,52,0.05,projected_sparsity,423,712.450143299636,198,143,198,143,57,71,70,10.857174681696485,3.314456958830253e-14,accepted_child,139,194,142,197,143,198,143,198,143,198,0.05,17,18.41372436297413,2,0.001429236487840166,0.0
608,592,52,0.05,projected_sparsity_noise,423,712.4404173321211,198,143,198,143,57,71,70,10.856929700552058,3.750975890329175e-14,accepted_child,139,194,139,194,143,198,143,198,143,198,0.05,17,18.41372436297413,2,0.0014190569792661123,0.06
609,592,52,0.05,projected_sparsity_noise,423,712.43792749814,198,143,198,143,57,71,70,10.858843772968614,2.1948533051704203e-14,accepted_child,139,194,142,197,143,198,143,198,143,198,0.05,17,18.41372436297413,2,0.001426803996640552,0.12
610,595,52,0.05,projected_sparsity,423,712.4652085974636,198,143,198,143,57,71,70,10.856903862883557,3.314692005020569e-14,accepted_child,139,194,142,197,143,198,143,198,143,198,0.05,17,18.21418800394191,2,0.0014244618820163483,0.0
611,595,52,0.05,projected_sparsity_noise,423,712.4740478360698,198,143,198,143,57,71,70,10.856141293530019,2.859376961748698e-14,accepted_child,139,194,142,197,143,198,143,198,143,198,0.05,17,18.21418800394191,2,0.001418993820213876,0.06
612,595,52,0.05,projected_sparsity_noise,423,712.475719946654,198,143,198,143,57,71,70,10.855052300652096,3.779590989731541e-14,accepted_child,139,194,142,197,143,198,143,198,143,198,0.05,17,18.21418800394191,2,0.0014046848045005805,0.12
613,0,52,0.05,projected_sparsity,423,811.6845046102458,198,143,198,143,57,71,70,8.650182003150151,2.8670260776187586e-14,accepted_child,143,198,143,198,143,198,143,198,143,198,0.05,17,32.26129769277215,2,0.0014283041398808452,0.0
614,0,52,0.05,projected_sparsity_noise,423,811.6957728587317,198,143,198,143,57,71,70,8.649451856550137,1.8150565198672072e-14,accepted_child,143,198,143,198,143,198,143,198,143,198,0.05,17,32.26129769277215,2,0.0012933595897513003,0.06
615,0,52,0.05,projected_sparsity_noise,423,811.6787534089239,198,143,198,143,57,71,70,8.650507052059275,3.600624421087165e-15,accepted_child,143,198,143,198,143,198,143,198,143,198,0.05,17,32.26129769277215,2,0.0007317151697479472,0.12
609,592,52,0.05,projected_sparsity_noise,423,712.43792749814,198,143,198,143,57,71,70,10.858843772968614,2.1948533051704203e-14,frontier,139,194,142,197,143,198,143,198,143,198,,,,,,
608,592,52,0.05,projected_sparsity_noise,423,712.4404173321211,198,143,198,143,57,71,70,10.856929700552058,3.750975890329175e-14,frontier,139,194,139,194,143,198,143,198,143,198,,,,,,
606,596,52,0.05,projected_sparsity_noise,423,712.4629318871409,198,143,198,143,57,71,70,10.856206558200782,3.7283688451233554e-14,frontier,139,194,142,197,143,198,143,198,143,198,,,,,,
0,-1,40,0.05,retau:retau:initial,423,813.0750258625494,198,143,198,143,57,71,70,8.639924364388474,1.6636573637991994e-13,frontier,143,198,143,198,143,198,143,198,143,198,,,,,,
616,609,53,0.02,projected_sparsity,423,1012.8152102751901,198,143,198,143,57,71,70,10.866835215871337,5.171892623063633e-15,accepted_child,139,194,142,197,143,198,143,198,143,198,0.05,17,74.50471866786235,2,0.0013065341685460652,0.0
617,609,53,0.02,projected_sparsity_noise,423,1012.8017710986101,198,143,198,143,57,71,70,10.866270423919937,3.761493774400852e-15,accepted_child,138,193,142,197,143,198,143,198,143,198,0.05,17,74.50471866786235,2,0.0013021151949932188,0.06
618,609,53,0.02,projected_sparsity_noise,423,1012.7544235389205,198,143,198,143,57,71,70,10.866613374486423,7.514792437272521e-15,accepted_child,138,193,142,197,143,198,143,198,143,198,0.05,17,74.50471866786235,2,0.0012474757526699646,0.12
619,608,53,0.02,projected_sparsity,423,1012.839183660179,198,143,198,143,57,71,70,10.865044234397528,3.839663197827259e-15,accepted_child,139,194,139,194,143,198,143,198,143,198,0.05,17,75.32992937290933,2,0.0012819795802044124,0.0
620,608,53,0.02,projected_sparsity_noise,423,1012.825499024724,198,143,198,143,57,71,70,10.865109905542235,4.9828194287056545e-15,accepted_child,138,193,139,194,143,198,143,198,143,198,0.05,17,75.32992937290933,2,0.0012692632340026058,0.06
621,608,53,0.02,snap_zero,424,1019.0890230110685,185,130,185,130,53,62,70,10.883355850368458,6.185482581659283e-15,accepted_child:snapped_1_zeros,121,176,130,185,130,185,130,185,130,185,0.2,17,75.32992937290933,3,0.021358843715739678,0.12
622,606,53,0.02,projected_sparsity,423,1012.8243110772511,198,143,198,143,57,71,70,10.864142402380917,3.990595877257947e-15,accepted_child,139,194,142,197,143,198,143,198,143,198,0.05,17,75.43604814703066,2,0.0012845485490029656,0.0
623,606,53,0.02,projected_sparsity_noise,423,1012.8617195225238,198,143,198,143,57,71,70,10.863715982191785,6.610895474305631e-15,accepted_child,138,193,142,197,143,198,143,198,143,198,0.05,17,75.43604814703066,2,0.001304096822590258,0.06
624,606,53,0.02,projected_sparsity_noise,423,1012.6371004361436,198,143,198,143,57,71,70,10.866497597103452,5.013289266249295e-15,accepted_child,138,193,142,197,143,198,143,198,143,198,0.05,17,75.43604814703066,2,0.00116199696578628,0.12
625,0,53,0.02,projected_sparsity,423,1164.4548788697775,198,143,198,143,57,71,70,8.66544472634643,4.9582780124762684e-15,accepted_child,143,198,143,198,143,198,143,198,143,198,0.2,17,75.60411231735131,3,0.016286182674749985,0.0
626,0,53,0.02,projected_sparsity_noise,423,1162.2380330431533,198,143,198,143,57,71,70,8.652138866990333,2.9210069454447147e-15,accepted_child,143,198,143,198,143,198,143,198,143,198,0.1,17,75.60411231735131,3,0.004100963677526733,0.06
627,0,53,0.02,projected_sparsity_noise,423,1164.1451998521343,198,143,198,143,57,71,70,8.670815666493105,3.787109964797667e-15,accepted_child,143,198,143,198,143,198,143,198,143,198,0.2,17,75.60411231735131,3,0.015515260401282429,0.12
621,608,53,0.02,snap_zero,424,1019.0890230110685,185,130,185,130,53,62,70,10.883355850368458,6.185482581659283e-15,frontier,121,176,130,185,130,185,130,185,130,185,,,,,,
624,606,53,0.02,projected_sparsity_noise,423,1012.6371004361436,198,143,198,143,57,71,70,10.866497597103452,5.013289266249295e-15,frontier,138,193,142,197,143,198,143,198,143,198,,,,,,
617,609,53,0.02,projected_sparsity_noise,423,1012.8017710986101,198,143,198,143,57,71,70,10.866270423919937,3.761493774400852e-15,frontier,138,193,142,197,143,198,143,198,143,198,,,,,,
0,-1,52,0.02,retau:retau:retau:initial,423,1164.49299478636,198,143,198,143,57,71,70,8.639924364388474,1.6636573637991994e-13,frontier,143,198,143,198,143,198,143,198,143,198,,,,,,
628,621,54,0.02,projected_sparsity,424,1013.2247011300111,185,130,185,130,53,62,70,10.894086966153202,3.60394157831322e-15,accepted_child,126,181,130,185,130,185,130,185,130,185,0.2,17,39.383661591385845,3,0.019523922662366952,0.0
629,621,54,0.02,projected_sparsity_noise,424,1013.2090120743037,185,130,185,130,53,62,70,10.894790350894345,4.819093229270324e-15,accepted_child,126,181,130,185,130,185,130,185,130,185,0.2,17,39.383661591385845,3,0.01895324730860331,0.06
630,621,54,0.02,projected_sparsity_noise,424,1013.2139066873123,185,130,185,130,53,62,70,10.892163185262909,3.701432494400632e-15,accepted_child,127,182,130,185,130,185,130,185,130,185,0.2,17,39.383661591385845,3,0.01918080220342991,0.12
631,624,54,0.02,projected_sparsity,423,1011.694622803964,198,143,198,143,57,71,70,10.869578584776251,3.949315831823124e-15,accepted_child,138,193,142,197,143,198,143,198,143,198,0.025,17,68.35526909582254,2,0.00037221364712844716,0.0
632,624,54,0.02,projected_sparsity_noise,423,1011.6866627277029,198,143,198,143,57,71,70,10.86954194417434,4.506853978913298e-15,accepted_child,137,192,142,197,143,198,143,198,143,198,0.025,17,68.35526909582254,2,0.00036428294969035127,0.06
633,624,54,0.02,snap_zero,424,1019.5106403385876,185,130,185,130,53,62,70,10.889223271746918,6.7237687229899866e-15,accepted_child:snapped_1_zeros,127,182,130,185,130,185,130,185,130,185,0.2,17,68.35526909582254,3,0.024044188409819423,0.12
634,617,54,0.02,snap_zero,424,1019.3571405379291,194,139,185,130,53,62,70,10.890049186383353,2.2406377136423874e-14,accepted_child:snapped_1_zeros,126,181,130,185,130,185,130,185,139,194,0.2,17,70.49238924557149,3,0.02363715414067003,0.0
635,617,54,0.02,projected_sparsity_noise,423,1012.5690501009976,198,143,198,143,57,71,70,10.872001516496736,7.181747528494077e-15,accepted_child,139,194,142,197,143,198,143,198,143,198,0.05,17,70.49238924557149,2,0.0015070742241343619,0.06
636,617,54,0.02,projected_sparsity_noise,423,1012.4861023484195,198,143,198,143,57,71,70,10.872596080312917,1.45012637864386e-14,accepted_child,139,194,142,197,143,198,143,198,143,198,0.05,17,70.49238924557149,2,0.0014449684540340025,0.12
637,0,54,0.02,projected_sparsity,423,1164.4548788697775,198,143,198,143,57,71,70,8.66544472634643,4.9582780124762684e-15,accepted_child,143,198,143,198,143,198,143,198,143,198,0.2,17,75.60411231735131,3,0.016286182674749985,0.0
638,0,54,0.02,projected_sparsity_noise,423,1164.4730386974384,198,143,198,143,57,71,70,8.66199875749246,2.8712983553118417e-15,accepted_child,143,198,143,198,143,198,143,198,143,198,0.2,17,75.60411231735131,3,0.016304853133398193,0.06
639,0,54,0.02,projected_sparsity_noise,423,1164.284852949465,198,143,198,143,57,71,70,8.66749497309801,3.227921823497879e-15,accepted_child,143,198,143,198,143,198,143,198,143,198,0.2,17,75.60411231735131,3,0.01564653066774918,0.12
629,621,54,0.02,projected_sparsity_noise,424,1013.2090120743037,185,130,185,130,53,62,70,10.894790350894345,4.819093229270324e-15,frontier,126,181,130,185,130,185,130,185,130,185,,,,,,
621,608,53,0.02,snap_zero,424,1019.0890230110685,185,130,185,130,53,62,70,10.883355850368458,6.185482581659283e-15,frontier,121,176,130,185,130,185,130,185,130,185,,,,,,
632,624,54,0.02,projected_sparsity_noise,423,1011.6866627277029,198,143,198,143,57,71,70,10.86954194417434,4.506853978913298e-15,frontier,137,192,142,197,143,198,143,198,143,198,,,,,,
0,-1,52,0.02,retau:retau:retau:initial,423,1164.49299478636,198,143,198,143,57,71,70,8.639924364388474,1.6636573637991994e-13,frontier,143,198,143,198,143,198,143,198,143,198,,,,,,
640,629,55,0.02,projected_sparsity,424,1012.8076798669529,185,130,185,130,53,62,70,10.897575983223707,4.347839966406053e-15,accepted_child,127,182,130,185,130,185,130,185,130,185,0.05,17,63.71160329766599,2,0.0009089789408723885,0.0
641,629,55,0.02,projected_sparsity_noise,424,1012.7322641253375,185,130,185,130,53,62,70,10.897151471248074,6.348022242633644e-15,accepted_child,127,182,130,185,130,185,130,185,130,185,0.05,17,63.71160329766599,2,0.0008956180184502541,0.06
642,629,55,0.02,projected_sparsity_noise,424,1012.8641939738181,185,130,185,130,53,62,70,10.897196702086864,3.730423771215203e-15,accepted_child,127,182,130,185,130,185,130,185,130,185,0.05,17,63.71160329766599,2,0.0009304123442209943,0.12
643,621,55,0.02,projected_sparsity,424,1013.2247011300111,185,130,185,130,53,62,70,10.894086966153202,3.60394157831322e-15,accepted_child,126,181,130,185,130,185,130,185,130,185,0.2,17,39.383661591385845,3,0.019523922662366952,0.0
644,621,55,0.02,projected_sparsity_noise,424,1013.1639086843836,185,130,185,130,53,62,70,10.896632784344126,4.5324038926406166e-15,accepted_child,129,184,130,185,130,185,130,185,130,185,0.2,17,39.383661591385845,3,0.019051844156786662,0.06
645,621,55,0.02,projected_sparsity_noise,424,1013.2800143857364,185,130,185,130,53,62,70,10.89450604847202,3.592687224896735e-15,accepted_child,130,185,130,185,130,185,130,185,130,185,0.2,17,39.383661591385845,3,0.019215639244374673,0.12
646,632,55,0.02,projected_sparsity,423,1011.54028317801,198,143,198,143,57,71,70,10.873033514680177,4.644212068180288e-15,accepted_child,138,193,142,197,143,198,143,198,143,198,0.0125,17,26.05119358402906,2,5.011959717215994e-05,0.0
647,632,55,0.02,projected_sparsity_noise,423,1011.5344064373846,198,143,198,143,57,71,70,10.873138792711062,4.553402788947552e-15,accepted_child,138,193,142,197,143,198,143,198,143,198,0.0125,17,26.05119358402906,2,9.146094092029202e-05,0.06
648,632,55,0.02,projected_sparsity_noise,423,1011.5461186190926,198,143,198,143,57,71,70,10.873241294126197,5.1178050659910045e-15,accepted_child,138,193,142,197,143,198,143,198,143,198,0.0125,17,26.05119358402906,2,4.946112635587507e-05,0.12
649,0,55,0.02,projected_sparsity,423,1164.4548788697775,198,143,198,143,57,71,70,8.66544472634643,4.9582780124762684e-15,accepted_child,143,198,143,198,143,198,143,198,143,198,0.2,17,75.60411231735131,3,0.016286182674749985,0.0
650,0,55,0.02,projected_sparsity_noise,423,1162.2372186589864,198,143,198,143,57,71,70,8.651801193543275,3.38677576528219e-15,accepted_child,143,198,143,198,143,198,143,198,143,198,0.1,17,75.60411231735131,3,0.004107547507503978,0.06
651,0,55,0.02,projected_sparsity_noise,423,1162.5091190354765,198,143,198,143,57,71,70,8.651094779580095,3.27443440422079e-15,accepted_child,143,198,143,198,143,198,143,198,143,198,0.1,17,75.60411231735131,3,0.004250030721826599,0.12
641,629,55,0.02,projected_sparsity_noise,424,1012.7322641253375,185,130,185,130,53,62,70,10.897151471248074,6.348022242633644e-15,frontier,127,182,130,185,130,185,130,185,130,185,,,,,,
621,608,53,0.02,snap_zero,424,1019.0890230110685,185,130,185,130,53,62,70,10.883355850368458,6.185482581659283e-15,frontier,121,176,130,185,130,185,130,185,130,185,,,,,,
647,632,55,0.02,projected_sparsity_noise,423,1011.5344064373846,198,143,198,143,57,71,70,10.873138792711062,4.553402788947552e-15,frontier,138,193,142,197,143,198,143,198,143,198,,,,,,
0,-1,52,0.02,retau:retau:retau:initial,423,1164.49299478636,198,143,198,143,57,71,70,8.639924364388474,1.6636573637991994e-13,frontier,143,198,143,198,143,198,143,198,143,198,,,,,,
652,641,56,0.02,projected_sparsity,424,1011.9769648080436,185,130,185,130,53,62,70,10.899417136377373,8.689298515580805e-15,accepted_child,126,181,130,185,130,185,130,185,130,185,0.05,17,73.75932967982264,2,0.001415313762114529,0.0
653,641,56,0.02,projected_sparsity_noise,424,1011.9688797856664,185,130,185,130,53,62,70,10.899019907079499,5.055574611059848e-15,accepted_child,126,181,130,185,130,185,130,185,130,185,0.05,17,73.75932967982264,2,0.0014192643411140404,0.06
654,641,56,0.02,projected_sparsity_noise,424,1011.8589695810576,185,130,185,130,53,62,70,10.898702592257159,1.826048414482786e-14,accepted_child,126,181,130,185,130,185,130,185,130,185,0.05,17,73.75932967982264,2,0.0013273978728515709,0.12
655,621,56,0.02,projected_sparsity,424,1013.2247011300111,185,130,185,130,53,62,70,10.894086966153202,3.60394157831322e-15,accepted_child,126,181,130,185,130,185,130,185,130,185,0.2,17,39.383661591385845,3,0.019523922662366952,0.0
656,621,56,0.02,projected_sparsity_noise,424,1013.0670277314014,185,130,185,130,53,62,70,10.893737663052086,3.941331810545243e-15,accepted_child,125,180,128,183,130,185,130,185,130,185,0.2,17,39.383661591385845,3,0.01923812190311919,0.06
657,621,56,0.02,projected_sparsity_noise,424,1013.0648315261549,185,130,185,130,53,62,70,10.899074675829892,3.943269886354699e-15,accepted_child,130,185,130,185,130,185,130,185,130,185,0.2,17,39.383661591385845,3,0.019730901726431407,0.12
658,647,56,0.02,snap_zero,424,1015.7290991872301,196,141,196,141,57,69,70,10.897527176614508,3.1721812368876144e-15,accepted_child:snapped_1_zeros,128,183,141,196,141,196,141,196,141,196,0.1,17,26.154829918879226,3,0.004694108782917964,0.0
659,647,56,0.02,projected_sparsity_noise,423,1011.4614216361855,198,143,198,143,57,71,70,10.876246804674661,5.160323914398091e-15,accepted_child,136,191,142,197,143,198,143,198,143,198,0.0125,17,26.154829918879226,2,6.910673492195024e-05,0.06
660,647,56,0.02,snap_zero,424,1013.1661497187758,196,141,196,141,57,69,70,10.88534171645515,5.275421336288266e-15,accepted_child:snapped_1_zeros,122,177,141,196,141,196,141,196,141,196,0.05,17,26.154829918879226,2,0.0011999434447955528,0.12
661,0,56,0.02,projected_sparsity,423,1164.4548788697775,198,143,198,143,57,71,70,8.66544472634643,4.9582780124762684e-15,accepted_child,143,198,143,198,143,198,143,198,143,198,0.2,17,75.60411231735131,3,0.016286182674749985,0.0
662,0,56,0.02,projected_sparsity_noise,423,1164.4858739963938,198,143,198,143,57,71,70,8.66426509572615,3.579188733325472e-15,accepted_child,143,198,143,198,143,198,143,198,143,198,0.2,17,75.60411231735131,3,0.016388345390715785,0.06
663,0,56,0.02,projected_sparsity_noise,423,1163.946705757759,198,143,198,143,57,71,70,8.666017982552779,3.5476885226270067e-15,accepted_child,143,198,143,198,143,198,143,198,143,198,0.2,17,75.60411231735131,3,0.015580372908157326,0.12
654,641,56,0.02,projected_sparsity_noise,424,1011.8589695810576,185,130,185,130,53,62,70,10.898702592257159,1.826048414482786e-14,frontier,126,181,130,185,130,185,130,185,130,185,,,,,,
621,608,53,0.02,snap_zero,424,1019.0890230110685,185,130,185,130,53,62,70,10.883355850368458,6.185482581659283e-15,frontier,121,176,130,185,130,185,130,185,130,185,,,,,,
659,647,56,0.02,projected_sparsity_noise,423,1011.4614216361855,198,143,198,143,57,71,70,10.876246804674661,5.160323914398091e-15,frontier,136,191,142,197,143,198,143,198,143,198,,,,,,
0,-1,52,0.02,retau:retau:retau:initial,423,1164.49299478636,198,143,198,143,57,71,70,8.639924364388474,1.6636573637991994e-13,frontier,143,198,143,198,143,198,143,198,143,198,,,,,,
664,654,57,0.02,projected_sparsity,424,1010.9548214548072,185,130,185,130,53,62,70,10.900007235318188,7.049550180286298e-15,accepted_child,126,181,130,185,130,185,130,185,130,185,0.025,17,67.44484596321342,2,0.0003804377295042705,0.0
665,654,57,0.02,projected_sparsity_noise,424,1010.9617240488622,185,130,185,130,53,62,70,10.89972642798802,4.89717689475584e-15,accepted_child,126,181,127,182,130,185,130,185,130,185,0.025,17,67.44484596321342,2,0.0003790616399174118,0.06
666,654,57,0.02,projected_sparsity_noise,424,1010.9659399630547,185,130,185,130,53,62,70,10.899950035027278,4.458908333668568e-15,accepted_child,125,180,127,182,130,185,130,185,130,185,0.025,17,67.44484596321342,2,0.00037734477449594237,0.12
667,621,57,0.02,projected_sparsity,424,1013.2247011300111,185,130,185,130,53,62,70,10.894086966153202,3.60394157831322e-15,accepted_child,126,181,130,185,130,185,130,185,130,185,0.2,17,39.383661591385845,3,0.019523922662366952,0.0
668,621,57,0.02,projected_sparsity_noise,424,1013.278392310506,185,130,185,130,53,62,70,10.891215490462034,3.1603784862505723e-15,accepted_child,125,180,130,185,130,185,130,185,130,185,0.2,17,39.383661591385845,3,0.019257749211701668,0.06
669,621,57,0.02,projected_sparsity_noise,424,1013.3166862611399,185,130,185,130,53,62,70,10.89025852022686,3.826983029987464e-15,accepted_child,126,181,130,185,130,185,130,185,130,185,0.2,17,39.383661591385845,3,0.020399118614051085,0.12
670,659,57,0.02,snap_zero,424,1015.955159105971,196,141,196,141,57,69,70,10.894399849715894,4.4597839434198526e-15,accepted_child:snapped_1_zeros,114,169,135,190,141,196,141,196,141,196,0.1,17,29.213708951470885,3,0.005586647360278739,0.0
671,659,57,0.02,snap_zero,427,1015.9592144804391,193,138,193,138,57,68,68,10.894815064956237,5.278619039865771e-15,accepted_child:snapped_4_zeros,114,169,129,184,138,193,138,193,138,193,0.1,17,29.213708951470885,3,0.00562304086938406,0.06
672,659,57,0.02,snap_zero,424,1015.8972896974237,185,130,185,130,53,62,70,10.89414925219386,4.0150086255984015e-15,accepted_child:snapped_1_zeros,115,170,130,185,130,185,130,185,130,185,0.1,17,29.213708951470885,3,0.005695991046492692,0.12
673,0,57,0.02,projected_sparsity,423,1164.4548788697775,198,143,198,143,57,71,70,8.66544472634643,4.9582780124762684e-15,accepted_child,143,198,143,198,143,198,143,198,143,198,0.2,17,75.60411231735131,3,0.016286182674749985,0.0
674,0,57,0.02,projected_sparsity_noise,423,1162.2495700029717,198,143,198,143,57,71,70,8.651757246830407,3.856018300370417e-15,accepted_child,143,198,143,198,143,198,143,198,143,198,0.1,17,75.60411231735131,3,0.0041060230209285144,0.06
675,0,57,0.02,projected_sparsity_noise,423,1164.1289665819172,198,143,198,143,57,71,70,8.664332052842724,3.3507126220833788e-15,accepted_child,143,198,143,198,143,198,143,198,143,198,0.2,17,75.60411231735131,3,0.015800232427647016,0.12
664,654,57,0.02,projected_sparsity,424,1010.9548214548072,185,130,185,130,53,62,70,10.900007235318188,7.049550180286298e-15,frontier,126,181,130,185,130,185,130,185,130,185,,,,,,
665,654,57,0.02,projected_sparsity_noise,424,1010.9617240488622,185,130,185,130,53,62,70,10.89972642798802,4.89717689475584e-15,frontier,126,181,127,182,130,185,130,185,130,185,,,,,,
621,608,53,0.02,snap_zero,424,1019.0890230110685,185,130,185,130,53,62,70,10.883355850368458,6.185482581659283e-15,frontier,121,176,130,185,130,185,130,185,130,185,,,,,,
0,-1,52,0.02,retau:retau:retau:initial,423,1164.49299478636,198,143,198,143,57,71,70,8.639924364388474,1.6636573637991994e-13,frontier,143,198,143,198,143,198,143,198,143,198,,,,,,
676,664,58,0.02,projected_sparsity,424,1010.8607342081393,185,130,185,130,53,62,70,10.901736369646265,3.9076846145894e-15,accepted_child,125,180,130,185,130,185,130,185,130,185,0.0125,17,25.11062353554937,2,5.798704064897899e-05,0.0
677,664,58,0.02,projected_sparsity_noise,424,1010.860815665326,185,130,185,130,53,62,70,10.901423332098048,4.761040957106448e-15,accepted_child,125,180,130,185,130,185,130,185,130,185,0.0125,17,25.11062353554937,2,5.825127462511276e-05,0.06
678,664,58,0.02,projected_sparsity_noise,424,1010.8730808593988,185,130,185,130,53,62,70,10.902204654222519,4.438091847040266e-15,accepted_child,125,180,130,185,130,185,130,185,130,185,0.0125,17,25.11062353554937,2,6.196374838007434e-05,0.12
679,665,58,0.02,projected_sparsity,424,1010.8647235497629,185,130,185,130,53,62,70,10.901423345035525,3.773347968003505e-15,accepted_child,125,180,127,182,130,185,130,185,130,185,0.0125,17,25.405917565910475,2,5.7875758627872866e-05,0.0
680,665,58,0.02,projected_sparsity_noise,424,1010.8695808954106,185,130,185,130,53,62,70,10.901433948198113,4.140490784732352e-15,accepted_child,125,180,127,182,130,185,130,185,130,185,0.0125,17,25.405917565910475,2,5.933392361426105e-05,0.06
681,665,58,0.02,projected_sparsity_noise,424,1010.8629854578417,185,130,185,130,53,62,70,10.901272870362625,4.235642311224389e-15,accepted_child,126,181,127,182,130,185,130,185,130,185,0.0125,17,25.405917565910475,2,5.9628536486633424e-05,0.12
682,621,58,0.02,projected_sparsity,424,1015.3678482877417,185,130,185,130,53,62,70,10.888683052514745,3.939797482638712e-15,accepted_child,125,180,130,185,130,185,130,185,130,185,0.1,17,39.383661591385845,3,0.004921239335941823,0.0
683,621,58,0.02,projected_sparsity_noise,424,1015.4075730293598,185,130,185,130,53,62,70,10.888310159956392,4.314602102341356e-15,accepted_child,125,180,126,181,130,185,130,185,130,185,0.1,17,39.383661591385845,3,0.004838656338137019,0.06
684,621,58,0.02,projected_sparsity_noise,424,1015.3443067937396,185,130,185,130,53,62,70,10.888135753876758,4.6480333793408934e-15,accepted_child,127,182,130,185,130,185,130,185,130,185,0.1,17,39.383661591385845,3,0.00487612729194724,0.12
685,0,58,0.02,projected_sparsity,423,1162.1877537913851,198,143,198,143,57,71,70,8.652485630812642,3.250667092059193e-15,accepted_child,143,198,143,198,143,198,143,198,143,198,0.1,17,75.60411231735131,3,0.004083868043312786,0.0
686,0,58,0.02,projected_sparsity_noise,423,1162.2122081120606,198,143,198,143,57,71,70,8.649249819749002,3.0669119175849146e-15,accepted_child,143,198,143,198,143,198,143,198,143,198,0.1,17,75.60411231735131,3,0.004097113571028274,0.06
687,0,58,0.02,projected_sparsity_noise,423,1161.9790903427897,198,143,198,143,57,71,70,8.648021997647382,2.9099936841064934e-15,accepted_child,143,198,143,198,143,198,143,198,143,198,0.1,17,75.60411231735131,3,0.00393340301467134,0.12
676,664,58,0.02,projected_sparsity,424,1010.8607342081393,185,130,185,130,53,62,70,10.901736369646265,3.9076846145894e-15,frontier,125,180,130,185,130,185,130,185,130,185,,,,,,
677,664,58,0.02,projected_sparsity_noise,424,1010.860815665326,185,130,185,130,53,62,70,10.901423332098048,4.761040957106448e-15,frontier,125,180,130,185,130,185,130,185,130,185,,,,,,
621,608,53,0.02,snap_zero,424,1019.0890230110685,185,130,185,130,53,62,70,10.883355850368458,6.185482581659283e-15,frontier,121,176,130,185,130,185,130,185,130,185,,,,,,
0,-1,52,0.02,retau:retau:retau:initial,423,1164.49299478636,198,143,198,143,57,71,70,8.639924364388474,1.6636573637991994e-13,frontier,143,198,143,198,143,198,143,198,143,198,,,,,,
688,676,59,0.02,projected_sparsity,424,1010.8079557306492,185,130,185,130,53,62,70,10.9032085276866,5.380396262493212e-15,accepted_child,125,180,128,183,130,185,130,185,130,185,0.0125,17,28.50297738982536,2,8.452208005754966e-05,0.0
689,676,59,0.02,projected_sparsity_noise,424,1010.8075786869333,185,130,185,130,53,62,70,10.903157398059069,3.2154996509470602e-15,accepted_child,124,179,127,182,130,185,130,185,130,185,0.0125,17,28.50297738982536,2,8.37647591700123e-05,0.06
690,676,59,0.02,projected_sparsity_noise,424,1010.8178204577656,185,130,185,130,53,62,70,10.903171275487647,4.493009202483427e-15,accepted_child,124,179,128,183,130,185,130,185,130,185,0.0125,17,28.50297738982536,2,8.688895835099443e-05,0.12
691,677,59,0.02,projected_sparsity,424,1010.8079970297663,185,130,185,130,53,62,70,10.902899818659398,3.5147601151348206e-15,accepted_child,124,179,130,185,130,185,130,185,130,185,0.0125,17,28.481125800291696,2,8.436229640785338e-05,0.0
692,677,59,0.02,projected_sparsity_noise,424,1010.8070218158828,185,130,185,130,53,62,70,10.902857995503355,4.2088098566219145e-15,accepted_child,124,179,130,185,130,185,130,185,130,185,0.0125,17,28.481125800291696,2,8.384812021181605e-05,0.06
693,677,59,0.02,projected_sparsity_noise,424,1010.8061642249196,185,130,185,130,53,62,70,10.902946244665081,5.0299171053663904e-15,accepted_child,124,179,130,185,130,185,130,185,130,185,0.0125,17,28.481125800291696,2,8.466011625374532e-05,0.12
694,621,59,0.02,projected_sparsity,424,1015.3678482877417,185,130,185,130,53,62,70,10.888683052514745,3.939797482638712e-15,accepted_child,125,180,130,185,130,185,130,185,130,185,0.1,17,39.383661591385845,3,0.004921239335941823,0.0
695,621,59,0.02,projected_sparsity_noise,424,1015.5086872652462,185,130,185,130,53,62,70,10.887995547558457,3.4822743541858822e-15,accepted_child,126,181,130,185,130,185,130,185,130,185,0.1,17,39.383661591385845,3,0.004791132557799444,0.06
696,621,59,0.02,projected_sparsity_noise,424,1015.3189089575412,185,130,185,130,53,62,70,10.8860199807856,4.91973897686814e-15,accepted_child,126,181,128,183,130,185,130,185,130,185,0.1,17,39.383661591385845,3,0.005010642675222722,0.12
697,0,59,0.02,projected_sparsity,423,1162.1877537913851,198,143,198,143,57,71,70,8.652485630812642,3.250667092059193e-15,accepted_child,143,198,143,198,143,198,143,198,143,198,0.1,17,75.60411231735131,3,0.004083868043312786,0.0
698,0,59,0.02,projected_sparsity_noise,423,1162.0987360738316,198,143,198,143,57,71,70,8.652044645921269,2.985584942420481e-15,accepted_child,143,198,143,198,143,198,143,198,143,198,0.1,17,75.60411231735131,3,0.004029470440926397,0.06
699,0,59,0.02,projected_sparsity_noise,423,1162.0258714659235,198,143,198,143,57,71,70,8.655706060012635,2.458310588464977e-15,accepted_child,143,198,143,198,143,198,143,198,143,198,0.1,17,75.60411231735131,3,0.003952750284972594,0.12
693,677,59,0.02,projected_sparsity_noise,424,1010.8061642249196,185,130,185,130,53,62,70,10.902946244665081,5.0299171053663904e-15,frontier,124,179,130,185,130,185,130,185,130,185,,,,,,
692,677,59,0.02,projected_sparsity_noise,424,1010.8070218158828,185,130,185,130,53,62,70,10.902857995503355,4.2088098566219145e-15,frontier,124,179,130,185,130,185,130,185,130,185,,,,,,
621,608,53,0.02,snap_zero,424,1019.0890230110685,185,130,185,130,53,62,70,10.883355850368458,6.185482581659283e-15,frontier,121,176,130,185,130,185,130,185,130,185,,,,,,
0,-1,52,0.02,retau:retau:retau:initial,423,1164.49299478636,198,143,198,143,57,71,70,8.639924364388474,1.6636573637991994e-13,frontier,143,198,143,198,143,198,143,198,143,198,,,,,,
700,693,60,0.02,projected_sparsity,424,1010.7634126350558,185,130,185,130,53,62,70,10.90434421000487,4.744822921684549e-15,accepted_child,124,179,130,185,130,185,130,185,130,185,0.0125,17,29.293770281461768,2,9.237933809251251e-05,0.0
701,693,60,0.02,projected_sparsity_noise,424,1010.7647615786723,185,130,185,130,53,62,70,10.90438703742703,4.553840807192639e-15,accepted_child,124,179,130,185,130,185,130,185,130,185,0.0125,17,29.293770281461768,2,9.284862047736155e-05,0.06
702,693,60,0.02,projected_sparsity_noise,424,1010.766319516551,185,130,185,130,53,62,70,10.90431153761927,6.877920869822599e-15,accepted_child,124,179,130,185,130,185,130,185,130,185,0.0125,17,29.293770281461768,2,9.129765395464229e-05,0.12
703,692,60,0.02,projected_sparsity,424,1010.7649304390025,185,130,185,130,53,62,70,10.904233323514976,4.994065303370975e-15,accepted_child,124,179,128,183,130,185,130,185,130,185,0.0125,17,29.36834070714804,2,9.265169286114666e-05,0.0
704,692,60,0.02,projected_sparsity_noise,424,1010.7584400054361,185,130,185,130,53,62,70,10.9043995446183,3.148021076169268e-15,accepted_child,124,179,127,182,130,185,130,185,130,185,0.0125,17,29.36834070714804,2,9.14051920071502e-05,0.06
705,692,60,0.02,projected_sparsity_noise,424,1010.7602381863968,185,130,185,130,53,62,70,10.904323650218785,4.428067948877504e-15,accepted_child,125,180,130,185,130,185,130,185,130,185,0.0125,17,29.36834070714804,2,8.884623569962285e-05,0.12
706,621,60,0.02,projected_sparsity,424,1015.3678482877417,185,130,185,130,53,62,70,10.888683052514745,3.939797482638712e-15,accepted_child,125,180,130,185,130,185,130,185,130,185,0.1,17,39.383661591385845,3,0.004921239335941823,0.0
707,621,60,0.02,projected_sparsity_noise,424,1015.3939586143492,185,130,185,130,53,62,70,10.886917653423534,3.475401819298551e-15,accepted_child,126,181,127,182,130,185,130,185,130,185,0.1,17,39.383661591385845,3,0.0049137708160428145,0.06
708,621,60,0.02,projected_sparsity_noise,424,1015.6655425089489,185,130,185,130,53,62,70,10.889132203209487,4.04324073230196e-15,accepted_child,128,183,130,185,130,185,130,185,130,185,0.1,17,39.383661591385845,3,0.0046732133371127724,0.12
709,0,60,0.02,projected_sparsity,423,1162.1877537913851,198,143,198,143,57,71,70,8.652485630812642,3.250667092059193e-15,accepted_child,143,198,143,198,143,198,143,198,143,198,0.1,17,75.60411231735131,3,0.004083868043312786,0.0
710,0,60,0.02,projected_sparsity_noise,423,1162.2065790459424,198,143,198,143,57,71,70,8.6526344384618,3.7478426762682754e-15,accepted_child,143,198,143,198,143,198,143,198,143,198,0.1,17,75.60411231735131,3,0.0040827029445593445,0.06
711,0,60,0.02,projected_sparsity_noise,423,1161.8457900295375,198,143,198,143,57,71,70,8.651863794491064,3.0055310565996635e-15,accepted_child,143,198,143,198,143,198,143,198,143,198,0.1,17,75.60411231735131,3,0.0038393490566357787,0.12
704,692,60,0.02,projected_sparsity_noise,424,1010.7584400054361,185,130,185,130,53,62,70,10.9043995446183,3.148021076169268e-15,frontier,124,179,127,182,130,185,130,185,130,185,,,,,,
705,692,60,0.02,projected_sparsity_noise,424,1010.7602381863968,185,130,185,130,53,62,70,10.904323650218785,4.428067948877504e-15,frontier,125,180,130,185,130,185,130,185,130,185,,,,,,
621,608,53,0.02,snap_zero,424,1019.0890230110685,185,130,185,130,53,62,70,10.883355850368458,6.185482581659283e-15,frontier,121,176,130,185,130,185,130,185,130,185,,,,,,
0,-1,52,0.02,retau:retau:retau:initial,423,1164.49299478636,198,143,198,143,57,71,70,8.639924364388474,1.6636573637991994e-13,frontier,143,198,143,198,143,198,143,198,143,198,,,,,,
712,704,61,0.02,projected_sparsity,424,1010.7298976841647,185,130,185,130,53,62,70,10.905749462075452,3.659823497948085e-15,accepted_child,123,178,127,182,130,185,130,185,130,185,0.0125,17,28.840493806312292,2,9.470791932647793e-05,0.0
713,704,61,0.02,projected_sparsity_noise,424,1010.7291434954469,185,130,185,130,53,62,70,10.905796666742999,4.9551989945280505e-15,accepted_child,123,178,127,182,130,185,130,185,130,185,0.0125,17,28.840493806312292,2,9.494757198566856e-05,0.06
714,704,61,0.02,projected_sparsity_noise,424,1010.7349276501564,185,130,185,130,53,62,70,10.905723535284853,3.4107272085248575e-15,accepted_child,123,178,127,182,130,185,130,185,130,185,0.0125,17,28.840493806312292,2,9.425850164358554e-05,0.12
715,705,61,0.02,projected_sparsity,424,1010.7328610541712,185,130,185,130,53,62,70,10.905686856339502,5.558046701224959e-15,accepted_child,123,178,130,185,130,185,130,185,130,185,0.0125,17,28.763483579610156,2,9.429251711422739e-05,0.0
716,705,61,0.02,projected_sparsity_noise,424,1010.7400434693031,185,130,185,130,53,62,70,10.90553776729922,3.653239003385371e-15,accepted_child,123,178,130,185,130,185,130,185,130,185,0.0125,17,28.763483579610156,2,9.657908747891797e-05,0.06
717,705,61,0.02,projected_sparsity_noise,424,1010.7324480799517,185,130,185,130,53,62,70,10.906152265395457,5.172160119122886e-15,accepted_child,123,178,130,185,130,185,130,185,130,185,0.0125,17,28.763483579610156,2,9.479787696943471e-05,0.12
718,621,61,0.02,projected_sparsity,424,1015.3678482877417,185,130,185,130,53,62,70,10.888683052514745,3.939797482638712e-15,accepted_child,125,180,130,185,130,185,130,185,130,185,0.1,17,39.383661591385845,3,0.004921239335941823,0.0
719,621,61,0.02,projected_sparsity_noise,424,1015.4338227955467,185,130,185,130,53,62,70,10.89065314595872,4.048753800888498e-15,accepted_child,126,181,130,185,130,185,130,185,130,185,0.1,17,39.383661591385845,3,0.004929333973627658,0.06
720,621,61,0.02,projected_sparsity_noise,424,1015.1729282636761,185,130,185,130,53,62,70,10.888746946506881,4.516780322003794e-15,accepted_child,126,181,130,185,130,185,130,185,130,185,0.1,17,39.383661591385845,3,0.005076058405543306,0.12
721,0,61,0.02,projected_sparsity,423,1162.1877537913851,198,143,198,143,57,71,70,8.652485630812642,3.250667092059193e-15,accepted_child,143,198,143,198,143,198,143,198,143,198,0.1,17,75.60411231735131,3,0.004083868043312786,0.0
722,0,61,0.02,projected_sparsity_noise,423,1162.1121501397001,198,143,198,143,57,71,70,8.653843103374417,3.5380173085841287e-15,accepted_child,143,198,143,198,143,198,143,198,143,198,0.1,17,75.60411231735131,3,0.0040255919902297795,0.06
723,0,61,0.02,projected_sparsity_noise,423,1162.034899867469,198,143,198,143,57,71,70,8.653030228406148,2.7080570604835372e-15,accepted_child,143,198,143,198,143,198,143,198,143,198,0.1,17,75.60411231735131,3,0.003970053143572737,0.12
713,704,61,0.02,projected_sparsity_noise,424,1010.7291434954469,185,130,185,130,53,62,70,10.905796666742999,4.9551989945280505e-15,frontier,123,178,127,182,130,185,130,185,130,185,,,,,,
712,704,61,0.02,projected_sparsity,424,1010.7298976841647,185,130,185,130,53,62,70,10.905749462075452,3.659823497948085e-15,frontier,123,178,127,182,130,185,130,185,130,185,,,,,,
621,608,53,0.02,snap_zero,424,1019.0890230110685,185,130,185,130,53,62,70,10.883355850368458,6.185482581659283e-15,frontier,121,176,130,185,130,185,130,185,130,185,,,,,,
0,-1,52,0.02,retau:retau:retau:initial,423,1164.49299478636,198,143,198,143,57,71,70,8.639924364388474,1.6636573637991994e-13,frontier,143,198,143,198,143,198,143,198,143,198,,,,,,
724,713,62,0.02,projected_sparsity,424,1010.6929653000075,185,130,185,130,53,62,70,10.907050594729954,3.909148293774482e-15,accepted_child,123,178,127,182,130,185,130,185,130,185,0.0125,17,29.829075521883514,2,9.6927914469644e-05,0.0
725,713,62,0.02,projected_sparsity_noise,424,1010.6931368611738,185,130,185,130,53,62,70,10.90687404271936,3.5444419098226807e-15,accepted_child,123,178,130,185,130,185,130,185,130,185,0.0125,17,29.829075521883514,2,9.589760988242354e-05,0.06
726,713,62,0.02,projected_sparsity_noise,424,1010.6865016334317,185,130,185,130,53,62,70,10.907295941532965,5.02922953047884e-15,accepted_child,123,178,126,181,130,185,130,185,130,185,0.0125,17,29.829075521883514,2,9.483415094573678e-05,0.12
727,712,62,0.02,projected_sparsity,424,1010.6923739763031,185,130,185,130,53,62,70,10.907003786233076,3.596704865268863e-15,accepted_child,123,178,127,182,130,185,130,185,130,185,0.0125,17,29.940450886473336,2,9.688374105380435e-05,0.0
728,712,62,0.02,projected_sparsity_noise,424,1010.6938571008053,185,130,185,130,53,62,70,10.907047182495385,3.9759633932835296e-15,accepted_child,123,178,127,182,130,185,130,185,130,185,0.0125,17,29.940450886473336,2,9.675217957996057e-05,0.06
729,712,62,0.02,projected_sparsity_noise,424,1010.6980905298376,185,130,185,130,53,62,70,10.906826400971873,4.995575395277413e-15,accepted_child,124,179,130,185,130,185,130,185,130,185,0.0125,17,29.940450886473336,2,9.626408184512998e-05,0.12
730,621,62,0.02,projected_sparsity,424,1017.2092630334994,185,130,185,130,53,62,70,10.88600976925794,1.5506259628441468e-14,accepted_child,125,180,130,185,130,185,130,185,130,185,0.05,17,39.383661591385845,2,0.0012324516986153705,0.0
731,621,62,0.02,projected_sparsity_noise,424,1017.2107480402422,185,130,185,130,53,62,70,10.886094258924366,1.2362991383536834e-14,accepted_child,124,179,129,184,130,185,130,185,130,185,0.05,17,39.383661591385845,2,0.0012262428421337995,0.06
732,621,62,0.02,projected_sparsity_noise,424,1017.2792739010978,185,130,185,130,53,62,70,10.887710517674602,9.993989812868692e-15,accepted_child,126,181,130,185,130,185,130,185,130,185,0.05,17,39.383661591385845,2,0.0011408291042297562,0.12
733,0,62,0.02,projected_sparsity,423,1161.17322306501,198,143,198,143,57,71,70,8.646155965705177,1.3801986510773402e-14,accepted_child,141,196,143,198,143,198,143,198,143,198,0.05,17,75.60411231735131,2,0.001021400594210423,0.0
734,0,62,0.02,projected_sparsity_noise,423,1161.1962870190125,198,143,198,143,57,71,70,8.647582498837979,1.2892090205862942e-14,accepted_child,141,196,143,198,143,198,143,198,143,198,0.05,17,75.60411231735131,2,0.001030444438146803,0.06
735,0,62,0.02,projected_sparsity_noise,423,1161.144147956853,198,143,198,143,57,71,70,8.64589356017998,1.1953905976971799e-14,accepted_child,142,197,143,198,143,198,143,198,143,198,0.05,17,75.60411231735131,2,0.000988287972749589,0.12
726,713,62,0.02,projected_sparsity_noise,424,1010.6865016334317,185,130,185,130,53,62,70,10.907295941532965,5.02922953047884e-15,frontier,123,178,126,181,130,185,130,185,130,185,,,,,,
727,712,62,0.02,projected_sparsity,424,1010.6923739763031,185,130,185,130,53,62,70,10.907003786233076,3.596704865268863e-15,frontier,123,178,127,182,130,185,130,185,130,185,,,,,,
621,608,53,0.02,snap_zero,424,1019.0890230110685,185,130,185,130,53,62,70,10.883355850368458,6.185482581659283e-15,frontier,121,176,130,185,130,185,130,185,130,185,,,,,,
0,-1,52,0.02,retau:retau:retau:initial,423,1164.49299478636,198,143,198,143,57,71,70,8.639924364388474,1.6636573637991994e-13,frontier,143,198,143,198,143,198,143,198,143,198,,,,,,
736,726,63,0.02,snap_zero,438,1012.7530303201181,182,127,182,127,53,61,68,10.912407872679896,3.4482278161892556e-15,accepted_child:snapped_14_zeros,123,178,127,182,127,182,127,182,127,182,0.05,17,28.418880546635144,2,0.001554922796407075,0.0
737,726,63,0.02,projected_sparsity_noise,424,1010.6619268101213,185,130,185,130,53,62,70,10.908763378119607,3.577000823033316e-15,accepted_child,123,178,127,182,130,185,130,185,130,185,0.0125,17,28.418880546635144,2,9.487363126404688e-05,0.06
738,726,63,0.02,projected_sparsity_noise,424,1010.6652346761698,185,130,185,130,53,62,70,10.908732207016516,3.6331177582386674e-15,accepted_child,123,178,127,182,130,185,130,185,130,185,0.0125,17,28.418880546635144,2,9.45034142062324e-05,0.12
739,727,63,0.02,projected_sparsity,424,1010.6662860998986,185,130,185,130,53,62,70,10.908260781554157,3.541339052992093e-15,accepted_child,123,178,127,182,130,185,130,185,130,185,0.0125,17,29.102543142912516,2,9.684847308081543e-05,0.0
740,727,63,0.02,projected_sparsity_noise,424,1010.6619996257341,185,130,185,130,53,62,70,10.908395743447526,4.255380285051218e-15,accepted_child,123,178,127,182,130,185,130,185,130,185,0.0125,17,29.102543142912516,2,9.547419553122743e-05,0.06
741,727,63,0.02,projected_sparsity_noise,424,1010.6692231465886,185,130,185,130,53,62,70,10.908096036009242,3.621482240232896e-15,accepted_child,124,179,127,182,130,185,130,185,130,185,0.0125,17,29.102543142912516,2,9.589145794032247e-05,0.12
742,621,63,0.02,projected_sparsity,424,1017.2092630334994,185,130,185,130,53,62,70,10.88600976925794,1.5506259628441468e-14,accepted_child,125,180,130,185,130,185,130,185,130,185,0.05,17,39.383661591385845,2,0.0012324516986153705,0.0
743,621,63,0.02,projected_sparsity_noise,424,1017.2171332579596,185,130,185,130,53,62,70,10.886383360643709,1.5599168244956507e-14,accepted_child,125,180,130,185,130,185,130,185,130,185,0.05,17,39.383661591385845,2,0.0012196790149551786,0.06
744,621,63,0.02,projected_sparsity_noise,424,1017.2328160227025,185,130,185,130,53,62,70,10.887217649741505,1.6777340199507752e-14,accepted_child,125,180,130,185,130,185,130,185,130,185,0.05,17,39.383661591385845,2,0.0012218624044358038,0.12
745,0,63,0.02,projected_sparsity,423,1161.17322306501,198,143,198,143,57,71,70,8.646155965705177,1.3801986510773402e-14,accepted_child,141,196,143,198,143,198,143,198,143,198,0.05,17,75.60411231735131,2,0.001021400594210423,0.0
746,0,63,0.02,projected_sparsity_noise,423,1161.1652447260062,198,143,198,143,57,71,70,8.645884621670138,1.3293221997793638e-14,accepted_child,142,197,143,198,143,198,143,198,143,198,0.05,17,75.60411231735131,2,0.0010138235443514748,0.06
747,0,63,0.02,projected_sparsity_noise,423,1161.1412377164477,198,143,198,143,57,71,70,8.645172151556098,1.6790171730939567e-14,accepted_child,142,197,143,198,143,198,143,198,143,198,0.05,17,75.60411231735131,2,0.0009784277223354482,0.12
736,726,63,0.02,snap_zero,438,1012.7530303201181,182,127,182,127,53,61,68,10.912407872679896,3.4482278161892556e-15,frontier,123,178,127,182,127,182,127,182,127,182,,,,,,
737,726,63,0.02,projected_sparsity_noise,424,1010.6619268101213,185,130,185,130,53,62,70,10.908763378119607,3.577000823033316e-15,frontier,123,178,127,182,130,185,130,185,130,185,,,,,,
740,727,63,0.02,projected_sparsity_noise,424,1010.6619996257341,185,130,185,130,53,62,70,10.908395743447526,4.255380285051218e-15,frontier,123,178,127,182,130,185,130,185,130,185,,,,,,
0,-1,52,0.02,retau:retau:retau:initial,423,1164.49299478636,198,143,198,143,57,71,70,8.639924364388474,1.6636573637991994e-13,frontier,143,198,143,198,143,198,143,198,143,198,,,,,,
748,736,64,0.02,projected_sparsity,438,1010.5684011772291,182,127,182,127,53,61,68,10.914415412519423,1.9483968654733304e-14,accepted_child,123,178,127,182,127,182,127,182,127,182,0.05,16,67.16945206388266,2,0.001669719112154108,0.0
749,736,64,0.02,projected_sparsity_noise,438,1010.5693727932495,182,127,182,127,53,61,68,10.914063471990232,1.2928223125702292e-14,accepted_child,124,179,125,180,127,182,127,182,127,182,0.05,16,67.16945206388266,2,0.0016756517796535594,0.06
750,736,64,0.02,projected_sparsity_noise,438,1010.5552391420146,182,127,182,127,53,61,68,10.914501541022009,2.301486781140099e-14,accepted_child,124,179,126,181,127,182,127,182,127,182,0.05,16,67.16945206388266,2,0.0016515483949497858,0.12
751,737,64,0.02,projected_sparsity,424,1010.627878281422,185,130,185,130,53,62,70,10.909949536813745,3.3817971225486853e-15,accepted_child,123,178,127,182,130,185,130,185,130,185,0.0125,17,29.857551442857908,2,9.773871093299606e-05,0.0
752,737,64,0.02,projected_sparsity_noise,424,1010.625548318704,185,130,185,130,53,62,70,10.909859340923052,3.4564102845566046e-15,accepted_child,123,178,127,182,130,185,130,185,130,185,0.0125,17,29.857551442857908,2,9.651744888901992e-05,0.06
753,737,64,0.02,projected_sparsity_noise,424,1010.6218768691334,185,130,185,130,53,62,70,10.910140231584682,3.3538446058509e-15,accepted_child,123,178,130,185,130,185,130,185,130,185,0.0125,17,29.857551442857908,2,9.433848486590501e-05,0.12
754,740,64,0.02,projected_sparsity,424,1010.6328328541135,185,130,185,130,53,62,70,10.909593789052497,5.173263248174294e-15,accepted_child,123,178,127,182,130,185,130,185,130,185,0.0125,17,29.450367159780356,2,9.75096959010353e-05,0.0
755,740,64,0.02,snap_zero,439,1010.6324298824181,182,127,182,127,53,61,68,10.909625522856667,3.0644303552890157e-15,accepted_child:snapped_15_zeros,123,178,127,182,127,182,127,182,127,182,0.0125,17,29.450367159780356,2,9.750105342036908e-05,0.06
756,740,64,0.02,projected_sparsity_noise,424,1010.6387478079773,185,130,185,130,53,62,70,10.909369324723357,4.293972035330951e-15,accepted_child,124,179,127,182,130,185,130,185,130,185,0.0125,17,29.450367159780356,2,9.977790141666861e-05,0.12
757,0,64,0.02,projected_sparsity,423,1161.17322306501,198,143,198,143,57,71,70,8.646155965705177,1.3801986510773402e-14,accepted_child,141,196,143,198,143,198,143,198,143,198,0.05,17,75.60411231735131,2,0.001021400594210423,0.0
758,0,64,0.02,projected_sparsity_noise,423,1161.1352198096258,198,143,198,143,57,71,70,8.64666767565988,1.5214874137289656e-14,accepted_child,142,197,143,198,143,198,143,198,143,198,0.05,17,75.60411231735131,2,0.0009878743304225154,0.06
759,0,64,0.02,projected_sparsity_noise,423,1161.176617399487,198,143,198,143,57,71,70,8.646344616289658,1.9121203597030607e-14,accepted_child,142,197,143,198,143,198,143,198,143,198,0.05,17,75.60411231735131,2,0.0010020965685061144,0.12
750,736,64,0.02,projected_sparsity_noise,438,1010.5552391420146,182,127,182,127,53,61,68,10.914501541022009,2.301486781140099e-14,frontier,124,179,126,181,127,182,127,182,127,182,,,,,,
748,736,64,0.02,projected_sparsity,438,1010.5684011772291,182,127,182,127,53,61,68,10.914415412519423,1.9483968654733304e-14,frontier,123,178,127,182,127,182,127,182,127,182,,,,,,
736,726,63,0.02,snap_zero,438,1012.7530303201181,182,127,182,127,53,61,68,10.912407872679896,3.4482278161892556e-15,frontier,123,178,127,182,127,182,127,182,127,182,,,,,,
0,-1,52,0.02,retau:retau:retau:initial,423,1164.49299478636,198,143,198,143,57,71,70,8.639924364388474,1.6636573637991994e-13,frontier,143,198,143,198,143,198,143,198,143,198,,,,,,
760,750,65,0.02,projected_sparsity,438,1010.4583101326951,182,127,182,127,53,61,68,10.915424200030074,5.003925249465757e-15,accepted_child,124,179,127,182,127,182,127,182,127,182,0.0125,16,34.54105111676443,2,9.815356225140274e-05,0.0
761,750,65,0.02,projected_sparsity_noise,438,1010.4608619047416,182,127,182,127,53,61,68,10.915189337182246,3.800789696963218e-15,accepted_child,125,180,127,182,127,182,127,182,127,182,0.0125,16,34.54105111676443,2,9.845674156637419e-05,0.06
762,750,65,0.02,projected_sparsity_noise,438,1010.4607221815564,182,127,182,127,53,61,68,10.914823062072612,4.042644996583456e-15,accepted_child,124,179,127,182,127,182,127,182,127,182,0.0125,16,34.54105111676443,2,9.794740673665517e-05,0.12
763,748,65,0.02,projected_sparsity,438,1010.4569596824145,182,127,182,127,53,61,68,10.915364772658897,3.978727035066736e-15,accepted_child,123,178,127,182,127,182,127,182,127,182,0.0125,16,35.82922607653539,2,0.00010037106221905523,0.0
764,748,65,0.02,projected_sparsity_noise,438,1010.4530748175198,182,127,182,127,53,61,68,10.915301078491543,3.934623463291137e-15,accepted_child,123,178,127,182,127,182,127,182,127,182,0.0125,16,35.82922607653539,2,9.901989068405542e-05,0.06
765,748,65,0.02,projected_sparsity_noise,438,1010.4680563704171,182,127,182,127,53,61,68,10.914838216530562,3.3391405385736294e-15,accepted_child,123,178,127,182,127,182,127,182,127,182,0.0125,16,35.82922607653539,2,0.00010262588072691837,0.12
766,736,65,0.02,projected_sparsity,438,1010.5684011772291,182,127,182,127,53,61,68,10.914415412519423,1.9483968654733304e-14,accepted_child,123,178,127,182,127,182,127,182,127,182,0.05,16,67.16945206388266,2,0.001669719112154108,0.0
767,736,65,0.02,projected_sparsity_noise,438,1010.5615866563219,182,127,182,127,53,61,68,10.914831498496028,3.001839774504927e-14,accepted_child,124,179,127,182,127,182,127,182,127,182,0.05,16,67.16945206388266,2,0.0016706249454820537,0.06
768,736,65,0.02,projected_sparsity_noise,438,1010.5429109371144,182,127,182,127,53,61,68,10.91485137200004,1.1326047673203262e-14,accepted_child,123,178,126,181,127,182,127,182,127,182,0.05,16,67.16945206388266,2,0.0016456997296240955,0.12
769,0,65,0.02,projected_sparsity,423,1161.17322306501,198,143,198,143,57,71,70,8.646155965705177,1.3801986510773402e-14,accepted_child,141,196,143,198,143,198,143,198,143,198,0.05,17,75.60411231735131,2,0.001021400594210423,0.0
770,0,65,0.02,projected_sparsity_noise,423,1161.15299308154,198,143,198,143,57,71,70,8.64626380548224,1.2824229156247007e-14,accepted_child,142,197,143,198,143,198,143,198,143,198,0.05,17,75.60411231735131,2,0.0010081194413764996,0.06
771,0,65,0.02,projected_sparsity_noise,423,1161.193988662306,198,143,198,143,57,71,70,8.644720249580345,1.6196942667686457e-14,accepted_child,141,196,143,198,143,198,143,198,143,198,0.05,17,75.60411231735131,2,0.0010215628991332082,0.12
764,748,65,0.02,projected_sparsity_noise,438,1010.4530748175198,182,127,182,127,53,61,68,10.915301078491543,3.934623463291137e-15,frontier,123,178,127,182,127,182,127,182,127,182,,,,,,
762,750,65,0.02,projected_sparsity_noise,438,1010.4607221815564,182,127,182,127,53,61,68,10.914823062072612,4.042644996583456e-15,frontier,124,179,127,182,127,182,127,182,127,182,,,,,,
736,726,63,0.02,snap_zero,438,1012.7530303201181,182,127,182,127,53,61,68,10.912407872679896,3.4482278161892556e-15,frontier,123,178,127,182,127,182,127,182,127,182,,,,,,
0,-1,52,0.02,retau:retau:retau:initial,423,1164.49299478636,198,143,198,143,57,71,70,8.639924364388474,1.6636573637991994e-13,frontier,143,198,143,198,143,198,143,198,143,198,,,,,,
772,764,66,0.02,projected_sparsity,438,1010.38990435717,182,127,182,127,53,61,68,10.91603824748658,4.205130149948521e-15,accepted_child,121,176,127,182,127,182,127,182,127,182,0.00625,16,23.15622904445729,2,2.3100708569796244e-05,0.0
773,764,66,0.02,projected_sparsity_noise,438,1010.3903172895593,182,127,182,127,53,61,68,10.916014476892228,3.917617212398625e-15,accepted_child,121,176,127,182,127,182,127,182,127,182,0.00625,16,23.15622904445729,2,2.3139413567722094e-05,0.06
774,764,66,0.02,projected_sparsity_noise,438,1010.3903754280582,182,127,182,127,53,61,68,10.915967376584614,3.3630218019334606e-15,accepted_child,121,176,127,182,127,182,127,182,127,182,0.00625,16,23.15622904445729,2,2.291041730746718e-05,0.12
775,762,66,0.02,projected_sparsity,438,1010.3882512464373,182,127,182,127,53,61,68,10.91547533020494,3.79433723716951e-15,accepted_child,121,176,127,182,127,182,127,182,127,182,0.00625,16,24.709704471889477,2,2.3361010694342986e-05,0.0
776,762,66,0.02,projected_sparsity_noise,438,1010.3901029704507,182,127,182,127,53,61,68,10.915436060366414,4.046378646123623e-15,accepted_child,121,176,127,182,127,182,127,182,127,182,0.00625,16,24.709704471889477,2,2.3805212965540243e-05,0.06
777,762,66,0.02,projected_sparsity_noise,438,1010.3864972921988,182,127,182,127,53,61,68,10.9155987938271,4.083552839658214e-15,accepted_child,121,176,127,182,127,182,127,182,127,182,0.00625,16,24.709704471889477,2,2.2593882430239613e-05,0.12
778,736,66,0.02,projected_sparsity,438,1010.5684011772291,182,127,182,127,53,61,68,10.914415412519423,1.9483968654733304e-14,accepted_child,123,178,127,182,127,182,127,182,127,182,0.05,16,67.16945206388266,2,0.001669719112154108,0.0
779,736,66,0.02,projected_sparsity_noise,438,1010.5683267839347,182,127,182,127,53,61,68,10.914133680243575,4.084234362921424e-15,accepted_child,124,179,127,182,127,182,127,182,127,182,0.05,16,67.16945206388266,2,0.0016757708122544103,0.06
780,736,66,0.02,projected_sparsity_noise,438,1010.5520995190975,182,127,182,127,53,61,68,10.913160019928888,1.6861470331632607e-14,accepted_child,123,178,127,182,127,182,127,182,127,182,0.05,16,67.16945206388266,2,0.0016562465486436734,0.12
781,0,66,0.02,projected_sparsity,423,1161.17322306501,198,143,198,143,57,71,70,8.646155965705177,1.3801986510773402e-14,accepted_child,141,196,143,198,143,198,143,198,143,198,0.05,17,75.60411231735131,2,0.001021400594210423,0.0
782,0,66,0.02,projected_sparsity_noise,423,1161.1845963556339,198,143,198,143,57,71,70,8.64561353471908,1.714237189140958e-14,accepted_child,141,196,143,198,143,198,143,198,143,198,0.05,17,75.60411231735131,2,0.0010227644224039029,0.06
783,0,66,0.02,projected_sparsity_noise,423,1161.1077422464166,198,143,198,143,57,71,70,8.644390398015688,9.608148647622668e-15,accepted_child,142,197,143,198,143,198,143,198,143,198,0.05,17,75.60411231735131,2,0.0009686685389617452,0.12
777,762,66,0.02,projected_sparsity_noise,438,1010.3864972921988,182,127,182,127,53,61,68,10.9155987938271,4.083552839658214e-15,frontier,121,176,127,182,127,182,127,182,127,182,,,,,,
775,762,66,0.02,projected_sparsity,438,1010.3882512464373,182,127,182,127,53,61,68,10.91547533020494,3.79433723716951e-15,frontier,121,176,127,182,127,182,127,182,127,182,,,,,,
736,726,63,0.02,snap_zero,438,1012.7530303201181,182,127,182,127,53,61,68,10.912407872679896,3.4482278161892556e-15,frontier,123,178,127,182,127,182,127,182,127,182,,,,,,
0,-1,52,0.02,retau:retau:retau:initial,423,1164.49299478636,198,143,198,143,57,71,70,8.639924364388474,1.6636573637991994e-13,frontier,143,198,143,198,143,198,143,198,143,198,,,,,,
784,777,67,0.02,projected_sparsity,438,1010.357598657595,182,127,182,127,53,61,68,10.918908882733069,4.8419901257882215e-15,accepted_child,124,179,127,182,127,182,127,182,127,182,0.0125,16,9.718120752374633,2,3.158429138582841e-05,0.0
785,777,67,0.02,projected_sparsity_noise,438,1010.3543239699461,182,127,182,127,53,61,68,10.91881195142839,4.6380853384415466e-15,accepted_child,124,179,127,182,127,182,127,182,127,182,0.0125,16,9.718120752374633,2,3.062303024407027e-05,0.06
786,777,67,0.02,projected_sparsity_noise,438,1010.3404983301131,182,127,182,127,53,61,68,10.91894164226341,4.277482476596674e-15,accepted_child,124,179,127,182,127,182,127,182,127,182,0.0125,16,9.718120752374633,2,2.7364584454601104e-05,0.12
787,775,67,0.02,projected_sparsity,438,1010.3707636604995,182,127,182,127,53,61,68,10.918787886789472,5.0241179446781e-15,accepted_child,124,179,127,182,127,182,127,182,127,182,0.0125,16,9.903420766792696,2,3.425476344549384e-05,0.0
788,775,67,0.02,projected_sparsity_noise,438,1010.3723843761461,182,127,182,127,53,61,68,10.918678571811688,3.725901377250305e-15,accepted_child,124,179,127,182,127,182,127,182,127,182,0.0125,16,9.903420766792696,2,3.562936170251008e-05,0.06
789,775,67,0.02,projected_sparsity_noise,438,1010.3498869601524,182,127,182,127,53,61,68,10.918677630605348,3.755542234079893e-15,accepted_child,124,179,127,182,127,182,127,182,127,182,0.0125,16,9.903420766792696,2,2.8934401814867838e-05,0.12
790,736,67,0.02,projected_sparsity,438,1010.5684011772291,182,127,182,127,53,61,68,10.914415412519423,1.9483968654733304e-14,accepted_child,123,178,127,182,127,182,127,182,127,182,0.05,16,67.16945206388266,2,0.001669719112154108,0.0
791,736,67,0.02,projected_sparsity_noise,438,1010.5709261344572,182,127,182,127,53,61,68,10.915192476558097,1.3209378362693701e-14,accepted_child,123,178,127,182,127,182,127,182,127,182,0.05,16,67.16945206388266,2,0.0016774816086153393,0.06
792,736,67,0.02,projected_sparsity_noise,438,1010.5198703799144,182,127,182,127,53,61,68,10.914869765492746,1.9517515595133575e-14,accepted_child,123,178,126,181,127,182,127,182,127,182,0.05,16,67.16945206388266,2,0.0016284982079672774,0.12
793,0,67,0.02,projected_sparsity,423,1161.17322306501,198,143,198,143,57,71,70,8.646155965705177,1.3801986510773402e-14,accepted_child,141,196,143,198,143,198,143,198,143,198,0.05,17,75.60411231735131,2,0.001021400594210423,0.0
794,0,67,0.02,projected_sparsity_noise,423,1161.1993381950715,198,143,198,143,57,71,70,8.645345707757645,1.760657045758533e-14,accepted_child,140,195,143,198,143,198,143,198,143,198,0.05,17,75.60411231735131,2,0.0010334729782852314,0.06
795,0,67,0.02,projected_sparsity_noise,423,1161.2509208111846,198,143,198,143,57,71,70,8.646440131900057,1.0033477222275267e-14,accepted_child,140,195,143,198,143,198,143,198,143,198,0.05,17,75.60411231735131,2,0.0010583712199237908,0.12
786,777,67,0.02,projected_sparsity_noise,438,1010.3404983301131,182,127,182,127,53,61,68,10.91894164226341,4.277482476596674e-15,frontier,124,179,127,182,127,182,127,182,127,182,,,,,,
789,775,67,0.02,projected_sparsity_noise,438,1010.3498869601524,182,127,182,127,53,61,68,10.918677630605348,3.755542234079893e-15,frontier,124,179,127,182,127,182,127,182,127,182,,,,,,
736,726,63,0.02,snap_zero,438,1012.7530303201181,182,127,182,127,53,61,68,10.912407872679896,3.4482278161892556e-15,frontier,123,178,127,182,127,182,127,182,127,182,,,,,,
0,-1,52,0.02,retau:retau:retau:initial,423,1164.49299478636,198,143,198,143,57,71,70,8.639924364388474,1.6636573637991994e-13,frontier,143,198,143,198,143,198,143,198,143,198,,,,,,
796,786,68,0.02,projected_sparsity,438,1010.2778994516741,182,127,182,127,53,61,68,10.919709683483754,3.908702636012094e-15,accepted_child,122,177,127,182,127,182,127,182,127,182,0.00625,16,22.951977343066694,2,2.2765181174375706e-05,0.0
797,786,68,0.02,projected_sparsity_noise,438,1010.2782699124367,182,127,182,127,53,61,68,10.919754922094093,5.691066628124316e-15,accepted_child,122,177,127,182,127,182,127,182,127,182,0.00625,16,22.951977343066694,2,2.283670326733229e-05,0.06
798,786,68,0.02,projected_sparsity_noise,438,1010.2791112515163,182,127,182,127,53,61,68,10.91943292475762,4.5697520069278595e-15,accepted_child,122,177,127,182,127,182,127,182,127,182,0.00625,16,22.951977343066694,2,2.2807749698670728e-05,0.12
799,789,68,0.02,projected_sparsity,438,1010.2788546154574,182,127,182,127,53,61,68,10.919378419340292,3.865185067348703e-15,accepted_child,120,175,127,182,127,182,127,182,127,182,0.00625,16,24.52337068820797,2,2.3453968832757625e-05,0.0
800,789,68,0.02,projected_sparsity_noise,438,1010.2782531528591,182,127,182,127,53,61,68,10.919415917177435,5.363529279599403e-15,accepted_child,121,176,127,182,127,182,127,182,127,182,0.00625,16,24.52337068820797,2,2.321613054908017e-05,0.06
801,789,68,0.02,projected_sparsity_noise,438,1010.2812183108485,182,127,182,127,53,61,68,10.919251707158779,4.417694868617132e-15,accepted_child,120,175,127,182,127,182,127,182,127,182,0.00625,16,24.52337068820797,2,2.3800330085291314e-05,0.12
802,736,68,0.02,projected_sparsity,438,1011.0652786157292,182,127,182,127,53,61,68,10.91341041729499,4.140475155390846e-15,accepted_child,123,178,127,182,127,182,127,182,127,182,0.025,16,67.16945206388266,2,0.0004177396767663409,0.0
803,736,68,0.02,projected_sparsity_noise,438,1011.0675962315765,182,127,182,127,53,61,68,10.913561081290457,4.7298396898418496e-15,accepted_child,123,178,127,182,127,182,127,182,127,182,0.025,16,67.16945206388266,2,0.00041390114578369284,0.06
804,736,68,0.02,projected_sparsity_noise,438,1011.07354856174,182,127,182,127,53,61,68,10.912960517278906,3.7947493622147756e-15,accepted_child,123,178,127,182,127,182,127,182,127,182,0.025,16,67.16945206388266,2,0.00041345828985858723,0.12
805,0,68,0.02,projected_sparsity,423,1162.5723771513558,198,143,198,143,57,71,70,8.643027990684514,4.150107471635652e-15,accepted_child,143,198,143,198,143,198,143,198,143,198,0.025,17,75.60411231735131,2,0.0002553358153691227,0.0
806,0,68,0.02,projected_sparsity_noise,423,1162.575314707302,198,143,198,143,57,71,70,8.642609428847031,2.871386949313532e-15,accepted_child,143,198,143,198,143,198,143,198,143,198,0.025,17,75.60411231735131,2,0.00025366917664677483,0.06
807,0,68,0.02,projected_sparsity_noise,423,1162.585223841826,198,143,198,143,57,71,70,8.642729978265024,3.4633813356094696e-15,accepted_child,143,198,143,198,143,198,143,198,143,198,0.025,17,75.60411231735131,2,0.00025418429624498066,0.12
796,786,68,0.02,projected_sparsity,438,1010.2778994516741,182,127,182,127,53,61,68,10.919709683483754,3.908702636012094e-15,frontier,122,177,127,182,127,182,127,182,127,182,,,,,,
800,789,68,0.02,projected_sparsity_noise,438,1010.2782531528591,182,127,182,127,53,61,68,10.919415917177435,5.363529279599403e-15,frontier,121,176,127,182,127,182,127,182,127,182,,,,,,
736,726,63,0.02,snap_zero,438,1012.7530303201181,182,127,182,127,53,61,68,10.912407872679896,3.4482278161892556e-15,frontier,123,178,127,182,127,182,127,182,127,182,,,,,,
0,-1,52,0.02,retau:retau:retau:initial,423,1164.49299478636,198,143,198,143,57,71,70,8.639924364388474,1.6636573637991994e-13,frontier,143,198,143,198,143,198,143,198,143,198,,,,,,
808,796,69,0.02,projected_sparsity,438,1010.2492084327059,182,127,182,127,53,61,68,10.921305964210651,4.455065632057763e-15,accepted_child,122,177,127,182,127,182,127,182,127,182,0.00625,16,10.901423895418253,2,1.1030678785748425e-05,0.0
809,796,69,0.02,projected_sparsity_noise,438,1010.2510739726865,182,127,182,127,53,61,68,10.921258326113836,4.058143787885329e-15,accepted_child,122,177,127,182,127,182,127,182,127,182,0.00625,16,10.901423895418253,2,1.154493820408961e-05,0.06
810,796,69,0.02,projected_sparsity_noise,438,1010.2508049577089,182,127,182,127,53,61,68,10.92136763641853,3.3202701164769517e-15,accepted_child,122,177,127,182,127,182,127,182,127,182,0.00625,16,10.901423895418253,2,1.1200270950780202e-05,0.12
811,800,69,0.02,projected_sparsity,438,1010.2633223960297,182,127,182,127,53,61,68,10.922902865455447,3.617397761353494e-15,accepted_child,123,178,127,182,127,182,127,182,127,182,0.0125,16,9.861984331082489,2,3.400384296263187e-05,0.0
812,800,69,0.02,projected_sparsity_noise,438,1010.2615491005776,182,127,182,127,53,61,68,10.922788096404279,5.115347328294559e-15,accepted_child,123,178,127,182,127,182,127,182,127,182,0.0125,16,9.861984331082489,2,3.35817714646094e-05,0.06
813,800,69,0.02,projected_sparsity_noise,438,1010.2572181100331,182,127,182,127,53,61,68,10.922957351208177,4.272946027123429e-15,accepted_child,124,179,127,182,127,182,127,182,127,182,0.0125,16,9.861984331082489,2,3.298145404963016e-05,0.12
814,736,69,0.02,projected_sparsity,438,1011.0652786157292,182,127,182,127,53,61,68,10.91341041729499,4.140475155390846e-15,accepted_child,123,178,127,182,127,182,127,182,127,182,0.025,16,67.16945206388266,2,0.0004177396767663409,0.0
815,736,69,0.02,projected_sparsity_noise,438,1011.0681128120812,182,127,182,127,53,61,68,10.913007390063802,4.055875970870894e-15,accepted_child,125,180,127,182,127,182,127,182,127,182,0.025,16,67.16945206388266,2,0.00041592226719336573,0.06
816,736,69,0.02,projected_sparsity_noise,438,1011.0800076450837,182,127,182,127,53,61,68,10.912842584268283,4.9415430663679405e-15,accepted_child,124,179,125,180,127,182,127,182,127,182,0.025,16,67.16945206388266,2,0.00041557697133531613,0.12
817,0,69,0.02,projected_sparsity,423,1162.5723771513558,198,143,198,143,57,71,70,8.643027990684514,4.150107471635652e-15,accepted_child,143,198,143,198,143,198,143,198,143,198,0.025,17,75.60411231735131,2,0.0002553358153691227,0.0
818,0,69,0.02,projected_sparsity_noise,423,1162.5762883680966,198,143,198,143,57,71,70,8.643044492585293,3.3772846552434033e-15,accepted_child,143,198,143,198,143,198,143,198,143,198,0.025,17,75.60411231735131,2,0.0002561974146627958,0.06
819,0,69,0.02,projected_sparsity_noise,423,1162.5852501936088,198,143,198,143,57,71,70,8.643508157266446,4.1932567089326424e-15,accepted_child,143,198,143,198,143,198,143,198,143,198,0.025,17,75.60411231735131,2,0.0002585788963692169,0.12
808,796,69,0.02,projected_sparsity,438,1010.2492084327059,182,127,182,127,53,61,68,10.921305964210651,4.455065632057763e-15,frontier,122,177,127,182,127,182,127,182,127,182,,,,,,
809,796,69,0.02,projected_sparsity_noise,438,1010.2510739726865,182,127,182,127,53,61,68,10.921258326113836,4.058143787885329e-15,frontier,122,177,127,182,127,182,127,182,127,182,,,,,,
736,726,63,0.02,snap_zero,438,1012.7530303201181,182,127,182,127,53,61,68,10.912407872679896,3.4482278161892556e-15,frontier,123,178,127,182,127,182,127,182,127,182,,,,,,
0,-1,52,0.02,retau:retau:retau:initial,423,1164.49299478636,198,143,198,143,57,71,70,8.639924364388474,1.6636573637991994e-13,frontier,143,198,143,198,143,198,143,198,143,198,,,,,,
820,808,70,0.02,projected_sparsity,438,1010.2216405095662,182,127,182,127,53,61,68,10.922433110411026,3.9696386668678536e-15,accepted_child,122,177,127,182,127,182,127,182,127,182,0.00625,16,15.173126078506506,2,1.859663366709009e-05,0.0
821,808,70,0.02,projected_sparsity_noise,438,1010.2219240884377,182,127,182,127,53,61,68,10.922504839146066,3.652650784676237e-15,accepted_child,122,177,127,182,127,182,127,182,127,182,0.00625,16,15.173126078506506,2,1.861924002989253e-05,0.06
822,808,70,0.02,projected_sparsity_noise,438,1010.2221600191102,182,127,182,127,53,61,68,10.922432752205873,3.9244560285990254e-15,accepted_child,122,177,127,182,127,182,127,182,127,182,0.00625,16,15.173126078506506,2,1.8569361212194417e-05,0.12
823,809,70,0.02,projected_sparsity,438,1010.2225148278129,182,127,182,127,53,61,68,10.922351333919094,4.184259160069034e-15,accepted_child,122,177,127,182,127,182,127,182,127,182,0.00625,16,15.538790954923554,2,1.8964020222518653e-05,0.0
824,809,70,0.02,projected_sparsity_noise,438,1010.2229414887419,182,127,182,127,53,61,68,10.922340388759183,3.7114876802021286e-15,accepted_child,122,177,127,182,127,182,127,182,127,182,0.00625,16,15.538790954923554,2,1.903269719736665e-05,0.06
825,809,70,0.02,projected_sparsity_noise,438,1010.2164199487239,182,127,182,127,53,61,68,10.922403308274262,4.821852143582036e-15,accepted_child,122,177,127,182,127,182,127,182,127,182,0.00625,16,15.538790954923554,2,1.713820047796355e-05,0.12
826,736,70,0.02,projected_sparsity,438,1011.0652786157292,182,127,182,127,53,61,68,10.91341041729499,4.140475155390846e-15,accepted_child,123,178,127,182,127,182,127,182,127,182,0.025,16,67.16945206388266,2,0.0004177396767663409,0.0
827,736,70,0.02,projected_sparsity_noise,438,1011.0678450595575,182,127,182,127,53,61,68,10.913110324818525,3.3069404174563945e-15,accepted_child,123,178,127,182,127,182,127,182,127,182,0.025,16,67.16945206388266,2,0.0004170652471911527,0.06
828,736,70,0.02,projected_sparsity_noise,438,1011.0750395343778,182,127,182,127,53,61,68,10.91343743352386,6.0199252774499086e-15,accepted_child,123,178,127,182,127,182,127,182,127,182,0.025,16,67.16945206388266,2,0.00041261992733633384,0.12
829,0,70,0.02,projected_sparsity,423,1162.5723771513558,198,143,198,143,57,71,70,8.643027990684514,4.150107471635652e-15,accepted_child,143,198,143,198,143,198,143,198,143,198,0.025,17,75.60411231735131,2,0.0002553358153691227,0.0
830,0,70,0.02,projected_sparsity_noise,423,1162.5750157854068,198,143,198,143,57,71,70,8.643033374822,3.682901283254513e-15,accepted_child,143,198,143,198,143,198,143,198,143,198,0.025,17,75.60411231735131,2,0.0002559904750922719,0.06
831,0,70,0.02,projected_sparsity_noise,423,1162.5850524437583,198,143,198,143,57,71,70,8.643463031592301,3.52010110051523e-15,accepted_child,143,198,143,198,143,198,143,198,143,198,0.025,17,75.60411231735131,2,0.0002478000332159972,0.12
825,809,70,0.02,projected_sparsity_noise,438,1010.2164199487239,182,127,182,127,53,61,68,10.922403308274262,4.821852143582036e-15,frontier,122,177,127,182,127,182,127,182,127,182,,,,,,
823,809,70,0.02,projected_sparsity,438,1010.2225148278129,182,127,182,127,53,61,68,10.922351333919094,4.184259160069034e-15,frontier,122,177,127,182,127,182,127,182,127,182,,,,,,
736,726,63,0.02,snap_zero,438,1012.7530303201181,182,127,182,127,53,61,68,10.912407872679896,3.4482278161892556e-15,frontier,123,178,127,182,127,182,127,182,127,182,,,,,,
0,-1,52,0.02,retau:retau:retau:initial,423,1164.49299478636,198,143,198,143,57,71,70,8.639924364388474,1.6636573637991994e-13,frontier,143,198,143,198,143,198,143,198,143,198,,,,,,
832,825,71,0.02,projected_sparsity,438,1010.1908611855418,182,127,182,127,53,61,68,10.923613795630448,5.9875965325338776e-15,accepted_child,122,177,127,182,127,182,127,182,127,182,0.00625,16,14.253096177132015,2,1.75623571858143e-05,0.0
833,825,71,0.02,projected_sparsity_noise,438,1010.192802870858,182,127,182,127,53,61,68,10.923623845865412,3.3097335633431665e-15,accepted_child,122,177,127,182,127,182,127,182,127,182,0.00625,16,14.253096177132015,2,1.804637503063677e-05,0.06
834,825,71,0.02,projected_sparsity_noise,438,1010.1862786709187,182,127,182,127,53,61,68,10.923723193494768,4.340468296695874e-15,accepted_child,122,177,127,182,127,182,127,182,127,182,0.00625,16,14.253096177132015,2,1.6126334676672644e-05,0.12
835,823,71,0.02,projected_sparsity,438,1010.1945527059028,182,127,182,127,53,61,68,10.923462120570258,4.251478562564651e-15,accepted_child,122,177,127,182,127,182,127,182,127,182,0.00625,16,15.332561624726692,2,1.8768265460394396e-05,0.0
836,823,71,0.02,projected_sparsity_noise,438,1010.1917585348122,182,127,182,127,53,61,68,10.92345195433212,3.773204483222404e-15,accepted_child,122,177,127,182,127,182,127,182,127,182,0.00625,16,15.332561624726692,2,1.7965624303261805e-05,0.06
837,823,71,0.02,projected_sparsity_noise,438,1010.1973078753603,182,127,182,127,53,61,68,10.923487840025771,3.568153231357158e-15,accepted_child,122,177,127,182,127,182,127,182,127,182,0.00625,16,15.332561624726692,2,1.9309426170284037e-05,0.12
838,736,71,0.02,projected_sparsity,438,1011.0652786157292,182,127,182,127,53,61,68,10.91341041729499,4.140475155390846e-15,accepted_child,123,178,127,182,127,182,127,182,127,182,0.025,16,67.16945206388266,2,0.0004177396767663409,0.0
839,736,71,0.02,projected_sparsity_noise,438,1011.068736337817,182,127,182,127,53,61,68,10.913571850677437,4.231066191237516e-15,accepted_child,124,179,126,181,127,182,127,182,127,182,0.025,16,67.16945206388266,2,0.00041503944331905683,0.06
840,736,71,0.02,projected_sparsity_noise,438,1011.0766834622233,182,127,182,127,53,61,68,10.912730133508349,4.406999996258407e-15,accepted_child,124,179,127,182,127,182,127,182,127,182,0.025,16,67.16945206388266,2,0.0004095634184770106,0.12
841,0,71,0.02,projected_sparsity,423,1162.5723771513558,198,143,198,143,57,71,70,8.643027990684514,4.150107471635652e-15,accepted_child,143,198,143,198,143,198,143,198,143,198,0.025,17,75.60411231735131,2,0.0002553358153691227,0.0
842,0,71,0.02,projected_sparsity_noise,423,1162.5753042343438,198,143,198,143,57,71,70,8.643306410213986,4.16352040687918e-15,accepted_child,143,198,143,198,143,198,143,198,143,198,0.025,17,75.60411231735131,2,0.00025411018024152097,0.06
843,0,71,0.02,projected_sparsity_noise,423,1162.58321112618,198,143,198,143,57,71,70,8.642625385256347,4.350906379712808e-15,accepted_child,143,198,143,198,143,198,143,198,143,198,0.025,17,75.60411231735131,2,0.0002532175299591155,0.12
834,825,71,0.02,projected_sparsity_noise,438,1010.1862786709187,182,127,182,127,53,61,68,10.923723193494768,4.340468296695874e-15,frontier,122,177,127,182,127,182,127,182,127,182,,,,,,
832,825,71,0.02,projected_sparsity,438,1010.1908611855418,182,127,182,127,53,61,68,10.923613795630448,5.9875965325338776e-15,frontier,122,177,127,182,127,182,127,182,127,182,,,,,,
736,726,63,0.02,snap_zero,438,1012.7530303201181,182,127,182,127,53,61,68,10.912407872679896,3.4482278161892556e-15,frontier,123,178,127,182,127,182,127,182,127,182,,,,,,
0,-1,52,0.02,retau:retau:retau:initial,423,1164.49299478636,198,143,198,143,57,71,70,8.639924364388474,1.6636573637991994e-13,frontier,143,198,143,198,143,198,143,198,143,198,,,,,,
844,834,72,0.02,projected_sparsity,438,1010.1592731770324,182,127,182,127,53,61,68,10.924861786496043,4.59866280088441e-15,accepted_child,122,177,127,182,127,182,127,182,127,182,0.00625,16,14.942141147954468,2,1.834948979445581e-05,0.0
845,834,72,0.02,projected_sparsity_noise,438,1010.1588109676807,182,127,182,127,53,61,68,10.924792775457849,4.6096208840875695e-15,accepted_child,122,177,127,182,127,182,127,182,127,182,0.00625,16,14.942141147954468,2,1.8178741095063587e-05,0.06
846,834,72,0.02,projected_sparsity_noise,438,1010.1598152911338,182,127,182,127,53,61,68,10.924765285913244,4.538605919840004e-15,accepted_child,122,177,127,182,127,182,127,182,127,182,0.00625,16,14.942141147954468,2,1.830126985549091e-05,0.12
847,832,72,0.02,projected_sparsity,438,1010.1615650964517,182,127,182,127,53,61,68,10.924701057744324,3.9949275200789374e-15,accepted_child,122,177,127,182,127,182,127,182,127,182,0.00625,16,15.807698399246231,2,1.922953972798988e-05,0.0
848,832,72,0.02,projected_sparsity_noise,438,1010.1602967252898,182,127,182,127,53,61,68,10.924756141311766,3.972533990497218e-15,accepted_child,122,177,127,182,127,182,127,182,127,182,0.00625,16,15.807698399246231,2,1.884130289733565e-05,0.06
849,832,72,0.02,projected_sparsity_noise,438,1010.1666521071182,182,127,182,127,53,61,68,10.92452471985995,4.236509979001404e-15,accepted_child,122,177,127,182,127,182,127,182,127,182,0.00625,16,15.807698399246231,2,2.04475092743835e-05,0.12
850,736,72,0.02,projected_sparsity,438,1011.8957263796628,182,127,182,127,53,61,68,10.912908870824511,4.40351792676026e-15,accepted_child,123,178,127,182,127,182,127,182,127,182,0.0125,16,67.16945206388266,2,0.00010444000950678006,0.0
851,736,72,0.02,projected_sparsity_noise,438,1011.8972733778462,182,127,182,127,53,61,68,10.912692045364585,4.185032269151082e-15,accepted_child,123,178,127,182,127,182,127,182,127,182,0.0125,16,67.16945206388266,2,0.00010373081389598736,0.06
852,736,72,0.02,projected_sparsity_noise,438,1011.9022328758535,182,127,182,127,53,61,68,10.913043704509944,3.616212116787196e-15,accepted_child,124,179,127,182,127,182,127,182,127,182,0.0125,16,67.16945206388266,2,0.00010199560509232943,0.12
853,0,72,0.02,projected_sparsity,423,1163.531688323901,198,143,198,143,57,71,70,8.64147314295906,3.986167474857159e-15,accepted_child,143,198,143,198,143,198,143,198,143,198,0.0125,17,75.60411231735131,2,6.382795392889194e-05,0.0
854,0,72,0.02,projected_sparsity_noise,423,1163.5334174080367,198,143,198,143,57,71,70,8.641558787243842,4.821471321664646e-15,accepted_child,143,198,143,198,143,198,143,198,143,198,0.0125,17,75.60411231735131,2,6.300055206719755e-05,0.06
855,0,72,0.02,projected_sparsity_noise,423,1163.5384604438937,198,143,198,143,57,71,70,8.641807010072347,4.092071980433701e-15,accepted_child,143,198,143,198,143,198,143,198,143,198,0.0125,17,75.60411231735131,2,5.934354745492687e-05,0.12
845,834,72,0.02,projected_sparsity_noise,438,1010.1588109676807,182,127,182,127,53,61,68,10.924792775457849,4.6096208840875695e-15,frontier,122,177,127,182,127,182,127,182,127,182,,,,,,
846,834,72,0.02,projected_sparsity_noise,438,1010.1598152911338,182,127,182,127,53,61,68,10.924765285913244,4.538605919840004e-15,frontier,122,177,127,182,127,182,127,182,127,182,,,,,,
736,726,63,0.02,snap_zero,438,1012.7530303201181,182,127,182,127,53,61,68,10.912407872679896,3.4482278161892556e-15,frontier,123,178,127,182,127,182,127,182,127,182,,,,,,
0,-1,52,0.02,retau:retau:retau:initial,423,1164.49299478636,198,143,198,143,57,71,70,8.639924364388474,1.6636573637991994e-13,frontier,143,198,143,198,143,198,143,198,143,198,,,,,,
856,845,73,0.02,projected_sparsity,438,1010.13043604381,182,127,182,127,53,61,68,10.925902451546733,2.7197384653996517e-15,accepted_child,122,177,127,182,127,182,127,182,127,182,0.00625,16,15.482880295737978,2,1.891241128466381e-05,0.0
857,845,73,0.02,projected_sparsity_noise,438,1010.1320168280322,182,127,182,127,53,61,68,10.925880763442306,5.4457135277929944e-15,accepted_child,122,177,127,182,127,182,127,182,127,182,0.00625,16,15.482880295737978,2,1.9289461791819334e-05,0.06
858,845,73,0.02,projected_sparsity_noise,438,1010.1332294760955,182,127,182,127,53,61,68,10.926086412080538,4.658762906980887e-15,accepted_child,122,177,127,182,127,182,127,182,127,182,0.00625,16,15.482880295737978,2,1.9447923259087555e-05,0.12
859,846,73,0.02,projected_sparsity,438,1010.1312607935267,182,127,182,127,53,61,68,10.925861789524536,4.830217479687057e-15,accepted_child,122,177,127,182,127,182,127,182,127,182,0.00625,16,15.546184102023716,2,1.8977136914046603e-05,0.0
860,846,73,0.02,projected_sparsity_noise,438,1010.1303797643441,182,127,182,127,53,61,68,10.925835265944665,3.819654927228774e-15,accepted_child,122,177,127,182,127,182,127,182,127,182,0.00625,16,15.546184102023716,2,1.8693031935822017e-05,0.06
861,846,73,0.02,projected_sparsity_noise,438,1010.1325407032748,182,127,182,127,53,61,68,10.925834007220196,3.731846727019552e-15,accepted_child,122,177,127,182,127,182,127,182,127,182,0.00625,16,15.546184102023716,2,1.9117219388381878e-05,0.12
862,736,73,0.02,projected_sparsity,438,1011.8957263796628,182,127,182,127,53,61,68,10.912908870824511,4.40351792676026e-15,accepted_child,123,178,127,182,127,182,127,182,127,182,0.0125,16,67.16945206388266,2,0.00010444000950678006,0.0
863,736,73,0.02,projected_sparsity_noise,438,1011.89741283049,182,127,182,127,53,61,68,10.912676951353527,3.70942315549473e-15,accepted_child,123,178,127,182,127,182,127,182,127,182,0.0125,16,67.16945206388266,2,0.00010402059010548693,0.06
864,736,73,0.02,projected_sparsity_noise,438,1011.9025788817424,182,127,182,127,53,61,68,10.912714608972218,5.152627076786712e-15,accepted_child,124,179,127,182,127,182,127,182,127,182,0.0125,16,67.16945206388266,2,0.00010310128617529852,0.12
865,0,73,0.02,projected_sparsity,423,1163.531688323901,198,143,198,143,57,71,70,8.64147314295906,3.986167474857159e-15,accepted_child,143,198,143,198,143,198,143,198,143,198,0.0125,17,75.60411231735131,2,6.382795392889194e-05,0.0
866,0,73,0.02,projected_sparsity_noise,423,1163.5327493772072,198,143,198,143,57,71,70,8.641520781073371,4.122105776129237e-15,accepted_child,143,198,143,198,143,198,143,198,143,198,0.0125,17,75.60411231735131,2,6.470988442266162e-05,0.06
867,0,73,0.02,projected_sparsity_noise,423,1163.5386389036485,198,143,198,143,57,71,70,8.641529592413217,3.127583597839722e-15,accepted_child,143,198,143,198,143,198,143,198,143,198,0.0125,17,75.60411231735131,2,6.252650524299828e-05,0.12
860,846,73,0.02,projected_sparsity_noise,438,1010.1303797643441,182,127,182,127,53,61,68,10.925835265944665,3.819654927228774e-15,frontier,122,177,127,182,127,182,127,182,127,182,,,,,,
861,846,73,0.02,projected_sparsity_noise,438,1010.1325407032748,182,127,182,127,53,61,68,10.925834007220196,3.731846727019552e-15,frontier,122,177,127,182,127,182,127,182,127,182,,,,,,
736,726,63,0.02,snap_zero,438,1012.7530303201181,182,127,182,127,53,61,68,10.912407872679896,3.4482278161892556e-15,frontier,123,178,127,182,127,182,127,182,127,182,,,,,,
0,-1,52,0.02,retau:retau:retau:initial,423,1164.49299478636,198,143,198,143,57,71,70,8.639924364388474,1.6636573637991994e-13,frontier,143,198,143,198,143,198,143,198,143,198,,,,,,
868,860,74,0.02,projected_sparsity,438,1010.1028501586804,182,127,182,127,53,61,68,10.926950881571624,5.931724262066316e-15,accepted_child,122,177,127,182,127,182,127,182,127,182,0.00625,16,15.167424922464194,2,1.8594227723247813e-05,0.0
869,860,74,0.02,projected_sparsity_noise,438,1010.1018064661167,182,127,182,127,53,61,68,10.92699860279208,3.569347190462071e-15,accepted_child,122,177,127,182,127,182,127,182,127,182,0.00625,16,15.167424922464194,2,1.825698187681881e-05,0.06
870,860,74,0.02,projected_sparsity_noise,438,1010.1050393677659,182,127,182,127,53,61,68,10.926975597967841,3.923916465181011e-15,accepted_child,122,177,127,182,127,182,127,182,127,182,0.00625,16,15.167424922464194,2,1.9022660626718028e-05,0.12
871,861,74,0.02,projected_sparsity,438,1010.1043063442951,182,127,182,127,53,61,68,10.926938398984309,4.36691490122595e-15,accepted_child,122,177,127,182,127,182,127,182,127,182,0.00625,16,15.428222141025671,2,1.8853191244237437e-05,0.0
872,861,74,0.02,projected_sparsity_noise,438,1010.1028554698689,182,127,182,127,53,61,68,10.926917449350967,4.302398813951676e-15,accepted_child,122,177,127,182,127,182,127,182,127,182,0.00625,16,15.428222141025671,2,1.8414050882218557e-05,0.06
873,861,74,0.02,projected_sparsity_noise,438,1010.1035767333292,182,127,182,127,53,61,68,10.927144743864604,3.3873478480993983e-15,accepted_child,122,177,127,182,127,182,127,182,127,182,0.00625,16,15.428222141025671,2,1.8425469576557614e-05,0.12
874,736,74,0.02,projected_sparsity,438,1011.8957263796628,182,127,182,127,53,61,68,10.912908870824511,4.40351792676026e-15,accepted_child,123,178,127,182,127,182,127,182,127,182,0.0125,16,67.16945206388266,2,0.00010444000950678006,0.0
875,736,74,0.02,projected_sparsity_noise,438,1011.8973126325477,182,127,182,127,53,61,68,10.913038627989923,5.075728584135474e-15,accepted_child,123,178,127,182,127,182,127,182,127,182,0.0125,16,67.16945206388266,2,0.00010454883504863075,0.06
876,736,74,0.02,projected_sparsity_noise,438,1011.9021515451371,182,127,182,127,53,61,68,10.912806694249133,4.358297281880835e-15,accepted_child,123,178,127,182,127,182,127,182,127,182,0.0125,16,67.16945206388266,2,0.00010338593891980432,0.12
877,0,74,0.02,projected_sparsity,423,1163.531688323901,198,143,198,143,57,71,70,8.64147314295906,3.986167474857159e-15,accepted_child,143,198,143,198,143,198,143,198,143,198,0.0125,17,75.60411231735131,2,6.382795392889194e-05,0.0
878,0,74,0.02,projected_sparsity_noise,423,1163.5334907006388,198,143,198,143,57,71,70,8.641443677575507,2.6994302735308307e-15,accepted_child,143,198,143,198,143,198,143,198,143,198,0.0125,17,75.60411231735131,2,6.282289018774538e-05,0.06
879,0,74,0.02,projected_sparsity_noise,423,1163.5364457201026,198,143,198,143,57,71,70,8.641220233413806,3.0855501666063707e-15,accepted_child,143,198,143,198,143,198,143,198,143,198,0.0125,17,75.60411231735131,2,6.321448164602025e-05,0.12
869,860,74,0.02,projected_sparsity_noise,438,1010.1018064661167,182,127,182,127,53,61,68,10.92699860279208,3.569347190462071e-15,frontier,122,177,127,182,127,182,127,182,127,182,,,,,,
868,860,74,0.02,projected_sparsity,438,1010.1028501586804,182,127,182,127,53,61,68,10.926950881571624,5.931724262066316e-15,frontier,122,177,127,182,127,182,127,182,127,182,,,,,,
736,726,63,0.02,snap_zero,438,1012.7530303201181,182,127,182,127,53,61,68,10.912407872679896,3.4482278161892556e-15,frontier,123,178,127,182,127,182,127,182,127,182,,,,,,
0,-1,52,0.02,retau:retau:retau:initial,423,1164.49299478636,198,143,198,143,57,71,70,8.639924364388474,1.6636573637991994e-13,frontier,143,198,143,198,143,198,143,198,143,198,,,,,,
880,869,75,0.02,projected_sparsity,438,1010.0739999239755,182,127,182,127,53,61,68,10.92812512471482,4.996840090000849e-15,accepted_child,122,177,127,182,127,182,127,182,127,182,0.00625,16,15.291972591497379,2,1.873849476856918e-05,0.0
881,869,75,0.02,projected_sparsity_noise,438,1010.0743298601138,182,127,182,127,53,61,68,10.92818948578255,3.5828488950564284e-15,accepted_child,122,177,127,182,127,182,127,182,127,182,0.00625,16,15.291972591497379,2,1.8766930765204273e-05,0.06
882,869,75,0.02,projected_sparsity_noise,438,1010.0736620097016,182,127,182,127,53,61,68,10.928114026999905,3.544966940658768e-15,accepted_child,122,177,127,182,127,182,127,182,127,182,0.00625,16,15.291972591497379,2,1.8414048016125984e-05,0.12
883,868,75,0.02,projected_sparsity,438,1010.0744987316947,182,127,182,127,53,61,68,10.928050401339977,3.906010979488257e-15,accepted_child,122,177,127,182,127,182,127,182,127,182,0.00625,16,15.490884869798098,2,1.893627966923945e-05,0.0
884,868,75,0.02,projected_sparsity_noise,438,1010.072886867855,182,127,182,127,53,61,68,10.927964583384002,4.0514529739447655e-15,accepted_child,122,177,127,182,127,182,127,182,127,182,0.00625,16,15.490884869798098,2,1.8442105052923274e-05,0.06
885,868,75,0.02,projected_sparsity_noise,438,1010.0735213497524,182,127,182,127,53,61,68,10.928074346334457,3.686157883847672e-15,accepted_child,122,177,127,182,127,182,127,182,127,182,0.00625,16,15.490884869798098,2,1.8498524749522248e-05,0.12
886,736,75,0.02,projected_sparsity,438,1011.8957263796628,182,127,182,127,53,61,68,10.912908870824511,4.40351792676026e-15,accepted_child,123,178,127,182,127,182,127,182,127,182,0.0125,16,67.16945206388266,2,0.00010444000950678006,0.0
887,736,75,0.02,projected_sparsity_noise,438,1011.8973252353276,182,127,182,127,53,61,68,10.912704691825304,3.597973823118252e-15,accepted_child,123,178,127,182,127,182,127,182,127,182,0.0125,16,67.16945206388266,2,0.0001041479565873111,0.06
888,736,75,0.02,projected_sparsity_noise,438,1011.9022573807331,182,127,182,127,53,61,68,10.913073715443202,4.927894987344385e-15,accepted_child,124,179,127,182,127,182,127,182,127,182,0.0125,16,67.16945206388266,2,0.00010378819998620386,0.12
889,0,75,0.02,projected_sparsity,423,1163.531688323901,198,143,198,143,57,71,70,8.64147314295906,3.986167474857159e-15,accepted_child,143,198,143,198,143,198,143,198,143,198,0.0125,17,75.60411231735131,2,6.382795392889194e-05,0.0
890,0,75,0.02,projected_sparsity_noise,423,1163.5333841320917,198,143,198,143,57,71,70,8.641456717096744,4.501585286308596e-15,accepted_child,143,198,143,198,143,198,143,198,143,198,0.0125,17,75.60411231735131,2,6.392266870317746e-05,0.06
891,0,75,0.02,projected_sparsity_noise,423,1163.5383568455386,198,143,198,143,57,71,70,8.641596179857853,3.037025462504158e-15,accepted_child,143,198,143,198,143,198,143,198,143,198,0.0125,17,75.60411231735131,2,6.425540496624789e-05,0.12
884,868,75,0.02,projected_sparsity_noise,438,1010.072886867855,182,127,182,127,53,61,68,10.927964583384002,4.0514529739447655e-15,frontier,122,177,127,182,127,182,127,182,127,182,,,,,,
869,860,74,0.02,projected_sparsity_noise,438,1010.1018064661167,182,127,182,127,53,61,68,10.92699860279208,3.569347190462071e-15,frontier,122,177,127,182,127,182,127,182,127,182,,,,,,
736,726,63,0.02,snap_zero,438,1012.7530303201181,182,127,182,127,53,61,68,10.912407872679896,3.4482278161892556e-15,frontier,123,178,127,182,127,182,127,182,127,182,,,,,,
0,-1,52,0.02,retau:retau:retau:initial,423,1164.49299478636,198,143,198,143,57,71,70,8.639924364388474,1.6636573637991994e-13,frontier,143,198,143,198,143,198,143,198,143,198,,,,,,
