generation,rank,basin_id,parent_id,source,soft_nullity,hard_nullity,susceptibility,susceptibility_channel,death_distance,best_channel,best_amplitude,best_killability,max_abs_amplitude,residual,expansion_count,last_expanded_generation,accepted,note,probe_residual,probe_channel
0,23,0,-1,initial,35.99999999999477,36,1.0018539279314,12,2.692178115436985,12,1.9750060309264903,0.7336089761675795,3.5719321936926973,2.6824480577351555e-15,0,-1,True,frontier,,
0,23,0,-1,initial,35.99999999999477,36,1.0018539279314,12,2.692178115436985,12,1.9750060309264903,0.7336089761675795,3.5719321936926973,2.6824480577351555e-15,0,-1,False,full_delete_probe,1.0030080694741654,12
0,23,0,-1,initial,35.99999999999477,36,1.0018539279314,12,2.692178115436985,12,1.9750060309264903,0.7336089761675795,3.5719321936926973,2.6824480577351555e-15,1,0,True,expanded:genericity+deletion+death,,
1,23,12,0,exact_hop,35.99999999999363,36,1.001378470847624,13,2.6673949004243207,0,1.8809814985566689,0.7051754872356726,4.636954172720429,4.759854435040729e-15,0,-1,True,pareto_kept_polished,,
1,23,16,0,off_manifold_hop,35.99999999999409,36,0.7239976842632756,18,2.734217884959475,17,1.8430494921903386,0.6740682600054221,4.116082820029434,3.479557223252794e-15,0,-1,True,pareto_kept_polished,,
1,23,15,0,off_manifold_hop,35.999999999993975,36,1.0003292094991079,13,2.0448401726424352,13,1.2806777536664125,0.6262972386792766,4.011386430001736,2.7985896326796107e-15,0,-1,True,pareto_kept_polished,,
0,23,0,-1,initial,35.999999999995,36,1.0018539279314,12,2.6921781154105506,12,1.9750060309264903,0.7336089761747828,3.5719321936926973,2.952780940960866e-15,1,0,True,pareto_kept_polished,,
1,23,12,0,exact_hop,35.99999999999363,36,1.001378470847624,13,2.6673949004243207,0,1.8809814985566689,0.7051754872356726,4.636954172720429,4.759854435040729e-15,0,-1,True,frontier,,
1,23,16,0,off_manifold_hop,35.99999999999409,36,0.7239976842632756,18,2.734217884959475,17,1.8430494921903386,0.6740682600054221,4.116082820029434,3.479557223252794e-15,0,-1,True,frontier,,
1,23,15,0,off_manifold_hop,35.999999999993975,36,1.0003292094991079,13,2.0448401726424352,13,1.2806777536664125,0.6262972386792766,4.011386430001736,2.7985896326796107e-15,0,-1,True,frontier,,
0,23,0,-1,initial,35.999999999995,36,1.0018539279314,12,2.6921781154105506,12,1.9750060309264903,0.7336089761747828,3.5719321936926973,2.952780940960866e-15,1,0,True,frontier,,
1,23,12,0,exact_hop,35.99999999999363,36,1.001378470847624,13,2.6673949004243207,0,1.8809814985566689,0.7051754872356726,4.636954172720429,4.759854435040729e-15,1,1,True,expanded:genericity,,
1,23,16,0,off_manifold_hop,35.99999999999409,36,0.7239976842632756,18,2.734217884959475,17,1.8430494921903386,0.6740682600054221,4.116082820029434,3.479557223252794e-15,1,1,True,expanded:deletion,,
1,23,15,0,off_manifold_hop,35.999999999993975,36,1.0003292094991079,13,2.0448401726424352,13,1.2806777536664125,0.6262972386792766,4.011386430001736,2.7985896326796107e-15,1,1,True,expanded:death,,
2,23,47,16,off_manifold_hop,33.443946818475865,32,1.006953949897056,11,2.783802154230742,17,1.9669395762016115,0.7065658646798277,4.232352581242643,5.88035318013227e-14,0,-1,True,pareto_kept_polished,,
2,23,60,15,exact_hop,35.99999999999375,36,0.6580842084781869,19,1.9814100715435976,13,1.2896763916691805,0.6508881781672136,4.106543043643032,3.553016509951075e-15,0,-1,True,pareto_kept_polished,,
0,23,0,-1,initial,35.999999999995225,36,1.0018539279314,12,2.692178115410548,12,1.9750060309264903,0.7336089761747835,3.5719321936926973,2.768121675968123e-15,1,0,True,pareto_kept_polished,,
2,23,61,15,exact_hop,35.99999999999363,36,1.0007281689023029,13,2.0366498790103846,13,1.3326977330562637,0.6543577994386675,3.9330394846144823,8.216453630660914e-15,0,-1,True,pareto_kept_polished,,
2,23,47,16,off_manifold_hop,33.443946818475865,32,1.006953949897056,11,2.783802154230742,17,1.9669395762016115,0.7065658646798277,4.232352581242643,5.88035318013227e-14,0,-1,True,frontier,,
2,23,60,15,exact_hop,35.99999999999375,36,0.6580842084781869,19,1.9814100715435976,13,1.2896763916691805,0.6508881781672136,4.106543043643032,3.553016509951075e-15,0,-1,True,frontier,,
0,23,0,-1,initial,35.999999999995225,36,1.0018539279314,12,2.692178115410548,12,1.9750060309264903,0.7336089761747835,3.5719321936926973,2.768121675968123e-15,1,0,True,frontier,,
2,23,61,15,exact_hop,35.99999999999363,36,1.0007281689023029,13,2.0366498790103846,13,1.3326977330562637,0.6543577994386675,3.9330394846144823,8.216453630660914e-15,0,-1,True,frontier,,
2,23,60,15,exact_hop,35.99999999999375,36,0.6580842084781869,19,1.9814100715435976,13,1.2896763916691805,0.6508881781672136,4.106543043643032,3.553016509951075e-15,0,-1,False,full_delete_probe,0.29619085657824756,19
2,23,47,16,off_manifold_hop,33.443946818475865,32,1.006953949897056,11,2.783802154230742,17,1.9669395762016115,0.7065658646798277,4.232352581242643,5.88035318013227e-14,1,2,True,expanded:genericity,,
2,23,60,15,exact_hop,35.99999999999375,36,0.6580842084781869,19,1.9814100715435976,13,1.2896763916691805,0.6508881781672136,4.106543043643032,3.553016509951075e-15,1,2,True,expanded:deletion+death,,
2,23,61,15,exact_hop,35.99999999999363,36,1.0007281689023029,13,2.0366498790103846,13,1.3326977330562637,0.6543577994386675,3.9330394846144823,8.216453630660914e-15,1,2,True,expanded:explore,,
2,23,47,16,off_manifold_hop,33.44394682758116,32,1.006953949897056,11,2.7838021896584397,17,1.9669395762016115,0.7065658556878089,4.232352581242643,5.87209174543304e-14,1,2,True,pareto_kept_polished,,
3,23,92,60,wall:continuation_stalled,35.99999999999409,36,0.6210959641654885,19,2.2504810508009188,3,1.3743404971928206,0.6106874335616865,4.250582351926102,3.6305775219682186e-15,0,-1,True,pareto_kept_polished,,
3,23,106,61,exact_hop,35.999999999993406,36,1.001110669283729,13,1.9591837151765743,13,1.385248374160472,0.7070538425926148,4.136323735346067,4.0160579595842344e-15,0,-1,True,pareto_kept_polished,,
0,23,0,-1,initial,35.999999999995,36,1.0018539279314,12,2.6921781154105506,12,1.9750060309264903,0.7336089761747828,3.5719321936926973,2.788364995986193e-15,1,0,True,pareto_kept_polished,,
2,23,47,16,off_manifold_hop,33.44394682758116,32,1.006953949897056,11,2.7838021896584397,17,1.9669395762016115,0.7065658556878089,4.232352581242643,5.87209174543304e-14,1,2,True,frontier,,
3,23,92,60,wall:continuation_stalled,35.99999999999409,36,0.6210959641654885,19,2.2504810508009188,3,1.3743404971928206,0.6106874335616865,4.250582351926102,3.6305775219682186e-15,0,-1,True,frontier,,
3,23,106,61,exact_hop,35.999999999993406,36,1.001110669283729,13,1.9591837151765743,13,1.385248374160472,0.7070538425926148,4.136323735346067,4.0160579595842344e-15,0,-1,True,frontier,,
0,23,0,-1,initial,35.999999999995,36,1.0018539279314,12,2.6921781154105506,12,1.9750060309264903,0.7336089761747828,3.5719321936926973,2.788364995986193e-15,1,0,True,frontier,,
2,23,47,16,off_manifold_hop,33.44394682758116,32,1.006953949897056,11,2.7838021896584397,17,1.9669395762016115,0.7065658556878089,4.232352581242643,5.87209174543304e-14,2,3,True,expanded:genericity,,
3,23,92,60,wall:continuation_stalled,35.99999999999409,36,0.6210959641654885,19,2.2504810508009188,3,1.3743404971928206,0.6106874335616865,4.250582351926102,3.6305775219682186e-15,1,3,True,expanded:deletion,,
3,23,106,61,exact_hop,35.999999999993406,36,1.001110669283729,13,1.9591837151765743,13,1.385248374160472,0.7070538425926148,4.136323735346067,4.0160579595842344e-15,1,3,True,expanded:death,,
0,23,0,-1,initial,35.999999999995,36,1.0018539279314,12,2.6921781154105506,12,1.9750060309264903,0.7336089761747828,3.5719321936926973,2.788364995986193e-15,2,3,True,expanded:explore,,
4,23,123,47,off_manifold_hop,34.08755674782583,32,0.7276492389425103,19,2.784835515960509,17,2.0496620468691966,0.7360082974818906,4.012349749014148,2.016946548081919e-14,0,-1,True,pareto_kept_polished,,
4,23,138,92,wall:amplitude_wall,35.99999999999386,36,0.6005724732892378,19,2.8661276328295346,19,1.945956156614473,0.6789495814229883,4.41421853551109,3.1938518891790637e-15,0,-1,True,pareto_kept_polished,,
3,23,106,61,exact_hop,35.99999999999318,36,1.001110669283729,13,1.9591837151765716,13,1.385248374160472,0.7070538425926158,4.136323735346067,4.039134142281613e-15,1,3,True,pareto_kept_polished,,
0,23,0,-1,initial,35.999999999995,36,1.0018539279314,12,2.6921781154105586,12,1.9750060309264903,0.7336089761747806,3.5719321936926973,2.736852757502147e-15,2,3,True,pareto_kept_polished,,
4,23,123,47,off_manifold_hop,34.08755674782583,32,0.7276492389425103,19,2.784835515960509,17,2.0496620468691966,0.7360082974818906,4.012349749014148,2.016946548081919e-14,0,-1,True,frontier,,
4,23,138,92,wall:amplitude_wall,35.99999999999386,36,0.6005724732892378,19,2.8661276328295346,19,1.945956156614473,0.6789495814229883,4.41421853551109,3.1938518891790637e-15,0,-1,True,frontier,,
3,23,106,61,exact_hop,35.99999999999318,36,1.001110669283729,13,1.9591837151765716,13,1.385248374160472,0.7070538425926158,4.136323735346067,4.039134142281613e-15,1,3,True,frontier,,
0,23,0,-1,initial,35.999999999995,36,1.0018539279314,12,2.6921781154105586,12,1.9750060309264903,0.7336089761747806,3.5719321936926973,2.736852757502147e-15,2,3,True,frontier,,
4,23,138,92,wall:amplitude_wall,35.99999999999386,36,0.6005724732892378,19,2.8661276328295346,19,1.945956156614473,0.6789495814229883,4.41421853551109,3.1938518891790637e-15,0,-1,False,full_delete_probe,0.2682593434079771,19
4,23,123,47,off_manifold_hop,34.08755674782583,32,0.7276492389425103,19,2.784835515960509,17,2.0496620468691966,0.7360082974818906,4.012349749014148,2.016946548081919e-14,1,4,True,expanded:genericity,,
4,23,138,92,wall:amplitude_wall,35.99999999999386,36,0.6005724732892378,19,2.8661276328295346,19,1.945956156614473,0.6789495814229883,4.41421853551109,3.1938518891790637e-15,1,4,True,expanded:deletion,,
3,23,106,61,exact_hop,35.99999999999318,36,1.001110669283729,13,1.9591837151765716,13,1.385248374160472,0.7070538425926158,4.136323735346067,4.039134142281613e-15,2,4,True,expanded:death,,
5,23,184,123,off_manifold_hop,32.99999999999477,33,1.0047073732705833,11,2.727870321958941,17,1.7848341755806427,0.6542958296855239,3.9086016765471707,3.377012473378427e-15,0,-1,True,pareto_kept_polished,,
5,23,197,138,wall:amplitude_wall,35.999999999992724,36,0.5087963588372837,11,3.0246159252309974,9,1.8842391949788904,0.6229680863810787,6.941940135740754,3.8535715211846e-15,0,-1,True,pareto_kept_polished,,
5,23,198,138,exact_hop,35.99999999999284,36,0.5908958463244751,11,1.8679501767403783,3,1.4492452019202657,0.7758478892885871,6.602472201661092,3.2253507136092908e-15,0,-1,True,pareto_kept_polished,,
0,23,0,-1,initial,35.999999999995,36,1.0018539279314,12,2.692178115410553,12,1.9750060309264903,0.7336089761747822,3.5719321936926973,2.736852757502147e-15,2,3,True,pareto_kept_polished,,
5,23,184,123,off_manifold_hop,32.99999999999477,33,1.0047073732705833,11,2.727870321958941,17,1.7848341755806427,0.6542958296855239,3.9086016765471707,3.377012473378427e-15,0,-1,True,frontier,,
5,23,197,138,wall:amplitude_wall,35.999999999992724,36,0.5087963588372837,11,3.0246159252309974,9,1.8842391949788904,0.6229680863810787,6.941940135740754,3.8535715211846e-15,0,-1,True,frontier,,
5,23,198,138,exact_hop,35.99999999999284,36,0.5908958463244751,11,1.8679501767403783,3,1.4492452019202657,0.7758478892885871,6.602472201661092,3.2253507136092908e-15,0,-1,True,frontier,,
0,23,0,-1,initial,35.999999999995,36,1.0018539279314,12,2.692178115410553,12,1.9750060309264903,0.7336089761747822,3.5719321936926973,2.736852757502147e-15,2,3,True,frontier,,
5,23,184,123,off_manifold_hop,32.99999999999477,33,1.0047073732705833,11,2.727870321958941,17,1.7848341755806427,0.6542958296855239,3.9086016765471707,3.377012473378427e-15,1,5,True,expanded:genericity,,
5,23,197,138,wall:amplitude_wall,35.999999999992724,36,0.5087963588372837,11,3.0246159252309974,9,1.8842391949788904,0.6229680863810787,6.941940135740754,3.8535715211846e-15,1,5,True,expanded:deletion,,
5,23,198,138,exact_hop,35.99999999999284,36,0.5908958463244751,11,1.8679501767403783,3,1.4492452019202657,0.7758478892885871,6.602472201661092,3.2253507136092908e-15,1,5,True,expanded:death,,
6,23,226,184,exact_hop,32.08204091540256,31,1.0025120766664246,17,2.727946329729137,17,1.3415772931740424,0.49179020809667107,5.019176015923104,5.2672559689602265e-14,0,-1,True,pareto_kept_polished,,
5,23,197,138,wall:amplitude_wall,35.99999999999238,36,0.5087963588372837,11,3.024615925231,9,1.8842391949788904,0.6229680863810781,6.941940135740754,3.469422095259218e-15,1,5,True,pareto_kept_polished,,
6,23,257,198,exact_hop,35.99999999999318,36,1.0004747436553942,3,1.8506427004897754,3,1.3245860962511609,0.7157438309948253,6.464345554368084,4.403984076005513e-15,0,-1,True,pareto_kept_polished,,
0,23,0,-1,initial,35.999999999995,36,1.0018539279314,12,2.692178115410553,12,1.9750060309264903,0.7336089761747822,3.5719321936926973,2.736852757502147e-15,2,3,True,pareto_kept_polished,,
6,23,226,184,exact_hop,32.08204091540256,31,1.0025120766664246,17,2.727946329729137,17,1.3415772931740424,0.49179020809667107,5.019176015923104,5.2672559689602265e-14,0,-1,True,frontier,,
5,23,197,138,wall:amplitude_wall,35.99999999999238,36,0.5087963588372837,11,3.024615925231,9,1.8842391949788904,0.6229680863810781,6.941940135740754,3.469422095259218e-15,1,5,True,frontier,,
6,23,257,198,exact_hop,35.99999999999318,36,1.0004747436553942,3,1.8506427004897754,3,1.3245860962511609,0.7157438309948253,6.464345554368084,4.403984076005513e-15,0,-1,True,frontier,,
0,23,0,-1,initial,35.999999999995,36,1.0018539279314,12,2.692178115410553,12,1.9750060309264903,0.7336089761747822,3.5719321936926973,2.736852757502147e-15,2,3,True,frontier,,
5,23,197,138,wall:amplitude_wall,35.99999999999238,36,0.5087963588372837,11,3.024615925231,9,1.8842391949788904,0.6229680863810781,6.941940135740754,3.469422095259218e-15,1,5,False,full_delete_probe,1.0001789609009863,11
6,23,226,184,exact_hop,32.08204091540256,31,1.0025120766664246,17,2.727946329729137,17,1.3415772931740424,0.49179020809667107,5.019176015923104,5.2672559689602265e-14,1,6,True,expanded:genericity,,
5,23,197,138,wall:amplitude_wall,35.99999999999238,36,0.5087963588372837,11,3.024615925231,9,1.8842391949788904,0.6229680863810781,6.941940135740754,3.469422095259218e-15,2,6,True,expanded:deletion,,
6,23,257,198,exact_hop,35.99999999999318,36,1.0004747436553942,3,1.8506427004897754,3,1.3245860962511609,0.7157438309948253,6.464345554368084,4.403984076005513e-15,1,6,True,expanded:death,,
0,23,0,-1,initial,35.999999999995,36,1.0018539279314,12,2.692178115410553,12,1.9750060309264903,0.7336089761747822,3.5719321936926973,2.736852757502147e-15,3,6,True,expanded:explore,,
7,23,274,226,off_manifold_hop,32.091601358384196,32,1.0054377078666055,17,2.8525336914244326,17,1.3861664501153739,0.4859421833588167,4.760888145470421,5.4107759736776126e-14,0,-1,True,pareto_kept_polished,,
5,23,197,138,wall:amplitude_wall,35.99999999999284,36,0.5087963588372837,11,3.0246159252309965,9,1.8842391949788904,0.6229680863810789,6.941940135740754,3.774998010182309e-15,2,6,True,pareto_kept_polished,,
7,23,305,257,off_manifold_hop,35.99999999999227,36,0.9061158304694387,12,1.8145114640600937,3,1.4519710624318927,0.8001994427651661,6.561097111502181,4.209207065715546e-15,0,-1,True,pareto_kept_polished,,
0,23,0,-1,initial,35.999999999995,36,1.0018539279314,12,2.692178115410553,12,1.9750060309264903,0.7336089761747822,3.5719321936926973,2.736852757502147e-15,3,6,True,pareto_kept_polished,,
7,23,274,226,off_manifold_hop,32.091601358384196,32,1.0054377078666055,17,2.8525336914244326,17,1.3861664501153739,0.4859421833588167,4.760888145470421,5.4107759736776126e-14,0,-1,True,frontier,,
5,23,197,138,wall:amplitude_wall,35.99999999999284,36,0.5087963588372837,11,3.0246159252309965,9,1.8842391949788904,0.6229680863810789,6.941940135740754,3.774998010182309e-15,2,6,True,frontier,,
7,23,305,257,off_manifold_hop,35.99999999999227,36,0.9061158304694387,12,1.8145114640600937,3,1.4519710624318927,0.8001994427651661,6.561097111502181,4.209207065715546e-15,0,-1,True,frontier,,
0,23,0,-1,initial,35.999999999995,36,1.0018539279314,12,2.692178115410553,12,1.9750060309264903,0.7336089761747822,3.5719321936926973,2.736852757502147e-15,3,6,True,frontier,,
7,23,274,226,off_manifold_hop,32.091601358384196,32,1.0054377078666055,17,2.8525336914244326,17,1.3861664501153739,0.4859421833588167,4.760888145470421,5.4107759736776126e-14,1,7,True,expanded:genericity,,
5,23,197,138,wall:amplitude_wall,35.99999999999284,36,0.5087963588372837,11,3.0246159252309965,9,1.8842391949788904,0.6229680863810789,6.941940135740754,3.774998010182309e-15,3,7,True,expanded:deletion,,
7,23,305,257,off_manifold_hop,35.99999999999227,36,0.9061158304694387,12,1.8145114640600937,3,1.4519710624318927,0.8001994427651661,6.561097111502181,4.209207065715546e-15,1,7,True,expanded:death,,
8,23,335,274,off_manifold_hop,32.34021646892825,31,1.0070555857448333,17,2.864200705375957,17,2.1165800061885385,0.7389775451894229,5.1750481939739155,6.824940409796175e-14,0,-1,True,pareto_kept_polished,,
5,23,197,138,wall:amplitude_wall,35.999999999992724,36,0.5087963588372837,11,3.024615925231,9,1.8842391949788904,0.6229680863810781,6.941940135740754,3.764417266554116e-15,3,7,True,pareto_kept_polished,,
7,23,305,257,off_manifold_hop,35.999999999991815,36,0.9061158304694387,12,1.814511464060094,3,1.4519710624318927,0.800199442765166,6.561097111502181,3.991443238082127e-15,1,7,True,pareto_kept_polished,,
0,23,0,-1,initial,35.999999999995,36,1.0018539279314,12,2.692178115410553,12,1.9750060309264903,0.7336089761747822,3.5719321936926973,2.736852757502147e-15,3,6,True,pareto_kept_polished,,
8,23,335,274,off_manifold_hop,32.34021646892825,31,1.0070555857448333,17,2.864200705375957,17,2.1165800061885385,0.7389775451894229,5.1750481939739155,6.824940409796175e-14,0,-1,True,frontier,,
5,23,197,138,wall:amplitude_wall,35.999999999992724,36,0.5087963588372837,11,3.024615925231,9,1.8842391949788904,0.6229680863810781,6.941940135740754,3.764417266554116e-15,3,7,True,frontier,,
7,23,305,257,off_manifold_hop,35.999999999991815,36,0.9061158304694387,12,1.814511464060094,3,1.4519710624318927,0.800199442765166,6.561097111502181,3.991443238082127e-15,1,7,True,frontier,,
0,23,0,-1,initial,35.999999999995,36,1.0018539279314,12,2.692178115410553,12,1.9750060309264903,0.7336089761747822,3.5719321936926973,2.736852757502147e-15,3,6,True,frontier,,
5,23,197,138,wall:amplitude_wall,35.999999999992724,36,0.5087963588372837,11,3.024615925231,9,1.8842391949788904,0.6229680863810781,6.941940135740754,3.764417266554116e-15,3,7,False,full_delete_probe,1.0036396449515168,11
8,23,335,274,off_manifold_hop,32.34021646892825,31,1.0070555857448333,17,2.864200705375957,17,2.1165800061885385,0.7389775451894229,5.1750481939739155,6.824940409796175e-14,1,8,True,expanded:genericity,,
5,23,197,138,wall:amplitude_wall,35.999999999992724,36,0.5087963588372837,11,3.024615925231,9,1.8842391949788904,0.6229680863810781,6.941940135740754,3.764417266554116e-15,4,8,True,expanded:deletion,,
7,23,305,257,off_manifold_hop,35.999999999991815,36,0.9061158304694387,12,1.814511464060094,3,1.4519710624318927,0.800199442765166,6.561097111502181,3.991443238082127e-15,2,8,True,expanded:death,,
9,23,381,335,off_manifold_hop,34.982857244570255,35,1.0079256910495917,17,2.5690657136907245,20,2.134942693612491,0.8310191063760017,4.757283378638086,3.673176805311778e-14,0,-1,True,pareto_kept_polished,,
5,23,197,138,wall:amplitude_wall,35.999999999992724,36,0.5087963588372837,11,3.0246159252309948,9,1.8842391949788904,0.6229680863810793,6.941940135740754,3.774998010182309e-15,4,8,True,pareto_kept_polished,,
7,23,305,257,off_manifold_hop,35.99999999999227,36,0.9061158304694387,12,1.8145114640600917,3,1.4519710624318927,0.800199442765167,6.561097111502181,4.03861100196e-15,2,8,True,pareto_kept_polished,,
0,23,0,-1,initial,35.999999999995,36,1.0018539279314,12,2.692178115410553,12,1.9750060309264903,0.7336089761747822,3.5719321936926973,2.736852757502147e-15,3,6,True,pareto_kept_polished,,
9,23,381,335,off_manifold_hop,34.982857244570255,35,1.0079256910495917,17,2.5690657136907245,20,2.134942693612491,0.8310191063760017,4.757283378638086,3.673176805311778e-14,0,-1,True,frontier,,
5,23,197,138,wall:amplitude_wall,35.999999999992724,36,0.5087963588372837,11,3.0246159252309948,9,1.8842391949788904,0.6229680863810793,6.941940135740754,3.774998010182309e-15,4,8,True,frontier,,
7,23,305,257,off_manifold_hop,35.99999999999227,36,0.9061158304694387,12,1.8145114640600917,3,1.4519710624318927,0.800199442765167,6.561097111502181,4.03861100196e-15,2,8,True,frontier,,
0,23,0,-1,initial,35.999999999995,36,1.0018539279314,12,2.692178115410553,12,1.9750060309264903,0.7336089761747822,3.5719321936926973,2.736852757502147e-15,3,6,True,frontier,,
9,23,381,335,off_manifold_hop,34.982857244570255,35,1.0079256910495917,17,2.5690657136907245,20,2.134942693612491,0.8310191063760017,4.757283378638086,3.673176805311778e-14,1,9,True,expanded:genericity,,
5,23,197,138,wall:amplitude_wall,35.999999999992724,36,0.5087963588372837,11,3.0246159252309948,9,1.8842391949788904,0.6229680863810793,6.941940135740754,3.774998010182309e-15,5,9,True,expanded:deletion,,
7,23,305,257,off_manifold_hop,35.99999999999227,36,0.9061158304694387,12,1.8145114640600917,3,1.4519710624318927,0.800199442765167,6.561097111502181,4.03861100196e-15,3,9,True,expanded:death,,
0,23,0,-1,initial,35.999999999995,36,1.0018539279314,12,2.692178115410553,12,1.9750060309264903,0.7336089761747822,3.5719321936926973,2.736852757502147e-15,4,9,True,expanded:explore,,
9,23,381,335,off_manifold_hop,34.982857238020415,35,1.0079256910495917,17,2.5690657135669475,20,2.134942693612491,0.8310191064160402,4.757283378638086,3.6558231972347277e-14,1,9,True,pareto_kept_polished,,
5,23,197,138,wall:amplitude_wall,35.999999999992724,36,0.5087963588372837,11,3.024615925231,9,1.8842391949788904,0.6229680863810781,6.941940135740754,3.764417266554116e-15,5,9,True,pareto_kept_polished,,
7,23,305,257,off_manifold_hop,35.99999999999261,36,0.9061158304694387,12,1.814511464060095,3,1.4519710624318927,0.8001994427651655,6.561097111502181,3.991200465502202e-15,3,9,True,pareto_kept_polished,,
0,23,0,-1,initial,35.999999999995,36,1.0018539279314,12,2.692178115410553,12,1.9750060309264903,0.7336089761747822,3.5719321936926973,2.736852757502147e-15,4,9,True,pareto_kept_polished,,
9,23,381,335,off_manifold_hop,34.982857238020415,35,1.0079256910495917,17,2.5690657135669475,20,2.134942693612491,0.8310191064160402,4.757283378638086,3.6558231972347277e-14,1,9,True,frontier,,
5,23,197,138,wall:amplitude_wall,35.999999999992724,36,0.5087963588372837,11,3.024615925231,9,1.8842391949788904,0.6229680863810781,6.941940135740754,3.764417266554116e-15,5,9,True,frontier,,
7,23,305,257,off_manifold_hop,35.99999999999261,36,0.9061158304694387,12,1.814511464060095,3,1.4519710624318927,0.8001994427651655,6.561097111502181,3.991200465502202e-15,3,9,True,frontier,,
0,23,0,-1,initial,35.999999999995,36,1.0018539279314,12,2.692178115410553,12,1.9750060309264903,0.7336089761747822,3.5719321936926973,2.736852757502147e-15,4,9,True,frontier,,
5,23,197,138,wall:amplitude_wall,35.999999999992724,36,0.5087963588372837,11,3.024615925231,9,1.8842391949788904,0.6229680863810781,6.941940135740754,3.764417266554116e-15,5,9,False,full_delete_probe,1.0005817835231123,11
9,23,381,335,off_manifold_hop,34.982857238020415,35,1.0079256910495917,17,2.5690657135669475,20,2.134942693612491,0.8310191064160402,4.757283378638086,3.6558231972347277e-14,2,10,True,expanded:genericity,,
5,23,197,138,wall:amplitude_wall,35.999999999992724,36,0.5087963588372837,11,3.024615925231,9,1.8842391949788904,0.6229680863810781,6.941940135740754,3.764417266554116e-15,6,10,True,expanded:deletion,,
7,23,305,257,off_manifold_hop,35.99999999999261,36,0.9061158304694387,12,1.814511464060095,3,1.4519710624318927,0.8001994427651655,6.561097111502181,3.991200465502202e-15,4,10,True,expanded:death,,
9,23,381,335,off_manifold_hop,34.982857245367086,35,1.0079256910495917,17,2.569065713447134,20,2.134942693612491,0.8310191064547963,4.757283378638086,3.65705154837082e-14,2,10,True,pareto_kept_polished,,
5,23,197,138,wall:amplitude_wall,35.999999999992724,36,0.5087963588372837,11,3.0246159252309948,9,1.8842391949788904,0.6229680863810793,6.941940135740754,3.774998010182309e-15,6,10,True,pareto_kept_polished,,
11,23,514,305,exact_hop,35.99999999999204,36,0.7775265381032346,12,1.799459903006935,3,1.4556650404833473,0.8089455275168403,6.959284041922572,4.031493291207144e-15,0,-1,True,pareto_kept_polished,,
0,23,0,-1,initial,35.999999999995,36,1.0018539279314,12,2.692178115410553,12,1.9750060309264903,0.7336089761747822,3.5719321936926973,2.736852757502147e-15,4,9,True,pareto_kept_polished,,
9,23,381,335,off_manifold_hop,34.982857245367086,35,1.0079256910495917,17,2.569065713447134,20,2.134942693612491,0.8310191064547963,4.757283378638086,3.65705154837082e-14,2,10,True,frontier,,
5,23,197,138,wall:amplitude_wall,35.999999999992724,36,0.5087963588372837,11,3.0246159252309948,9,1.8842391949788904,0.6229680863810793,6.941940135740754,3.774998010182309e-15,6,10,True,frontier,,
11,23,514,305,exact_hop,35.99999999999204,36,0.7775265381032346,12,1.799459903006935,3,1.4556650404833473,0.8089455275168403,6.959284041922572,4.031493291207144e-15,0,-1,True,frontier,,
0,23,0,-1,initial,35.999999999995,36,1.0018539279314,12,2.692178115410553,12,1.9750060309264903,0.7336089761747822,3.5719321936926973,2.736852757502147e-15,4,9,True,frontier,,
9,23,381,335,off_manifold_hop,34.982857245367086,35,1.0079256910495917,17,2.569065713447134,20,2.134942693612491,0.8310191064547963,4.757283378638086,3.65705154837082e-14,3,11,True,expanded:genericity,,
5,23,197,138,wall:amplitude_wall,35.999999999992724,36,0.5087963588372837,11,3.0246159252309948,9,1.8842391949788904,0.6229680863810793,6.941940135740754,3.774998010182309e-15,7,11,True,expanded:deletion,,
11,23,514,305,exact_hop,35.99999999999204,36,0.7775265381032346,12,1.799459903006935,3,1.4556650404833473,0.8089455275168403,6.959284041922572,4.031493291207144e-15,1,11,True,expanded:death,,
9,23,381,335,off_manifold_hop,34.982857242847786,35,1.0079256910495917,17,2.5690657138171087,20,2.134942693612491,0.8310191063351201,4.757283378638086,3.6558231972347277e-14,3,11,True,pareto_kept_polished,,
5,23,197,138,wall:amplitude_wall,35.999999999992724,36,0.5087963588372837,11,3.024615925231,9,1.8842391949788904,0.6229680863810781,6.941940135740754,3.764417266554116e-15,7,11,True,pareto_kept_polished,,
11,23,514,305,exact_hop,35.99999999999193,36,0.7775265381032346,12,1.799459903006937,3,1.4556650404833473,0.8089455275168395,6.959284041922572,4.0849869267976995e-15,1,11,True,pareto_kept_polished,,
0,23,0,-1,initial,35.999999999995,36,1.0018539279314,12,2.692178115410553,12,1.9750060309264903,0.7336089761747822,3.5719321936926973,2.736852757502147e-15,4,9,True,pareto_kept_polished,,
9,23,381,335,off_manifold_hop,34.982857242847786,35,1.0079256910495917,17,2.5690657138171087,20,2.134942693612491,0.8310191063351201,4.757283378638086,3.6558231972347277e-14,3,11,True,frontier,,
5,23,197,138,wall:amplitude_wall,35.999999999992724,36,0.5087963588372837,11,3.024615925231,9,1.8842391949788904,0.6229680863810781,6.941940135740754,3.764417266554116e-15,7,11,True,frontier,,
11,23,514,305,exact_hop,35.99999999999193,36,0.7775265381032346,12,1.799459903006937,3,1.4556650404833473,0.8089455275168395,6.959284041922572,4.0849869267976995e-15,1,11,True,frontier,,
0,23,0,-1,initial,35.999999999995,36,1.0018539279314,12,2.692178115410553,12,1.9750060309264903,0.7336089761747822,3.5719321936926973,2.736852757502147e-15,4,9,True,frontier,,
5,23,197,138,wall:amplitude_wall,35.999999999992724,36,0.5087963588372837,11,3.024615925231,9,1.8842391949788904,0.6229680863810781,6.941940135740754,3.764417266554116e-15,7,11,False,full_delete_probe,1.0096463400143085,11
9,23,381,335,off_manifold_hop,34.982857242847786,35,1.0079256910495917,17,2.5690657138171087,20,2.134942693612491,0.8310191063351201,4.757283378638086,3.6558231972347277e-14,4,12,True,expanded:genericity,,
5,23,197,138,wall:amplitude_wall,35.999999999992724,36,0.5087963588372837,11,3.024615925231,9,1.8842391949788904,0.6229680863810781,6.941940135740754,3.764417266554116e-15,8,12,True,expanded:deletion,,
11,23,514,305,exact_hop,35.99999999999193,36,0.7775265381032346,12,1.799459903006937,3,1.4556650404833473,0.8089455275168395,6.959284041922572,4.0849869267976995e-15,2,12,True,expanded:death,,
0,23,0,-1,initial,35.999999999995,36,1.0018539279314,12,2.692178115410553,12,1.9750060309264903,0.7336089761747822,3.5719321936926973,2.736852757502147e-15,5,12,True,expanded:explore,,
9,23,381,335,off_manifold_hop,34.982857245367086,35,1.0079256910495917,17,2.569065713447134,20,2.134942693612491,0.8310191064547963,4.757283378638086,3.65705154837082e-14,4,12,True,pareto_kept_polished,,
5,23,197,138,wall:amplitude_wall,35.999999999992724,36,0.5087963588372837,11,3.0246159252309948,9,1.8842391949788904,0.6229680863810793,6.941940135740754,3.774998010182309e-15,8,12,True,pareto_kept_polished,,
11,23,514,305,exact_hop,35.99999999999159,36,0.7775265381032346,12,1.7994599030069371,3,1.4556650404833473,0.8089455275168393,6.959284041922572,4.0849869267976995e-15,2,12,True,pareto_kept_polished,,
0,23,0,-1,initial,35.999999999995,36,1.0018539279314,12,2.692178115410553,12,1.9750060309264903,0.7336089761747822,3.5719321936926973,2.736852757502147e-15,5,12,True,pareto_kept_polished,,
9,23,381,335,off_manifold_hop,34.982857245367086,35,1.0079256910495917,17,2.569065713447134,20,2.134942693612491,0.8310191064547963,4.757283378638086,3.65705154837082e-14,4,12,True,frontier,,
5,23,197,138,wall:amplitude_wall,35.999999999992724,36,0.5087963588372837,11,3.0246159252309948,9,1.8842391949788904,0.6229680863810793,6.941940135740754,3.774998010182309e-15,8,12,True,frontier,,
11,23,514,305,exact_hop,35.99999999999159,36,0.7775265381032346,12,1.7994599030069371,3,1.4556650404833473,0.8089455275168393,6.959284041922572,4.0849869267976995e-15,2,12,True,frontier,,
0,23,0,-1,initial,35.999999999995,36,1.0018539279314,12,2.692178115410553,12,1.9750060309264903,0.7336089761747822,3.5719321936926973,2.736852757502147e-15,5,12,True,frontier,,
9,23,381,335,off_manifold_hop,34.982857245367086,35,1.0079256910495917,17,2.569065713447134,20,2.134942693612491,0.8310191064547963,4.757283378638086,3.65705154837082e-14,5,13,True,expanded:genericity,,
5,23,197,138,wall:amplitude_wall,35.999999999992724,36,0.5087963588372837,11,3.0246159252309948,9,1.8842391949788904,0.6229680863810793,6.941940135740754,3.774998010182309e-15,9,13,True,expanded:deletion,,
11,23,514,305,exact_hop,35.99999999999159,36,0.7775265381032346,12,1.7994599030069371,3,1.4556650404833473,0.8089455275168393,6.959284041922572,4.0849869267976995e-15,3,13,True,expanded:death,,
9,23,381,335,off_manifold_hop,34.982857242847786,35,1.0079256910495917,17,2.5690657138171087,20,2.134942693612491,0.8310191063351201,4.757283378638086,3.6558231972347277e-14,5,13,True,pareto_kept_polished,,
5,23,197,138,wall:amplitude_wall,35.999999999992724,36,0.5087963588372837,11,3.024615925231,9,1.8842391949788904,0.6229680863810781,6.941940135740754,3.764417266554116e-15,9,13,True,pareto_kept_polished,,
11,23,514,305,exact_hop,35.99999999999159,36,0.7775265381032346,12,1.7994599030069371,3,1.4556650404833473,0.8089455275168393,6.959284041922572,4.0849869267976995e-15,3,13,True,pareto_kept_polished,,
0,23,0,-1,initial,35.999999999995,36,1.0018539279314,12,2.692178115410553,12,1.9750060309264903,0.7336089761747822,3.5719321936926973,2.736852757502147e-15,5,12,True,pareto_kept_polished,,
9,23,381,335,off_manifold_hop,34.982857242847786,35,1.0079256910495917,17,2.5690657138171087,20,2.134942693612491,0.8310191063351201,4.757283378638086,3.6558231972347277e-14,5,13,True,frontier,,
5,23,197,138,wall:amplitude_wall,35.999999999992724,36,0.5087963588372837,11,3.024615925231,9,1.8842391949788904,0.6229680863810781,6.941940135740754,3.764417266554116e-15,9,13,True,frontier,,
11,23,514,305,exact_hop,35.99999999999159,36,0.7775265381032346,12,1.7994599030069371,3,1.4556650404833473,0.8089455275168393,6.959284041922572,4.0849869267976995e-15,3,13,True,frontier,,
0,23,0,-1,initial,35.999999999995,36,1.0018539279314,12,2.692178115410553,12,1.9750060309264903,0.7336089761747822,3.5719321936926973,2.736852757502147e-15,5,12,True,frontier,,
5,23,197,138,wall:amplitude_wall,35.999999999992724,36,0.5087963588372837,11,3.024615925231,9,1.8842391949788904,0.6229680863810781,6.941940135740754,3.764417266554116e-15,9,13,False,full_delete_probe,1.0000691382415152,11
9,23,381,335,off_manifold_hop,34.982857242847786,35,1.0079256910495917,17,2.5690657138171087,20,2.134942693612491,0.8310191063351201,4.757283378638086,3.6558231972347277e-14,6,14,True,expanded:genericity,,
5,23,197,138,wall:amplitude_wall,35.999999999992724,36,0.5087963588372837,11,3.024615925231,9,1.8842391949788904,0.6229680863810781,6.941940135740754,3.764417266554116e-15,10,14,True,expanded:deletion,,
11,23,514,305,exact_hop,35.99999999999159,36,0.7775265381032346,12,1.7994599030069371,3,1.4556650404833473,0.8089455275168393,6.959284041922572,4.0849869267976995e-15,4,14,True,expanded:death,,
15,23,681,381,off_manifold_hop,33.37746465889427,32,1.0013369421998963,13,2.8381226048031674,13,1.3748221981751791,0.4844125464659154,4.931180842878735,9.039224853378486e-14,0,-1,True,pareto_kept_polished,,
5,23,197,138,wall:amplitude_wall,35.999999999992724,36,0.5087963588372837,11,3.0246159252309948,9,1.8842391949788904,0.6229680863810793,6.941940135740754,3.774998010182309e-15,10,14,True,pareto_kept_polished,,
11,23,514,305,exact_hop,35.99999999999159,36,0.7775265381032346,12,1.7994599030069371,3,1.4556650404833473,0.8089455275168393,6.959284041922572,4.0849869267976995e-15,4,14,True,pareto_kept_polished,,
0,23,0,-1,initial,35.999999999995,36,1.0018539279314,12,2.692178115410553,12,1.9750060309264903,0.7336089761747822,3.5719321936926973,2.736852757502147e-15,5,12,True,pareto_kept_polished,,
15,23,681,381,off_manifold_hop,33.37746465889427,32,1.0013369421998963,13,2.8381226048031674,13,1.3748221981751791,0.4844125464659154,4.931180842878735,9.039224853378486e-14,0,-1,True,frontier,,
5,23,197,138,wall:amplitude_wall,35.999999999992724,36,0.5087963588372837,11,3.0246159252309948,9,1.8842391949788904,0.6229680863810793,6.941940135740754,3.774998010182309e-15,10,14,True,frontier,,
11,23,514,305,exact_hop,35.99999999999159,36,0.7775265381032346,12,1.7994599030069371,3,1.4556650404833473,0.8089455275168393,6.959284041922572,4.0849869267976995e-15,4,14,True,frontier,,
0,23,0,-1,initial,35.999999999995,36,1.0018539279314,12,2.692178115410553,12,1.9750060309264903,0.7336089761747822,3.5719321936926973,2.736852757502147e-15,5,12,True,frontier,,
15,23,681,381,off_manifold_hop,33.37746465889427,32,1.0013369421998963,13,2.8381226048031674,13,1.3748221981751791,0.4844125464659154,4.931180842878735,9.039224853378486e-14,1,15,True,expanded:genericity,,
5,23,197,138,wall:amplitude_wall,35.999999999992724,36,0.5087963588372837,11,3.0246159252309948,9,1.8842391949788904,0.6229680863810793,6.941940135740754,3.774998010182309e-15,11,15,True,expanded:deletion,,
11,23,514,305,exact_hop,35.99999999999159,36,0.7775265381032346,12,1.7994599030069371,3,1.4556650404833473,0.8089455275168393,6.959284041922572,4.0849869267976995e-15,5,15,True,expanded:death,,
0,23,0,-1,initial,35.999999999995,36,1.0018539279314,12,2.692178115410553,12,1.9750060309264903,0.7336089761747822,3.5719321936926973,2.736852757502147e-15,6,15,True,expanded:explore,,
15,23,681,381,off_manifold_hop,33.37746464924885,32,1.0013369421998963,13,2.8381223157153617,13,1.3748221981751791,0.4844125958076084,4.931180842878735,9.05213982215605e-14,1,15,True,pareto_kept_polished,,
5,23,197,138,wall:amplitude_wall,35.999999999992724,36,0.5087963588372837,11,3.024615925231,9,1.8842391949788904,0.6229680863810781,6.941940135740754,3.764417266554116e-15,11,15,True,pareto_kept_polished,,
11,23,514,305,exact_hop,35.99999999999159,36,0.7775265381032346,12,1.7994599030069371,3,1.4556650404833473,0.8089455275168393,6.959284041922572,4.0849869267976995e-15,5,15,True,pareto_kept_polished,,
0,23,0,-1,initial,35.999999999995,36,1.0018539279314,12,2.692178115410553,12,1.9750060309264903,0.7336089761747822,3.5719321936926973,2.736852757502147e-15,6,15,True,pareto_kept_polished,,
15,23,681,381,off_manifold_hop,33.37746464924885,32,1.0013369421998963,13,2.8381223157153617,13,1.3748221981751791,0.4844125958076084,4.931180842878735,9.05213982215605e-14,1,15,True,frontier,,
5,23,197,138,wall:amplitude_wall,35.999999999992724,36,0.5087963588372837,11,3.024615925231,9,1.8842391949788904,0.6229680863810781,6.941940135740754,3.764417266554116e-15,11,15,True,frontier,,
11,23,514,305,exact_hop,35.99999999999159,36,0.7775265381032346,12,1.7994599030069371,3,1.4556650404833473,0.8089455275168393,6.959284041922572,4.0849869267976995e-15,5,15,True,frontier,,
0,23,0,-1,initial,35.999999999995,36,1.0018539279314,12,2.692178115410553,12,1.9750060309264903,0.7336089761747822,3.5719321936926973,2.736852757502147e-15,6,15,True,frontier,,
5,23,197,138,wall:amplitude_wall,35.999999999992724,36,0.5087963588372837,11,3.024615925231,9,1.8842391949788904,0.6229680863810781,6.941940135740754,3.764417266554116e-15,11,15,False,full_delete_probe,1.0000308613708064,11
15,23,681,381,off_manifold_hop,33.37746464924885,32,1.0013369421998963,13,2.8381223157153617,13,1.3748221981751791,0.4844125958076084,4.931180842878735,9.05213982215605e-14,2,16,True,expanded:genericity,,
5,23,197,138,wall:amplitude_wall,35.999999999992724,36,0.5087963588372837,11,3.024615925231,9,1.8842391949788904,0.6229680863810781,6.941940135740754,3.764417266554116e-15,12,16,True,expanded:deletion,,
11,23,514,305,exact_hop,35.99999999999159,36,0.7775265381032346,12,1.7994599030069371,3,1.4556650404833473,0.8089455275168393,6.959284041922572,4.0849869267976995e-15,6,16,True,expanded:death,,
15,23,681,381,off_manifold_hop,33.3774646577898,32,1.0013369421998963,13,2.8381227225419616,13,1.3748221981751791,0.48441252637018495,4.931180842878735,9.037716866671509e-14,2,16,True,pareto_kept_polished,,
5,23,197,138,wall:amplitude_wall,35.999999999992724,36,0.5087963588372837,11,3.0246159252309948,9,1.8842391949788904,0.6229680863810793,6.941940135740754,3.774998010182309e-15,12,16,True,pareto_kept_polished,,
11,23,514,305,exact_hop,35.99999999999159,36,0.7775265381032346,12,1.7994599030069371,3,1.4556650404833473,0.8089455275168393,6.959284041922572,4.0849869267976995e-15,6,16,True,pareto_kept_polished,,
0,23,0,-1,initial,35.999999999995,36,1.0018539279314,12,2.692178115410553,12,1.9750060309264903,0.7336089761747822,3.5719321936926973,2.736852757502147e-15,6,15,True,pareto_kept_polished,,
15,23,681,381,off_manifold_hop,33.3774646577898,32,1.0013369421998963,13,2.8381227225419616,13,1.3748221981751791,0.48441252637018495,4.931180842878735,9.037716866671509e-14,2,16,True,frontier,,
5,23,197,138,wall:amplitude_wall,35.999999999992724,36,0.5087963588372837,11,3.0246159252309948,9,1.8842391949788904,0.6229680863810793,6.941940135740754,3.774998010182309e-15,12,16,True,frontier,,
11,23,514,305,exact_hop,35.99999999999159,36,0.7775265381032346,12,1.7994599030069371,3,1.4556650404833473,0.8089455275168393,6.959284041922572,4.0849869267976995e-15,6,16,True,frontier,,
0,23,0,-1,initial,35.999999999995,36,1.0018539279314,12,2.692178115410553,12,1.9750060309264903,0.7336089761747822,3.5719321936926973,2.736852757502147e-15,6,15,True,frontier,,
15,23,681,381,off_manifold_hop,33.3774646577898,32,1.0013369421998963,13,2.8381227225419616,13,1.3748221981751791,0.48441252637018495,4.931180842878735,9.037716866671509e-14,3,17,True,expanded:genericity,,
5,23,197,138,wall:amplitude_wall,35.999999999992724,36,0.5087963588372837,11,3.0246159252309948,9,1.8842391949788904,0.6229680863810793,6.941940135740754,3.774998010182309e-15,13,17,True,expanded:deletion,,
11,23,514,305,exact_hop,35.99999999999159,36,0.7775265381032346,12,1.7994599030069371,3,1.4556650404833473,0.8089455275168393,6.959284041922572,4.0849869267976995e-15,7,17,True,expanded:death,,
15,23,681,381,off_manifold_hop,33.377464635310844,32,1.0013369421998963,13,2.8381224754512893,13,1.3748221981751791,0.48441256854377607,4.931180842878735,9.054556143659082e-14,3,17,True,pareto_kept_polished,,
5,23,197,138,wall:amplitude_wall,35.999999999992724,36,0.5087963588372837,11,3.024615925231,9,1.8842391949788904,0.6229680863810781,6.941940135740754,3.764417266554116e-15,13,17,True,pareto_kept_polished,,
11,23,514,305,exact_hop,35.99999999999159,36,0.7775265381032346,12,1.7994599030069371,3,1.4556650404833473,0.8089455275168393,6.959284041922572,4.0849869267976995e-15,7,17,True,pareto_kept_polished,,
0,23,0,-1,initial,35.999999999995,36,1.0018539279314,12,2.692178115410553,12,1.9750060309264903,0.7336089761747822,3.5719321936926973,2.736852757502147e-15,6,15,True,pareto_kept_polished,,
15,23,681,381,off_manifold_hop,33.377464635310844,32,1.0013369421998963,13,2.8381224754512893,13,1.3748221981751791,0.48441256854377607,4.931180842878735,9.054556143659082e-14,3,17,True,frontier,,
5,23,197,138,wall:amplitude_wall,35.999999999992724,36,0.5087963588372837,11,3.024615925231,9,1.8842391949788904,0.6229680863810781,6.941940135740754,3.764417266554116e-15,13,17,True,frontier,,
11,23,514,305,exact_hop,35.99999999999159,36,0.7775265381032346,12,1.7994599030069371,3,1.4556650404833473,0.8089455275168393,6.959284041922572,4.0849869267976995e-15,7,17,True,frontier,,
0,23,0,-1,initial,35.999999999995,36,1.0018539279314,12,2.692178115410553,12,1.9750060309264903,0.7336089761747822,3.5719321936926973,2.736852757502147e-15,6,15,True,frontier,,
5,23,197,138,wall:amplitude_wall,35.999999999992724,36,0.5087963588372837,11,3.024615925231,9,1.8842391949788904,0.6229680863810781,6.941940135740754,3.764417266554116e-15,13,17,False,full_delete_probe,1.0089058016420809,11
15,23,681,381,off_manifold_hop,33.377464635310844,32,1.0013369421998963,13,2.8381224754512893,13,1.3748221981751791,0.48441256854377607,4.931180842878735,9.054556143659082e-14,4,18,True,expanded:genericity,,
5,23,197,138,wall:amplitude_wall,35.999999999992724,36,0.5087963588372837,11,3.024615925231,9,1.8842391949788904,0.6229680863810781,6.941940135740754,3.764417266554116e-15,14,18,True,expanded:deletion,,
11,23,514,305,exact_hop,35.99999999999159,36,0.7775265381032346,12,1.7994599030069371,3,1.4556650404833473,0.8089455275168393,6.959284041922572,4.0849869267976995e-15,8,18,True,expanded:death,,
0,23,0,-1,initial,35.999999999995,36,1.0018539279314,12,2.692178115410553,12,1.9750060309264903,0.7336089761747822,3.5719321936926973,2.736852757502147e-15,7,18,True,expanded:explore,,
15,23,681,381,off_manifold_hop,33.3774646195734,32,1.0013369421998963,13,2.8381223507385673,13,1.3748221981751791,0.4844125898298246,4.931180842878735,9.041981255219735e-14,4,18,True,pareto_kept_polished,,
5,23,197,138,wall:amplitude_wall,35.999999999992724,36,0.5087963588372837,11,3.0246159252309948,9,1.8842391949788904,0.6229680863810793,6.941940135740754,3.774998010182309e-15,14,18,True,pareto_kept_polished,,
11,23,514,305,exact_hop,35.99999999999159,36,0.7775265381032346,12,1.7994599030069371,3,1.4556650404833473,0.8089455275168393,6.959284041922572,4.0849869267976995e-15,8,18,True,pareto_kept_polished,,
0,23,0,-1,initial,35.999999999995,36,1.0018539279314,12,2.692178115410553,12,1.9750060309264903,0.7336089761747822,3.5719321936926973,2.736852757502147e-15,7,18,True,pareto_kept_polished,,
15,23,681,381,off_manifold_hop,33.3774646195734,32,1.0013369421998963,13,2.8381223507385673,13,1.3748221981751791,0.4844125898298246,4.931180842878735,9.041981255219735e-14,4,18,True,frontier,,
5,23,197,138,wall:amplitude_wall,35.999999999992724,36,0.5087963588372837,11,3.0246159252309948,9,1.8842391949788904,0.6229680863810793,6.941940135740754,3.774998010182309e-15,14,18,True,frontier,,
11,23,514,305,exact_hop,35.99999999999159,36,0.7775265381032346,12,1.7994599030069371,3,1.4556650404833473,0.8089455275168393,6.959284041922572,4.0849869267976995e-15,8,18,True,frontier,,
0,23,0,-1,initial,35.999999999995,36,1.0018539279314,12,2.692178115410553,12,1.9750060309264903,0.7336089761747822,3.5719321936926973,2.736852757502147e-15,7,18,True,frontier,,
15,23,681,381,off_manifold_hop,33.3774646195734,32,1.0013369421998963,13,2.8381223507385673,13,1.3748221981751791,0.4844125898298246,4.931180842878735,9.041981255219735e-14,5,19,True,expanded:genericity,,
5,23,197,138,wall:amplitude_wall,35.999999999992724,36,0.5087963588372837,11,3.0246159252309948,9,1.8842391949788904,0.6229680863810793,6.941940135740754,3.774998010182309e-15,15,19,True,expanded:deletion,,
11,23,514,305,exact_hop,35.99999999999159,36,0.7775265381032346,12,1.7994599030069371,3,1.4556650404833473,0.8089455275168393,6.959284041922572,4.0849869267976995e-15,9,19,True,expanded:death,,
20,23,940,681,off_manifold_hop,33.34883887738158,32,1.0035522352306436,11,2.7828574907750134,17,1.8090409620614258,0.6500659728564168,5.0264906669385665,8.279680621298912e-14,0,-1,True,pareto_kept_polished,,
5,23,197,138,wall:amplitude_wall,35.999999999992724,36,0.5087963588372837,11,3.024615925231,9,1.8842391949788904,0.6229680863810781,6.941940135740754,3.764417266554116e-15,15,19,True,pareto_kept_polished,,
11,23,514,305,exact_hop,35.99999999999159,36,0.7775265381032346,12,1.7994599030069371,3,1.4556650404833473,0.8089455275168393,6.959284041922572,4.0849869267976995e-15,9,19,True,pareto_kept_polished,,
0,23,0,-1,initial,35.999999999995,36,1.0018539279314,12,2.692178115410553,12,1.9750060309264903,0.7336089761747822,3.5719321936926973,2.736852757502147e-15,7,18,True,pareto_kept_polished,,
20,23,940,681,off_manifold_hop,33.34883887738158,32,1.0035522352306436,11,2.7828574907750134,17,1.8090409620614258,0.6500659728564168,5.0264906669385665,8.279680621298912e-14,0,-1,True,frontier,,
5,23,197,138,wall:amplitude_wall,35.999999999992724,36,0.5087963588372837,11,3.024615925231,9,1.8842391949788904,0.6229680863810781,6.941940135740754,3.764417266554116e-15,15,19,True,frontier,,
11,23,514,305,exact_hop,35.99999999999159,36,0.7775265381032346,12,1.7994599030069371,3,1.4556650404833473,0.8089455275168393,6.959284041922572,4.0849869267976995e-15,9,19,True,frontier,,
0,23,0,-1,initial,35.999999999995,36,1.0018539279314,12,2.692178115410553,12,1.9750060309264903,0.7336089761747822,3.5719321936926973,2.736852757502147e-15,7,18,True,frontier,,
5,23,197,138,wall:amplitude_wall,35.999999999992724,36,0.5087963588372837,11,3.024615925231,9,1.8842391949788904,0.6229680863810781,6.941940135740754,3.764417266554116e-15,15,19,False,full_delete_probe,1.0000359513315487,11
20,23,940,681,off_manifold_hop,33.34883887738158,32,1.0035522352306436,11,2.7828574907750134,17,1.8090409620614258,0.6500659728564168,5.0264906669385665,8.279680621298912e-14,1,20,True,expanded:genericity,,
5,23,197,138,wall:amplitude_wall,35.999999999992724,36,0.5087963588372837,11,3.024615925231,9,1.8842391949788904,0.6229680863810781,6.941940135740754,3.764417266554116e-15,16,20,True,expanded:deletion,,
11,23,514,305,exact_hop,35.99999999999159,36,0.7775265381032346,12,1.7994599030069371,3,1.4556650404833473,0.8089455275168393,6.959284041922572,4.0849869267976995e-15,10,20,True,expanded:death,,
20,23,940,681,off_manifold_hop,33.34883890054857,32,1.0035522352306436,11,2.782857482843912,17,1.8090409620614258,0.6500659747090949,5.0264906669385665,8.26462688028189e-14,1,20,True,pareto_kept_polished,,
5,23,197,138,wall:amplitude_wall,35.999999999992724,36,0.5087963588372837,11,3.0246159252309948,9,1.8842391949788904,0.6229680863810793,6.941940135740754,3.774998010182309e-15,16,20,True,pareto_kept_polished,,
11,23,514,305,exact_hop,35.99999999999159,36,0.7775265381032346,12,1.7994599030069371,3,1.4556650404833473,0.8089455275168393,6.959284041922572,4.0849869267976995e-15,10,20,True,pareto_kept_polished,,
0,23,0,-1,initial,35.999999999995,36,1.0018539279314,12,2.692178115410553,12,1.9750060309264903,0.7336089761747822,3.5719321936926973,2.736852757502147e-15,7,18,True,pareto_kept_polished,,
20,23,940,681,off_manifold_hop,33.34883890054857,32,1.0035522352306436,11,2.782857482843912,17,1.8090409620614258,0.6500659747090949,5.0264906669385665,8.26462688028189e-14,1,20,True,frontier,,
5,23,197,138,wall:amplitude_wall,35.999999999992724,36,0.5087963588372837,11,3.0246159252309948,9,1.8842391949788904,0.6229680863810793,6.941940135740754,3.774998010182309e-15,16,20,True,frontier,,
11,23,514,305,exact_hop,35.99999999999159,36,0.7775265381032346,12,1.7994599030069371,3,1.4556650404833473,0.8089455275168393,6.959284041922572,4.0849869267976995e-15,10,20,True,frontier,,
0,23,0,-1,initial,35.999999999995,36,1.0018539279314,12,2.692178115410553,12,1.9750060309264903,0.7336089761747822,3.5719321936926973,2.736852757502147e-15,7,18,True,frontier,,
20,23,940,681,off_manifold_hop,33.34883890054857,32,1.0035522352306436,11,2.782857482843912,17,1.8090409620614258,0.6500659747090949,5.0264906669385665,8.26462688028189e-14,2,21,True,expanded:genericity,,
5,23,197,138,wall:amplitude_wall,35.999999999992724,36,0.5087963588372837,11,3.0246159252309948,9,1.8842391949788904,0.6229680863810793,6.941940135740754,3.774998010182309e-15,17,21,True,expanded:deletion,,
11,23,514,305,exact_hop,35.99999999999159,36,0.7775265381032346,12,1.7994599030069371,3,1.4556650404833473,0.8089455275168393,6.959284041922572,4.0849869267976995e-15,11,21,True,expanded:death,,
0,23,0,-1,initial,35.999999999995,36,1.0018539279314,12,2.692178115410553,12,1.9750060309264903,0.7336089761747822,3.5719321936926973,2.736852757502147e-15,8,21,True,expanded:explore,,
22,23,1028,940,exact_hop,32.71402380987092,31,1.0197963982115383,15,3.368615826164451,15,2.3428191850860336,0.6954842303147395,6.308872434116764,6.727897986104644e-14,0,-1,True,pareto_kept_polished,,
5,23,197,138,wall:amplitude_wall,35.999999999992724,36,0.5087963588372837,11,3.024615925231,9,1.8842391949788904,0.6229680863810781,6.941940135740754,3.764417266554116e-15,17,21,True,pareto_kept_polished,,
11,23,514,305,exact_hop,35.99999999999159,36,0.7775265381032346,12,1.7994599030069371,3,1.4556650404833473,0.8089455275168393,6.959284041922572,4.0849869267976995e-15,11,21,True,pareto_kept_polished,,
0,23,0,-1,initial,35.999999999995,36,1.0018539279314,12,2.692178115410553,12,1.9750060309264903,0.7336089761747822,3.5719321936926973,2.736852757502147e-15,8,21,True,pareto_kept_polished,,
22,23,1028,940,exact_hop,32.71402380987092,31,1.0197963982115383,15,3.368615826164451,15,2.3428191850860336,0.6954842303147395,6.308872434116764,6.727897986104644e-14,0,-1,True,frontier,,
5,23,197,138,wall:amplitude_wall,35.999999999992724,36,0.5087963588372837,11,3.024615925231,9,1.8842391949788904,0.6229680863810781,6.941940135740754,3.764417266554116e-15,17,21,True,frontier,,
11,23,514,305,exact_hop,35.99999999999159,36,0.7775265381032346,12,1.7994599030069371,3,1.4556650404833473,0.8089455275168393,6.959284041922572,4.0849869267976995e-15,11,21,True,frontier,,
0,23,0,-1,initial,35.999999999995,36,1.0018539279314,12,2.692178115410553,12,1.9750060309264903,0.7336089761747822,3.5719321936926973,2.736852757502147e-15,8,21,True,frontier,,
5,23,197,138,wall:amplitude_wall,35.999999999992724,36,0.5087963588372837,11,3.024615925231,9,1.8842391949788904,0.6229680863810781,6.941940135740754,3.764417266554116e-15,17,21,False,full_delete_probe,1.001070476491012,11
22,23,1028,940,exact_hop,32.71402380987092,31,1.0197963982115383,15,3.368615826164451,15,2.3428191850860336,0.6954842303147395,6.308872434116764,6.727897986104644e-14,1,22,True,expanded:genericity,,
5,23,197,138,wall:amplitude_wall,35.999999999992724,36,0.5087963588372837,11,3.024615925231,9,1.8842391949788904,0.6229680863810781,6.941940135740754,3.764417266554116e-15,18,22,True,expanded:deletion,,
11,23,514,305,exact_hop,35.99999999999159,36,0.7775265381032346,12,1.7994599030069371,3,1.4556650404833473,0.8089455275168393,6.959284041922572,4.0849869267976995e-15,12,22,True,expanded:death,,
23,23,1092,1028,off_manifold_hop,32.13828970538793,31,1.0117272250650358,11,3.3693211230694695,15,2.308074257180529,0.6850265002576723,6.129686149321546,3.9985741185581e-14,0,-1,True,pareto_kept_polished,,
5,23,197,138,wall:amplitude_wall,35.999999999992724,36,0.5087963588372837,11,3.0246159252309948,9,1.8842391949788904,0.6229680863810793,6.941940135740754,3.774998010182309e-15,18,22,True,pareto_kept_polished,,
11,23,514,305,exact_hop,35.99999999999159,36,0.7775265381032346,12,1.7994599030069371,3,1.4556650404833473,0.8089455275168393,6.959284041922572,4.0849869267976995e-15,12,22,True,pareto_kept_polished,,
0,23,0,-1,initial,35.999999999995,36,1.0018539279314,12,2.692178115410553,12,1.9750060309264903,0.7336089761747822,3.5719321936926973,2.736852757502147e-15,8,21,True,pareto_kept_polished,,
23,23,1092,1028,off_manifold_hop,32.13828970538793,31,1.0117272250650358,11,3.3693211230694695,15,2.308074257180529,0.6850265002576723,6.129686149321546,3.9985741185581e-14,0,-1,True,frontier,,
5,23,197,138,wall:amplitude_wall,35.999999999992724,36,0.5087963588372837,11,3.0246159252309948,9,1.8842391949788904,0.6229680863810793,6.941940135740754,3.774998010182309e-15,18,22,True,frontier,,
11,23,514,305,exact_hop,35.99999999999159,36,0.7775265381032346,12,1.7994599030069371,3,1.4556650404833473,0.8089455275168393,6.959284041922572,4.0849869267976995e-15,12,22,True,frontier,,
0,23,0,-1,initial,35.999999999995,36,1.0018539279314,12,2.692178115410553,12,1.9750060309264903,0.7336089761747822,3.5719321936926973,2.736852757502147e-15,8,21,True,frontier,,
23,23,1092,1028,off_manifold_hop,32.13828970538793,31,1.0117272250650358,11,3.3693211230694695,15,2.308074257180529,0.6850265002576723,6.129686149321546,3.9985741185581e-14,1,23,True,expanded:genericity,,
5,23,197,138,wall:amplitude_wall,35.999999999992724,36,0.5087963588372837,11,3.0246159252309948,9,1.8842391949788904,0.6229680863810793,6.941940135740754,3.774998010182309e-15,19,23,True,expanded:deletion,,
11,23,514,305,exact_hop,35.99999999999159,36,0.7775265381032346,12,1.7994599030069371,3,1.4556650404833473,0.8089455275168393,6.959284041922572,4.0849869267976995e-15,13,23,True,expanded:death,,
23,23,1092,1028,off_manifold_hop,32.13828968571079,31,1.0117272250650358,11,3.36932111583519,15,2.308074257180529,0.6850265017284948,6.129686149321546,4.009864082787217e-14,1,23,True,pareto_kept_polished,,
5,23,197,138,wall:amplitude_wall,35.999999999992724,36,0.5087963588372837,11,3.024615925231,9,1.8842391949788904,0.6229680863810781,6.941940135740754,3.764417266554116e-15,19,23,True,pareto_kept_polished,,
11,23,514,305,exact_hop,35.99999999999159,36,0.7775265381032346,12,1.7994599030069371,3,1.4556650404833473,0.8089455275168393,6.959284041922572,4.0849869267976995e-15,13,23,True,pareto_kept_polished,,
0,23,0,-1,initial,35.999999999995,36,1.0018539279314,12,2.692178115410553,12,1.9750060309264903,0.7336089761747822,3.5719321936926973,2.736852757502147e-15,8,21,True,pareto_kept_polished,,
23,23,1092,1028,off_manifold_hop,32.13828968571079,31,1.0117272250650358,11,3.36932111583519,15,2.308074257180529,0.6850265017284948,6.129686149321546,4.009864082787217e-14,1,23,True,frontier,,
5,23,197,138,wall:amplitude_wall,35.999999999992724,36,0.5087963588372837,11,3.024615925231,9,1.8842391949788904,0.6229680863810781,6.941940135740754,3.764417266554116e-15,19,23,True,frontier,,
11,23,514,305,exact_hop,35.99999999999159,36,0.7775265381032346,12,1.7994599030069371,3,1.4556650404833473,0.8089455275168393,6.959284041922572,4.0849869267976995e-15,13,23,True,frontier,,
0,23,0,-1,initial,35.999999999995,36,1.0018539279314,12,2.692178115410553,12,1.9750060309264903,0.7336089761747822,3.5719321936926973,2.736852757502147e-15,8,21,True,frontier,,
5,23,197,138,wall:amplitude_wall,35.999999999992724,36,0.5087963588372837,11,3.024615925231,9,1.8842391949788904,0.6229680863810781,6.941940135740754,3.764417266554116e-15,19,23,False,full_delete_probe,1.0006337116282737,11
23,23,1092,1028,off_manifold_hop,32.13828968571079,31,1.0117272250650358,11,3.36932111583519,15,2.308074257180529,0.6850265017284948,6.129686149321546,4.009864082787217e-14,2,24,True,expanded:genericity,,
5,23,197,138,wall:amplitude_wall,35.999999999992724,36,0.5087963588372837,11,3.024615925231,9,1.8842391949788904,0.6229680863810781,6.941940135740754,3.764417266554116e-15,20,24,True,expanded:deletion,,
11,23,514,305,exact_hop,35.99999999999159,36,0.7775265381032346,12,1.7994599030069371,3,1.4556650404833473,0.8089455275168393,6.959284041922572,4.0849869267976995e-15,14,24,True,expanded:death,,
0,23,0,-1,initial,35.999999999995,36,1.0018539279314,12,2.692178115410553,12,1.9750060309264903,0.7336089761747822,3.5719321936926973,2.736852757502147e-15,9,24,True,expanded:explore,,
23,23,1092,1028,off_manifold_hop,32.138289660790065,31,1.0117272250650358,11,3.369321121365328,15,2.308074257180529,0.6850265006041464,6.129686149321546,4.008940948718888e-14,2,24,True,pareto_kept_polished,,
5,23,197,138,wall:amplitude_wall,35.999999999992724,36,0.5087963588372837,11,3.0246159252309948,9,1.8842391949788904,0.6229680863810793,6.941940135740754,3.774998010182309e-15,20,24,True,pareto_kept_polished,,
11,23,514,305,exact_hop,35.99999999999159,36,0.7775265381032346,12,1.7994599030069371,3,1.4556650404833473,0.8089455275168393,6.959284041922572,4.0849869267976995e-15,14,24,True,pareto_kept_polished,,
0,23,0,-1,initial,35.999999999995,36,1.0018539279314,12,2.692178115410553,12,1.9750060309264903,0.7336089761747822,3.5719321936926973,2.736852757502147e-15,9,24,True,pareto_kept_polished,,
23,23,1092,1028,off_manifold_hop,32.138289660790065,31,1.0117272250650358,11,3.369321121365328,15,2.308074257180529,0.6850265006041464,6.129686149321546,4.008940948718888e-14,2,24,True,frontier,,
5,23,197,138,wall:amplitude_wall,35.999999999992724,36,0.5087963588372837,11,3.0246159252309948,9,1.8842391949788904,0.6229680863810793,6.941940135740754,3.774998010182309e-15,20,24,True,frontier,,
11,23,514,305,exact_hop,35.99999999999159,36,0.7775265381032346,12,1.7994599030069371,3,1.4556650404833473,0.8089455275168393,6.959284041922572,4.0849869267976995e-15,14,24,True,frontier,,
0,23,0,-1,initial,35.999999999995,36,1.0018539279314,12,2.692178115410553,12,1.9750060309264903,0.7336089761747822,3.5719321936926973,2.736852757502147e-15,9,24,True,frontier,,
23,23,1092,1028,off_manifold_hop,32.138289660790065,31,1.0117272250650358,11,3.369321121365328,15,2.308074257180529,0.6850265006041464,6.129686149321546,4.008940948718888e-14,3,25,True,expanded:genericity,,
5,23,197,138,wall:amplitude_wall,35.999999999992724,36,0.5087963588372837,11,3.0246159252309948,9,1.8842391949788904,0.6229680863810793,6.941940135740754,3.774998010182309e-15,21,25,True,expanded:deletion,,
11,23,514,305,exact_hop,35.99999999999159,36,0.7775265381032346,12,1.7994599030069371,3,1.4556650404833473,0.8089455275168393,6.959284041922572,4.0849869267976995e-15,15,25,True,expanded:death,,
26,23,1243,1092,off_manifold_hop,33.007538699436736,32,1.0044212584935746,17,2.9791125626276966,13,1.6557114035070422,0.5557733615968637,5.801246714654846,3.444833129862098e-14,0,-1,True,pareto_kept_polished,,
5,23,197,138,wall:amplitude_wall,35.999999999992724,36,0.5087963588372837,11,3.024615925231,9,1.8842391949788904,0.6229680863810781,6.941940135740754,3.764417266554116e-15,21,25,True,pareto_kept_polished,,
11,23,514,305,exact_hop,35.99999999999159,36,0.7775265381032346,12,1.7994599030069371,3,1.4556650404833473,0.8089455275168393,6.959284041922572,4.0849869267976995e-15,15,25,True,pareto_kept_polished,,
0,23,0,-1,initial,35.999999999995,36,1.0018539279314,12,2.692178115410553,12,1.9750060309264903,0.7336089761747822,3.5719321936926973,2.736852757502147e-15,9,24,True,pareto_kept_polished,,
26,23,1243,1092,off_manifold_hop,33.007538699436736,32,1.0044212584935746,17,2.9791125626276966,13,1.6557114035070422,0.5557733615968637,5.801246714654846,3.444833129862098e-14,0,-1,True,frontier,,
5,23,197,138,wall:amplitude_wall,35.999999999992724,36,0.5087963588372837,11,3.024615925231,9,1.8842391949788904,0.6229680863810781,6.941940135740754,3.764417266554116e-15,21,25,True,frontier,,
11,23,514,305,exact_hop,35.99999999999159,36,0.7775265381032346,12,1.7994599030069371,3,1.4556650404833473,0.8089455275168393,6.959284041922572,4.0849869267976995e-15,15,25,True,frontier,,
0,23,0,-1,initial,35.999999999995,36,1.0018539279314,12,2.692178115410553,12,1.9750060309264903,0.7336089761747822,3.5719321936926973,2.736852757502147e-15,9,24,True,frontier,,
5,23,197,138,wall:amplitude_wall,35.999999999992724,36,0.5087963588372837,11,3.024615925231,9,1.8842391949788904,0.6229680863810781,6.941940135740754,3.764417266554116e-15,21,25,False,full_delete_probe,1.0004811157825375,11
26,23,1243,1092,off_manifold_hop,33.007538699436736,32,1.0044212584935746,17,2.9791125626276966,13,1.6557114035070422,0.5557733615968637,5.801246714654846,3.444833129862098e-14,1,26,True,expanded:genericity,,
5,23,197,138,wall:amplitude_wall,35.999999999992724,36,0.5087963588372837,11,3.024615925231,9,1.8842391949788904,0.6229680863810781,6.941940135740754,3.764417266554116e-15,22,26,True,expanded:deletion,,
11,23,514,305,exact_hop,35.99999999999159,36,0.7775265381032346,12,1.7994599030069371,3,1.4556650404833473,0.8089455275168393,6.959284041922572,4.0849869267976995e-15,16,26,True,expanded:death,,
27,23,1287,1243,off_manifold_hop,33.54104202947326,33,1.0076066508165136,11,2.740057314579316,13,1.718346618482585,0.627120684424955,5.601899883647822,7.51280528849943e-14,0,-1,True,pareto_kept_polished,,
5,23,197,138,wall:amplitude_wall,35.999999999992724,36,0.5087963588372837,11,3.0246159252309948,9,1.8842391949788904,0.6229680863810793,6.941940135740754,3.774998010182309e-15,22,26,True,pareto_kept_polished,,
11,23,514,305,exact_hop,35.99999999999159,36,0.7775265381032346,12,1.7994599030069371,3,1.4556650404833473,0.8089455275168393,6.959284041922572,4.0849869267976995e-15,16,26,True,pareto_kept_polished,,
0,23,0,-1,initial,35.999999999995,36,1.0018539279314,12,2.692178115410553,12,1.9750060309264903,0.7336089761747822,3.5719321936926973,2.736852757502147e-15,9,24,True,pareto_kept_polished,,
27,23,1287,1243,off_manifold_hop,33.54104202947326,33,1.0076066508165136,11,2.740057314579316,13,1.718346618482585,0.627120684424955,5.601899883647822,7.51280528849943e-14,0,-1,True,frontier,,
5,23,197,138,wall:amplitude_wall,35.999999999992724,36,0.5087963588372837,11,3.0246159252309948,9,1.8842391949788904,0.6229680863810793,6.941940135740754,3.774998010182309e-15,22,26,True,frontier,,
11,23,514,305,exact_hop,35.99999999999159,36,0.7775265381032346,12,1.7994599030069371,3,1.4556650404833473,0.8089455275168393,6.959284041922572,4.0849869267976995e-15,16,26,True,frontier,,
0,23,0,-1,initial,35.999999999995,36,1.0018539279314,12,2.692178115410553,12,1.9750060309264903,0.7336089761747822,3.5719321936926973,2.736852757502147e-15,9,24,True,frontier,,
27,23,1287,1243,off_manifold_hop,33.54104202947326,33,1.0076066508165136,11,2.740057314579316,13,1.718346618482585,0.627120684424955,5.601899883647822,7.51280528849943e-14,1,27,True,expanded:genericity,,
5,23,197,138,wall:amplitude_wall,35.999999999992724,36,0.5087963588372837,11,3.0246159252309948,9,1.8842391949788904,0.6229680863810793,6.941940135740754,3.774998010182309e-15,23,27,True,expanded:deletion,,
11,23,514,305,exact_hop,35.99999999999159,36,0.7775265381032346,12,1.7994599030069371,3,1.4556650404833473,0.8089455275168393,6.959284041922572,4.0849869267976995e-15,17,27,True,expanded:death,,
0,23,0,-1,initial,35.999999999995,36,1.0018539279314,12,2.692178115410553,12,1.9750060309264903,0.7336089761747822,3.5719321936926973,2.736852757502147e-15,10,27,True,expanded:explore,,
27,23,1287,1243,off_manifold_hop,33.54104203408849,33,1.0076066508165136,11,2.740057355234833,13,1.718346618482585,0.6271206751200712,5.601899883647822,7.515300688655275e-14,1,27,True,pareto_kept_polished,,
5,23,197,138,wall:amplitude_wall,35.999999999992724,36,0.5087963588372837,11,3.024615925231,9,1.8842391949788904,0.6229680863810781,6.941940135740754,3.764417266554116e-15,23,27,True,pareto_kept_polished,,
11,23,514,305,exact_hop,35.99999999999159,36,0.7775265381032346,12,1.7994599030069371,3,1.4556650404833473,0.8089455275168393,6.959284041922572,4.0849869267976995e-15,17,27,True,pareto_kept_polished,,
0,23,0,-1,initial,35.999999999995,36,1.0018539279314,12,2.692178115410553,12,1.9750060309264903,0.7336089761747822,3.5719321936926973,2.736852757502147e-15,10,27,True,pareto_kept_polished,,
27,23,1287,1243,off_manifold_hop,33.54104203408849,33,1.0076066508165136,11,2.740057355234833,13,1.718346618482585,0.6271206751200712,5.601899883647822,7.515300688655275e-14,1,27,True,frontier,,
5,23,197,138,wall:amplitude_wall,35.999999999992724,36,0.5087963588372837,11,3.024615925231,9,1.8842391949788904,0.6229680863810781,6.941940135740754,3.764417266554116e-15,23,27,True,frontier,,
11,23,514,305,exact_hop,35.99999999999159,36,0.7775265381032346,12,1.7994599030069371,3,1.4556650404833473,0.8089455275168393,6.959284041922572,4.0849869267976995e-15,17,27,True,frontier,,
0,23,0,-1,initial,35.999999999995,36,1.0018539279314,12,2.692178115410553,12,1.9750060309264903,0.7336089761747822,3.5719321936926973,2.736852757502147e-15,10,27,True,frontier,,
5,23,197,138,wall:amplitude_wall,35.999999999992724,36,0.5087963588372837,11,3.024615925231,9,1.8842391949788904,0.6229680863810781,6.941940135740754,3.764417266554116e-15,23,27,False,full_delete_probe,1.007190927276684,11
27,23,1287,1243,off_manifold_hop,33.54104203408849,33,1.0076066508165136,11,2.740057355234833,13,1.718346618482585,0.6271206751200712,5.601899883647822,7.515300688655275e-14,2,28,True,expanded:genericity,,
5,23,197,138,wall:amplitude_wall,35.999999999992724,36,0.5087963588372837,11,3.024615925231,9,1.8842391949788904,0.6229680863810781,6.941940135740754,3.764417266554116e-15,24,28,True,expanded:deletion,,
11,23,514,305,exact_hop,35.99999999999159,36,0.7775265381032346,12,1.7994599030069371,3,1.4556650404833473,0.8089455275168393,6.959284041922572,4.0849869267976995e-15,18,28,True,expanded:death,,
27,23,1287,1243,off_manifold_hop,33.54104203362124,33,1.0076066508165136,11,2.7400573328768054,13,1.718346618482585,0.6271206802371836,5.601899883647822,7.51323198804127e-14,2,28,True,pareto_kept_polished,,
5,23,197,138,wall:amplitude_wall,35.999999999992724,36,0.5087963588372837,11,3.0246159252309948,9,1.8842391949788904,0.6229680863810793,6.941940135740754,3.774998010182309e-15,24,28,True,pareto_kept_polished,,
11,23,514,305,exact_hop,35.99999999999159,36,0.7775265381032346,12,1.7994599030069371,3,1.4556650404833473,0.8089455275168393,6.959284041922572,4.0849869267976995e-15,18,28,True,pareto_kept_polished,,
0,23,0,-1,initial,35.999999999995,36,1.0018539279314,12,2.692178115410553,12,1.9750060309264903,0.7336089761747822,3.5719321936926973,2.736852757502147e-15,10,27,True,pareto_kept_polished,,
27,23,1287,1243,off_manifold_hop,33.54104203362124,33,1.0076066508165136,11,2.7400573328768054,13,1.718346618482585,0.6271206802371836,5.601899883647822,7.51323198804127e-14,2,28,True,frontier,,
5,23,197,138,wall:amplitude_wall,35.999999999992724,36,0.5087963588372837,11,3.0246159252309948,9,1.8842391949788904,0.6229680863810793,6.941940135740754,3.774998010182309e-15,24,28,True,frontier,,
11,23,514,305,exact_hop,35.99999999999159,36,0.7775265381032346,12,1.7994599030069371,3,1.4556650404833473,0.8089455275168393,6.959284041922572,4.0849869267976995e-15,18,28,True,frontier,,
0,23,0,-1,initial,35.999999999995,36,1.0018539279314,12,2.692178115410553,12,1.9750060309264903,0.7336089761747822,3.5719321936926973,2.736852757502147e-15,10,27,True,frontier,,
27,23,1287,1243,off_manifold_hop,33.54104203362124,33,1.0076066508165136,11,2.7400573328768054,13,1.718346618482585,0.6271206802371836,5.601899883647822,7.51323198804127e-14,3,29,True,expanded:genericity,,
5,23,197,138,wall:amplitude_wall,35.999999999992724,36,0.5087963588372837,11,3.0246159252309948,9,1.8842391949788904,0.6229680863810793,6.941940135740754,3.774998010182309e-15,25,29,True,expanded:deletion,,
11,23,514,305,exact_hop,35.99999999999159,36,0.7775265381032346,12,1.7994599030069371,3,1.4556650404833473,0.8089455275168393,6.959284041922572,4.0849869267976995e-15,19,29,True,expanded:death,,
27,23,1287,1243,off_manifold_hop,33.54104202567646,33,1.0076066508165136,11,2.7400573121045357,13,1.718346618482585,0.6271206849913614,5.601899883647822,7.513674455161584e-14,3,29,True,pareto_kept_polished,,
5,23,197,138,wall:amplitude_wall,35.999999999992724,36,0.5087963588372837,11,3.024615925231,9,1.8842391949788904,0.6229680863810781,6.941940135740754,3.764417266554116e-15,25,29,True,pareto_kept_polished,,
11,23,514,305,exact_hop,35.99999999999159,36,0.7775265381032346,12,1.7994599030069371,3,1.4556650404833473,0.8089455275168393,6.959284041922572,4.0849869267976995e-15,19,29,True,pareto_kept_polished,,
0,23,0,-1,initial,35.999999999995,36,1.0018539279314,12,2.692178115410553,12,1.9750060309264903,0.7336089761747822,3.5719321936926973,2.736852757502147e-15,10,27,True,pareto_kept_polished,,
27,23,1287,1243,off_manifold_hop,33.54104202567646,33,1.0076066508165136,11,2.7400573121045357,13,1.718346618482585,0.6271206849913614,5.601899883647822,7.513674455161584e-14,3,29,True,frontier,,
5,23,197,138,wall:amplitude_wall,35.999999999992724,36,0.5087963588372837,11,3.024615925231,9,1.8842391949788904,0.6229680863810781,6.941940135740754,3.764417266554116e-15,25,29,True,frontier,,
11,23,514,305,exact_hop,35.99999999999159,36,0.7775265381032346,12,1.7994599030069371,3,1.4556650404833473,0.8089455275168393,6.959284041922572,4.0849869267976995e-15,19,29,True,frontier,,
0,23,0,-1,initial,35.999999999995,36,1.0018539279314,12,2.692178115410553,12,1.9750060309264903,0.7336089761747822,3.5719321936926973,2.736852757502147e-15,10,27,True,frontier,,
5,23,197,138,wall:amplitude_wall,35.999999999992724,36,0.5087963588372837,11,3.024615925231,9,1.8842391949788904,0.6229680863810781,6.941940135740754,3.764417266554116e-15,25,29,False,full_delete_probe,1.0023570408802218,11
27,23,1287,1243,off_manifold_hop,33.54104202567646,33,1.0076066508165136,11,2.7400573121045357,13,1.718346618482585,0.6271206849913614,5.601899883647822,7.513674455161584e-14,4,30,True,expanded:genericity,,
5,23,197,138,wall:amplitude_wall,35.999999999992724,36,0.5087963588372837,11,3.024615925231,9,1.8842391949788904,0.6229680863810781,6.941940135740754,3.764417266554116e-15,26,30,True,expanded:deletion,,
11,23,514,305,exact_hop,35.99999999999159,36,0.7775265381032346,12,1.7994599030069371,3,1.4556650404833473,0.8089455275168393,6.959284041922572,4.0849869267976995e-15,20,30,True,expanded:death,,
0,23,0,-1,initial,35.999999999995,36,1.0018539279314,12,2.692178115410553,12,1.9750060309264903,0.7336089761747822,3.5719321936926973,2.736852757502147e-15,11,30,True,expanded:explore,,
27,23,1287,1243,off_manifold_hop,33.54104202070971,33,1.0076066508165136,11,2.740057321310123,13,1.718346618482585,0.627120682884466,5.601899883647822,7.513910581295177e-14,4,30,True,pareto_kept_polished,,
5,23,197,138,wall:amplitude_wall,35.999999999992724,36,0.5087963588372837,11,3.0246159252309948,9,1.8842391949788904,0.6229680863810793,6.941940135740754,3.774998010182309e-15,26,30,True,pareto_kept_polished,,
11,23,514,305,exact_hop,35.99999999999159,36,0.7775265381032346,12,1.7994599030069371,3,1.4556650404833473,0.8089455275168393,6.959284041922572,4.0849869267976995e-15,20,30,True,pareto_kept_polished,,
0,23,0,-1,initial,35.999999999995,36,1.0018539279314,12,2.692178115410553,12,1.9750060309264903,0.7336089761747822,3.5719321936926973,2.736852757502147e-15,11,30,True,pareto_kept_polished,,
27,23,1287,1243,off_manifold_hop,33.54104202070971,33,1.0076066508165136,11,2.740057321310123,13,1.718346618482585,0.627120682884466,5.601899883647822,7.513910581295177e-14,4,30,True,frontier,,
5,23,197,138,wall:amplitude_wall,35.999999999992724,36,0.5087963588372837,11,3.0246159252309948,9,1.8842391949788904,0.6229680863810793,6.941940135740754,3.774998010182309e-15,26,30,True,frontier,,
11,23,514,305,exact_hop,35.99999999999159,36,0.7775265381032346,12,1.7994599030069371,3,1.4556650404833473,0.8089455275168393,6.959284041922572,4.0849869267976995e-15,20,30,True,frontier,,
0,23,0,-1,initial,35.999999999995,36,1.0018539279314,12,2.692178115410553,12,1.9750060309264903,0.7336089761747822,3.5719321936926973,2.736852757502147e-15,11,30,True,frontier,,
27,23,1287,1243,off_manifold_hop,33.54104202070971,33,1.0076066508165136,11,2.740057321310123,13,1.718346618482585,0.627120682884466,5.601899883647822,7.513910581295177e-14,5,31,True,expanded:genericity,,
5,23,197,138,wall:amplitude_wall,35.999999999992724,36,0.5087963588372837,11,3.0246159252309948,9,1.8842391949788904,0.6229680863810793,6.941940135740754,3.774998010182309e-15,27,31,True,expanded:deletion,,
11,23,514,305,exact_hop,35.99999999999159,36,0.7775265381032346,12,1.7994599030069371,3,1.4556650404833473,0.8089455275168393,6.959284041922572,4.0849869267976995e-15,21,31,True,expanded:death,,
27,23,1287,1243,off_manifold_hop,33.54104204797659,33,1.0076066508165136,11,2.740057320723071,13,1.718346618482585,0.6271206830188254,5.601899883647822,7.513174728230665e-14,5,31,True,pareto_kept_polished,,
5,23,197,138,wall:amplitude_wall,35.999999999992724,36,0.5087963588372837,11,3.024615925231,9,1.8842391949788904,0.6229680863810781,6.941940135740754,3.764417266554116e-15,27,31,True,pareto_kept_polished,,
11,23,514,305,exact_hop,35.99999999999159,36,0.7775265381032346,12,1.7994599030069371,3,1.4556650404833473,0.8089455275168393,6.959284041922572,4.0849869267976995e-15,21,31,True,pareto_kept_polished,,
0,23,0,-1,initial,35.999999999995,36,1.0018539279314,12,2.692178115410553,12,1.9750060309264903,0.7336089761747822,3.5719321936926973,2.736852757502147e-15,11,30,True,pareto_kept_polished,,
27,23,1287,1243,off_manifold_hop,33.54104204797659,33,1.0076066508165136,11,2.740057320723071,13,1.718346618482585,0.6271206830188254,5.601899883647822,7.513174728230665e-14,5,31,True,frontier,,
5,23,197,138,wall:amplitude_wall,35.999999999992724,36,0.5087963588372837,11,3.024615925231,9,1.8842391949788904,0.6229680863810781,6.941940135740754,3.764417266554116e-15,27,31,True,frontier,,
11,23,514,305,exact_hop,35.99999999999159,36,0.7775265381032346,12,1.7994599030069371,3,1.4556650404833473,0.8089455275168393,6.959284041922572,4.0849869267976995e-15,21,31,True,frontier,,
0,23,0,-1,initial,35.999999999995,36,1.0018539279314,12,2.692178115410553,12,1.9750060309264903,0.7336089761747822,3.5719321936926973,2.736852757502147e-15,11,30,True,frontier,,
5,23,197,138,wall:amplitude_wall,35.999999999992724,36,0.5087963588372837,11,3.024615925231,9,1.8842391949788904,0.6229680863810781,6.941940135740754,3.764417266554116e-15,27,31,False,full_delete_probe,1.0000438409776302,11
27,23,1287,1243,off_manifold_hop,33.54104204797659,33,1.0076066508165136,11,2.740057320723071,13,1.718346618482585,0.6271206830188254,5.601899883647822,7.513174728230665e-14,6,32,True,expanded:genericity,,
5,23,197,138,wall:amplitude_wall,35.999999999992724,36,0.5087963588372837,11,3.024615925231,9,1.8842391949788904,0.6229680863810781,6.941940135740754,3.764417266554116e-15,28,32,True,expanded:deletion,,
11,23,514,305,exact_hop,35.99999999999159,36,0.7775265381032346,12,1.7994599030069371,3,1.4556650404833473,0.8089455275168393,6.959284041922572,4.0849869267976995e-15,22,32,True,expanded:death,,
27,23,1287,1243,off_manifold_hop,33.54104199116546,33,1.0076066508165136,11,2.740057323799159,13,1.718346618482585,0.627120682314797,5.601899883647822,7.513816553055681e-14,6,32,True,pareto_kept_polished,,
5,23,197,138,wall:amplitude_wall,35.999999999992724,36,0.5087963588372837,11,3.0246159252309948,9,1.8842391949788904,0.6229680863810793,6.941940135740754,3.774998010182309e-15,28,32,True,pareto_kept_polished,,
11,23,514,305,exact_hop,35.99999999999159,36,0.7775265381032346,12,1.7994599030069371,3,1.4556650404833473,0.8089455275168393,6.959284041922572,4.0849869267976995e-15,22,32,True,pareto_kept_polished,,
0,23,0,-1,initial,35.999999999995,36,1.0018539279314,12,2.692178115410553,12,1.9750060309264903,0.7336089761747822,3.5719321936926973,2.736852757502147e-15,11,30,True,pareto_kept_polished,,
27,23,1287,1243,off_manifold_hop,33.54104199116546,33,1.0076066508165136,11,2.740057323799159,13,1.718346618482585,0.627120682314797,5.601899883647822,7.513816553055681e-14,6,32,True,frontier,,
5,23,197,138,wall:amplitude_wall,35.999999999992724,36,0.5087963588372837,11,3.0246159252309948,9,1.8842391949788904,0.6229680863810793,6.941940135740754,3.774998010182309e-15,28,32,True,frontier,,
11,23,514,305,exact_hop,35.99999999999159,36,0.7775265381032346,12,1.7994599030069371,3,1.4556650404833473,0.8089455275168393,6.959284041922572,4.0849869267976995e-15,22,32,True,frontier,,
0,23,0,-1,initial,35.999999999995,36,1.0018539279314,12,2.692178115410553,12,1.9750060309264903,0.7336089761747822,3.5719321936926973,2.736852757502147e-15,11,30,True,frontier,,
27,23,1287,1243,off_manifold_hop,33.54104199116546,33,1.0076066508165136,11,2.740057323799159,13,1.718346618482585,0.627120682314797,5.601899883647822,7.513816553055681e-14,7,33,True,expanded:genericity,,
5,23,197,138,wall:amplitude_wall,35.999999999992724,36,0.5087963588372837,11,3.0246159252309948,9,1.8842391949788904,0.6229680863810793,6.941940135740754,3.774998010182309e-15,29,33,True,expanded:deletion,,
11,23,514,305,exact_hop,35.99999999999159,36,0.7775265381032346,12,1.7994599030069371,3,1.4556650404833473,0.8089455275168393,6.959284041922572,4.0849869267976995e-15,23,33,True,expanded:death,,
0,23,0,-1,initial,35.999999999995,36,1.0018539279314,12,2.692178115410553,12,1.9750060309264903,0.7336089761747822,3.5719321936926973,2.736852757502147e-15,12,33,True,expanded:explore,,
27,23,1287,1243,off_manifold_hop,33.541042019017254,33,1.0076066508165136,11,2.740057332179892,13,1.718346618482585,0.6271206803966871,5.601899883647822,7.513816553055681e-14,7,33,True,pareto_kept_polished,,
5,23,197,138,wall:amplitude_wall,35.999999999992724,36,0.5087963588372837,11,3.024615925231,9,1.8842391949788904,0.6229680863810781,6.941940135740754,3.764417266554116e-15,29,33,True,pareto_kept_polished,,
11,23,514,305,exact_hop,35.99999999999159,36,0.7775265381032346,12,1.7994599030069371,3,1.4556650404833473,0.8089455275168393,6.959284041922572,4.0849869267976995e-15,23,33,True,pareto_kept_polished,,
0,23,0,-1,initial,35.999999999995,36,1.0018539279314,12,2.692178115410553,12,1.9750060309264903,0.7336089761747822,3.5719321936926973,2.736852757502147e-15,12,33,True,pareto_kept_polished,,
27,23,1287,1243,off_manifold_hop,33.541042019017254,33,1.0076066508165136,11,2.740057332179892,13,1.718346618482585,0.6271206803966871,5.601899883647822,7.513816553055681e-14,7,33,True,frontier,,
5,23,197,138,wall:amplitude_wall,35.999999999992724,36,0.5087963588372837,11,3.024615925231,9,1.8842391949788904,0.6229680863810781,6.941940135740754,3.764417266554116e-15,29,33,True,frontier,,
11,23,514,305,exact_hop,35.99999999999159,36,0.7775265381032346,12,1.7994599030069371,3,1.4556650404833473,0.8089455275168393,6.959284041922572,4.0849869267976995e-15,23,33,True,frontier,,
0,23,0,-1,initial,35.999999999995,36,1.0018539279314,12,2.692178115410553,12,1.9750060309264903,0.7336089761747822,3.5719321936926973,2.736852757502147e-15,12,33,True,frontier,,
5,23,197,138,wall:amplitude_wall,35.999999999992724,36,0.5087963588372837,11,3.024615925231,9,1.8842391949788904,0.6229680863810781,6.941940135740754,3.764417266554116e-15,29,33,False,full_delete_probe,1.0087916111021724,11
27,23,1287,1243,off_manifold_hop,33.541042019017254,33,1.0076066508165136,11,2.740057332179892,13,1.718346618482585,0.6271206803966871,5.601899883647822,7.513816553055681e-14,8,34,True,expanded:genericity,,
5,23,197,138,wall:amplitude_wall,35.999999999992724,36,0.5087963588372837,11,3.024615925231,9,1.8842391949788904,0.6229680863810781,6.941940135740754,3.764417266554116e-15,30,34,True,expanded:deletion,,
11,23,514,305,exact_hop,35.99999999999159,36,0.7775265381032346,12,1.7994599030069371,3,1.4556650404833473,0.8089455275168393,6.959284041922572,4.0849869267976995e-15,24,34,True,expanded:death,,
27,23,1287,1243,off_manifold_hop,33.541042019017254,33,1.0076066508165136,11,2.740057332179892,13,1.718346618482585,0.6271206803966871,5.601899883647822,7.513816553055681e-14,8,34,True,pareto_kept_polished,,
5,23,197,138,wall:amplitude_wall,35.999999999992724,36,0.5087963588372837,11,3.0246159252309948,9,1.8842391949788904,0.6229680863810793,6.941940135740754,3.774998010182309e-15,30,34,True,pareto_kept_polished,,
11,23,514,305,exact_hop,35.99999999999159,36,0.7775265381032346,12,1.7994599030069371,3,1.4556650404833473,0.8089455275168393,6.959284041922572,4.0849869267976995e-15,24,34,True,pareto_kept_polished,,
0,23,0,-1,initial,35.999999999995,36,1.0018539279314,12,2.692178115410553,12,1.9750060309264903,0.7336089761747822,3.5719321936926973,2.736852757502147e-15,12,33,True,pareto_kept_polished,,
27,23,1287,1243,off_manifold_hop,33.541042019017254,33,1.0076066508165136,11,2.740057332179892,13,1.718346618482585,0.6271206803966871,5.601899883647822,7.513816553055681e-14,8,34,True,frontier,,
5,23,197,138,wall:amplitude_wall,35.999999999992724,36,0.5087963588372837,11,3.0246159252309948,9,1.8842391949788904,0.6229680863810793,6.941940135740754,3.774998010182309e-15,30,34,True,frontier,,
11,23,514,305,exact_hop,35.99999999999159,36,0.7775265381032346,12,1.7994599030069371,3,1.4556650404833473,0.8089455275168393,6.959284041922572,4.0849869267976995e-15,24,34,True,frontier,,
0,23,0,-1,initial,35.999999999995,36,1.0018539279314,12,2.692178115410553,12,1.9750060309264903,0.7336089761747822,3.5719321936926973,2.736852757502147e-15,12,33,True,frontier,,
27,23,1287,1243,off_manifold_hop,33.541042019017254,33,1.0076066508165136,11,2.740057332179892,13,1.718346618482585,0.6271206803966871,5.601899883647822,7.513816553055681e-14,9,35,True,expanded:genericity,,
5,23,197,138,wall:amplitude_wall,35.999999999992724,36,0.5087963588372837,11,3.0246159252309948,9,1.8842391949788904,0.6229680863810793,6.941940135740754,3.774998010182309e-15,31,35,True,expanded:deletion,,
11,23,514,305,exact_hop,35.99999999999159,36,0.7775265381032346,12,1.7994599030069371,3,1.4556650404833473,0.8089455275168393,6.959284041922572,4.0849869267976995e-15,25,35,True,expanded:death,,
27,23,1287,1243,off_manifold_hop,33.541042019017254,33,1.0076066508165136,11,2.740057332179892,13,1.718346618482585,0.6271206803966871,5.601899883647822,7.513816553055681e-14,9,35,True,pareto_kept_polished,,
5,23,197,138,wall:amplitude_wall,35.999999999992724,36,0.5087963588372837,11,3.024615925231,9,1.8842391949788904,0.6229680863810781,6.941940135740754,3.764417266554116e-15,31,35,True,pareto_kept_polished,,
11,23,514,305,exact_hop,35.99999999999159,36,0.7775265381032346,12,1.7994599030069371,3,1.4556650404833473,0.8089455275168393,6.959284041922572,4.0849869267976995e-15,25,35,True,pareto_kept_polished,,
0,23,0,-1,initial,35.999999999995,36,1.0018539279314,12,2.692178115410553,12,1.9750060309264903,0.7336089761747822,3.5719321936926973,2.736852757502147e-15,12,33,True,pareto_kept_polished,,
27,23,1287,1243,off_manifold_hop,33.541042019017254,33,1.0076066508165136,11,2.740057332179892,13,1.718346618482585,0.6271206803966871,5.601899883647822,7.513816553055681e-14,9,35,True,frontier,,
5,23,197,138,wall:amplitude_wall,35.999999999992724,36,0.5087963588372837,11,3.024615925231,9,1.8842391949788904,0.6229680863810781,6.941940135740754,3.764417266554116e-15,31,35,True,frontier,,
11,23,514,305,exact_hop,35.99999999999159,36,0.7775265381032346,12,1.7994599030069371,3,1.4556650404833473,0.8089455275168393,6.959284041922572,4.0849869267976995e-15,25,35,True,frontier,,
0,23,0,-1,initial,35.999999999995,36,1.0018539279314,12,2.692178115410553,12,1.9750060309264903,0.7336089761747822,3.5719321936926973,2.736852757502147e-15,12,33,True,frontier,,
5,23,197,138,wall:amplitude_wall,35.999999999992724,36,0.5087963588372837,11,3.024615925231,9,1.8842391949788904,0.6229680863810781,6.941940135740754,3.764417266554116e-15,31,35,False,full_delete_probe,1.0011272511335676,11
27,23,1287,1243,off_manifold_hop,33.541042019017254,33,1.0076066508165136,11,2.740057332179892,13,1.718346618482585,0.6271206803966871,5.601899883647822,7.513816553055681e-14,10,36,True,expanded:genericity,,
5,23,197,138,wall:amplitude_wall,35.999999999992724,36,0.5087963588372837,11,3.024615925231,9,1.8842391949788904,0.6229680863810781,6.941940135740754,3.764417266554116e-15,32,36,True,expanded:deletion,,
11,23,514,305,exact_hop,35.99999999999159,36,0.7775265381032346,12,1.7994599030069371,3,1.4556650404833473,0.8089455275168393,6.959284041922572,4.0849869267976995e-15,26,36,True,expanded:death,,
0,23,0,-1,initial,35.999999999995,36,1.0018539279314,12,2.692178115410553,12,1.9750060309264903,0.7336089761747822,3.5719321936926973,2.736852757502147e-15,13,36,True,expanded:explore,,
27,23,1287,1243,off_manifold_hop,33.541042019017254,33,1.0076066508165136,11,2.740057332179892,13,1.718346618482585,0.6271206803966871,5.601899883647822,7.513816553055681e-14,10,36,True,pareto_kept_polished,,
5,23,197,138,wall:amplitude_wall,35.999999999992724,36,0.5087963588372837,11,3.0246159252309948,9,1.8842391949788904,0.6229680863810793,6.941940135740754,3.774998010182309e-15,32,36,True,pareto_kept_polished,,
11,23,514,305,exact_hop,35.99999999999159,36,0.7775265381032346,12,1.7994599030069371,3,1.4556650404833473,0.8089455275168393,6.959284041922572,4.0849869267976995e-15,26,36,True,pareto_kept_polished,,
0,23,0,-1,initial,35.999999999995,36,1.0018539279314,12,2.692178115410553,12,1.9750060309264903,0.7336089761747822,3.5719321936926973,2.736852757502147e-15,13,36,True,pareto_kept_polished,,
27,23,1287,1243,off_manifold_hop,33.541042019017254,33,1.0076066508165136,11,2.740057332179892,13,1.718346618482585,0.6271206803966871,5.601899883647822,7.513816553055681e-14,10,36,True,frontier,,
5,23,197,138,wall:amplitude_wall,35.999999999992724,36,0.5087963588372837,11,3.0246159252309948,9,1.8842391949788904,0.6229680863810793,6.941940135740754,3.774998010182309e-15,32,36,True,frontier,,
11,23,514,305,exact_hop,35.99999999999159,36,0.7775265381032346,12,1.7994599030069371,3,1.4556650404833473,0.8089455275168393,6.959284041922572,4.0849869267976995e-15,26,36,True,frontier,,
0,23,0,-1,initial,35.999999999995,36,1.0018539279314,12,2.692178115410553,12,1.9750060309264903,0.7336089761747822,3.5719321936926973,2.736852757502147e-15,13,36,True,frontier,,
27,23,1287,1243,off_manifold_hop,33.541042019017254,33,1.0076066508165136,11,2.740057332179892,13,1.718346618482585,0.6271206803966871,5.601899883647822,7.513816553055681e-14,11,37,True,expanded:genericity,,
5,23,197,138,wall:amplitude_wall,35.999999999992724,36,0.5087963588372837,11,3.0246159252309948,9,1.8842391949788904,0.6229680863810793,6.941940135740754,3.774998010182309e-15,33,37,True,expanded:deletion,,
11,23,514,305,exact_hop,35.99999999999159,36,0.7775265381032346,12,1.7994599030069371,3,1.4556650404833473,0.8089455275168393,6.959284041922572,4.0849869267976995e-15,27,37,True,expanded:death,,
27,23,1287,1243,off_manifold_hop,33.541042019017254,33,1.0076066508165136,11,2.740057332179892,13,1.718346618482585,0.6271206803966871,5.601899883647822,7.513816553055681e-14,11,37,True,pareto_kept_polished,,
5,23,197,138,wall:amplitude_wall,35.999999999992724,36,0.5087963588372837,11,3.024615925231,9,1.8842391949788904,0.6229680863810781,6.941940135740754,3.764417266554116e-15,33,37,True,pareto_kept_polished,,
11,23,514,305,exact_hop,35.99999999999159,36,0.7775265381032346,12,1.7994599030069371,3,1.4556650404833473,0.8089455275168393,6.959284041922572,4.0849869267976995e-15,27,37,True,pareto_kept_polished,,
0,23,0,-1,initial,35.999999999995,36,1.0018539279314,12,2.692178115410553,12,1.9750060309264903,0.7336089761747822,3.5719321936926973,2.736852757502147e-15,13,36,True,pareto_kept_polished,,
27,23,1287,1243,off_manifold_hop,33.541042019017254,33,1.0076066508165136,11,2.740057332179892,13,1.718346618482585,0.6271206803966871,5.601899883647822,7.513816553055681e-14,11,37,True,frontier,,
5,23,197,138,wall:amplitude_wall,35.999999999992724,36,0.5087963588372837,11,3.024615925231,9,1.8842391949788904,0.6229680863810781,6.941940135740754,3.764417266554116e-15,33,37,True,frontier,,
11,23,514,305,exact_hop,35.99999999999159,36,0.7775265381032346,12,1.7994599030069371,3,1.4556650404833473,0.8089455275168393,6.959284041922572,4.0849869267976995e-15,27,37,True,frontier,,
0,23,0,-1,initial,35.999999999995,36,1.0018539279314,12,2.692178115410553,12,1.9750060309264903,0.7336089761747822,3.5719321936926973,2.736852757502147e-15,13,36,True,frontier,,
5,23,197,138,wall:amplitude_wall,35.999999999992724,36,0.5087963588372837,11,3.024615925231,9,1.8842391949788904,0.6229680863810781,6.941940135740754,3.764417266554116e-15,33,37,False,full_delete_probe,1.0002276740840699,11
27,23,1287,1243,off_manifold_hop,33.541042019017254,33,1.0076066508165136,11,2.740057332179892,13,1.718346618482585,0.6271206803966871,5.601899883647822,7.513816553055681e-14,12,38,True,expanded:genericity,,
5,23,197,138,wall:amplitude_wall,35.999999999992724,36,0.5087963588372837,11,3.024615925231,9,1.8842391949788904,0.6229680863810781,6.941940135740754,3.764417266554116e-15,34,38,True,expanded:deletion,,
11,23,514,305,exact_hop,35.99999999999159,36,0.7775265381032346,12,1.7994599030069371,3,1.4556650404833473,0.8089455275168393,6.959284041922572,4.0849869267976995e-15,28,38,True,expanded:death,,
27,23,1287,1243,off_manifold_hop,33.541042019017254,33,1.0076066508165136,11,2.740057332179892,13,1.718346618482585,0.6271206803966871,5.601899883647822,7.513816553055681e-14,12,38,True,pareto_kept_polished,,
5,23,197,138,wall:amplitude_wall,35.999999999992724,36,0.5087963588372837,11,3.0246159252309948,9,1.8842391949788904,0.6229680863810793,6.941940135740754,3.774998010182309e-15,34,38,True,pareto_kept_polished,,
11,23,514,305,exact_hop,35.99999999999159,36,0.7775265381032346,12,1.7994599030069371,3,1.4556650404833473,0.8089455275168393,6.959284041922572,4.0849869267976995e-15,28,38,True,pareto_kept_polished,,
0,23,0,-1,initial,35.999999999995,36,1.0018539279314,12,2.692178115410553,12,1.9750060309264903,0.7336089761747822,3.5719321936926973,2.736852757502147e-15,13,36,True,pareto_kept_polished,,
27,23,1287,1243,off_manifold_hop,33.541042019017254,33,1.0076066508165136,11,2.740057332179892,13,1.718346618482585,0.6271206803966871,5.601899883647822,7.513816553055681e-14,12,38,True,frontier,,
5,23,197,138,wall:amplitude_wall,35.999999999992724,36,0.5087963588372837,11,3.0246159252309948,9,1.8842391949788904,0.6229680863810793,6.941940135740754,3.774998010182309e-15,34,38,True,frontier,,
11,23,514,305,exact_hop,35.99999999999159,36,0.7775265381032346,12,1.7994599030069371,3,1.4556650404833473,0.8089455275168393,6.959284041922572,4.0849869267976995e-15,28,38,True,frontier,,
0,23,0,-1,initial,35.999999999995,36,1.0018539279314,12,2.692178115410553,12,1.9750060309264903,0.7336089761747822,3.5719321936926973,2.736852757502147e-15,13,36,True,frontier,,
27,23,1287,1243,off_manifold_hop,33.541042019017254,33,1.0076066508165136,11,2.740057332179892,13,1.718346618482585,0.6271206803966871,5.601899883647822,7.513816553055681e-14,13,39,True,expanded:genericity,,
5,23,197,138,wall:amplitude_wall,35.999999999992724,36,0.5087963588372837,11,3.0246159252309948,9,1.8842391949788904,0.6229680863810793,6.941940135740754,3.774998010182309e-15,35,39,True,expanded:deletion,,
11,23,514,305,exact_hop,35.99999999999159,36,0.7775265381032346,12,1.7994599030069371,3,1.4556650404833473,0.8089455275168393,6.959284041922572,4.0849869267976995e-15,29,39,True,expanded:death,,
0,23,0,-1,initial,35.999999999995,36,1.0018539279314,12,2.692178115410553,12,1.9750060309264903,0.7336089761747822,3.5719321936926973,2.736852757502147e-15,14,39,True,expanded:explore,,
27,23,1287,1243,off_manifold_hop,33.541042019017254,33,1.0076066508165136,11,2.740057332179892,13,1.718346618482585,0.6271206803966871,5.601899883647822,7.513816553055681e-14,13,39,True,pareto_kept_polished,,
5,23,197,138,wall:amplitude_wall,35.999999999992724,36,0.5087963588372837,11,3.024615925231,9,1.8842391949788904,0.6229680863810781,6.941940135740754,3.764417266554116e-15,35,39,True,pareto_kept_polished,,
11,23,514,305,exact_hop,35.99999999999159,36,0.7775265381032346,12,1.7994599030069371,3,1.4556650404833473,0.8089455275168393,6.959284041922572,4.0849869267976995e-15,29,39,True,pareto_kept_polished,,
0,23,0,-1,initial,35.999999999995,36,1.0018539279314,12,2.692178115410553,12,1.9750060309264903,0.7336089761747822,3.5719321936926973,2.736852757502147e-15,14,39,True,pareto_kept_polished,,
27,23,1287,1243,off_manifold_hop,33.541042019017254,33,1.0076066508165136,11,2.740057332179892,13,1.718346618482585,0.6271206803966871,5.601899883647822,7.513816553055681e-14,13,39,True,frontier,,
5,23,197,138,wall:amplitude_wall,35.999999999992724,36,0.5087963588372837,11,3.024615925231,9,1.8842391949788904,0.6229680863810781,6.941940135740754,3.764417266554116e-15,35,39,True,frontier,,
11,23,514,305,exact_hop,35.99999999999159,36,0.7775265381032346,12,1.7994599030069371,3,1.4556650404833473,0.8089455275168393,6.959284041922572,4.0849869267976995e-15,29,39,True,frontier,,
0,23,0,-1,initial,35.999999999995,36,1.0018539279314,12,2.692178115410553,12,1.9750060309264903,0.7336089761747822,3.5719321936926973,2.736852757502147e-15,14,39,True,frontier,,
5,23,197,138,wall:amplitude_wall,35.999999999992724,36,0.5087963588372837,11,3.024615925231,9,1.8842391949788904,0.6229680863810781,6.941940135740754,3.764417266554116e-15,35,39,False,full_delete_probe,1.0141078800498788,11
27,23,1287,1243,off_manifold_hop,33.541042019017254,33,1.0076066508165136,11,2.740057332179892,13,1.718346618482585,0.6271206803966871,5.601899883647822,7.513816553055681e-14,14,40,True,expanded:genericity,,
5,23,197,138,wall:amplitude_wall,35.999999999992724,36,0.5087963588372837,11,3.024615925231,9,1.8842391949788904,0.6229680863810781,6.941940135740754,3.764417266554116e-15,36,40,True,expanded:deletion,,
11,23,514,305,exact_hop,35.99999999999159,36,0.7775265381032346,12,1.7994599030069371,3,1.4556650404833473,0.8089455275168393,6.959284041922572,4.0849869267976995e-15,30,40,True,expanded:death,,
27,23,1287,1243,off_manifold_hop,33.541042019017254,33,1.0076066508165136,11,2.740057332179892,13,1.718346618482585,0.6271206803966871,5.601899883647822,7.513816553055681e-14,14,40,True,pareto_kept_polished,,
5,23,197,138,wall:amplitude_wall,35.999999999992724,36,0.5087963588372837,11,3.0246159252309948,9,1.8842391949788904,0.6229680863810793,6.941940135740754,3.774998010182309e-15,36,40,True,pareto_kept_polished,,
11,23,514,305,exact_hop,35.99999999999159,36,0.7775265381032346,12,1.7994599030069371,3,1.4556650404833473,0.8089455275168393,6.959284041922572,4.0849869267976995e-15,30,40,True,pareto_kept_polished,,
0,23,0,-1,initial,35.999999999995,36,1.0018539279314,12,2.692178115410553,12,1.9750060309264903,0.7336089761747822,3.5719321936926973,2.736852757502147e-15,14,39,True,pareto_kept_polished,,
27,23,1287,1243,off_manifold_hop,33.541042019017254,33,1.0076066508165136,11,2.740057332179892,13,1.718346618482585,0.6271206803966871,5.601899883647822,7.513816553055681e-14,14,40,True,frontier,,
5,23,197,138,wall:amplitude_wall,35.999999999992724,36,0.5087963588372837,11,3.0246159252309948,9,1.8842391949788904,0.6229680863810793,6.941940135740754,3.774998010182309e-15,36,40,True,frontier,,
11,23,514,305,exact_hop,35.99999999999159,36,0.7775265381032346,12,1.7994599030069371,3,1.4556650404833473,0.8089455275168393,6.959284041922572,4.0849869267976995e-15,30,40,True,frontier,,
0,23,0,-1,initial,35.999999999995,36,1.0018539279314,12,2.692178115410553,12,1.9750060309264903,0.7336089761747822,3.5719321936926973,2.736852757502147e-15,14,39,True,frontier,,
27,23,1287,1243,off_manifold_hop,33.541042019017254,33,1.0076066508165136,11,2.740057332179892,13,1.718346618482585,0.6271206803966871,5.601899883647822,7.513816553055681e-14,15,41,True,expanded:genericity,,
5,23,197,138,wall:amplitude_wall,35.999999999992724,36,0.5087963588372837,11,3.0246159252309948,9,1.8842391949788904,0.6229680863810793,6.941940135740754,3.774998010182309e-15,37,41,True,expanded:deletion,,
11,23,514,305,exact_hop,35.99999999999159,36,0.7775265381032346,12,1.7994599030069371,3,1.4556650404833473,0.8089455275168393,6.959284041922572,4.0849869267976995e-15,31,41,True,expanded:death,,
27,23,1287,1243,off_manifold_hop,33.541042019017254,33,1.0076066508165136,11,2.740057332179892,13,1.718346618482585,0.6271206803966871,5.601899883647822,7.513816553055681e-14,15,41,True,pareto_kept_polished,,
5,23,197,138,wall:amplitude_wall,35.999999999992724,36,0.5087963588372837,11,3.024615925231,9,1.8842391949788904,0.6229680863810781,6.941940135740754,3.764417266554116e-15,37,41,True,pareto_kept_polished,,
11,23,514,305,exact_hop,35.99999999999159,36,0.7775265381032346,12,1.7994599030069371,3,1.4556650404833473,0.8089455275168393,6.959284041922572,4.0849869267976995e-15,31,41,True,pareto_kept_polished,,
0,23,0,-1,initial,35.999999999995,36,1.0018539279314,12,2.692178115410553,12,1.9750060309264903,0.7336089761747822,3.5719321936926973,2.736852757502147e-15,14,39,True,pareto_kept_polished,,
27,23,1287,1243,off_manifold_hop,33.541042019017254,33,1.0076066508165136,11,2.740057332179892,13,1.718346618482585,0.6271206803966871,5.601899883647822,7.513816553055681e-14,15,41,True,frontier,,
5,23,197,138,wall:amplitude_wall,35.999999999992724,36,0.5087963588372837,11,3.024615925231,9,1.8842391949788904,0.6229680863810781,6.941940135740754,3.764417266554116e-15,37,41,True,frontier,,
11,23,514,305,exact_hop,35.99999999999159,36,0.7775265381032346,12,1.7994599030069371,3,1.4556650404833473,0.8089455275168393,6.959284041922572,4.0849869267976995e-15,31,41,True,frontier,,
0,23,0,-1,initial,35.999999999995,36,1.0018539279314,12,2.692178115410553,12,1.9750060309264903,0.7336089761747822,3.5719321936926973,2.736852757502147e-15,14,39,True,frontier,,
5,23,197,138,wall:amplitude_wall,35.999999999992724,36,0.5087963588372837,11,3.024615925231,9,1.8842391949788904,0.6229680863810781,6.941940135740754,3.764417266554116e-15,37,41,False,full_delete_probe,1.00052022185955,11
27,23,1287,1243,off_manifold_hop,33.541042019017254,33,1.0076066508165136,11,2.740057332179892,13,1.718346618482585,0.6271206803966871,5.601899883647822,7.513816553055681e-14,16,42,True,expanded:genericity,,
5,23,197,138,wall:amplitude_wall,35.999999999992724,36,0.5087963588372837,11,3.024615925231,9,1.8842391949788904,0.6229680863810781,6.941940135740754,3.764417266554116e-15,38,42,True,expanded:deletion,,
11,23,514,305,exact_hop,35.99999999999159,36,0.7775265381032346,12,1.7994599030069371,3,1.4556650404833473,0.8089455275168393,6.959284041922572,4.0849869267976995e-15,32,42,True,expanded:death,,
0,23,0,-1,initial,35.999999999995,36,1.0018539279314,12,2.692178115410553,12,1.9750060309264903,0.7336089761747822,3.5719321936926973,2.736852757502147e-15,15,42,True,expanded:explore,,
27,23,1287,1243,off_manifold_hop,33.541042019017254,33,1.0076066508165136,11,2.740057332179892,13,1.718346618482585,0.6271206803966871,5.601899883647822,7.513816553055681e-14,16,42,True,pareto_kept_polished,,
5,23,197,138,wall:amplitude_wall,35.999999999992724,36,0.5087963588372837,11,3.0246159252309948,9,1.8842391949788904,0.6229680863810793,6.941940135740754,3.774998010182309e-15,38,42,True,pareto_kept_polished,,
11,23,514,305,exact_hop,35.99999999999159,36,0.7775265381032346,12,1.7994599030069371,3,1.4556650404833473,0.8089455275168393,6.959284041922572,4.0849869267976995e-15,32,42,True,pareto_kept_polished,,
0,23,0,-1,initial,35.999999999995,36,1.0018539279314,12,2.692178115410553,12,1.9750060309264903,0.7336089761747822,3.5719321936926973,2.736852757502147e-15,15,42,True,pareto_kept_polished,,
27,23,1287,1243,off_manifold_hop,33.541042019017254,33,1.0076066508165136,11,2.740057332179892,13,1.718346618482585,0.6271206803966871,5.601899883647822,7.513816553055681e-14,16,42,True,frontier,,
5,23,197,138,wall:amplitude_wall,35.999999999992724,36,0.5087963588372837,11,3.0246159252309948,9,1.8842391949788904,0.6229680863810793,6.941940135740754,3.774998010182309e-15,38,42,True,frontier,,
11,23,514,305,exact_hop,35.99999999999159,36,0.7775265381032346,12,1.7994599030069371,3,1.4556650404833473,0.8089455275168393,6.959284041922572,4.0849869267976995e-15,32,42,True,frontier,,
0,23,0,-1,initial,35.999999999995,36,1.0018539279314,12,2.692178115410553,12,1.9750060309264903,0.7336089761747822,3.5719321936926973,2.736852757502147e-15,15,42,True,frontier,,
27,23,1287,1243,off_manifold_hop,33.541042019017254,33,1.0076066508165136,11,2.740057332179892,13,1.718346618482585,0.6271206803966871,5.601899883647822,7.513816553055681e-14,17,43,True,expanded:genericity,,
5,23,197,138,wall:amplitude_wall,35.999999999992724,36,0.5087963588372837,11,3.0246159252309948,9,1.8842391949788904,0.6229680863810793,6.941940135740754,3.774998010182309e-15,39,43,True,expanded:deletion,,
11,23,514,305,exact_hop,35.99999999999159,36,0.7775265381032346,12,1.7994599030069371,3,1.4556650404833473,0.8089455275168393,6.959284041922572,4.0849869267976995e-15,33,43,True,expanded:death,,
27,23,1287,1243,off_manifold_hop,33.541042019017254,33,1.0076066508165136,11,2.740057332179892,13,1.718346618482585,0.6271206803966871,5.601899883647822,7.513816553055681e-14,17,43,True,pareto_kept_polished,,
5,23,197,138,wall:amplitude_wall,35.999999999992724,36,0.5087963588372837,11,3.024615925231,9,1.8842391949788904,0.6229680863810781,6.941940135740754,3.764417266554116e-15,39,43,True,pareto_kept_polished,,
11,23,514,305,exact_hop,35.99999999999159,36,0.7775265381032346,12,1.7994599030069371,3,1.4556650404833473,0.8089455275168393,6.959284041922572,4.0849869267976995e-15,33,43,True,pareto_kept_polished,,
0,23,0,-1,initial,35.999999999995,36,1.0018539279314,12,2.692178115410553,12,1.9750060309264903,0.7336089761747822,3.5719321936926973,2.736852757502147e-15,15,42,True,pareto_kept_polished,,
27,23,1287,1243,off_manifold_hop,33.541042019017254,33,1.0076066508165136,11,2.740057332179892,13,1.718346618482585,0.6271206803966871,5.601899883647822,7.513816553055681e-14,17,43,True,frontier,,
5,23,197,138,wall:amplitude_wall,35.999999999992724,36,0.5087963588372837,11,3.024615925231,9,1.8842391949788904,0.6229680863810781,6.941940135740754,3.764417266554116e-15,39,43,True,frontier,,
11,23,514,305,exact_hop,35.99999999999159,36,0.7775265381032346,12,1.7994599030069371,3,1.4556650404833473,0.8089455275168393,6.959284041922572,4.0849869267976995e-15,33,43,True,frontier,,
0,23,0,-1,initial,35.999999999995,36,1.0018539279314,12,2.692178115410553,12,1.9750060309264903,0.7336089761747822,3.5719321936926973,2.736852757502147e-15,15,42,True,frontier,,
5,23,197,138,wall:amplitude_wall,35.999999999992724,36,0.5087963588372837,11,3.024615925231,9,1.8842391949788904,0.6229680863810781,6.941940135740754,3.764417266554116e-15,39,43,False,full_delete_probe,1.0000433296900346,11
27,23,1287,1243,off_manifold_hop,33.541042019017254,33,1.0076066508165136,11,2.740057332179892,13,1.718346618482585,0.6271206803966871,5.601899883647822,7.513816553055681e-14,18,44,True,expanded:genericity,,
5,23,197,138,wall:amplitude_wall,35.999999999992724,36,0.5087963588372837,11,3.024615925231,9,1.8842391949788904,0.6229680863810781,6.941940135740754,3.764417266554116e-15,40,44,True,expanded:deletion,,
11,23,514,305,exact_hop,35.99999999999159,36,0.7775265381032346,12,1.7994599030069371,3,1.4556650404833473,0.8089455275168393,6.959284041922572,4.0849869267976995e-15,34,44,True,expanded:death,,
45,23,2196,1287,off_manifold_hop,33.22563684158581,33,1.0033964866998801,9,2.6665501738775714,13,1.898572135753423,0.7119956542923808,5.6682410189371035,9.450832465953522e-14,0,-1,True,pareto_kept_polished,,
5,23,197,138,wall:amplitude_wall,35.999999999992724,36,0.5087963588372837,11,3.0246159252309948,9,1.8842391949788904,0.6229680863810793,6.941940135740754,3.774998010182309e-15,40,44,True,pareto_kept_polished,,
11,23,514,305,exact_hop,35.99999999999159,36,0.7775265381032346,12,1.7994599030069371,3,1.4556650404833473,0.8089455275168393,6.959284041922572,4.0849869267976995e-15,34,44,True,pareto_kept_polished,,
0,23,0,-1,initial,35.999999999995,36,1.0018539279314,12,2.692178115410553,12,1.9750060309264903,0.7336089761747822,3.5719321936926973,2.736852757502147e-15,15,42,True,pareto_kept_polished,,
45,23,2196,1287,off_manifold_hop,33.22563684158581,33,1.0033964866998801,9,2.6665501738775714,13,1.898572135753423,0.7119956542923808,5.6682410189371035,9.450832465953522e-14,0,-1,True,frontier,,
5,23,197,138,wall:amplitude_wall,35.999999999992724,36,0.5087963588372837,11,3.0246159252309948,9,1.8842391949788904,0.6229680863810793,6.941940135740754,3.774998010182309e-15,40,44,True,frontier,,
11,23,514,305,exact_hop,35.99999999999159,36,0.7775265381032346,12,1.7994599030069371,3,1.4556650404833473,0.8089455275168393,6.959284041922572,4.0849869267976995e-15,34,44,True,frontier,,
0,23,0,-1,initial,35.999999999995,36,1.0018539279314,12,2.692178115410553,12,1.9750060309264903,0.7336089761747822,3.5719321936926973,2.736852757502147e-15,15,42,True,frontier,,
45,23,2196,1287,off_manifold_hop,33.22563684158581,33,1.0033964866998801,9,2.6665501738775714,13,1.898572135753423,0.7119956542923808,5.6682410189371035,9.450832465953522e-14,1,45,True,expanded:genericity,,
5,23,197,138,wall:amplitude_wall,35.999999999992724,36,0.5087963588372837,11,3.0246159252309948,9,1.8842391949788904,0.6229680863810793,6.941940135740754,3.774998010182309e-15,41,45,True,expanded:deletion,,
11,23,514,305,exact_hop,35.99999999999159,36,0.7775265381032346,12,1.7994599030069371,3,1.4556650404833473,0.8089455275168393,6.959284041922572,4.0849869267976995e-15,35,45,True,expanded:death,,
0,23,0,-1,initial,35.999999999995,36,1.0018539279314,12,2.692178115410553,12,1.9750060309264903,0.7336089761747822,3.5719321936926973,2.736852757502147e-15,16,45,True,expanded:explore,,
45,23,2196,1287,off_manifold_hop,33.22563682161956,33,1.0033964866998801,9,2.666550173351905,13,1.898572135753423,0.711995654432739,5.6682410189371035,9.447028836589685e-14,1,45,True,pareto_kept_polished,,
5,23,197,138,wall:amplitude_wall,35.999999999992724,36,0.5087963588372837,11,3.024615925231,9,1.8842391949788904,0.6229680863810781,6.941940135740754,3.764417266554116e-15,41,45,True,pareto_kept_polished,,
11,23,514,305,exact_hop,35.99999999999159,36,0.7775265381032346,12,1.7994599030069371,3,1.4556650404833473,0.8089455275168393,6.959284041922572,4.0849869267976995e-15,35,45,True,pareto_kept_polished,,
46,23,2286,0,off_manifold_hop,34.999999999991815,35,1.0009498581812302,13,2.214873305473237,13,1.6015060656843623,0.7230689275665723,3.514962517719091,2.607014639452992e-14,0,-1,True,pareto_kept_polished,,
45,23,2196,1287,off_manifold_hop,33.22563682161956,33,1.0033964866998801,9,2.666550173351905,13,1.898572135753423,0.711995654432739,5.6682410189371035,9.447028836589685e-14,1,45,True,frontier,,
5,23,197,138,wall:amplitude_wall,35.999999999992724,36,0.5087963588372837,11,3.024615925231,9,1.8842391949788904,0.6229680863810781,6.941940135740754,3.764417266554116e-15,41,45,True,frontier,,
11,23,514,305,exact_hop,35.99999999999159,36,0.7775265381032346,12,1.7994599030069371,3,1.4556650404833473,0.8089455275168393,6.959284041922572,4.0849869267976995e-15,35,45,True,frontier,,
46,23,2286,0,off_manifold_hop,34.999999999991815,35,1.0009498581812302,13,2.214873305473237,13,1.6015060656843623,0.7230689275665723,3.514962517719091,2.607014639452992e-14,0,-1,True,frontier,,
5,23,197,138,wall:amplitude_wall,35.999999999992724,36,0.5087963588372837,11,3.024615925231,9,1.8842391949788904,0.6229680863810781,6.941940135740754,3.764417266554116e-15,41,45,False,full_delete_probe,1.000804608639939,11
45,23,2196,1287,off_manifold_hop,33.22563682161956,33,1.0033964866998801,9,2.666550173351905,13,1.898572135753423,0.711995654432739,5.6682410189371035,9.447028836589685e-14,2,46,True,expanded:genericity,,
5,23,197,138,wall:amplitude_wall,35.999999999992724,36,0.5087963588372837,11,3.024615925231,9,1.8842391949788904,0.6229680863810781,6.941940135740754,3.764417266554116e-15,42,46,True,expanded:deletion,,
11,23,514,305,exact_hop,35.99999999999159,36,0.7775265381032346,12,1.7994599030069371,3,1.4556650404833473,0.8089455275168393,6.959284041922572,4.0849869267976995e-15,36,46,True,expanded:death,,
45,23,2196,1287,off_manifold_hop,33.22563682760915,33,1.0033964866998801,9,2.666550184213595,13,1.898572135753423,0.7119956515325587,5.6682410189371035,9.448322897017312e-14,2,46,True,pareto_kept_polished,,
5,23,197,138,wall:amplitude_wall,35.999999999992724,36,0.5087963588372837,11,3.0246159252309948,9,1.8842391949788904,0.6229680863810793,6.941940135740754,3.774998010182309e-15,42,46,True,pareto_kept_polished,,
11,23,514,305,exact_hop,35.99999999999159,36,0.7775265381032346,12,1.7994599030069371,3,1.4556650404833473,0.8089455275168393,6.959284041922572,4.0849869267976995e-15,36,46,True,pareto_kept_polished,,
46,23,2286,0,off_manifold_hop,34.99999999999204,35,1.0009498581812302,13,2.2148733054732377,13,1.6015060656843623,0.7230689275665719,3.514962517719091,2.6175028725803423e-14,0,-1,True,pareto_kept_polished,,
45,23,2196,1287,off_manifold_hop,33.22563682760915,33,1.0033964866998801,9,2.666550184213595,13,1.898572135753423,0.7119956515325587,5.6682410189371035,9.448322897017312e-14,2,46,True,frontier,,
5,23,197,138,wall:amplitude_wall,35.999999999992724,36,0.5087963588372837,11,3.0246159252309948,9,1.8842391949788904,0.6229680863810793,6.941940135740754,3.774998010182309e-15,42,46,True,frontier,,
11,23,514,305,exact_hop,35.99999999999159,36,0.7775265381032346,12,1.7994599030069371,3,1.4556650404833473,0.8089455275168393,6.959284041922572,4.0849869267976995e-15,36,46,True,frontier,,
46,23,2286,0,off_manifold_hop,34.99999999999204,35,1.0009498581812302,13,2.2148733054732377,13,1.6015060656843623,0.7230689275665719,3.514962517719091,2.6175028725803423e-14,0,-1,True,frontier,,
45,23,2196,1287,off_manifold_hop,33.22563682760915,33,1.0033964866998801,9,2.666550184213595,13,1.898572135753423,0.7119956515325587,5.6682410189371035,9.448322897017312e-14,3,47,True,expanded:genericity,,
5,23,197,138,wall:amplitude_wall,35.999999999992724,36,0.5087963588372837,11,3.0246159252309948,9,1.8842391949788904,0.6229680863810793,6.941940135740754,3.774998010182309e-15,43,47,True,expanded:deletion,,
11,23,514,305,exact_hop,35.99999999999159,36,0.7775265381032346,12,1.7994599030069371,3,1.4556650404833473,0.8089455275168393,6.959284041922572,4.0849869267976995e-15,37,47,True,expanded:death,,
45,23,2196,1287,off_manifold_hop,33.22563684024544,33,1.0033964866998801,9,2.6665501743442412,13,1.898572135753423,0.7119956541677752,5.6682410189371035,9.44285343472e-14,3,47,True,pareto_kept_polished,,
5,23,197,138,wall:amplitude_wall,35.999999999992724,36,0.5087963588372837,11,3.024615925231,9,1.8842391949788904,0.6229680863810781,6.941940135740754,3.764417266554116e-15,43,47,True,pareto_kept_polished,,
11,23,514,305,exact_hop,35.99999999999159,36,0.7775265381032346,12,1.7994599030069371,3,1.4556650404833473,0.8089455275168393,6.959284041922572,4.0849869267976995e-15,37,47,True,pareto_kept_polished,,
46,23,2286,0,off_manifold_hop,34.99999999999204,35,1.0009498581812302,13,2.2148733054732377,13,1.6015060656843623,0.7230689275665719,3.514962517719091,2.589694145949467e-14,0,-1,True,pareto_kept_polished,,
45,23,2196,1287,off_manifold_hop,33.22563684024544,33,1.0033964866998801,9,2.6665501743442412,13,1.898572135753423,0.7119956541677752,5.6682410189371035,9.44285343472e-14,3,47,True,frontier,,
5,23,197,138,wall:amplitude_wall,35.999999999992724,36,0.5087963588372837,11,3.024615925231,9,1.8842391949788904,0.6229680863810781,6.941940135740754,3.764417266554116e-15,43,47,True,frontier,,
11,23,514,305,exact_hop,35.99999999999159,36,0.7775265381032346,12,1.7994599030069371,3,1.4556650404833473,0.8089455275168393,6.959284041922572,4.0849869267976995e-15,37,47,True,frontier,,
46,23,2286,0,off_manifold_hop,34.99999999999204,35,1.0009498581812302,13,2.2148733054732377,13,1.6015060656843623,0.7230689275665719,3.514962517719091,2.589694145949467e-14,0,-1,True,frontier,,
5,23,197,138,wall:amplitude_wall,35.999999999992724,36,0.5087963588372837,11,3.024615925231,9,1.8842391949788904,0.6229680863810781,6.941940135740754,3.764417266554116e-15,43,47,False,full_delete_probe,1.000286463061726,11
45,23,2196,1287,off_manifold_hop,33.22563684024544,33,1.0033964866998801,9,2.6665501743442412,13,1.898572135753423,0.7119956541677752,5.6682410189371035,9.44285343472e-14,4,48,True,expanded:genericity,,
5,23,197,138,wall:amplitude_wall,35.999999999992724,36,0.5087963588372837,11,3.024615925231,9,1.8842391949788904,0.6229680863810781,6.941940135740754,3.764417266554116e-15,44,48,True,expanded:deletion,,
11,23,514,305,exact_hop,35.99999999999159,36,0.7775265381032346,12,1.7994599030069371,3,1.4556650404833473,0.8089455275168393,6.959284041922572,4.0849869267976995e-15,38,48,True,expanded:death,,
46,23,2286,0,off_manifold_hop,34.99999999999204,35,1.0009498581812302,13,2.2148733054732377,13,1.6015060656843623,0.7230689275665719,3.514962517719091,2.589694145949467e-14,1,48,True,expanded:explore,,
45,23,2196,1287,off_manifold_hop,33.2256368143361,33,1.0033964866998801,9,2.6665501751618157,13,1.898572135753423,0.7119956539494746,5.6682410189371035,9.445259504021883e-14,4,48,True,pareto_kept_polished,,
5,23,197,138,wall:amplitude_wall,35.999999999992724,36,0.5087963588372837,11,3.0246159252309948,9,1.8842391949788904,0.6229680863810793,6.941940135740754,3.774998010182309e-15,44,48,True,pareto_kept_polished,,
11,23,514,305,exact_hop,35.99999999999159,36,0.7775265381032346,12,1.7994599030069371,3,1.4556650404833473,0.8089455275168393,6.959284041922572,4.0849869267976995e-15,38,48,True,pareto_kept_polished,,
46,23,2286,0,off_manifold_hop,34.99999999999204,35,1.0009498581812302,13,2.2148733054732372,13,1.6015060656843623,0.7230689275665722,3.514962517719091,2.6174975444057097e-14,1,48,True,pareto_kept_polished,,
45,23,2196,1287,off_manifold_hop,33.2256368143361,33,1.0033964866998801,9,2.6665501751618157,13,1.898572135753423,0.7119956539494746,5.6682410189371035,9.445259504021883e-14,4,48,True,frontier,,
5,23,197,138,wall:amplitude_wall,35.999999999992724,36,0.5087963588372837,11,3.0246159252309948,9,1.8842391949788904,0.6229680863810793,6.941940135740754,3.774998010182309e-15,44,48,True,frontier,,
11,23,514,305,exact_hop,35.99999999999159,36,0.7775265381032346,12,1.7994599030069371,3,1.4556650404833473,0.8089455275168393,6.959284041922572,4.0849869267976995e-15,38,48,True,frontier,,
46,23,2286,0,off_manifold_hop,34.99999999999204,35,1.0009498581812302,13,2.2148733054732372,13,1.6015060656843623,0.7230689275665722,3.514962517719091,2.6174975444057097e-14,1,48,True,frontier,,
45,23,2196,1287,off_manifold_hop,33.2256368143361,33,1.0033964866998801,9,2.6665501751618157,13,1.898572135753423,0.7119956539494746,5.6682410189371035,9.445259504021883e-14,5,49,True,expanded:genericity,,
5,23,197,138,wall:amplitude_wall,35.999999999992724,36,0.5087963588372837,11,3.0246159252309948,9,1.8842391949788904,0.6229680863810793,6.941940135740754,3.774998010182309e-15,45,49,True,expanded:deletion,,
11,23,514,305,exact_hop,35.99999999999159,36,0.7775265381032346,12,1.7994599030069371,3,1.4556650404833473,0.8089455275168393,6.959284041922572,4.0849869267976995e-15,39,49,True,expanded:death,,
45,23,2196,1287,off_manifold_hop,33.22563682078692,33,1.0033964866998801,9,2.6665501640588,13,1.898572135753423,0.7119956569140913,5.6682410189371035,9.443005750645104e-14,5,49,True,pareto_kept_polished,,
5,23,197,138,wall:amplitude_wall,35.999999999992724,36,0.5087963588372837,11,3.024615925231,9,1.8842391949788904,0.6229680863810781,6.941940135740754,3.764417266554116e-15,45,49,True,pareto_kept_polished,,
11,23,514,305,exact_hop,35.99999999999159,36,0.7775265381032346,12,1.7994599030069371,3,1.4556650404833473,0.8089455275168393,6.959284041922572,4.0849869267976995e-15,39,49,True,pareto_kept_polished,,
46,23,2286,0,off_manifold_hop,34.99999999999227,35,1.0009498581812302,13,2.214873305473234,13,1.6015060656843623,0.7230689275665731,3.514962517719091,2.5896871207514263e-14,1,48,True,pareto_kept_polished,,
45,23,2196,1287,off_manifold_hop,33.22563682078692,33,1.0033964866998801,9,2.6665501640588,13,1.898572135753423,0.7119956569140913,5.6682410189371035,9.443005750645104e-14,5,49,True,frontier,,
5,23,197,138,wall:amplitude_wall,35.999999999992724,36,0.5087963588372837,11,3.024615925231,9,1.8842391949788904,0.6229680863810781,6.941940135740754,3.764417266554116e-15,45,49,True,frontier,,
11,23,514,305,exact_hop,35.99999999999159,36,0.7775265381032346,12,1.7994599030069371,3,1.4556650404833473,0.8089455275168393,6.959284041922572,4.0849869267976995e-15,39,49,True,frontier,,
46,23,2286,0,off_manifold_hop,34.99999999999227,35,1.0009498581812302,13,2.214873305473234,13,1.6015060656843623,0.7230689275665731,3.514962517719091,2.5896871207514263e-14,1,48,True,frontier,,
5,23,197,138,wall:amplitude_wall,35.999999999992724,36,0.5087963588372837,11,3.024615925231,9,1.8842391949788904,0.6229680863810781,6.941940135740754,3.764417266554116e-15,45,49,False,full_delete_probe,1.016480355189253,11
45,23,2196,1287,off_manifold_hop,33.22563682078692,33,1.0033964866998801,9,2.6665501640588,13,1.898572135753423,0.7119956569140913,5.6682410189371035,9.443005750645104e-14,6,50,True,expanded:genericity,,
5,23,197,138,wall:amplitude_wall,35.999999999992724,36,0.5087963588372837,11,3.024615925231,9,1.8842391949788904,0.6229680863810781,6.941940135740754,3.764417266554116e-15,46,50,True,expanded:deletion,,
11,23,514,305,exact_hop,35.99999999999159,36,0.7775265381032346,12,1.7994599030069371,3,1.4556650404833473,0.8089455275168393,6.959284041922572,4.0849869267976995e-15,40,50,True,expanded:death,,
51,23,2500,2196,off_manifold_hop,35.881080396953166,35,1.002498245584088,9,2.5533832427099483,13,1.9014561895694013,0.7446810795042871,6.546891492264016,4.759681095496524e-15,0,-1,True,pareto_kept_polished,,
5,23,197,138,wall:amplitude_wall,35.999999999992724,36,0.5087963588372837,11,3.0246159252309948,9,1.8842391949788904,0.6229680863810793,6.941940135740754,3.774998010182309e-15,46,50,True,pareto_kept_polished,,
11,23,514,305,exact_hop,35.99999999999159,36,0.7775265381032346,12,1.7994599030069371,3,1.4556650404833473,0.8089455275168393,6.959284041922572,4.0849869267976995e-15,40,50,True,pareto_kept_polished,,
46,23,2286,0,off_manifold_hop,34.999999999991815,35,1.0009498581812302,13,2.214873305473237,13,1.6015060656843623,0.7230689275665723,3.514962517719091,2.6174978657894414e-14,1,48,True,pareto_kept_polished,,
51,23,2500,2196,off_manifold_hop,35.881080396953166,35,1.002498245584088,9,2.5533832427099483,13,1.9014561895694013,0.7446810795042871,6.546891492264016,4.759681095496524e-15,0,-1,True,frontier,,
5,23,197,138,wall:amplitude_wall,35.999999999992724,36,0.5087963588372837,11,3.0246159252309948,9,1.8842391949788904,0.6229680863810793,6.941940135740754,3.774998010182309e-15,46,50,True,frontier,,
11,23,514,305,exact_hop,35.99999999999159,36,0.7775265381032346,12,1.7994599030069371,3,1.4556650404833473,0.8089455275168393,6.959284041922572,4.0849869267976995e-15,40,50,True,frontier,,
46,23,2286,0,off_manifold_hop,34.999999999991815,35,1.0009498581812302,13,2.214873305473237,13,1.6015060656843623,0.7230689275665723,3.514962517719091,2.6174978657894414e-14,1,48,True,frontier,,
46,23,2286,0,off_manifold_hop,34.999999999991815,35,1.0009498581812302,13,2.214873305473237,13,1.6015060656843623,0.7230689275665723,3.514962517719091,2.6174978657894414e-14,2,51,True,expanded:genericity,,
5,23,197,138,wall:amplitude_wall,35.999999999992724,36,0.5087963588372837,11,3.0246159252309948,9,1.8842391949788904,0.6229680863810793,6.941940135740754,3.774998010182309e-15,47,51,True,expanded:deletion,,
11,23,514,305,exact_hop,35.99999999999159,36,0.7775265381032346,12,1.7994599030069371,3,1.4556650404833473,0.8089455275168393,6.959284041922572,4.0849869267976995e-15,41,51,True,expanded:death,,
51,23,2500,2196,off_manifold_hop,35.881080396953166,35,1.002498245584088,9,2.5533832427099483,13,1.9014561895694013,0.7446810795042871,6.546891492264016,4.759681095496524e-15,1,51,True,expanded:explore,,
52,23,2543,2286,exact_hop,34.99999999999409,35,1.0013720874779521,13,2.2361635300252516,13,1.3557324402244137,0.6062760715040837,4.444471395556433,3.0807992131174584e-15,0,-1,True,pareto_kept_polished,,
5,23,197,138,wall:amplitude_wall,35.999999999992724,36,0.5087963588372837,11,3.024615925231,9,1.8842391949788904,0.6229680863810781,6.941940135740754,3.764417266554116e-15,47,51,True,pareto_kept_polished,,
11,23,514,305,exact_hop,35.99999999999159,36,0.7775265381032346,12,1.7994599030069371,3,1.4556650404833473,0.8089455275168393,6.959284041922572,4.0849869267976995e-15,41,51,True,pareto_kept_polished,,
46,23,2286,0,off_manifold_hop,34.999999999992156,35,1.0009498581812302,13,2.214873305473238,13,1.6015060656843623,0.7230689275665718,3.514962517719091,2.589681271990845e-14,2,51,True,pareto_kept_polished,,
52,23,2543,2286,exact_hop,34.99999999999409,35,1.0013720874779521,13,2.2361635300252516,13,1.3557324402244137,0.6062760715040837,4.444471395556433,3.0807992131174584e-15,0,-1,True,frontier,,
5,23,197,138,wall:amplitude_wall,35.999999999992724,36,0.5087963588372837,11,3.024615925231,9,1.8842391949788904,0.6229680863810781,6.941940135740754,3.764417266554116e-15,47,51,True,frontier,,
11,23,514,305,exact_hop,35.99999999999159,36,0.7775265381032346,12,1.7994599030069371,3,1.4556650404833473,0.8089455275168393,6.959284041922572,4.0849869267976995e-15,41,51,True,frontier,,
46,23,2286,0,off_manifold_hop,34.999999999992156,35,1.0009498581812302,13,2.214873305473238,13,1.6015060656843623,0.7230689275665718,3.514962517719091,2.589681271990845e-14,2,51,True,frontier,,
5,23,197,138,wall:amplitude_wall,35.999999999992724,36,0.5087963588372837,11,3.024615925231,9,1.8842391949788904,0.6229680863810781,6.941940135740754,3.764417266554116e-15,47,51,False,full_delete_probe,1.0015697639568273,11
46,23,2286,0,off_manifold_hop,34.999999999992156,35,1.0009498581812302,13,2.214873305473238,13,1.6015060656843623,0.7230689275665718,3.514962517719091,2.589681271990845e-14,3,52,True,expanded:genericity,,
5,23,197,138,wall:amplitude_wall,35.999999999992724,36,0.5087963588372837,11,3.024615925231,9,1.8842391949788904,0.6229680863810781,6.941940135740754,3.764417266554116e-15,48,52,True,expanded:deletion,,
11,23,514,305,exact_hop,35.99999999999159,36,0.7775265381032346,12,1.7994599030069371,3,1.4556650404833473,0.8089455275168393,6.959284041922572,4.0849869267976995e-15,42,52,True,expanded:death,,
53,23,2604,2286,exact_hop,34.999999999993975,35,1.001375470709836,13,2.441688211844311,13,1.2241011855066584,0.5013339457383228,4.577453260824458,3.277448293569094e-15,0,-1,True,pareto_kept_polished,,
5,23,197,138,wall:amplitude_wall,35.999999999992724,36,0.5087963588372837,11,3.0246159252309948,9,1.8842391949788904,0.6229680863810793,6.941940135740754,3.774998010182309e-15,48,52,True,pareto_kept_polished,,
11,23,514,305,exact_hop,35.99999999999159,36,0.7775265381032346,12,1.7994599030069371,3,1.4556650404833473,0.8089455275168393,6.959284041922572,4.0849869267976995e-15,42,52,True,pareto_kept_polished,,
46,23,2286,0,off_manifold_hop,34.999999999991815,35,1.0009498581812302,13,2.2148733054732377,13,1.6015060656843623,0.7230689275665719,3.514962517719091,2.6174971616373428e-14,3,52,True,pareto_kept_polished,,
53,23,2604,2286,exact_hop,34.999999999993975,35,1.001375470709836,13,2.441688211844311,13,1.2241011855066584,0.5013339457383228,4.577453260824458,3.277448293569094e-15,0,-1,True,frontier,,
5,23,197,138,wall:amplitude_wall,35.999999999992724,36,0.5087963588372837,11,3.0246159252309948,9,1.8842391949788904,0.6229680863810793,6.941940135740754,3.774998010182309e-15,48,52,True,frontier,,
11,23,514,305,exact_hop,35.99999999999159,36,0.7775265381032346,12,1.7994599030069371,3,1.4556650404833473,0.8089455275168393,6.959284041922572,4.0849869267976995e-15,42,52,True,frontier,,
46,23,2286,0,off_manifold_hop,34.999999999991815,35,1.0009498581812302,13,2.2148733054732377,13,1.6015060656843623,0.7230689275665719,3.514962517719091,2.6174971616373428e-14,3,52,True,frontier,,
46,23,2286,0,off_manifold_hop,34.999999999991815,35,1.0009498581812302,13,2.2148733054732377,13,1.6015060656843623,0.7230689275665719,3.514962517719091,2.6174971616373428e-14,4,53,True,expanded:genericity,,
5,23,197,138,wall:amplitude_wall,35.999999999992724,36,0.5087963588372837,11,3.0246159252309948,9,1.8842391949788904,0.6229680863810793,6.941940135740754,3.774998010182309e-15,49,53,True,expanded:deletion,,
11,23,514,305,exact_hop,35.99999999999159,36,0.7775265381032346,12,1.7994599030069371,3,1.4556650404833473,0.8089455275168393,6.959284041922572,4.0849869267976995e-15,43,53,True,expanded:death,,
54,23,2649,2286,exact_hop,34.9999999999942,35,1.0007303830212635,12,2.7818649190059292,17,1.9108531491265681,0.6868964542711843,4.496772185106419,3.849039402549645e-15,0,-1,True,pareto_kept_polished,,
5,23,197,138,wall:amplitude_wall,35.999999999992724,36,0.5087963588372837,11,3.024615925231,9,1.8842391949788904,0.6229680863810781,6.941940135740754,3.764417266554116e-15,49,53,True,pareto_kept_polished,,
11,23,514,305,exact_hop,35.99999999999159,36,0.7775265381032346,12,1.7994599030069371,3,1.4556650404833473,0.8089455275168393,6.959284041922572,4.0849869267976995e-15,43,53,True,pareto_kept_polished,,
46,23,2286,0,off_manifold_hop,34.99999999999193,35,1.0009498581812302,13,2.2148733054732386,13,1.6015060656843623,0.7230689275665717,3.514962517719091,2.589681596826622e-14,4,53,True,pareto_kept_polished,,
54,23,2649,2286,exact_hop,34.9999999999942,35,1.0007303830212635,12,2.7818649190059292,17,1.9108531491265681,0.6868964542711843,4.496772185106419,3.849039402549645e-15,0,-1,True,frontier,,
5,23,197,138,wall:amplitude_wall,35.999999999992724,36,0.5087963588372837,11,3.024615925231,9,1.8842391949788904,0.6229680863810781,6.941940135740754,3.764417266554116e-15,49,53,True,frontier,,
11,23,514,305,exact_hop,35.99999999999159,36,0.7775265381032346,12,1.7994599030069371,3,1.4556650404833473,0.8089455275168393,6.959284041922572,4.0849869267976995e-15,43,53,True,frontier,,
46,23,2286,0,off_manifold_hop,34.99999999999193,35,1.0009498581812302,13,2.2148733054732386,13,1.6015060656843623,0.7230689275665717,3.514962517719091,2.589681596826622e-14,4,53,True,frontier,,
5,23,197,138,wall:amplitude_wall,35.999999999992724,36,0.5087963588372837,11,3.024615925231,9,1.8842391949788904,0.6229680863810781,6.941940135740754,3.764417266554116e-15,49,53,False,full_delete_probe,1.000093602483653,11
46,23,2286,0,off_manifold_hop,34.99999999999193,35,1.0009498581812302,13,2.2148733054732386,13,1.6015060656843623,0.7230689275665717,3.514962517719091,2.589681596826622e-14,5,54,True,expanded:genericity,,
5,23,197,138,wall:amplitude_wall,35.999999999992724,36,0.5087963588372837,11,3.024615925231,9,1.8842391949788904,0.6229680863810781,6.941940135740754,3.764417266554116e-15,50,54,True,expanded:deletion,,
11,23,514,305,exact_hop,35.99999999999159,36,0.7775265381032346,12,1.7994599030069371,3,1.4556650404833473,0.8089455275168393,6.959284041922572,4.0849869267976995e-15,44,54,True,expanded:death,,
54,23,2649,2286,exact_hop,34.9999999999942,35,1.0007303830212635,12,2.7818649190059292,17,1.9108531491265681,0.6868964542711843,4.496772185106419,3.849039402549645e-15,1,54,True,expanded:explore,,
55,23,2695,2286,exact_hop,34.34577521106917,32,1.0005859975023768,13,2.793962580231812,13,1.229844738393102,0.44017938790399375,3.8828485324127855,1.8759536015529697e-14,0,-1,True,pareto_kept_polished,,
5,23,197,138,wall:amplitude_wall,35.999999999992724,36,0.5087963588372837,11,3.0246159252309948,9,1.8842391949788904,0.6229680863810793,6.941940135740754,3.774998010182309e-15,50,54,True,pareto_kept_polished,,
11,23,514,305,exact_hop,35.99999999999159,36,0.7775265381032346,12,1.7994599030069371,3,1.4556650404833473,0.8089455275168393,6.959284041922572,4.0849869267976995e-15,44,54,True,pareto_kept_polished,,
46,23,2286,0,off_manifold_hop,34.999999999992156,35,1.0009498581812302,13,2.214873305473236,13,1.6015060656843623,0.7230689275665725,3.514962517719091,2.6174965807974847e-14,5,54,True,pareto_kept_polished,,
55,23,2695,2286,exact_hop,34.34577521106917,32,1.0005859975023768,13,2.793962580231812,13,1.229844738393102,0.44017938790399375,3.8828485324127855,1.8759536015529697e-14,0,-1,True,frontier,,
5,23,197,138,wall:amplitude_wall,35.999999999992724,36,0.5087963588372837,11,3.0246159252309948,9,1.8842391949788904,0.6229680863810793,6.941940135740754,3.774998010182309e-15,50,54,True,frontier,,
11,23,514,305,exact_hop,35.99999999999159,36,0.7775265381032346,12,1.7994599030069371,3,1.4556650404833473,0.8089455275168393,6.959284041922572,4.0849869267976995e-15,44,54,True,frontier,,
46,23,2286,0,off_manifold_hop,34.999999999992156,35,1.0009498581812302,13,2.214873305473236,13,1.6015060656843623,0.7230689275665725,3.514962517719091,2.6174965807974847e-14,5,54,True,frontier,,
55,23,2695,2286,exact_hop,34.34577521106917,32,1.0005859975023768,13,2.793962580231812,13,1.229844738393102,0.44017938790399375,3.8828485324127855,1.8759536015529697e-14,1,55,True,expanded:genericity,,
5,23,197,138,wall:amplitude_wall,35.999999999992724,36,0.5087963588372837,11,3.0246159252309948,9,1.8842391949788904,0.6229680863810793,6.941940135740754,3.774998010182309e-15,51,55,True,expanded:deletion,,
11,23,514,305,exact_hop,35.99999999999159,36,0.7775265381032346,12,1.7994599030069371,3,1.4556650404833473,0.8089455275168393,6.959284041922572,4.0849869267976995e-15,45,55,True,expanded:death,,
56,23,2758,2695,off_manifold_hop,32.9999999999942,33,1.002341014008438,13,2.394512762637463,13,1.5273919137965737,0.6378716946633479,4.750649636537806,4.46425616654393e-15,0,-1,True,pareto_kept_polished,,
5,23,197,138,wall:amplitude_wall,35.999999999992724,36,0.5087963588372837,11,3.024615925231,9,1.8842391949788904,0.6229680863810781,6.941940135740754,3.764417266554116e-15,51,55,True,pareto_kept_polished,,
11,23,514,305,exact_hop,35.99999999999159,36,0.7775265381032346,12,1.7994599030069371,3,1.4556650404833473,0.8089455275168393,6.959284041922572,4.0849869267976995e-15,45,55,True,pareto_kept_polished,,
46,23,2286,0,off_manifold_hop,34.999999999992156,35,1.0009498581812302,13,2.2148733054732372,13,1.6015060656843623,0.723068927566572,3.514962517719091,2.589680886563615e-14,5,54,True,pareto_kept_polished,,
56,23,2758,2695,off_manifold_hop,32.9999999999942,33,1.002341014008438,13,2.394512762637463,13,1.5273919137965737,0.6378716946633479,4.750649636537806,4.46425616654393e-15,0,-1,True,frontier,,
5,23,197,138,wall:amplitude_wall,35.999999999992724,36,0.5087963588372837,11,3.024615925231,9,1.8842391949788904,0.6229680863810781,6.941940135740754,3.764417266554116e-15,51,55,True,frontier,,
11,23,514,305,exact_hop,35.99999999999159,36,0.7775265381032346,12,1.7994599030069371,3,1.4556650404833473,0.8089455275168393,6.959284041922572,4.0849869267976995e-15,45,55,True,frontier,,
46,23,2286,0,off_manifold_hop,34.999999999992156,35,1.0009498581812302,13,2.2148733054732372,13,1.6015060656843623,0.723068927566572,3.514962517719091,2.589680886563615e-14,5,54,True,frontier,,
5,23,197,138,wall:amplitude_wall,35.999999999992724,36,0.5087963588372837,11,3.024615925231,9,1.8842391949788904,0.6229680863810781,6.941940135740754,3.764417266554116e-15,51,55,False,full_delete_probe,1.000764468113651,11
56,23,2758,2695,off_manifold_hop,32.9999999999942,33,1.002341014008438,13,2.394512762637463,13,1.5273919137965737,0.6378716946633479,4.750649636537806,4.46425616654393e-15,1,56,True,expanded:genericity,,
5,23,197,138,wall:amplitude_wall,35.999999999992724,36,0.5087963588372837,11,3.024615925231,9,1.8842391949788904,0.6229680863810781,6.941940135740754,3.764417266554116e-15,52,56,True,expanded:deletion,,
11,23,514,305,exact_hop,35.99999999999159,36,0.7775265381032346,12,1.7994599030069371,3,1.4556650404833473,0.8089455275168393,6.959284041922572,4.0849869267976995e-15,46,56,True,expanded:death,,
57,23,2800,2758,exact_hop,36.000084199187086,36,1.0050135826179603,12,2.8157197663404028,12,2.0459867937138205,0.7266301207143899,4.931504081478318,3.584217221094962e-15,0,-1,True,pareto_kept_polished,,
5,23,197,138,wall:amplitude_wall,35.999999999992724,36,0.5087963588372837,11,3.0246159252309948,9,1.8842391949788904,0.6229680863810793,6.941940135740754,3.774998010182309e-15,52,56,True,pareto_kept_polished,,
11,23,514,305,exact_hop,35.99999999999159,36,0.7775265381032346,12,1.7994599030069371,3,1.4556650404833473,0.8089455275168393,6.959284041922572,4.0849869267976995e-15,46,56,True,pareto_kept_polished,,
46,23,2286,0,off_manifold_hop,34.999999999991815,35,1.0009498581812302,13,2.2148733054732377,13,1.6015060656843623,0.7230689275665719,3.514962517719091,2.617524882983478e-14,5,54,True,pareto_kept_polished,,
57,23,2800,2758,exact_hop,36.000084199187086,36,1.0050135826179603,12,2.8157197663404028,12,2.0459867937138205,0.7266301207143899,4.931504081478318,3.584217221094962e-15,0,-1,True,frontier,,
5,23,197,138,wall:amplitude_wall,35.999999999992724,36,0.5087963588372837,11,3.0246159252309948,9,1.8842391949788904,0.6229680863810793,6.941940135740754,3.774998010182309e-15,52,56,True,frontier,,
11,23,514,305,exact_hop,35.99999999999159,36,0.7775265381032346,12,1.7994599030069371,3,1.4556650404833473,0.8089455275168393,6.959284041922572,4.0849869267976995e-15,46,56,True,frontier,,
46,23,2286,0,off_manifold_hop,34.999999999991815,35,1.0009498581812302,13,2.2148733054732377,13,1.6015060656843623,0.7230689275665719,3.514962517719091,2.617524882983478e-14,5,54,True,frontier,,
46,23,2286,0,off_manifold_hop,34.999999999991815,35,1.0009498581812302,13,2.2148733054732377,13,1.6015060656843623,0.7230689275665719,3.514962517719091,2.617524882983478e-14,6,57,True,expanded:genericity,,
5,23,197,138,wall:amplitude_wall,35.999999999992724,36,0.5087963588372837,11,3.0246159252309948,9,1.8842391949788904,0.6229680863810793,6.941940135740754,3.774998010182309e-15,53,57,True,expanded:deletion,,
11,23,514,305,exact_hop,35.99999999999159,36,0.7775265381032346,12,1.7994599030069371,3,1.4556650404833473,0.8089455275168393,6.959284041922572,4.0849869267976995e-15,47,57,True,expanded:death,,
57,23,2800,2758,exact_hop,36.000084199187086,36,1.0050135826179603,12,2.8157197663404028,12,2.0459867937138205,0.7266301207143899,4.931504081478318,3.584217221094962e-15,1,57,True,expanded:explore,,
58,23,2845,2286,exact_hop,34.9999999999942,35,1.0012445701291297,13,2.6913754489626283,13,1.242782619707347,0.46176486457375127,4.358600087548626,2.9765448564860845e-15,0,-1,True,pareto_kept_polished,,
5,23,197,138,wall:amplitude_wall,35.999999999992724,36,0.5087963588372837,11,3.024615925231,9,1.8842391949788904,0.6229680863810781,6.941940135740754,3.764417266554116e-15,53,57,True,pareto_kept_polished,,
11,23,514,305,exact_hop,35.99999999999159,36,0.7775265381032346,12,1.7994599030069371,3,1.4556650404833473,0.8089455275168393,6.959284041922572,4.0849869267976995e-15,47,57,True,pareto_kept_polished,,
46,23,2286,0,off_manifold_hop,34.99999999999193,35,1.0009498581812302,13,2.2148733054732386,13,1.6015060656843623,0.7230689275665717,3.514962517719091,2.589680301300499e-14,6,57,True,pareto_kept_polished,,
58,23,2845,2286,exact_hop,34.9999999999942,35,1.0012445701291297,13,2.6913754489626283,13,1.242782619707347,0.46176486457375127,4.358600087548626,2.9765448564860845e-15,0,-1,True,frontier,,
5,23,197,138,wall:amplitude_wall,35.999999999992724,36,0.5087963588372837,11,3.024615925231,9,1.8842391949788904,0.6229680863810781,6.941940135740754,3.764417266554116e-15,53,57,True,frontier,,
11,23,514,305,exact_hop,35.99999999999159,36,0.7775265381032346,12,1.7994599030069371,3,1.4556650404833473,0.8089455275168393,6.959284041922572,4.0849869267976995e-15,47,57,True,frontier,,
46,23,2286,0,off_manifold_hop,34.99999999999193,35,1.0009498581812302,13,2.2148733054732386,13,1.6015060656843623,0.7230689275665717,3.514962517719091,2.589680301300499e-14,6,57,True,frontier,,
5,23,197,138,wall:amplitude_wall,35.999999999992724,36,0.5087963588372837,11,3.024615925231,9,1.8842391949788904,0.6229680863810781,6.941940135740754,3.764417266554116e-15,53,57,False,full_delete_probe,1.0018695401362467,11
46,23,2286,0,off_manifold_hop,34.99999999999193,35,1.0009498581812302,13,2.2148733054732386,13,1.6015060656843623,0.7230689275665717,3.514962517719091,2.589680301300499e-14,7,58,True,expanded:genericity,,
5,23,197,138,wall:amplitude_wall,35.999999999992724,36,0.5087963588372837,11,3.024615925231,9,1.8842391949788904,0.6229680863810781,6.941940135740754,3.764417266554116e-15,54,58,True,expanded:deletion,,
11,23,514,305,exact_hop,35.99999999999159,36,0.7775265381032346,12,1.7994599030069371,3,1.4556650404833473,0.8089455275168393,6.959284041922572,4.0849869267976995e-15,48,58,True,expanded:death,,
59,23,2906,2286,exact_hop,34.999999999994316,35,1.0013896667014406,13,2.081822774263268,13,1.4033874872794974,0.674114773182909,4.438316548618132,3.2261785173412466e-15,0,-1,True,pareto_kept_polished,,
5,23,197,138,wall:amplitude_wall,35.999999999992724,36,0.5087963588372837,11,3.0246159252309948,9,1.8842391949788904,0.6229680863810793,6.941940135740754,3.774998010182309e-15,54,58,True,pareto_kept_polished,,
11,23,514,305,exact_hop,35.99999999999159,36,0.7775265381032346,12,1.7994599030069371,3,1.4556650404833473,0.8089455275168393,6.959284041922572,4.0849869267976995e-15,48,58,True,pareto_kept_polished,,
46,23,2286,0,off_manifold_hop,34.999999999991815,35,1.0009498581812302,13,2.2148733054732346,13,1.6015060656843623,0.7230689275665729,3.514962517719091,2.617524882983478e-14,7,58,True,pareto_kept_polished,,
59,23,2906,2286,exact_hop,34.999999999994316,35,1.0013896667014406,13,2.081822774263268,13,1.4033874872794974,0.674114773182909,4.438316548618132,3.2261785173412466e-15,0,-1,True,frontier,,
5,23,197,138,wall:amplitude_wall,35.999999999992724,36,0.5087963588372837,11,3.0246159252309948,9,1.8842391949788904,0.6229680863810793,6.941940135740754,3.774998010182309e-15,54,58,True,frontier,,
11,23,514,305,exact_hop,35.99999999999159,36,0.7775265381032346,12,1.7994599030069371,3,1.4556650404833473,0.8089455275168393,6.959284041922572,4.0849869267976995e-15,48,58,True,frontier,,
46,23,2286,0,off_manifold_hop,34.999999999991815,35,1.0009498581812302,13,2.2148733054732346,13,1.6015060656843623,0.7230689275665729,3.514962517719091,2.617524882983478e-14,7,58,True,frontier,,
46,23,2286,0,off_manifold_hop,34.999999999991815,35,1.0009498581812302,13,2.2148733054732346,13,1.6015060656843623,0.7230689275665729,3.514962517719091,2.617524882983478e-14,8,59,True,expanded:genericity,,
5,23,197,138,wall:amplitude_wall,35.999999999992724,36,0.5087963588372837,11,3.0246159252309948,9,1.8842391949788904,0.6229680863810793,6.941940135740754,3.774998010182309e-15,55,59,True,expanded:deletion,,
11,23,514,305,exact_hop,35.99999999999159,36,0.7775265381032346,12,1.7994599030069371,3,1.4556650404833473,0.8089455275168393,6.959284041922572,4.0849869267976995e-15,49,59,True,expanded:death,,
60,23,2951,2286,exact_hop,34.99999999999409,35,1.0001659747168379,20,2.8563836832087897,20,1.6619002436540433,0.5818196810965908,4.470905534650997,3.847334892204866e-15,0,-1,True,pareto_kept_polished,,
5,23,197,138,wall:amplitude_wall,35.999999999992724,36,0.5087963588372837,11,3.024615925231,9,1.8842391949788904,0.6229680863810781,6.941940135740754,3.764417266554116e-15,55,59,True,pareto_kept_polished,,
11,23,514,305,exact_hop,35.99999999999159,36,0.7775265381032346,12,1.7994599030069371,3,1.4556650404833473,0.8089455275168393,6.959284041922572,4.0849869267976995e-15,49,59,True,pareto_kept_polished,,
46,23,2286,0,off_manifold_hop,34.99999999999204,35,1.0009498581812302,13,2.2148733054732346,13,1.6015060656843623,0.7230689275665729,3.514962517719091,2.5897089311767456e-14,8,59,True,pareto_kept_polished,,
60,23,2951,2286,exact_hop,34.99999999999409,35,1.0001659747168379,20,2.8563836832087897,20,1.6619002436540433,0.5818196810965908,4.470905534650997,3.847334892204866e-15,0,-1,True,frontier,,
5,23,197,138,wall:amplitude_wall,35.999999999992724,36,0.5087963588372837,11,3.024615925231,9,1.8842391949788904,0.6229680863810781,6.941940135740754,3.764417266554116e-15,55,59,True,frontier,,
11,23,514,305,exact_hop,35.99999999999159,36,0.7775265381032346,12,1.7994599030069371,3,1.4556650404833473,0.8089455275168393,6.959284041922572,4.0849869267976995e-15,49,59,True,frontier,,
46,23,2286,0,off_manifold_hop,34.99999999999204,35,1.0009498581812302,13,2.2148733054732346,13,1.6015060656843623,0.7230689275665729,3.514962517719091,2.5897089311767456e-14,8,59,True,frontier,,
5,23,197,138,wall:amplitude_wall,35.999999999992724,36,0.5087963588372837,11,3.024615925231,9,1.8842391949788904,0.6229680863810781,6.941940135740754,3.764417266554116e-15,55,59,False,full_delete_probe,1.0031318288485447,11
46,23,2286,0,off_manifold_hop,34.99999999999204,35,1.0009498581812302,13,2.2148733054732346,13,1.6015060656843623,0.7230689275665729,3.514962517719091,2.5897089311767456e-14,9,60,True,expanded:genericity,,
5,23,197,138,wall:amplitude_wall,35.999999999992724,36,0.5087963588372837,11,3.024615925231,9,1.8842391949788904,0.6229680863810781,6.941940135740754,3.764417266554116e-15,56,60,True,expanded:deletion,,
11,23,514,305,exact_hop,35.99999999999159,36,0.7775265381032346,12,1.7994599030069371,3,1.4556650404833473,0.8089455275168393,6.959284041922572,4.0849869267976995e-15,50,60,True,expanded:death,,
60,23,2951,2286,exact_hop,34.99999999999409,35,1.0001659747168379,20,2.8563836832087897,20,1.6619002436540433,0.5818196810965908,4.470905534650997,3.847334892204866e-15,1,60,True,expanded:explore,,
61,23,2997,2286,exact_hop,34.99999999999466,35,1.0004225197978347,13,2.2169408535820203,13,1.4244926480961242,0.6425487832904976,4.148259390980192,4.1110550304799015e-15,0,-1,True,pareto_kept_polished,,
5,23,197,138,wall:amplitude_wall,35.999999999992724,36,0.5087963588372837,11,3.0246159252309948,9,1.8842391949788904,0.6229680863810793,6.941940135740754,3.774998010182309e-15,56,60,True,pareto_kept_polished,,
11,23,514,305,exact_hop,35.99999999999159,36,0.7775265381032346,12,1.7994599030069371,3,1.4556650404833473,0.8089455275168393,6.959284041922572,4.0849869267976995e-15,50,60,True,pareto_kept_polished,,
46,23,2286,0,off_manifold_hop,34.99999999999238,35,1.0009498581812302,13,2.2148733054732372,13,1.6015060656843623,0.7230689275665722,3.514962517719091,2.6175238229749773e-14,9,60,True,pareto_kept_polished,,
61,23,2997,2286,exact_hop,34.99999999999466,35,1.0004225197978347,13,2.2169408535820203,13,1.4244926480961242,0.6425487832904976,4.148259390980192,4.1110550304799015e-15,0,-1,True,frontier,,
5,23,197,138,wall:amplitude_wall,35.999999999992724,36,0.5087963588372837,11,3.0246159252309948,9,1.8842391949788904,0.6229680863810793,6.941940135740754,3.774998010182309e-15,56,60,True,frontier,,
11,23,514,305,exact_hop,35.99999999999159,36,0.7775265381032346,12,1.7994599030069371,3,1.4556650404833473,0.8089455275168393,6.959284041922572,4.0849869267976995e-15,50,60,True,frontier,,
46,23,2286,0,off_manifold_hop,34.99999999999238,35,1.0009498581812302,13,2.2148733054732372,13,1.6015060656843623,0.7230689275665722,3.514962517719091,2.6175238229749773e-14,9,60,True,frontier,,
46,23,2286,0,off_manifold_hop,34.99999999999238,35,1.0009498581812302,13,2.2148733054732372,13,1.6015060656843623,0.7230689275665722,3.514962517719091,2.6175238229749773e-14,10,61,True,expanded:genericity,,
5,23,197,138,wall:amplitude_wall,35.999999999992724,36,0.5087963588372837,11,3.0246159252309948,9,1.8842391949788904,0.6229680863810793,6.941940135740754,3.774998010182309e-15,57,61,True,expanded:deletion,,
11,23,514,305,exact_hop,35.99999999999159,36,0.7775265381032346,12,1.7994599030069371,3,1.4556650404833473,0.8089455275168393,6.959284041922572,4.0849869267976995e-15,51,61,True,expanded:death,,
62,23,3058,2286,exact_hop,34.999999999993975,35,1.0015383962042228,13,2.1259614638624638,13,1.4901919988698078,0.7009496758057011,4.125279336078272,3.3558637155081587e-15,0,-1,True,pareto_kept_polished,,
5,23,197,138,wall:amplitude_wall,35.999999999992724,36,0.5087963588372837,11,3.024615925231,9,1.8842391949788904,0.6229680863810781,6.941940135740754,3.764417266554116e-15,57,61,True,pareto_kept_polished,,
11,23,514,305,exact_hop,35.99999999999159,36,0.7775265381032346,12,1.7994599030069371,3,1.4556650404833473,0.8089455275168393,6.959284041922572,4.0849869267976995e-15,51,61,True,pareto_kept_polished,,
46,23,2286,0,off_manifold_hop,34.999999999991815,35,1.0009498581812302,13,2.2148733054732346,13,1.6015060656843623,0.7230689275665729,3.514962517719091,2.5897089311767456e-14,10,61,True,pareto_kept_polished,,
62,23,3058,2286,exact_hop,34.999999999993975,35,1.0015383962042228,13,2.1259614638624638,13,1.4901919988698078,0.7009496758057011,4.125279336078272,3.3558637155081587e-15,0,-1,True,frontier,,
5,23,197,138,wall:amplitude_wall,35.999999999992724,36,0.5087963588372837,11,3.024615925231,9,1.8842391949788904,0.6229680863810781,6.941940135740754,3.764417266554116e-15,57,61,True,frontier,,
11,23,514,305,exact_hop,35.99999999999159,36,0.7775265381032346,12,1.7994599030069371,3,1.4556650404833473,0.8089455275168393,6.959284041922572,4.0849869267976995e-15,51,61,True,frontier,,
46,23,2286,0,off_manifold_hop,34.999999999991815,35,1.0009498581812302,13,2.2148733054732346,13,1.6015060656843623,0.7230689275665729,3.514962517719091,2.5897089311767456e-14,10,61,True,frontier,,
5,23,197,138,wall:amplitude_wall,35.999999999992724,36,0.5087963588372837,11,3.024615925231,9,1.8842391949788904,0.6229680863810781,6.941940135740754,3.764417266554116e-15,57,61,False,full_delete_probe,1.0010397187369113,11
46,23,2286,0,off_manifold_hop,34.999999999991815,35,1.0009498581812302,13,2.2148733054732346,13,1.6015060656843623,0.7230689275665729,3.514962517719091,2.5897089311767456e-14,11,62,True,expanded:genericity,,
5,23,197,138,wall:amplitude_wall,35.999999999992724,36,0.5087963588372837,11,3.024615925231,9,1.8842391949788904,0.6229680863810781,6.941940135740754,3.764417266554116e-15,58,62,True,expanded:deletion,,
11,23,514,305,exact_hop,35.99999999999159,36,0.7775265381032346,12,1.7994599030069371,3,1.4556650404833473,0.8089455275168393,6.959284041922572,4.0849869267976995e-15,52,62,True,expanded:death,,
63,23,3104,2286,exact_hop,34.99999999999454,35,1.0004941252907162,13,2.178892944136068,13,1.4436454767290712,0.6625591590510553,3.741872928064974,3.519879067648421e-15,0,-1,True,pareto_kept_polished,,
5,23,197,138,wall:amplitude_wall,35.999999999992724,36,0.5087963588372837,11,3.0246159252309948,9,1.8842391949788904,0.6229680863810793,6.941940135740754,3.774998010182309e-15,58,62,True,pareto_kept_polished,,
11,23,514,305,exact_hop,35.99999999999159,36,0.7775265381032346,12,1.7994599030069371,3,1.4556650404833473,0.8089455275168393,6.959284041922572,4.0849869267976995e-15,52,62,True,pareto_kept_polished,,
46,23,2286,0,off_manifold_hop,34.99999999999204,35,1.0009498581812302,13,2.214873305473236,13,1.6015060656843623,0.7230689275665725,3.514962517719091,2.6175238131998925e-14,11,62,True,pareto_kept_polished,,
63,23,3104,2286,exact_hop,34.99999999999454,35,1.0004941252907162,13,2.178892944136068,13,1.4436454767290712,0.6625591590510553,3.741872928064974,3.519879067648421e-15,0,-1,True,frontier,,
5,23,197,138,wall:amplitude_wall,35.999999999992724,36,0.5087963588372837,11,3.0246159252309948,9,1.8842391949788904,0.6229680863810793,6.941940135740754,3.774998010182309e-15,58,62,True,frontier,,
11,23,514,305,exact_hop,35.99999999999159,36,0.7775265381032346,12,1.7994599030069371,3,1.4556650404833473,0.8089455275168393,6.959284041922572,4.0849869267976995e-15,52,62,True,frontier,,
46,23,2286,0,off_manifold_hop,34.99999999999204,35,1.0009498581812302,13,2.214873305473236,13,1.6015060656843623,0.7230689275665725,3.514962517719091,2.6175238131998925e-14,11,62,True,frontier,,
46,23,2286,0,off_manifold_hop,34.99999999999204,35,1.0009498581812302,13,2.214873305473236,13,1.6015060656843623,0.7230689275665725,3.514962517719091,2.6175238131998925e-14,12,63,True,expanded:genericity,,
5,23,197,138,wall:amplitude_wall,35.999999999992724,36,0.5087963588372837,11,3.0246159252309948,9,1.8842391949788904,0.6229680863810793,6.941940135740754,3.774998010182309e-15,59,63,True,expanded:deletion,,
11,23,514,305,exact_hop,35.99999999999159,36,0.7775265381032346,12,1.7994599030069371,3,1.4556650404833473,0.8089455275168393,6.959284041922572,4.0849869267976995e-15,53,63,True,expanded:death,,
63,23,3104,2286,exact_hop,34.99999999999454,35,1.0004941252907162,13,2.178892944136068,13,1.4436454767290712,0.6625591590510553,3.741872928064974,3.519879067648421e-15,1,63,True,expanded:explore,,
64,23,3150,2286,exact_hop,33.99999999999511,34,0.6529636887618954,19,2.7404975758325905,12,1.5399780738201636,0.5619337478714255,4.1465007186225025,3.445480125839774e-15,0,-1,True,pareto_kept_polished,,
5,23,197,138,wall:amplitude_wall,35.999999999992724,36,0.5087963588372837,11,3.024615925231,9,1.8842391949788904,0.6229680863810781,6.941940135740754,3.764417266554116e-15,59,63,True,pareto_kept_polished,,
11,23,514,305,exact_hop,35.99999999999159,36,0.7775265381032346,12,1.7994599030069371,3,1.4556650404833473,0.8089455275168393,6.959284041922572,4.0849869267976995e-15,53,63,True,pareto_kept_polished,,
46,23,2286,0,off_manifold_hop,34.99999999999159,35,1.0009498581812302,13,2.2148733054732386,13,1.6015060656843623,0.7230689275665717,3.514962517719091,2.5897078866542078e-14,12,63,True,pareto_kept_polished,,
64,23,3150,2286,exact_hop,33.99999999999511,34,0.6529636887618954,19,2.7404975758325905,12,1.5399780738201636,0.5619337478714255,4.1465007186225025,3.445480125839774e-15,0,-1,True,frontier,,
5,23,197,138,wall:amplitude_wall,35.999999999992724,36,0.5087963588372837,11,3.024615925231,9,1.8842391949788904,0.6229680863810781,6.941940135740754,3.764417266554116e-15,59,63,True,frontier,,
11,23,514,305,exact_hop,35.99999999999159,36,0.7775265381032346,12,1.7994599030069371,3,1.4556650404833473,0.8089455275168393,6.959284041922572,4.0849869267976995e-15,53,63,True,frontier,,
46,23,2286,0,off_manifold_hop,34.99999999999159,35,1.0009498581812302,13,2.2148733054732386,13,1.6015060656843623,0.7230689275665717,3.514962517719091,2.5897078866542078e-14,12,63,True,frontier,,
5,23,197,138,wall:amplitude_wall,35.999999999992724,36,0.5087963588372837,11,3.024615925231,9,1.8842391949788904,0.6229680863810781,6.941940135740754,3.764417266554116e-15,59,63,False,full_delete_probe,1.0049918833205047,11
64,23,3150,2286,exact_hop,33.99999999999511,34,0.6529636887618954,19,2.7404975758325905,12,1.5399780738201636,0.5619337478714255,4.1465007186225025,3.445480125839774e-15,1,64,True,expanded:genericity,,
5,23,197,138,wall:amplitude_wall,35.999999999992724,36,0.5087963588372837,11,3.024615925231,9,1.8842391949788904,0.6229680863810781,6.941940135740754,3.764417266554116e-15,60,64,True,expanded:deletion,,
11,23,514,305,exact_hop,35.99999999999159,36,0.7775265381032346,12,1.7994599030069371,3,1.4556650404833473,0.8089455275168393,6.959284041922572,4.0849869267976995e-15,54,64,True,expanded:death,,
65,23,3210,3150,exact_hop,33.99999999999386,34,0.7329345762541194,19,2.419741668749118,13,1.3813430776150994,0.5708638634673687,5.086937116198268,4.703383296463257e-15,0,-1,True,pareto_kept_polished,,
5,23,197,138,wall:amplitude_wall,35.999999999992724,36,0.5087963588372837,11,3.0246159252309948,9,1.8842391949788904,0.6229680863810793,6.941940135740754,3.774998010182309e-15,60,64,True,pareto_kept_polished,,
11,23,514,305,exact_hop,35.99999999999159,36,0.7775265381032346,12,1.7994599030069371,3,1.4556650404833473,0.8089455275168393,6.959284041922572,4.0849869267976995e-15,54,64,True,pareto_kept_polished,,
46,23,2286,0,off_manifold_hop,34.99999999999147,35,1.0009498581812302,13,2.214873305473237,13,1.6015060656843623,0.7230689275665723,3.514962517719091,2.6175263002543782e-14,12,63,True,pareto_kept_polished,,
65,23,3210,3150,exact_hop,33.99999999999386,34,0.7329345762541194,19,2.419741668749118,13,1.3813430776150994,0.5708638634673687,5.086937116198268,4.703383296463257e-15,0,-1,True,frontier,,
5,23,197,138,wall:amplitude_wall,35.999999999992724,36,0.5087963588372837,11,3.0246159252309948,9,1.8842391949788904,0.6229680863810793,6.941940135740754,3.774998010182309e-15,60,64,True,frontier,,
11,23,514,305,exact_hop,35.99999999999159,36,0.7775265381032346,12,1.7994599030069371,3,1.4556650404833473,0.8089455275168393,6.959284041922572,4.0849869267976995e-15,54,64,True,frontier,,
46,23,2286,0,off_manifold_hop,34.99999999999147,35,1.0009498581812302,13,2.214873305473237,13,1.6015060656843623,0.7230689275665723,3.514962517719091,2.6175263002543782e-14,12,63,True,frontier,,
65,23,3210,3150,exact_hop,33.99999999999386,34,0.7329345762541194,19,2.419741668749118,13,1.3813430776150994,0.5708638634673687,5.086937116198268,4.703383296463257e-15,1,65,True,expanded:genericity,,
5,23,197,138,wall:amplitude_wall,35.999999999992724,36,0.5087963588372837,11,3.0246159252309948,9,1.8842391949788904,0.6229680863810793,6.941940135740754,3.774998010182309e-15,61,65,True,expanded:deletion,,
11,23,514,305,exact_hop,35.99999999999159,36,0.7775265381032346,12,1.7994599030069371,3,1.4556650404833473,0.8089455275168393,6.959284041922572,4.0849869267976995e-15,55,65,True,expanded:death,,
66,23,3258,3210,off_manifold_hop,30.425612878073025,30,1.0045472545925687,3,2.9273415972817647,3,1.3465266431628269,0.45998275172708514,4.905034251944571,9.243113387499689e-14,0,-1,True,pareto_kept_polished,,
5,23,197,138,wall:amplitude_wall,35.999999999992724,36,0.5087963588372837,11,3.024615925231,9,1.8842391949788904,0.6229680863810781,6.941940135740754,3.764417266554116e-15,61,65,True,pareto_kept_polished,,
11,23,514,305,exact_hop,35.99999999999159,36,0.7775265381032346,12,1.7994599030069371,3,1.4556650404833473,0.8089455275168393,6.959284041922572,4.0849869267976995e-15,55,65,True,pareto_kept_polished,,
46,23,2286,0,off_manifold_hop,34.9999999999917,35,1.0009498581812302,13,2.2148733054732377,13,1.6015060656843623,0.7230689275665719,3.514962517719091,2.5897078771372573e-14,12,63,True,pareto_kept_polished,,
66,23,3258,3210,off_manifold_hop,30.425612878073025,30,1.0045472545925687,3,2.9273415972817647,3,1.3465266431628269,0.45998275172708514,4.905034251944571,9.243113387499689e-14,0,-1,True,frontier,,
5,23,197,138,wall:amplitude_wall,35.999999999992724,36,0.5087963588372837,11,3.024615925231,9,1.8842391949788904,0.6229680863810781,6.941940135740754,3.764417266554116e-15,61,65,True,frontier,,
11,23,514,305,exact_hop,35.99999999999159,36,0.7775265381032346,12,1.7994599030069371,3,1.4556650404833473,0.8089455275168393,6.959284041922572,4.0849869267976995e-15,55,65,True,frontier,,
46,23,2286,0,off_manifold_hop,34.9999999999917,35,1.0009498581812302,13,2.2148733054732377,13,1.6015060656843623,0.7230689275665719,3.514962517719091,2.5897078771372573e-14,12,63,True,frontier,,
5,23,197,138,wall:amplitude_wall,35.999999999992724,36,0.5087963588372837,11,3.024615925231,9,1.8842391949788904,0.6229680863810781,6.941940135740754,3.764417266554116e-15,61,65,False,full_delete_probe,1.0009599754738874,11
66,23,3258,3210,off_manifold_hop,30.425612878073025,30,1.0045472545925687,3,2.9273415972817647,3,1.3465266431628269,0.45998275172708514,4.905034251944571,9.243113387499689e-14,1,66,True,expanded:genericity,,
5,23,197,138,wall:amplitude_wall,35.999999999992724,36,0.5087963588372837,11,3.024615925231,9,1.8842391949788904,0.6229680863810781,6.941940135740754,3.764417266554116e-15,62,66,True,expanded:deletion,,
11,23,514,305,exact_hop,35.99999999999159,36,0.7775265381032346,12,1.7994599030069371,3,1.4556650404833473,0.8089455275168393,6.959284041922572,4.0849869267976995e-15,56,66,True,expanded:death,,
46,23,2286,0,off_manifold_hop,34.9999999999917,35,1.0009498581812302,13,2.2148733054732377,13,1.6015060656843623,0.7230689275665719,3.514962517719091,2.5897078771372573e-14,13,66,True,expanded:explore,,
66,23,3258,3210,off_manifold_hop,30.425612862042158,30,1.0045472545925687,3,2.927341584243923,3,1.3465266431628269,0.4599827537757638,4.905034251944571,9.231989195896911e-14,1,66,True,pareto_kept_polished,,
5,23,197,138,wall:amplitude_wall,35.999999999992724,36,0.5087963588372837,11,3.0246159252309948,9,1.8842391949788904,0.6229680863810793,6.941940135740754,3.774998010182309e-15,62,66,True,pareto_kept_polished,,
11,23,514,305,exact_hop,35.99999999999159,36,0.7775265381032346,12,1.7994599030069371,3,1.4556650404833473,0.8089455275168393,6.959284041922572,4.0849869267976995e-15,56,66,True,pareto_kept_polished,,
46,23,2286,0,off_manifold_hop,34.99999999999204,35,1.0009498581812302,13,2.2148733054732377,13,1.6015060656843623,0.7230689275665719,3.514962517719091,2.6175256663398887e-14,13,66,True,pareto_kept_polished,,
66,23,3258,3210,off_manifold_hop,30.425612862042158,30,1.0045472545925687,3,2.927341584243923,3,1.3465266431628269,0.4599827537757638,4.905034251944571,9.231989195896911e-14,1,66,True,frontier,,
5,23,197,138,wall:amplitude_wall,35.999999999992724,36,0.5087963588372837,11,3.0246159252309948,9,1.8842391949788904,0.6229680863810793,6.941940135740754,3.774998010182309e-15,62,66,True,frontier,,
11,23,514,305,exact_hop,35.99999999999159,36,0.7775265381032346,12,1.7994599030069371,3,1.4556650404833473,0.8089455275168393,6.959284041922572,4.0849869267976995e-15,56,66,True,frontier,,
46,23,2286,0,off_manifold_hop,34.99999999999204,35,1.0009498581812302,13,2.2148733054732377,13,1.6015060656843623,0.7230689275665719,3.514962517719091,2.6175256663398887e-14,13,66,True,frontier,,
66,23,3258,3210,off_manifold_hop,30.425612862042158,30,1.0045472545925687,3,2.927341584243923,3,1.3465266431628269,0.4599827537757638,4.905034251944571,9.231989195896911e-14,2,67,True,expanded:genericity,,
5,23,197,138,wall:amplitude_wall,35.999999999992724,36,0.5087963588372837,11,3.0246159252309948,9,1.8842391949788904,0.6229680863810793,6.941940135740754,3.774998010182309e-15,63,67,True,expanded:deletion,,
11,23,514,305,exact_hop,35.99999999999159,36,0.7775265381032346,12,1.7994599030069371,3,1.4556650404833473,0.8089455275168393,6.959284041922572,4.0849869267976995e-15,57,67,True,expanded:death,,
66,23,3258,3210,off_manifold_hop,30.42561286186651,30,1.0045472545925687,3,2.9273415908616833,3,1.3465266431628269,0.4599827527358935,4.905034251944571,9.232459804311767e-14,2,67,True,pareto_kept_polished,,
5,23,197,138,wall:amplitude_wall,35.999999999992724,36,0.5087963588372837,11,3.024615925231,9,1.8842391949788904,0.6229680863810781,6.941940135740754,3.764417266554116e-15,63,67,True,pareto_kept_polished,,
11,23,514,305,exact_hop,35.99999999999159,36,0.7775265381032346,12,1.7994599030069371,3,1.4556650404833473,0.8089455275168393,6.959284041922572,4.0849869267976995e-15,57,67,True,pareto_kept_polished,,
46,23,2286,0,off_manifold_hop,34.99999999999227,35,1.0009498581812302,13,2.214873305473236,13,1.6015060656843623,0.7230689275665725,3.514962517719091,2.5897103909050576e-14,13,66,True,pareto_kept_polished,,
66,23,3258,3210,off_manifold_hop,30.42561286186651,30,1.0045472545925687,3,2.9273415908616833,3,1.3465266431628269,0.4599827527358935,4.905034251944571,9.232459804311767e-14,2,67,True,frontier,,
5,23,197,138,wall:amplitude_wall,35.999999999992724,36,0.5087963588372837,11,3.024615925231,9,1.8842391949788904,0.6229680863810781,6.941940135740754,3.764417266554116e-15,63,67,True,frontier,,
11,23,514,305,exact_hop,35.99999999999159,36,0.7775265381032346,12,1.7994599030069371,3,1.4556650404833473,0.8089455275168393,6.959284041922572,4.0849869267976995e-15,57,67,True,frontier,,
46,23,2286,0,off_manifold_hop,34.99999999999227,35,1.0009498581812302,13,2.214873305473236,13,1.6015060656843623,0.7230689275665725,3.514962517719091,2.5897103909050576e-14,13,66,True,frontier,,
5,23,197,138,wall:amplitude_wall,35.999999999992724,36,0.5087963588372837,11,3.024615925231,9,1.8842391949788904,0.6229680863810781,6.941940135740754,3.764417266554116e-15,63,67,False,full_delete_probe,1.0004742165559848,11
66,23,3258,3210,off_manifold_hop,30.42561286186651,30,1.0045472545925687,3,2.9273415908616833,3,1.3465266431628269,0.4599827527358935,4.905034251944571,9.232459804311767e-14,3,68,True,expanded:genericity,,
5,23,197,138,wall:amplitude_wall,35.999999999992724,36,0.5087963588372837,11,3.024615925231,9,1.8842391949788904,0.6229680863810781,6.941940135740754,3.764417266554116e-15,64,68,True,expanded:deletion,,
11,23,514,305,exact_hop,35.99999999999159,36,0.7775265381032346,12,1.7994599030069371,3,1.4556650404833473,0.8089455275168393,6.959284041922572,4.0849869267976995e-15,58,68,True,expanded:death,,
69,23,3408,3258,off_manifold_hop,31.753086664180728,31,1.0013442102129597,13,2.8667057603414197,13,1.2711689773679966,0.44342499148451237,5.877305559846049,3.226082701596479e-14,0,-1,True,pareto_kept_polished,,
5,23,197,138,wall:amplitude_wall,35.999999999992724,36,0.5087963588372837,11,3.0246159252309948,9,1.8842391949788904,0.6229680863810793,6.941940135740754,3.774998010182309e-15,64,68,True,pareto_kept_polished,,
11,23,514,305,exact_hop,35.99999999999159,36,0.7775265381032346,12,1.7994599030069371,3,1.4556650404833473,0.8089455275168393,6.959284041922572,4.0849869267976995e-15,58,68,True,pareto_kept_polished,,
46,23,2286,0,off_manifold_hop,34.99999999999193,35,1.0009498581812302,13,2.214873305473235,13,1.6015060656843623,0.7230689275665728,3.514962517719091,2.6175454565387797e-14,13,66,True,pareto_kept_polished,,
69,23,3408,3258,off_manifold_hop,31.753086664180728,31,1.0013442102129597,13,2.8667057603414197,13,1.2711689773679966,0.44342499148451237,5.877305559846049,3.226082701596479e-14,0,-1,True,frontier,,
5,23,197,138,wall:amplitude_wall,35.999999999992724,36,0.5087963588372837,11,3.0246159252309948,9,1.8842391949788904,0.6229680863810793,6.941940135740754,3.774998010182309e-15,64,68,True,frontier,,
11,23,514,305,exact_hop,35.99999999999159,36,0.7775265381032346,12,1.7994599030069371,3,1.4556650404833473,0.8089455275168393,6.959284041922572,4.0849869267976995e-15,58,68,True,frontier,,
46,23,2286,0,off_manifold_hop,34.99999999999193,35,1.0009498581812302,13,2.214873305473235,13,1.6015060656843623,0.7230689275665728,3.514962517719091,2.6175454565387797e-14,13,66,True,frontier,,
69,23,3408,3258,off_manifold_hop,31.753086664180728,31,1.0013442102129597,13,2.8667057603414197,13,1.2711689773679966,0.44342499148451237,5.877305559846049,3.226082701596479e-14,1,69,True,expanded:genericity,,
5,23,197,138,wall:amplitude_wall,35.999999999992724,36,0.5087963588372837,11,3.0246159252309948,9,1.8842391949788904,0.6229680863810793,6.941940135740754,3.774998010182309e-15,65,69,True,expanded:deletion,,
11,23,514,305,exact_hop,35.99999999999159,36,0.7775265381032346,12,1.7994599030069371,3,1.4556650404833473,0.8089455275168393,6.959284041922572,4.0849869267976995e-15,59,69,True,expanded:death,,
46,23,2286,0,off_manifold_hop,34.99999999999193,35,1.0009498581812302,13,2.214873305473235,13,1.6015060656843623,0.7230689275665728,3.514962517719091,2.6175454565387797e-14,14,69,True,expanded:explore,,
69,23,3408,3258,off_manifold_hop,31.75308666141018,31,1.0013442102129597,13,2.866705748528584,13,1.2711689773679966,0.4434249933117339,5.877305559846049,3.176231563189149e-14,1,69,True,pareto_kept_polished,,
5,23,197,138,wall:amplitude_wall,35.999999999992724,36,0.5087963588372837,11,3.024615925231,9,1.8842391949788904,0.6229680863810781,6.941940135740754,3.764417266554116e-15,65,69,True,pareto_kept_polished,,
11,23,514,305,exact_hop,35.99999999999159,36,0.7775265381032346,12,1.7994599030069371,3,1.4556650404833473,0.8089455275168393,6.959284041922572,4.0849869267976995e-15,59,69,True,pareto_kept_polished,,
46,23,2286,0,off_manifold_hop,34.99999999999204,35,1.0009498581812302,13,2.214873305473241,13,1.6015060656843623,0.7230689275665709,3.514962517719091,2.5897097516342435e-14,14,69,True,pareto_kept_polished,,
69,23,3408,3258,off_manifold_hop,31.75308666141018,31,1.0013442102129597,13,2.866705748528584,13,1.2711689773679966,0.4434249933117339,5.877305559846049,3.176231563189149e-14,1,69,True,frontier,,
5,23,197,138,wall:amplitude_wall,35.999999999992724,36,0.5087963588372837,11,3.024615925231,9,1.8842391949788904,0.6229680863810781,6.941940135740754,3.764417266554116e-15,65,69,True,frontier,,
11,23,514,305,exact_hop,35.99999999999159,36,0.7775265381032346,12,1.7994599030069371,3,1.4556650404833473,0.8089455275168393,6.959284041922572,4.0849869267976995e-15,59,69,True,frontier,,
46,23,2286,0,off_manifold_hop,34.99999999999204,35,1.0009498581812302,13,2.214873305473241,13,1.6015060656843623,0.7230689275665709,3.514962517719091,2.5897097516342435e-14,14,69,True,frontier,,
5,23,197,138,wall:amplitude_wall,35.999999999992724,36,0.5087963588372837,11,3.024615925231,9,1.8842391949788904,0.6229680863810781,6.941940135740754,3.764417266554116e-15,65,69,False,full_delete_probe,1.0014926105290587,11
69,23,3408,3258,off_manifold_hop,31.75308666141018,31,1.0013442102129597,13,2.866705748528584,13,1.2711689773679966,0.4434249933117339,5.877305559846049,3.176231563189149e-14,2,70,True,expanded:genericity,,
5,23,197,138,wall:amplitude_wall,35.999999999992724,36,0.5087963588372837,11,3.024615925231,9,1.8842391949788904,0.6229680863810781,6.941940135740754,3.764417266554116e-15,66,70,True,expanded:deletion,,
11,23,514,305,exact_hop,35.99999999999159,36,0.7775265381032346,12,1.7994599030069371,3,1.4556650404833473,0.8089455275168393,6.959284041922572,4.0849869267976995e-15,60,70,True,expanded:death,,
69,23,3408,3258,off_manifold_hop,31.75308669528522,31,1.0013442102129597,13,2.8667057536172185,13,1.2711689773679966,0.4434249925246187,5.877305559846049,3.1961836488360443e-14,2,70,True,pareto_kept_polished,,
5,23,197,138,wall:amplitude_wall,35.999999999992724,36,0.5087963588372837,11,3.0246159252309948,9,1.8842391949788904,0.6229680863810793,6.941940135740754,3.774998010182309e-15,66,70,True,pareto_kept_polished,,
11,23,514,305,exact_hop,35.99999999999159,36,0.7775265381032346,12,1.7994599030069371,3,1.4556650404833473,0.8089455275168393,6.959284041922572,4.0849869267976995e-15,60,70,True,pareto_kept_polished,,
46,23,2286,0,off_manifold_hop,34.999999999991815,35,1.0009498581812302,13,2.214873305473235,13,1.6015060656843623,0.7230689275665728,3.514962517719091,2.6175455690945994e-14,14,69,True,pareto_kept_polished,,
69,23,3408,3258,off_manifold_hop,31.75308669528522,31,1.0013442102129597,13,2.8667057536172185,13,1.2711689773679966,0.4434249925246187,5.877305559846049,3.1961836488360443e-14,2,70,True,frontier,,
5,23,197,138,wall:amplitude_wall,35.999999999992724,36,0.5087963588372837,11,3.0246159252309948,9,1.8842391949788904,0.6229680863810793,6.941940135740754,3.774998010182309e-15,66,70,True,frontier,,
11,23,514,305,exact_hop,35.99999999999159,36,0.7775265381032346,12,1.7994599030069371,3,1.4556650404833473,0.8089455275168393,6.959284041922572,4.0849869267976995e-15,60,70,True,frontier,,
46,23,2286,0,off_manifold_hop,34.999999999991815,35,1.0009498581812302,13,2.214873305473235,13,1.6015060656843623,0.7230689275665728,3.514962517719091,2.6175455690945994e-14,14,69,True,frontier,,
69,23,3408,3258,off_manifold_hop,31.75308669528522,31,1.0013442102129597,13,2.8667057536172185,13,1.2711689773679966,0.4434249925246187,5.877305559846049,3.1961836488360443e-14,3,71,True,expanded:genericity,,
5,23,197,138,wall:amplitude_wall,35.999999999992724,36,0.5087963588372837,11,3.0246159252309948,9,1.8842391949788904,0.6229680863810793,6.941940135740754,3.774998010182309e-15,67,71,True,expanded:deletion,,
11,23,514,305,exact_hop,35.99999999999159,36,0.7775265381032346,12,1.7994599030069371,3,1.4556650404833473,0.8089455275168393,6.959284041922572,4.0849869267976995e-15,61,71,True,expanded:death,,
69,23,3408,3258,off_manifold_hop,31.753086665580213,31,1.0013442102129597,13,2.8667057551546833,13,1.2711689773679966,0.4434249922868021,5.877305559846049,3.1999102278579116e-14,3,71,True,pareto_kept_polished,,
5,23,197,138,wall:amplitude_wall,35.999999999992724,36,0.5087963588372837,11,3.024615925231,9,1.8842391949788904,0.6229680863810781,6.941940135740754,3.764417266554116e-15,67,71,True,pareto_kept_polished,,
11,23,514,305,exact_hop,35.99999999999159,36,0.7775265381032346,12,1.7994599030069371,3,1.4556650404833473,0.8089455275168393,6.959284041922572,4.0849869267976995e-15,61,71,True,pareto_kept_polished,,
46,23,2286,0,off_manifold_hop,34.999999999992156,35,1.0009498581812302,13,2.2148733054732372,13,1.6015060656843623,0.7230689275665722,3.514962517719091,2.5897312432086785e-14,14,69,True,pareto_kept_polished,,
69,23,3408,3258,off_manifold_hop,31.753086665580213,31,1.0013442102129597,13,2.8667057551546833,13,1.2711689773679966,0.4434249922868021,5.877305559846049,3.1999102278579116e-14,3,71,True,frontier,,
5,23,197,138,wall:amplitude_wall,35.999999999992724,36,0.5087963588372837,11,3.024615925231,9,1.8842391949788904,0.6229680863810781,6.941940135740754,3.764417266554116e-15,67,71,True,frontier,,
11,23,514,305,exact_hop,35.99999999999159,36,0.7775265381032346,12,1.7994599030069371,3,1.4556650404833473,0.8089455275168393,6.959284041922572,4.0849869267976995e-15,61,71,True,frontier,,
46,23,2286,0,off_manifold_hop,34.999999999992156,35,1.0009498581812302,13,2.2148733054732372,13,1.6015060656843623,0.7230689275665722,3.514962517719091,2.5897312432086785e-14,14,69,True,frontier,,
5,23,197,138,wall:amplitude_wall,35.999999999992724,36,0.5087963588372837,11,3.024615925231,9,1.8842391949788904,0.6229680863810781,6.941940135740754,3.764417266554116e-15,67,71,False,full_delete_probe,1.0099131779507364,11
69,23,3408,3258,off_manifold_hop,31.753086665580213,31,1.0013442102129597,13,2.8667057551546833,13,1.2711689773679966,0.4434249922868021,5.877305559846049,3.1999102278579116e-14,4,72,True,expanded:genericity,,
5,23,197,138,wall:amplitude_wall,35.999999999992724,36,0.5087963588372837,11,3.024615925231,9,1.8842391949788904,0.6229680863810781,6.941940135740754,3.764417266554116e-15,68,72,True,expanded:deletion,,
11,23,514,305,exact_hop,35.99999999999159,36,0.7775265381032346,12,1.7994599030069371,3,1.4556650404833473,0.8089455275168393,6.959284041922572,4.0849869267976995e-15,62,72,True,expanded:death,,
46,23,2286,0,off_manifold_hop,34.999999999992156,35,1.0009498581812302,13,2.2148733054732372,13,1.6015060656843623,0.7230689275665722,3.514962517719091,2.5897312432086785e-14,15,72,True,expanded:explore,,
69,23,3408,3258,off_manifold_hop,31.753086648891554,31,1.0013442102129597,13,2.866705754504923,13,1.2711689773679966,0.4434249923873077,5.877305559846049,3.1977465120091396e-14,4,72,True,pareto_kept_polished,,
5,23,197,138,wall:amplitude_wall,35.999999999992724,36,0.5087963588372837,11,3.0246159252309948,9,1.8842391949788904,0.6229680863810793,6.941940135740754,3.774998010182309e-15,68,72,True,pareto_kept_polished,,
11,23,514,305,exact_hop,35.99999999999159,36,0.7775265381032346,12,1.7994599030069371,3,1.4556650404833473,0.8089455275168393,6.959284041922572,4.0849869267976995e-15,62,72,True,pareto_kept_polished,,
46,23,2286,0,off_manifold_hop,34.99999999999204,35,1.0009498581812302,13,2.2148733054732355,13,1.6015060656843623,0.7230689275665726,3.514962517719091,2.617545541139203e-14,15,72,True,pareto_kept_polished,,
69,23,3408,3258,off_manifold_hop,31.753086648891554,31,1.0013442102129597,13,2.866705754504923,13,1.2711689773679966,0.4434249923873077,5.877305559846049,3.1977465120091396e-14,4,72,True,frontier,,
5,23,197,138,wall:amplitude_wall,35.999999999992724,36,0.5087963588372837,11,3.0246159252309948,9,1.8842391949788904,0.6229680863810793,6.941940135740754,3.774998010182309e-15,68,72,True,frontier,,
11,23,514,305,exact_hop,35.99999999999159,36,0.7775265381032346,12,1.7994599030069371,3,1.4556650404833473,0.8089455275168393,6.959284041922572,4.0849869267976995e-15,62,72,True,frontier,,
46,23,2286,0,off_manifold_hop,34.99999999999204,35,1.0009498581812302,13,2.2148733054732355,13,1.6015060656843623,0.7230689275665726,3.514962517719091,2.617545541139203e-14,15,72,True,frontier,,
69,23,3408,3258,off_manifold_hop,31.753086648891554,31,1.0013442102129597,13,2.866705754504923,13,1.2711689773679966,0.4434249923873077,5.877305559846049,3.1977465120091396e-14,5,73,True,expanded:genericity,,
5,23,197,138,wall:amplitude_wall,35.999999999992724,36,0.5087963588372837,11,3.0246159252309948,9,1.8842391949788904,0.6229680863810793,6.941940135740754,3.774998010182309e-15,69,73,True,expanded:deletion,,
11,23,514,305,exact_hop,35.99999999999159,36,0.7775265381032346,12,1.7994599030069371,3,1.4556650404833473,0.8089455275168393,6.959284041922572,4.0849869267976995e-15,63,73,True,expanded:death,,
69,23,3408,3258,off_manifold_hop,31.75308667013701,31,1.0013442102129597,13,2.866705758038185,13,1.2711689773679966,0.44342499184077905,5.877305559846049,3.19673399182148e-14,5,73,True,pareto_kept_polished,,
5,23,197,138,wall:amplitude_wall,35.999999999992724,36,0.5087963588372837,11,3.024615925231,9,1.8842391949788904,0.6229680863810781,6.941940135740754,3.764417266554116e-15,69,73,True,pareto_kept_polished,,
11,23,514,305,exact_hop,35.99999999999159,36,0.7775265381032346,12,1.7994599030069371,3,1.4556650404833473,0.8089455275168393,6.959284041922572,4.0849869267976995e-15,63,73,True,pareto_kept_polished,,
46,23,2286,0,off_manifold_hop,34.99999999999193,35,1.0009498581812302,13,2.2148733054732355,13,1.6015060656843623,0.7230689275665727,3.514962517719091,2.5897313573364938e-14,15,72,True,pareto_kept_polished,,
69,23,3408,3258,off_manifold_hop,31.75308667013701,31,1.0013442102129597,13,2.866705758038185,13,1.2711689773679966,0.44342499184077905,5.877305559846049,3.19673399182148e-14,5,73,True,frontier,,
5,23,197,138,wall:amplitude_wall,35.999999999992724,36,0.5087963588372837,11,3.024615925231,9,1.8842391949788904,0.6229680863810781,6.941940135740754,3.764417266554116e-15,69,73,True,frontier,,
11,23,514,305,exact_hop,35.99999999999159,36,0.7775265381032346,12,1.7994599030069371,3,1.4556650404833473,0.8089455275168393,6.959284041922572,4.0849869267976995e-15,63,73,True,frontier,,
46,23,2286,0,off_manifold_hop,34.99999999999193,35,1.0009498581812302,13,2.2148733054732355,13,1.6015060656843623,0.7230689275665727,3.514962517719091,2.5897313573364938e-14,15,72,True,frontier,,
5,23,197,138,wall:amplitude_wall,35.999999999992724,36,0.5087963588372837,11,3.024615925231,9,1.8842391949788904,0.6229680863810781,6.941940135740754,3.764417266554116e-15,69,73,False,full_delete_probe,1.0000653656239669,11
69,23,3408,3258,off_manifold_hop,31.75308667013701,31,1.0013442102129597,13,2.866705758038185,13,1.2711689773679966,0.44342499184077905,5.877305559846049,3.19673399182148e-14,6,74,True,expanded:genericity,,
5,23,197,138,wall:amplitude_wall,35.999999999992724,36,0.5087963588372837,11,3.024615925231,9,1.8842391949788904,0.6229680863810781,6.941940135740754,3.764417266554116e-15,70,74,True,expanded:deletion,,
11,23,514,305,exact_hop,35.99999999999159,36,0.7775265381032346,12,1.7994599030069371,3,1.4556650404833473,0.8089455275168393,6.959284041922572,4.0849869267976995e-15,64,74,True,expanded:death,,
69,23,3408,3258,off_manifold_hop,31.753086691872795,31,1.0013442102129597,13,2.866705760010833,13,1.2711689773679966,0.44342499153564785,5.877305559846049,3.1977465120091396e-14,6,74,True,pareto_kept_polished,,
5,23,197,138,wall:amplitude_wall,35.999999999992724,36,0.5087963588372837,11,3.0246159252309948,9,1.8842391949788904,0.6229680863810793,6.941940135740754,3.774998010182309e-15,70,74,True,pareto_kept_polished,,
11,23,514,305,exact_hop,35.99999999999159,36,0.7775265381032346,12,1.7994599030069371,3,1.4556650404833473,0.8089455275168393,6.959284041922572,4.0849869267976995e-15,64,74,True,pareto_kept_polished,,
46,23,2286,0,off_manifold_hop,34.999999999991815,35,1.0009498581812302,13,2.214873305473238,13,1.6015060656843623,0.7230689275665718,3.514962517719091,2.6175444347564395e-14,15,72,True,pareto_kept_polished,,
69,23,3408,3258,off_manifold_hop,31.753086691872795,31,1.0013442102129597,13,2.866705760010833,13,1.2711689773679966,0.44342499153564785,5.877305559846049,3.1977465120091396e-14,6,74,True,frontier,,
5,23,197,138,wall:amplitude_wall,35.999999999992724,36,0.5087963588372837,11,3.0246159252309948,9,1.8842391949788904,0.6229680863810793,6.941940135740754,3.774998010182309e-15,70,74,True,frontier,,
11,23,514,305,exact_hop,35.99999999999159,36,0.7775265381032346,12,1.7994599030069371,3,1.4556650404833473,0.8089455275168393,6.959284041922572,4.0849869267976995e-15,64,74,True,frontier,,
46,23,2286,0,off_manifold_hop,34.999999999991815,35,1.0009498581812302,13,2.214873305473238,13,1.6015060656843623,0.7230689275665718,3.514962517719091,2.6175444347564395e-14,15,72,True,frontier,,
69,23,3408,3258,off_manifold_hop,31.753086691872795,31,1.0013442102129597,13,2.866705760010833,13,1.2711689773679966,0.44342499153564785,5.877305559846049,3.1977465120091396e-14,7,75,True,expanded:genericity,,
5,23,197,138,wall:amplitude_wall,35.999999999992724,36,0.5087963588372837,11,3.0246159252309948,9,1.8842391949788904,0.6229680863810793,6.941940135740754,3.774998010182309e-15,71,75,True,expanded:deletion,,
11,23,514,305,exact_hop,35.99999999999159,36,0.7775265381032346,12,1.7994599030069371,3,1.4556650404833473,0.8089455275168393,6.959284041922572,4.0849869267976995e-15,65,75,True,expanded:death,,
46,23,2286,0,off_manifold_hop,34.999999999991815,35,1.0009498581812302,13,2.214873305473238,13,1.6015060656843623,0.7230689275665718,3.514962517719091,2.6175444347564395e-14,16,75,True,expanded:explore,,
76,23,3756,3408,off_manifold_hop,32.070262669519934,30,1.003163474740225,3,2.2619346776395757,3,1.6632146993924508,0.7353062472732791,6.430991200274396,7.037676023215352e-14,0,-1,True,pareto_kept_polished,,
5,23,197,138,wall:amplitude_wall,35.999999999992724,36,0.5087963588372837,11,3.024615925231,9,1.8842391949788904,0.6229680863810781,6.941940135740754,3.764417266554116e-15,71,75,True,pareto_kept_polished,,
11,23,514,305,exact_hop,35.99999999999159,36,0.7775265381032346,12,1.7994599030069371,3,1.4556650404833473,0.8089455275168393,6.959284041922572,4.0849869267976995e-15,65,75,True,pareto_kept_polished,,
46,23,2286,0,off_manifold_hop,34.999999999991815,35,1.0009498581812302,13,2.2148733054732372,13,1.6015060656843623,0.7230689275665722,3.514962517719091,2.5897313289900703e-14,16,75,True,pareto_kept_polished,,
76,23,3756,3408,off_manifold_hop,32.070262669519934,30,1.003163474740225,3,2.2619346776395757,3,1.6632146993924508,0.7353062472732791,6.430991200274396,7.037676023215352e-14,0,-1,True,frontier,,
5,23,197,138,wall:amplitude_wall,35.999999999992724,36,0.5087963588372837,11,3.024615925231,9,1.8842391949788904,0.6229680863810781,6.941940135740754,3.764417266554116e-15,71,75,True,frontier,,
11,23,514,305,exact_hop,35.99999999999159,36,0.7775265381032346,12,1.7994599030069371,3,1.4556650404833473,0.8089455275168393,6.959284041922572,4.0849869267976995e-15,65,75,True,frontier,,
46,23,2286,0,off_manifold_hop,34.999999999991815,35,1.0009498581812302,13,2.2148733054732372,13,1.6015060656843623,0.7230689275665722,3.514962517719091,2.5897313289900703e-14,16,75,True,frontier,,
5,23,197,138,wall:amplitude_wall,35.999999999992724,36,0.5087963588372837,11,3.024615925231,9,1.8842391949788904,0.6229680863810781,6.941940135740754,3.764417266554116e-15,71,75,False,full_delete_probe,1.0011446855101978,11
76,23,3756,3408,off_manifold_hop,32.070262669519934,30,1.003163474740225,3,2.2619346776395757,3,1.6632146993924508,0.7353062472732791,6.430991200274396,7.037676023215352e-14,1,76,True,expanded:genericity,,
5,23,197,138,wall:amplitude_wall,35.999999999992724,36,0.5087963588372837,11,3.024615925231,9,1.8842391949788904,0.6229680863810781,6.941940135740754,3.764417266554116e-15,72,76,True,expanded:deletion,,
11,23,514,305,exact_hop,35.99999999999159,36,0.7775265381032346,12,1.7994599030069371,3,1.4556650404833473,0.8089455275168393,6.959284041922572,4.0849869267976995e-15,66,76,True,expanded:death,,
77,23,3817,3756,off_manifold_hop,33.45321322225391,31,1.0025985790742198,3,2.1106858199237406,3,1.4573951648289405,0.6904841786834937,5.890918001440427,4.482144955846952e-14,0,-1,True,pareto_kept_polished,,
5,23,197,138,wall:amplitude_wall,35.999999999992724,36,0.5087963588372837,11,3.0246159252309948,9,1.8842391949788904,0.6229680863810793,6.941940135740754,3.774998010182309e-15,72,76,True,pareto_kept_polished,,
11,23,514,305,exact_hop,35.99999999999159,36,0.7775265381032346,12,1.7994599030069371,3,1.4556650404833473,0.8089455275168393,6.959284041922572,4.0849869267976995e-15,66,76,True,pareto_kept_polished,,
46,23,2286,0,off_manifold_hop,34.999999999991815,35,1.0009498581812302,13,2.214873305473239,13,1.6015060656843623,0.7230689275665715,3.514962517719091,2.6174844249376678e-14,16,75,True,pareto_kept_polished,,
77,23,3817,3756,off_manifold_hop,33.45321322225391,31,1.0025985790742198,3,2.1106858199237406,3,1.4573951648289405,0.6904841786834937,5.890918001440427,4.482144955846952e-14,0,-1,True,frontier,,
5,23,197,138,wall:amplitude_wall,35.999999999992724,36,0.5087963588372837,11,3.0246159252309948,9,1.8842391949788904,0.6229680863810793,6.941940135740754,3.774998010182309e-15,72,76,True,frontier,,
11,23,514,305,exact_hop,35.99999999999159,36,0.7775265381032346,12,1.7994599030069371,3,1.4556650404833473,0.8089455275168393,6.959284041922572,4.0849869267976995e-15,66,76,True,frontier,,
46,23,2286,0,off_manifold_hop,34.999999999991815,35,1.0009498581812302,13,2.214873305473239,13,1.6015060656843623,0.7230689275665715,3.514962517719091,2.6174844249376678e-14,16,75,True,frontier,,
77,23,3817,3756,off_manifold_hop,33.45321322225391,31,1.0025985790742198,3,2.1106858199237406,3,1.4573951648289405,0.6904841786834937,5.890918001440427,4.482144955846952e-14,1,77,True,expanded:genericity,,
5,23,197,138,wall:amplitude_wall,35.999999999992724,36,0.5087963588372837,11,3.0246159252309948,9,1.8842391949788904,0.6229680863810793,6.941940135740754,3.774998010182309e-15,73,77,True,expanded:deletion,,
11,23,514,305,exact_hop,35.99999999999159,36,0.7775265381032346,12,1.7994599030069371,3,1.4556650404833473,0.8089455275168393,6.959284041922572,4.0849869267976995e-15,67,77,True,expanded:death,,
77,23,3817,3756,off_manifold_hop,33.453213223645434,31,1.0025985790742198,3,2.1106858152289654,3,1.4573951648289405,0.6904841802193301,5.890918001440427,4.492992130018869e-14,1,77,True,pareto_kept_polished,,
5,23,197,138,wall:amplitude_wall,35.999999999992724,36,0.5087963588372837,11,3.024615925231,9,1.8842391949788904,0.6229680863810781,6.941940135740754,3.764417266554116e-15,73,77,True,pareto_kept_polished,,
11,23,514,305,exact_hop,35.99999999999159,36,0.7775265381032346,12,1.7994599030069371,3,1.4556650404833473,0.8089455275168393,6.959284041922572,4.0849869267976995e-15,67,77,True,pareto_kept_polished,,
46,23,2286,0,off_manifold_hop,34.99999999999204,35,1.0009498581812302,13,2.2148733054732377,13,1.6015060656843623,0.7230689275665719,3.514962517719091,2.5897298461471294e-14,16,75,True,pareto_kept_polished,,
77,23,3817,3756,off_manifold_hop,33.453213223645434,31,1.0025985790742198,3,2.1106858152289654,3,1.4573951648289405,0.6904841802193301,5.890918001440427,4.492992130018869e-14,1,77,True,frontier,,
5,23,197,138,wall:amplitude_wall,35.999999999992724,36,0.5087963588372837,11,3.024615925231,9,1.8842391949788904,0.6229680863810781,6.941940135740754,3.764417266554116e-15,73,77,True,frontier,,
11,23,514,305,exact_hop,35.99999999999159,36,0.7775265381032346,12,1.7994599030069371,3,1.4556650404833473,0.8089455275168393,6.959284041922572,4.0849869267976995e-15,67,77,True,frontier,,
46,23,2286,0,off_manifold_hop,34.99999999999204,35,1.0009498581812302,13,2.2148733054732377,13,1.6015060656843623,0.7230689275665719,3.514962517719091,2.5897298461471294e-14,16,75,True,frontier,,
5,23,197,138,wall:amplitude_wall,35.999999999992724,36,0.5087963588372837,11,3.024615925231,9,1.8842391949788904,0.6229680863810781,6.941940135740754,3.764417266554116e-15,73,77,False,full_delete_probe,1.0000880047392566,11
77,23,3817,3756,off_manifold_hop,33.453213223645434,31,1.0025985790742198,3,2.1106858152289654,3,1.4573951648289405,0.6904841802193301,5.890918001440427,4.492992130018869e-14,2,78,True,expanded:genericity,,
5,23,197,138,wall:amplitude_wall,35.999999999992724,36,0.5087963588372837,11,3.024615925231,9,1.8842391949788904,0.6229680863810781,6.941940135740754,3.764417266554116e-15,74,78,True,expanded:deletion,,
11,23,514,305,exact_hop,35.99999999999159,36,0.7775265381032346,12,1.7994599030069371,3,1.4556650404833473,0.8089455275168393,6.959284041922572,4.0849869267976995e-15,68,78,True,expanded:death,,
46,23,2286,0,off_manifold_hop,34.99999999999204,35,1.0009498581812302,13,2.2148733054732377,13,1.6015060656843623,0.7230689275665719,3.514962517719091,2.5897298461471294e-14,17,78,True,expanded:explore,,
79,23,3908,3817,off_manifold_hop,35.98598701119113,36,1.0032793451877713,20,2.991110123720157,17,2.266076639212446,0.7576038813288628,6.029088157561423,3.280643776007623e-14,0,-1,True,pareto_kept_polished,,
5,23,197,138,wall:amplitude_wall,35.999999999992724,36,0.5087963588372837,11,3.0246159252309948,9,1.8842391949788904,0.6229680863810793,6.941940135740754,3.774998010182309e-15,74,78,True,pareto_kept_polished,,
11,23,514,305,exact_hop,35.99999999999159,36,0.7775265381032346,12,1.7994599030069371,3,1.4556650404833473,0.8089455275168393,6.959284041922572,4.0849869267976995e-15,68,78,True,pareto_kept_polished,,
46,23,2286,0,off_manifold_hop,34.999999999991815,35,1.0009498581812302,13,2.214873305473237,13,1.6015060656843623,0.7230689275665723,3.514962517719091,2.617404439700971e-14,17,78,True,pareto_kept_polished,,
79,23,3908,3817,off_manifold_hop,35.98598701119113,36,1.0032793451877713,20,2.991110123720157,17,2.266076639212446,0.7576038813288628,6.029088157561423,3.280643776007623e-14,0,-1,True,frontier,,
5,23,197,138,wall:amplitude_wall,35.999999999992724,36,0.5087963588372837,11,3.0246159252309948,9,1.8842391949788904,0.6229680863810793,6.941940135740754,3.774998010182309e-15,74,78,True,frontier,,
11,23,514,305,exact_hop,35.99999999999159,36,0.7775265381032346,12,1.7994599030069371,3,1.4556650404833473,0.8089455275168393,6.959284041922572,4.0849869267976995e-15,68,78,True,frontier,,
46,23,2286,0,off_manifold_hop,34.999999999991815,35,1.0009498581812302,13,2.214873305473237,13,1.6015060656843623,0.7230689275665723,3.514962517719091,2.617404439700971e-14,17,78,True,frontier,,
46,23,2286,0,off_manifold_hop,34.999999999991815,35,1.0009498581812302,13,2.214873305473237,13,1.6015060656843623,0.7230689275665723,3.514962517719091,2.617404439700971e-14,18,79,True,expanded:genericity,,
5,23,197,138,wall:amplitude_wall,35.999999999992724,36,0.5087963588372837,11,3.0246159252309948,9,1.8842391949788904,0.6229680863810793,6.941940135740754,3.774998010182309e-15,75,79,True,expanded:deletion,,
11,23,514,305,exact_hop,35.99999999999159,36,0.7775265381032346,12,1.7994599030069371,3,1.4556650404833473,0.8089455275168393,6.959284041922572,4.0849869267976995e-15,69,79,True,expanded:death,,
80,23,3966,2286,exact_hop,34.999999999994316,35,1.0015472275567765,13,2.3505557900377503,13,1.440311941084123,0.6127537781441007,4.22987049764701,2.851268032845281e-15,0,-1,True,pareto_kept_polished,,
5,23,197,138,wall:amplitude_wall,35.999999999992724,36,0.5087963588372837,11,3.024615925231,9,1.8842391949788904,0.6229680863810781,6.941940135740754,3.764417266554116e-15,75,79,True,pareto_kept_polished,,
11,23,514,305,exact_hop,35.99999999999159,36,0.7775265381032346,12,1.7994599030069371,3,1.4556650404833473,0.8089455275168393,6.959284041922572,4.0849869267976995e-15,69,79,True,pareto_kept_polished,,
46,23,2286,0,off_manifold_hop,34.999999999991815,35,1.0009498581812302,13,2.2148733054732417,13,1.6015060656843623,0.7230689275665707,3.514962517719091,2.5896692157540705e-14,18,79,True,pareto_kept_polished,,
80,23,3966,2286,exact_hop,34.999999999994316,35,1.0015472275567765,13,2.3505557900377503,13,1.440311941084123,0.6127537781441007,4.22987049764701,2.851268032845281e-15,0,-1,True,frontier,,
5,23,197,138,wall:amplitude_wall,35.999999999992724,36,0.5087963588372837,11,3.024615925231,9,1.8842391949788904,0.6229680863810781,6.941940135740754,3.764417266554116e-15,75,79,True,frontier,,
11,23,514,305,exact_hop,35.99999999999159,36,0.7775265381032346,12,1.7994599030069371,3,1.4556650404833473,0.8089455275168393,6.959284041922572,4.0849869267976995e-15,69,79,True,frontier,,
46,23,2286,0,off_manifold_hop,34.999999999991815,35,1.0009498581812302,13,2.2148733054732417,13,1.6015060656843623,0.7230689275665707,3.514962517719091,2.5896692157540705e-14,18,79,True,frontier,,
5,23,197,138,wall:amplitude_wall,35.999999999992724,36,0.5087963588372837,11,3.024615925231,9,1.8842391949788904,0.6229680863810781,6.941940135740754,3.764417266554116e-15,75,79,False,full_delete_probe,1.0003716660018118,11
46,23,2286,0,off_manifold_hop,34.999999999991815,35,1.0009498581812302,13,2.2148733054732417,13,1.6015060656843623,0.7230689275665707,3.514962517719091,2.5896692157540705e-14,19,80,True,expanded:genericity,,
5,23,197,138,wall:amplitude_wall,35.999999999992724,36,0.5087963588372837,11,3.024615925231,9,1.8842391949788904,0.6229680863810781,6.941940135740754,3.764417266554116e-15,76,80,True,expanded:deletion,,
11,23,514,305,exact_hop,35.99999999999159,36,0.7775265381032346,12,1.7994599030069371,3,1.4556650404833473,0.8089455275168393,6.959284041922572,4.0849869267976995e-15,70,80,True,expanded:death,,
81,23,4012,2286,exact_hop,34.9999999999942,35,1.000834124922625,13,2.2536251741887963,13,1.3315443536823017,0.5908455269903514,3.8295061254138094,3.1908194750036234e-15,0,-1,True,pareto_kept_polished,,
5,23,197,138,wall:amplitude_wall,35.999999999992724,36,0.5087963588372837,11,3.0246159252309948,9,1.8842391949788904,0.6229680863810793,6.941940135740754,3.774998010182309e-15,76,80,True,pareto_kept_polished,,
11,23,514,305,exact_hop,35.99999999999159,36,0.7775265381032346,12,1.7994599030069371,3,1.4556650404833473,0.8089455275168393,6.959284041922572,4.0849869267976995e-15,70,80,True,pareto_kept_polished,,
46,23,2286,0,off_manifold_hop,34.99999999999227,35,1.0009498581812302,13,2.2148733054732355,13,1.6015060656843623,0.7230689275665727,3.514962517719091,2.6174047878812345e-14,19,80,True,pareto_kept_polished,,
81,23,4012,2286,exact_hop,34.9999999999942,35,1.000834124922625,13,2.2536251741887963,13,1.3315443536823017,0.5908455269903514,3.8295061254138094,3.1908194750036234e-15,0,-1,True,frontier,,
5,23,197,138,wall:amplitude_wall,35.999999999992724,36,0.5087963588372837,11,3.0246159252309948,9,1.8842391949788904,0.6229680863810793,6.941940135740754,3.774998010182309e-15,76,80,True,frontier,,
11,23,514,305,exact_hop,35.99999999999159,36,0.7775265381032346,12,1.7994599030069371,3,1.4556650404833473,0.8089455275168393,6.959284041922572,4.0849869267976995e-15,70,80,True,frontier,,
46,23,2286,0,off_manifold_hop,34.99999999999227,35,1.0009498581812302,13,2.2148733054732355,13,1.6015060656843623,0.7230689275665727,3.514962517719091,2.6174047878812345e-14,19,80,True,frontier,,
46,23,2286,0,off_manifold_hop,34.99999999999227,35,1.0009498581812302,13,2.2148733054732355,13,1.6015060656843623,0.7230689275665727,3.514962517719091,2.6174047878812345e-14,20,81,True,expanded:genericity,,
5,23,197,138,wall:amplitude_wall,35.999999999992724,36,0.5087963588372837,11,3.0246159252309948,9,1.8842391949788904,0.6229680863810793,6.941940135740754,3.774998010182309e-15,77,81,True,expanded:deletion,,
11,23,514,305,exact_hop,35.99999999999159,36,0.7775265381032346,12,1.7994599030069371,3,1.4556650404833473,0.8089455275168393,6.959284041922572,4.0849869267976995e-15,71,81,True,expanded:death,,
81,23,4012,2286,exact_hop,34.9999999999942,35,1.000834124922625,13,2.2536251741887963,13,1.3315443536823017,0.5908455269903514,3.8295061254138094,3.1908194750036234e-15,1,81,True,expanded:explore,,
82,23,4061,2286,off_manifold_hop,34.999999999994316,35,1.000241447832335,13,2.7856359729822153,12,1.7914002079590496,0.6430848198880891,3.7051524404880594,2.4690092257936797e-15,0,-1,True,pareto_kept_polished,,
5,23,197,138,wall:amplitude_wall,35.999999999992724,36,0.5087963588372837,11,3.024615925231,9,1.8842391949788904,0.6229680863810781,6.941940135740754,3.764417266554116e-15,77,81,True,pareto_kept_polished,,
11,23,514,305,exact_hop,35.99999999999159,36,0.7775265381032346,12,1.7994599030069371,3,1.4556650404833473,0.8089455275168393,6.959284041922572,4.0849869267976995e-15,71,81,True,pareto_kept_polished,,
46,23,2286,0,off_manifold_hop,34.99999999999227,35,1.0009498581812302,13,2.2148733054732377,13,1.6015060656843623,0.7230689275665719,3.514962517719091,2.589588744695283e-14,20,81,True,pareto_kept_polished,,
82,23,4061,2286,off_manifold_hop,34.999999999994316,35,1.000241447832335,13,2.7856359729822153,12,1.7914002079590496,0.6430848198880891,3.7051524404880594,2.4690092257936797e-15,0,-1,True,frontier,,
5,23,197,138,wall:amplitude_wall,35.999999999992724,36,0.5087963588372837,11,3.024615925231,9,1.8842391949788904,0.6229680863810781,6.941940135740754,3.764417266554116e-15,77,81,True,frontier,,
11,23,514,305,exact_hop,35.99999999999159,36,0.7775265381032346,12,1.7994599030069371,3,1.4556650404833473,0.8089455275168393,6.959284041922572,4.0849869267976995e-15,71,81,True,frontier,,
46,23,2286,0,off_manifold_hop,34.99999999999227,35,1.0009498581812302,13,2.2148733054732377,13,1.6015060656843623,0.7230689275665719,3.514962517719091,2.589588744695283e-14,20,81,True,frontier,,
5,23,197,138,wall:amplitude_wall,35.999999999992724,36,0.5087963588372837,11,3.024615925231,9,1.8842391949788904,0.6229680863810781,6.941940135740754,3.764417266554116e-15,77,81,False,full_delete_probe,1.000068161111278,11
46,23,2286,0,off_manifold_hop,34.99999999999227,35,1.0009498581812302,13,2.2148733054732377,13,1.6015060656843623,0.7230689275665719,3.514962517719091,2.589588744695283e-14,21,82,True,expanded:genericity,,
5,23,197,138,wall:amplitude_wall,35.999999999992724,36,0.5087963588372837,11,3.024615925231,9,1.8842391949788904,0.6229680863810781,6.941940135740754,3.764417266554116e-15,78,82,True,expanded:deletion,,
11,23,514,305,exact_hop,35.99999999999159,36,0.7775265381032346,12,1.7994599030069371,3,1.4556650404833473,0.8089455275168393,6.959284041922572,4.0849869267976995e-15,72,82,True,expanded:death,,
83,23,4118,2286,exact_hop,34.99999999999363,35,1.0039066686703049,12,2.849245496299805,12,1.6919352797300955,0.5938187081202165,4.077540530649719,3.4641943196196677e-15,0,-1,True,pareto_kept_polished,,
5,23,197,138,wall:amplitude_wall,35.999999999992724,36,0.5087963588372837,11,3.0246159252309948,9,1.8842391949788904,0.6229680863810793,6.941940135740754,3.774998010182309e-15,78,82,True,pareto_kept_polished,,
11,23,514,305,exact_hop,35.99999999999159,36,0.7775265381032346,12,1.7994599030069371,3,1.4556650404833473,0.8089455275168393,6.959284041922572,4.0849869267976995e-15,72,82,True,pareto_kept_polished,,
46,23,2286,0,off_manifold_hop,34.99999999999193,35,1.0009498581812302,13,2.2148733054732355,13,1.6015060656843623,0.7230689275665726,3.514962517719091,2.6174144081300392e-14,21,82,True,pareto_kept_polished,,
83,23,4118,2286,exact_hop,34.99999999999363,35,1.0039066686703049,12,2.849245496299805,12,1.6919352797300955,0.5938187081202165,4.077540530649719,3.4641943196196677e-15,0,-1,True,frontier,,
5,23,197,138,wall:amplitude_wall,35.999999999992724,36,0.5087963588372837,11,3.0246159252309948,9,1.8842391949788904,0.6229680863810793,6.941940135740754,3.774998010182309e-15,78,82,True,frontier,,
11,23,514,305,exact_hop,35.99999999999159,36,0.7775265381032346,12,1.7994599030069371,3,1.4556650404833473,0.8089455275168393,6.959284041922572,4.0849869267976995e-15,72,82,True,frontier,,
46,23,2286,0,off_manifold_hop,34.99999999999193,35,1.0009498581812302,13,2.2148733054732355,13,1.6015060656843623,0.7230689275665726,3.514962517719091,2.6174144081300392e-14,21,82,True,frontier,,
46,23,2286,0,off_manifold_hop,34.99999999999193,35,1.0009498581812302,13,2.2148733054732355,13,1.6015060656843623,0.7230689275665726,3.514962517719091,2.6174144081300392e-14,22,83,True,expanded:genericity,,
5,23,197,138,wall:amplitude_wall,35.999999999992724,36,0.5087963588372837,11,3.0246159252309948,9,1.8842391949788904,0.6229680863810793,6.941940135740754,3.774998010182309e-15,79,83,True,expanded:deletion,,
11,23,514,305,exact_hop,35.99999999999159,36,0.7775265381032346,12,1.7994599030069371,3,1.4556650404833473,0.8089455275168393,6.959284041922572,4.0849869267976995e-15,73,83,True,expanded:death,,
84,23,4163,2286,exact_hop,34.99999999999386,35,0.8175474986950807,19,2.132826180350549,13,1.4048075417019827,0.6586601170992238,4.217713032397909,3.1221988931712117e-15,0,-1,True,pareto_kept_polished,,
5,23,197,138,wall:amplitude_wall,35.999999999992724,36,0.5087963588372837,11,3.024615925231,9,1.8842391949788904,0.6229680863810781,6.941940135740754,3.764417266554116e-15,79,83,True,pareto_kept_polished,,
11,23,514,305,exact_hop,35.99999999999159,36,0.7775265381032346,12,1.7994599030069371,3,1.4556650404833473,0.8089455275168393,6.959284041922572,4.0849869267976995e-15,73,83,True,pareto_kept_polished,,
46,23,2286,0,off_manifold_hop,34.99999999999204,35,1.0009498581812302,13,2.2148733054732377,13,1.6015060656843623,0.7230689275665719,3.514962517719091,2.589589096615474e-14,22,83,True,pareto_kept_polished,,
84,23,4163,2286,exact_hop,34.99999999999386,35,0.8175474986950807,19,2.132826180350549,13,1.4048075417019827,0.6586601170992238,4.217713032397909,3.1221988931712117e-15,0,-1,True,frontier,,
5,23,197,138,wall:amplitude_wall,35.999999999992724,36,0.5087963588372837,11,3.024615925231,9,1.8842391949788904,0.6229680863810781,6.941940135740754,3.764417266554116e-15,79,83,True,frontier,,
11,23,514,305,exact_hop,35.99999999999159,36,0.7775265381032346,12,1.7994599030069371,3,1.4556650404833473,0.8089455275168393,6.959284041922572,4.0849869267976995e-15,73,83,True,frontier,,
46,23,2286,0,off_manifold_hop,34.99999999999204,35,1.0009498581812302,13,2.2148733054732377,13,1.6015060656843623,0.7230689275665719,3.514962517719091,2.589589096615474e-14,22,83,True,frontier,,
5,23,197,138,wall:amplitude_wall,35.999999999992724,36,0.5087963588372837,11,3.024615925231,9,1.8842391949788904,0.6229680863810781,6.941940135740754,3.764417266554116e-15,79,83,False,full_delete_probe,1.0018964091156515,11
46,23,2286,0,off_manifold_hop,34.99999999999204,35,1.0009498581812302,13,2.2148733054732377,13,1.6015060656843623,0.7230689275665719,3.514962517719091,2.589589096615474e-14,23,84,True,expanded:genericity,,
5,23,197,138,wall:amplitude_wall,35.999999999992724,36,0.5087963588372837,11,3.024615925231,9,1.8842391949788904,0.6229680863810781,6.941940135740754,3.764417266554116e-15,80,84,True,expanded:deletion,,
11,23,514,305,exact_hop,35.99999999999159,36,0.7775265381032346,12,1.7994599030069371,3,1.4556650404833473,0.8089455275168393,6.959284041922572,4.0849869267976995e-15,74,84,True,expanded:death,,
84,23,4163,2286,exact_hop,34.99999999999386,35,0.8175474986950807,19,2.132826180350549,13,1.4048075417019827,0.6586601170992238,4.217713032397909,3.1221988931712117e-15,1,84,True,expanded:explore,,
85,23,4254,4163,exact_hop,34.99999999999352,35,1.0008345579114915,13,2.56910968453245,13,1.4458943145456349,0.5627997602635529,4.547326699714774,3.4432709258823656e-15,0,-1,True,pareto_kept_polished,,
5,23,197,138,wall:amplitude_wall,35.999999999992724,36,0.5087963588372837,11,3.0246159252309948,9,1.8842391949788904,0.6229680863810793,6.941940135740754,3.774998010182309e-15,80,84,True,pareto_kept_polished,,
11,23,514,305,exact_hop,35.99999999999159,36,0.7775265381032346,12,1.7994599030069371,3,1.4556650404833473,0.8089455275168393,6.959284041922572,4.0849869267976995e-15,74,84,True,pareto_kept_polished,,
85,23,4212,2286,off_manifold_hop,34.999999999994316,35,1.0008668929849642,13,2.3237901759382384,13,1.447296774524642,0.6228173221105433,3.46457418053209,3.004123640261464e-15,0,-1,True,pareto_kept_polished,,
85,23,4254,4163,exact_hop,34.99999999999352,35,1.0008345579114915,13,2.56910968453245,13,1.4458943145456349,0.5627997602635529,4.547326699714774,3.4432709258823656e-15,0,-1,True,frontier,,
5,23,197,138,wall:amplitude_wall,35.999999999992724,36,0.5087963588372837,11,3.0246159252309948,9,1.8842391949788904,0.6229680863810793,6.941940135740754,3.774998010182309e-15,80,84,True,frontier,,
11,23,514,305,exact_hop,35.99999999999159,36,0.7775265381032346,12,1.7994599030069371,3,1.4556650404833473,0.8089455275168393,6.959284041922572,4.0849869267976995e-15,74,84,True,frontier,,
85,23,4212,2286,off_manifold_hop,34.999999999994316,35,1.0008668929849642,13,2.3237901759382384,13,1.447296774524642,0.6228173221105433,3.46457418053209,3.004123640261464e-15,0,-1,True,frontier,,
85,23,4254,4163,exact_hop,34.99999999999352,35,1.0008345579114915,13,2.56910968453245,13,1.4458943145456349,0.5627997602635529,4.547326699714774,3.4432709258823656e-15,1,85,True,expanded:genericity,,
5,23,197,138,wall:amplitude_wall,35.999999999992724,36,0.5087963588372837,11,3.0246159252309948,9,1.8842391949788904,0.6229680863810793,6.941940135740754,3.774998010182309e-15,81,85,True,expanded:deletion,,
11,23,514,305,exact_hop,35.99999999999159,36,0.7775265381032346,12,1.7994599030069371,3,1.4556650404833473,0.8089455275168393,6.959284041922572,4.0849869267976995e-15,75,85,True,expanded:death,,
86,23,4269,4254,exact_hop,34.999999999992156,35,1.002272255031156,12,3.0989164611288578,7,2.3250270016496217,0.7502709514159257,5.319959782903473,3.864230318255046e-15,0,-1,True,pareto_kept_polished,,
5,23,197,138,wall:amplitude_wall,35.999999999992724,36,0.5087963588372837,11,3.024615925231,9,1.8842391949788904,0.6229680863810781,6.941940135740754,3.764417266554116e-15,81,85,True,pareto_kept_polished,,
11,23,514,305,exact_hop,35.99999999999159,36,0.7775265381032346,12,1.7994599030069371,3,1.4556650404833473,0.8089455275168393,6.959284041922572,4.0849869267976995e-15,75,85,True,pareto_kept_polished,,
85,23,4212,2286,off_manifold_hop,34.99999999999454,35,1.0008668929849642,13,2.3237901759382362,13,1.447296774524642,0.6228173221105439,3.46457418053209,3.0673098632007205e-15,0,-1,True,pareto_kept_polished,,
86,23,4269,4254,exact_hop,34.999999999992156,35,1.002272255031156,12,3.0989164611288578,7,2.3250270016496217,0.7502709514159257,5.319959782903473,3.864230318255046e-15,0,-1,True,frontier,,
5,23,197,138,wall:amplitude_wall,35.999999999992724,36,0.5087963588372837,11,3.024615925231,9,1.8842391949788904,0.6229680863810781,6.941940135740754,3.764417266554116e-15,81,85,True,frontier,,
11,23,514,305,exact_hop,35.99999999999159,36,0.7775265381032346,12,1.7994599030069371,3,1.4556650404833473,0.8089455275168393,6.959284041922572,4.0849869267976995e-15,75,85,True,frontier,,
85,23,4212,2286,off_manifold_hop,34.99999999999454,35,1.0008668929849642,13,2.3237901759382362,13,1.447296774524642,0.6228173221105439,3.46457418053209,3.0673098632007205e-15,0,-1,True,frontier,,
5,23,197,138,wall:amplitude_wall,35.999999999992724,36,0.5087963588372837,11,3.024615925231,9,1.8842391949788904,0.6229680863810781,6.941940135740754,3.764417266554116e-15,81,85,False,full_delete_probe,1.0005191357466583,11
86,23,4269,4254,exact_hop,34.999999999992156,35,1.002272255031156,12,3.0989164611288578,7,2.3250270016496217,0.7502709514159257,5.319959782903473,3.864230318255046e-15,1,86,True,expanded:genericity,,
5,23,197,138,wall:amplitude_wall,35.999999999992724,36,0.5087963588372837,11,3.024615925231,9,1.8842391949788904,0.6229680863810781,6.941940135740754,3.764417266554116e-15,82,86,True,expanded:deletion,,
11,23,514,305,exact_hop,35.99999999999159,36,0.7775265381032346,12,1.7994599030069371,3,1.4556650404833473,0.8089455275168393,6.959284041922572,4.0849869267976995e-15,76,86,True,expanded:death,,
87,23,4316,4269,exact_hop,34.9999999999925,35,1.0019731328809165,20,2.2338128389853247,13,1.390393538191696,0.6224306324710986,6.477366633767876,5.147645340066838e-15,0,-1,True,pareto_kept_polished,,
5,23,197,138,wall:amplitude_wall,35.999999999992724,36,0.5087963588372837,11,3.0246159252309948,9,1.8842391949788904,0.6229680863810793,6.941940135740754,3.774998010182309e-15,82,86,True,pareto_kept_polished,,
11,23,514,305,exact_hop,35.99999999999159,36,0.7775265381032346,12,1.7994599030069371,3,1.4556650404833473,0.8089455275168393,6.959284041922572,4.0849869267976995e-15,76,86,True,pareto_kept_polished,,
85,23,4212,2286,off_manifold_hop,34.99999999999466,35,1.0008668929849642,13,2.3237901759382384,13,1.447296774524642,0.6228173221105433,3.46457418053209,3.071916359880124e-15,0,-1,True,pareto_kept_polished,,
87,23,4316,4269,exact_hop,34.9999999999925,35,1.0019731328809165,20,2.2338128389853247,13,1.390393538191696,0.6224306324710986,6.477366633767876,5.147645340066838e-15,0,-1,True,frontier,,
5,23,197,138,wall:amplitude_wall,35.999999999992724,36,0.5087963588372837,11,3.0246159252309948,9,1.8842391949788904,0.6229680863810793,6.941940135740754,3.774998010182309e-15,82,86,True,frontier,,
11,23,514,305,exact_hop,35.99999999999159,36,0.7775265381032346,12,1.7994599030069371,3,1.4556650404833473,0.8089455275168393,6.959284041922572,4.0849869267976995e-15,76,86,True,frontier,,
85,23,4212,2286,off_manifold_hop,34.99999999999466,35,1.0008668929849642,13,2.3237901759382384,13,1.447296774524642,0.6228173221105433,3.46457418053209,3.071916359880124e-15,0,-1,True,frontier,,
87,23,4316,4269,exact_hop,34.9999999999925,35,1.0019731328809165,20,2.2338128389853247,13,1.390393538191696,0.6224306324710986,6.477366633767876,5.147645340066838e-15,1,87,True,expanded:genericity,,
5,23,197,138,wall:amplitude_wall,35.999999999992724,36,0.5087963588372837,11,3.0246159252309948,9,1.8842391949788904,0.6229680863810793,6.941940135740754,3.774998010182309e-15,83,87,True,expanded:deletion,,
11,23,514,305,exact_hop,35.99999999999159,36,0.7775265381032346,12,1.7994599030069371,3,1.4556650404833473,0.8089455275168393,6.959284041922572,4.0849869267976995e-15,77,87,True,expanded:death,,
85,23,4212,2286,off_manifold_hop,34.99999999999466,35,1.0008668929849642,13,2.3237901759382384,13,1.447296774524642,0.6228173221105433,3.46457418053209,3.071916359880124e-15,1,87,True,expanded:explore,,
88,23,4407,4212,wall:amplitude_wall,34.99999999999443,35,1.00082461125159,12,2.8098961704090666,12,2.0174136218699674,0.7179673196167498,3.654381041244174,3.3238448899488636e-15,0,-1,True,pareto_kept_polished,,
5,23,197,138,wall:amplitude_wall,35.999999999992724,36,0.5087963588372837,11,3.024615925231,9,1.8842391949788904,0.6229680863810781,6.941940135740754,3.764417266554116e-15,83,87,True,pareto_kept_polished,,
11,23,514,305,exact_hop,35.99999999999159,36,0.7775265381032346,12,1.7994599030069371,3,1.4556650404833473,0.8089455275168393,6.959284041922572,4.0849869267976995e-15,77,87,True,pareto_kept_polished,,
85,23,4212,2286,off_manifold_hop,34.99999999999454,35,1.0008668929849642,13,2.323790175938236,13,1.447296774524642,0.622817322110544,3.46457418053209,3.0676689161743506e-15,1,87,True,pareto_kept_polished,,
88,23,4407,4212,wall:amplitude_wall,34.99999999999443,35,1.00082461125159,12,2.8098961704090666,12,2.0174136218699674,0.7179673196167498,3.654381041244174,3.3238448899488636e-15,0,-1,True,frontier,,
5,23,197,138,wall:amplitude_wall,35.999999999992724,36,0.5087963588372837,11,3.024615925231,9,1.8842391949788904,0.6229680863810781,6.941940135740754,3.764417266554116e-15,83,87,True,frontier,,
11,23,514,305,exact_hop,35.99999999999159,36,0.7775265381032346,12,1.7994599030069371,3,1.4556650404833473,0.8089455275168393,6.959284041922572,4.0849869267976995e-15,77,87,True,frontier,,
85,23,4212,2286,off_manifold_hop,34.99999999999454,35,1.0008668929849642,13,2.323790175938236,13,1.447296774524642,0.622817322110544,3.46457418053209,3.0676689161743506e-15,1,87,True,frontier,,
5,23,197,138,wall:amplitude_wall,35.999999999992724,36,0.5087963588372837,11,3.024615925231,9,1.8842391949788904,0.6229680863810781,6.941940135740754,3.764417266554116e-15,83,87,False,full_delete_probe,1.0001044254946245,11
88,23,4407,4212,wall:amplitude_wall,34.99999999999443,35,1.00082461125159,12,2.8098961704090666,12,2.0174136218699674,0.7179673196167498,3.654381041244174,3.3238448899488636e-15,1,88,True,expanded:genericity,,
5,23,197,138,wall:amplitude_wall,35.999999999992724,36,0.5087963588372837,11,3.024615925231,9,1.8842391949788904,0.6229680863810781,6.941940135740754,3.764417266554116e-15,84,88,True,expanded:deletion,,
11,23,514,305,exact_hop,35.99999999999159,36,0.7775265381032346,12,1.7994599030069371,3,1.4556650404833473,0.8089455275168393,6.959284041922572,4.0849869267976995e-15,78,88,True,expanded:death,,
89,23,4422,4407,exact_hop,34.99999999999363,35,1.0006202019499448,13,2.414522452772205,13,1.2372953986913962,0.5124389699796787,5.483720859073827,4.835271601754825e-15,0,-1,True,pareto_kept_polished,,
5,23,197,138,wall:amplitude_wall,35.999999999992724,36,0.5087963588372837,11,3.0246159252309948,9,1.8842391949788904,0.6229680863810793,6.941940135740754,3.774998010182309e-15,84,88,True,pareto_kept_polished,,
11,23,514,305,exact_hop,35.99999999999159,36,0.7775265381032346,12,1.7994599030069371,3,1.4556650404833473,0.8089455275168393,6.959284041922572,4.0849869267976995e-15,78,88,True,pareto_kept_polished,,
85,23,4212,2286,off_manifold_hop,34.99999999999409,35,1.0008668929849642,13,2.323790175938239,13,1.447296774524642,0.6228173221105432,3.46457418053209,3.0718056624870557e-15,1,87,True,pareto_kept_polished,,
89,23,4422,4407,exact_hop,34.99999999999363,35,1.0006202019499448,13,2.414522452772205,13,1.2372953986913962,0.5124389699796787,5.483720859073827,4.835271601754825e-15,0,-1,True,frontier,,
5,23,197,138,wall:amplitude_wall,35.999999999992724,36,0.5087963588372837,11,3.0246159252309948,9,1.8842391949788904,0.6229680863810793,6.941940135740754,3.774998010182309e-15,84,88,True,frontier,,
11,23,514,305,exact_hop,35.99999999999159,36,0.7775265381032346,12,1.7994599030069371,3,1.4556650404833473,0.8089455275168393,6.959284041922572,4.0849869267976995e-15,78,88,True,frontier,,
85,23,4212,2286,off_manifold_hop,34.99999999999409,35,1.0008668929849642,13,2.323790175938239,13,1.447296774524642,0.6228173221105432,3.46457418053209,3.0718056624870557e-15,1,87,True,frontier,,
89,23,4422,4407,exact_hop,34.99999999999363,35,1.0006202019499448,13,2.414522452772205,13,1.2372953986913962,0.5124389699796787,5.483720859073827,4.835271601754825e-15,1,89,True,expanded:genericity,,
5,23,197,138,wall:amplitude_wall,35.999999999992724,36,0.5087963588372837,11,3.0246159252309948,9,1.8842391949788904,0.6229680863810793,6.941940135740754,3.774998010182309e-15,85,89,True,expanded:deletion,,
11,23,514,305,exact_hop,35.99999999999159,36,0.7775265381032346,12,1.7994599030069371,3,1.4556650404833473,0.8089455275168393,6.959284041922572,4.0849869267976995e-15,79,89,True,expanded:death,,
90,23,4469,4422,exact_hop,34.99999999998113,35,1.000555182481751,13,2.0020207090851976,13,1.4653056248760725,0.7319133204898908,5.42592026015078,9.361968056182977e-14,0,-1,True,pareto_kept_polished,,
5,23,197,138,wall:amplitude_wall,35.999999999992724,36,0.5087963588372837,11,3.024615925231,9,1.8842391949788904,0.6229680863810781,6.941940135740754,3.764417266554116e-15,85,89,True,pareto_kept_polished,,
11,23,514,305,exact_hop,35.99999999999159,36,0.7775265381032346,12,1.7994599030069371,3,1.4556650404833473,0.8089455275168393,6.959284041922572,4.0849869267976995e-15,79,89,True,pareto_kept_polished,,
85,23,4212,2286,off_manifold_hop,34.99999999999454,35,1.0008668929849642,13,2.323790175938239,13,1.447296774524642,0.6228173221105432,3.46457418053209,3.0677532777156103e-15,1,87,True,pareto_kept_polished,,
90,23,4469,4422,exact_hop,34.99999999998113,35,1.000555182481751,13,2.0020207090851976,13,1.4653056248760725,0.7319133204898908,5.42592026015078,9.361968056182977e-14,0,-1,True,frontier,,
5,23,197,138,wall:amplitude_wall,35.999999999992724,36,0.5087963588372837,11,3.024615925231,9,1.8842391949788904,0.6229680863810781,6.941940135740754,3.764417266554116e-15,85,89,True,frontier,,
11,23,514,305,exact_hop,35.99999999999159,36,0.7775265381032346,12,1.7994599030069371,3,1.4556650404833473,0.8089455275168393,6.959284041922572,4.0849869267976995e-15,79,89,True,frontier,,
85,23,4212,2286,off_manifold_hop,34.99999999999454,35,1.0008668929849642,13,2.323790175938239,13,1.447296774524642,0.6228173221105432,3.46457418053209,3.0677532777156103e-15,1,87,True,frontier,,
5,23,197,138,wall:amplitude_wall,35.999999999992724,36,0.5087963588372837,11,3.024615925231,9,1.8842391949788904,0.6229680863810781,6.941940135740754,3.764417266554116e-15,85,89,False,full_delete_probe,1.000093252652687,11
90,23,4469,4422,exact_hop,34.99999999998113,35,1.000555182481751,13,2.0020207090851976,13,1.4653056248760725,0.7319133204898908,5.42592026015078,9.361968056182977e-14,1,90,True,expanded:genericity,,
5,23,197,138,wall:amplitude_wall,35.999999999992724,36,0.5087963588372837,11,3.024615925231,9,1.8842391949788904,0.6229680863810781,6.941940135740754,3.764417266554116e-15,86,90,True,expanded:deletion,,
11,23,514,305,exact_hop,35.99999999999159,36,0.7775265381032346,12,1.7994599030069371,3,1.4556650404833473,0.8089455275168393,6.959284041922572,4.0849869267976995e-15,80,90,True,expanded:death,,
85,23,4212,2286,off_manifold_hop,34.99999999999454,35,1.0008668929849642,13,2.323790175938239,13,1.447296774524642,0.6228173221105432,3.46457418053209,3.0677532777156103e-15,2,90,True,expanded:explore,,
91,23,4514,4469,exact_hop,34.999999999993406,35,1.0015509642824754,13,2.095067823387124,13,1.5137359113351196,0.7225235834550896,5.226731958049212,4.1657812459505855e-15,0,-1,True,pareto_kept_polished,,
5,23,197,138,wall:amplitude_wall,35.999999999992724,36,0.5087963588372837,11,3.0246159252309948,9,1.8842391949788904,0.6229680863810793,6.941940135740754,3.774998010182309e-15,86,90,True,pareto_kept_polished,,
11,23,514,305,exact_hop,35.99999999999159,36,0.7775265381032346,12,1.7994599030069371,3,1.4556650404833473,0.8089455275168393,6.959284041922572,4.0849869267976995e-15,80,90,True,pareto_kept_polished,,
85,23,4212,2286,off_manifold_hop,34.999999999994316,35,1.0008668929849642,13,2.323790175938237,13,1.447296774524642,0.6228173221105436,3.46457418053209,3.0718056624870557e-15,2,90,True,pareto_kept_polished,,
91,23,4514,4469,exact_hop,34.999999999993406,35,1.0015509642824754,13,2.095067823387124,13,1.5137359113351196,0.7225235834550896,5.226731958049212,4.1657812459505855e-15,0,-1,True,frontier,,
5,23,197,138,wall:amplitude_wall,35.999999999992724,36,0.5087963588372837,11,3.0246159252309948,9,1.8842391949788904,0.6229680863810793,6.941940135740754,3.774998010182309e-15,86,90,True,frontier,,
11,23,514,305,exact_hop,35.99999999999159,36,0.7775265381032346,12,1.7994599030069371,3,1.4556650404833473,0.8089455275168393,6.959284041922572,4.0849869267976995e-15,80,90,True,frontier,,
85,23,4212,2286,off_manifold_hop,34.999999999994316,35,1.0008668929849642,13,2.323790175938237,13,1.447296774524642,0.6228173221105436,3.46457418053209,3.0718056624870557e-15,2,90,True,frontier,,
91,23,4514,4469,exact_hop,34.999999999993406,35,1.0015509642824754,13,2.095067823387124,13,1.5137359113351196,0.7225235834550896,5.226731958049212,4.1657812459505855e-15,1,91,True,expanded:genericity,,
5,23,197,138,wall:amplitude_wall,35.999999999992724,36,0.5087963588372837,11,3.0246159252309948,9,1.8842391949788904,0.6229680863810793,6.941940135740754,3.774998010182309e-15,87,91,True,expanded:deletion,,
11,23,514,305,exact_hop,35.99999999999159,36,0.7775265381032346,12,1.7994599030069371,3,1.4556650404833473,0.8089455275168393,6.959284041922572,4.0849869267976995e-15,81,91,True,expanded:death,,
92,23,4574,4514,exact_hop,34.999999999992724,35,1.0046585188225987,18,3.231498847109637,17,2.528691619506684,0.7825135453068264,5.457033763571672,3.7838692406695684e-15,0,-1,True,pareto_kept_polished,,
5,23,197,138,wall:amplitude_wall,35.999999999992724,36,0.5087963588372837,11,3.024615925231,9,1.8842391949788904,0.6229680863810781,6.941940135740754,3.764417266554116e-15,87,91,True,pareto_kept_polished,,
11,23,514,305,exact_hop,35.99999999999159,36,0.7775265381032346,12,1.7994599030069371,3,1.4556650404833473,0.8089455275168393,6.959284041922572,4.0849869267976995e-15,81,91,True,pareto_kept_polished,,
85,23,4212,2286,off_manifold_hop,34.9999999999942,35,1.0008668929849642,13,2.3237901759382384,13,1.447296774524642,0.6228173221105433,3.46457418053209,3.0680357738926085e-15,2,90,True,pareto_kept_polished,,
92,23,4574,4514,exact_hop,34.999999999992724,35,1.0046585188225987,18,3.231498847109637,17,2.528691619506684,0.7825135453068264,5.457033763571672,3.7838692406695684e-15,0,-1,True,frontier,,
5,23,197,138,wall:amplitude_wall,35.999999999992724,36,0.5087963588372837,11,3.024615925231,9,1.8842391949788904,0.6229680863810781,6.941940135740754,3.764417266554116e-15,87,91,True,frontier,,
11,23,514,305,exact_hop,35.99999999999159,36,0.7775265381032346,12,1.7994599030069371,3,1.4556650404833473,0.8089455275168393,6.959284041922572,4.0849869267976995e-15,81,91,True,frontier,,
85,23,4212,2286,off_manifold_hop,34.9999999999942,35,1.0008668929849642,13,2.3237901759382384,13,1.447296774524642,0.6228173221105433,3.46457418053209,3.0680357738926085e-15,2,90,True,frontier,,
5,23,197,138,wall:amplitude_wall,35.999999999992724,36,0.5087963588372837,11,3.024615925231,9,1.8842391949788904,0.6229680863810781,6.941940135740754,3.764417266554116e-15,87,91,False,full_delete_probe,1.000135142271413,11
92,23,4574,4514,exact_hop,34.999999999992724,35,1.0046585188225987,18,3.231498847109637,17,2.528691619506684,0.7825135453068264,5.457033763571672,3.7838692406695684e-15,1,92,True,expanded:genericity,,
5,23,197,138,wall:amplitude_wall,35.999999999992724,36,0.5087963588372837,11,3.024615925231,9,1.8842391949788904,0.6229680863810781,6.941940135740754,3.764417266554116e-15,88,92,True,expanded:deletion,,
11,23,514,305,exact_hop,35.99999999999159,36,0.7775265381032346,12,1.7994599030069371,3,1.4556650404833473,0.8089455275168393,6.959284041922572,4.0849869267976995e-15,82,92,True,expanded:death,,
93,23,4620,4574,exact_hop,34.9999999999925,35,1.0083340028887369,18,3.1904745667285255,12,1.9930935615117298,0.6247012849738602,6.361893371818102,5.349617332810286e-15,0,-1,True,pareto_kept_polished,,
5,23,197,138,wall:amplitude_wall,35.999999999992724,36,0.5087963588372837,11,3.0246159252309948,9,1.8842391949788904,0.6229680863810793,6.941940135740754,3.774998010182309e-15,88,92,True,pareto_kept_polished,,
11,23,514,305,exact_hop,35.99999999999159,36,0.7775265381032346,12,1.7994599030069371,3,1.4556650404833473,0.8089455275168393,6.959284041922572,4.0849869267976995e-15,82,92,True,pareto_kept_polished,,
85,23,4212,2286,off_manifold_hop,34.99999999999454,35,1.0008668929849642,13,2.3237901759382384,13,1.447296774524642,0.6228173221105433,3.46457418053209,3.0714921614979176e-15,2,90,True,pareto_kept_polished,,
93,23,4620,4574,exact_hop,34.9999999999925,35,1.0083340028887369,18,3.1904745667285255,12,1.9930935615117298,0.6247012849738602,6.361893371818102,5.349617332810286e-15,0,-1,True,frontier,,
5,23,197,138,wall:amplitude_wall,35.999999999992724,36,0.5087963588372837,11,3.0246159252309948,9,1.8842391949788904,0.6229680863810793,6.941940135740754,3.774998010182309e-15,88,92,True,frontier,,
11,23,514,305,exact_hop,35.99999999999159,36,0.7775265381032346,12,1.7994599030069371,3,1.4556650404833473,0.8089455275168393,6.959284041922572,4.0849869267976995e-15,82,92,True,frontier,,
85,23,4212,2286,off_manifold_hop,34.99999999999454,35,1.0008668929849642,13,2.3237901759382384,13,1.447296774524642,0.6228173221105433,3.46457418053209,3.0714921614979176e-15,2,90,True,frontier,,
93,23,4620,4574,exact_hop,34.9999999999925,35,1.0083340028887369,18,3.1904745667285255,12,1.9930935615117298,0.6247012849738602,6.361893371818102,5.349617332810286e-15,1,93,True,expanded:genericity,,
5,23,197,138,wall:amplitude_wall,35.999999999992724,36,0.5087963588372837,11,3.0246159252309948,9,1.8842391949788904,0.6229680863810793,6.941940135740754,3.774998010182309e-15,89,93,True,expanded:deletion,,
11,23,514,305,exact_hop,35.99999999999159,36,0.7775265381032346,12,1.7994599030069371,3,1.4556650404833473,0.8089455275168393,6.959284041922572,4.0849869267976995e-15,83,93,True,expanded:death,,
85,23,4212,2286,off_manifold_hop,34.99999999999454,35,1.0008668929849642,13,2.3237901759382384,13,1.447296774524642,0.6228173221105433,3.46457418053209,3.0714921614979176e-15,3,93,True,expanded:explore,,
94,23,4663,4620,exact_hop,34.99999999999136,35,1.0018021758606537,13,2.1553638613151507,13,1.6052339551375907,0.7447623967111131,7.270094709172045,6.131559398719031e-15,0,-1,True,pareto_kept_polished,,
5,23,197,138,wall:amplitude_wall,35.999999999992724,36,0.5087963588372837,11,3.024615925231,9,1.8842391949788904,0.6229680863810781,6.941940135740754,3.764417266554116e-15,89,93,True,pareto_kept_polished,,
11,23,514,305,exact_hop,35.99999999999159,36,0.7775265381032346,12,1.7994599030069371,3,1.4556650404833473,0.8089455275168393,6.959284041922572,4.0849869267976995e-15,83,93,True,pareto_kept_polished,,
85,23,4212,2286,off_manifold_hop,34.99999999999466,35,1.0008668929849642,13,2.323790175938237,13,1.447296774524642,0.6228173221105436,3.46457418053209,3.0680357738926085e-15,3,93,True,pareto_kept_polished,,
94,23,4663,4620,exact_hop,34.99999999999136,35,1.0018021758606537,13,2.1553638613151507,13,1.6052339551375907,0.7447623967111131,7.270094709172045,6.131559398719031e-15,0,-1,True,frontier,,
5,23,197,138,wall:amplitude_wall,35.999999999992724,36,0.5087963588372837,11,3.024615925231,9,1.8842391949788904,0.6229680863810781,6.941940135740754,3.764417266554116e-15,89,93,True,frontier,,
11,23,514,305,exact_hop,35.99999999999159,36,0.7775265381032346,12,1.7994599030069371,3,1.4556650404833473,0.8089455275168393,6.959284041922572,4.0849869267976995e-15,83,93,True,frontier,,
85,23,4212,2286,off_manifold_hop,34.99999999999466,35,1.0008668929849642,13,2.323790175938237,13,1.447296774524642,0.6228173221105436,3.46457418053209,3.0680357738926085e-15,3,93,True,frontier,,
5,23,197,138,wall:amplitude_wall,35.999999999992724,36,0.5087963588372837,11,3.024615925231,9,1.8842391949788904,0.6229680863810781,6.941940135740754,3.764417266554116e-15,89,93,False,full_delete_probe,1.0008001332057357,11
94,23,4663,4620,exact_hop,34.99999999999136,35,1.0018021758606537,13,2.1553638613151507,13,1.6052339551375907,0.7447623967111131,7.270094709172045,6.131559398719031e-15,1,94,True,expanded:genericity,,
5,23,197,138,wall:amplitude_wall,35.999999999992724,36,0.5087963588372837,11,3.024615925231,9,1.8842391949788904,0.6229680863810781,6.941940135740754,3.764417266554116e-15,90,94,True,expanded:deletion,,
11,23,514,305,exact_hop,35.99999999999159,36,0.7775265381032346,12,1.7994599030069371,3,1.4556650404833473,0.8089455275168393,6.959284041922572,4.0849869267976995e-15,84,94,True,expanded:death,,
95,23,4721,4663,wall:amplitude_wall,34.99999999999238,35,1.0072977967316712,17,3.613162091285013,17,1.5323927142674365,0.42411402410193133,7.627350334396328,5.112533247552309e-15,0,-1,True,pareto_kept_polished,,
5,23,197,138,wall:amplitude_wall,35.999999999992724,36,0.5087963588372837,11,3.0246159252309948,9,1.8842391949788904,0.6229680863810793,6.941940135740754,3.774998010182309e-15,90,94,True,pareto_kept_polished,,
11,23,514,305,exact_hop,35.99999999999159,36,0.7775265381032346,12,1.7994599030069371,3,1.4556650404833473,0.8089455275168393,6.959284041922572,4.0849869267976995e-15,84,94,True,pareto_kept_polished,,
85,23,4212,2286,off_manifold_hop,34.99999999999454,35,1.0008668929849642,13,2.3237901759382376,13,1.447296774524642,0.6228173221105435,3.46457418053209,3.0714921614979176e-15,3,93,True,pareto_kept_polished,,
95,23,4721,4663,wall:amplitude_wall,34.99999999999238,35,1.0072977967316712,17,3.613162091285013,17,1.5323927142674365,0.42411402410193133,7.627350334396328,5.112533247552309e-15,0,-1,True,frontier,,
5,23,197,138,wall:amplitude_wall,35.999999999992724,36,0.5087963588372837,11,3.0246159252309948,9,1.8842391949788904,0.6229680863810793,6.941940135740754,3.774998010182309e-15,90,94,True,frontier,,
11,23,514,305,exact_hop,35.99999999999159,36,0.7775265381032346,12,1.7994599030069371,3,1.4556650404833473,0.8089455275168393,6.959284041922572,4.0849869267976995e-15,84,94,True,frontier,,
85,23,4212,2286,off_manifold_hop,34.99999999999454,35,1.0008668929849642,13,2.3237901759382376,13,1.447296774524642,0.6228173221105435,3.46457418053209,3.0714921614979176e-15,3,93,True,frontier,,
95,23,4721,4663,wall:amplitude_wall,34.99999999999238,35,1.0072977967316712,17,3.613162091285013,17,1.5323927142674365,0.42411402410193133,7.627350334396328,5.112533247552309e-15,1,95,True,expanded:genericity,,
5,23,197,138,wall:amplitude_wall,35.999999999992724,36,0.5087963588372837,11,3.0246159252309948,9,1.8842391949788904,0.6229680863810793,6.941940135740754,3.774998010182309e-15,91,95,True,expanded:deletion,,
11,23,514,305,exact_hop,35.99999999999159,36,0.7775265381032346,12,1.7994599030069371,3,1.4556650404833473,0.8089455275168393,6.959284041922572,4.0849869267976995e-15,85,95,True,expanded:death,,
96,23,4763,4721,off_manifold_hop,34.9999999999925,35,1.0011308079037622,13,2.115007884251305,13,1.2017851714126697,0.5682178210120912,6.100572851047935,4.2025432934383095e-15,0,-1,True,pareto_kept_polished,,
5,23,197,138,wall:amplitude_wall,35.999999999992724,36,0.5087963588372837,11,3.024615925231,9,1.8842391949788904,0.6229680863810781,6.941940135740754,3.764417266554116e-15,91,95,True,pareto_kept_polished,,
11,23,514,305,exact_hop,35.99999999999159,36,0.7775265381032346,12,1.7994599030069371,3,1.4556650404833473,0.8089455275168393,6.959284041922572,4.0849869267976995e-15,85,95,True,pareto_kept_polished,,
85,23,4212,2286,off_manifold_hop,34.999999999994316,35,1.0008668929849642,13,2.3237901759382367,13,1.447296774524642,0.6228173221105437,3.46457418053209,3.0680357738926085e-15,3,93,True,pareto_kept_polished,,
96,23,4763,4721,off_manifold_hop,34.9999999999925,35,1.0011308079037622,13,2.115007884251305,13,1.2017851714126697,0.5682178210120912,6.100572851047935,4.2025432934383095e-15,0,-1,True,frontier,,
5,23,197,138,wall:amplitude_wall,35.999999999992724,36,0.5087963588372837,11,3.024615925231,9,1.8842391949788904,0.6229680863810781,6.941940135740754,3.764417266554116e-15,91,95,True,frontier,,
11,23,514,305,exact_hop,35.99999999999159,36,0.7775265381032346,12,1.7994599030069371,3,1.4556650404833473,0.8089455275168393,6.959284041922572,4.0849869267976995e-15,85,95,True,frontier,,
85,23,4212,2286,off_manifold_hop,34.999999999994316,35,1.0008668929849642,13,2.3237901759382367,13,1.447296774524642,0.6228173221105437,3.46457418053209,3.0680357738926085e-15,3,93,True,frontier,,
5,23,197,138,wall:amplitude_wall,35.999999999992724,36,0.5087963588372837,11,3.024615925231,9,1.8842391949788904,0.6229680863810781,6.941940135740754,3.764417266554116e-15,91,95,False,full_delete_probe,1.0005144943933535,11
96,23,4763,4721,off_manifold_hop,34.9999999999925,35,1.0011308079037622,13,2.115007884251305,13,1.2017851714126697,0.5682178210120912,6.100572851047935,4.2025432934383095e-15,1,96,True,expanded:genericity,,
5,23,197,138,wall:amplitude_wall,35.999999999992724,36,0.5087963588372837,11,3.024615925231,9,1.8842391949788904,0.6229680863810781,6.941940135740754,3.764417266554116e-15,92,96,True,expanded:deletion,,
11,23,514,305,exact_hop,35.99999999999159,36,0.7775265381032346,12,1.7994599030069371,3,1.4556650404833473,0.8089455275168393,6.959284041922572,4.0849869267976995e-15,86,96,True,expanded:death,,
85,23,4212,2286,off_manifold_hop,34.999999999994316,35,1.0008668929849642,13,2.3237901759382367,13,1.447296774524642,0.6228173221105437,3.46457418053209,3.0680357738926085e-15,4,96,True,expanded:explore,,
97,23,4806,4763,wall:amplitude_wall,34.999999999991815,35,1.0009009002966338,12,3.2433646084322243,15,2.239969713058509,0.6906314841183595,6.120688173463125,3.9447579437425575e-15,0,-1,True,pareto_kept_polished,,
5,23,197,138,wall:amplitude_wall,35.999999999992724,36,0.5087963588372837,11,3.0246159252309948,9,1.8842391949788904,0.6229680863810793,6.941940135740754,3.774998010182309e-15,92,96,True,pareto_kept_polished,,
11,23,514,305,exact_hop,35.99999999999159,36,0.7775265381032346,12,1.7994599030069371,3,1.4556650404833473,0.8089455275168393,6.959284041922572,4.0849869267976995e-15,86,96,True,pareto_kept_polished,,
85,23,4212,2286,off_manifold_hop,34.99999999999454,35,1.0008668929849642,13,2.3237901759382362,13,1.447296774524642,0.6228173221105439,3.46457418053209,3.0714921614979176e-15,4,96,True,pareto_kept_polished,,
97,23,4806,4763,wall:amplitude_wall,34.999999999991815,35,1.0009009002966338,12,3.2433646084322243,15,2.239969713058509,0.6906314841183595,6.120688173463125,3.9447579437425575e-15,0,-1,True,frontier,,
5,23,197,138,wall:amplitude_wall,35.999999999992724,36,0.5087963588372837,11,3.0246159252309948,9,1.8842391949788904,0.6229680863810793,6.941940135740754,3.774998010182309e-15,92,96,True,frontier,,
11,23,514,305,exact_hop,35.99999999999159,36,0.7775265381032346,12,1.7994599030069371,3,1.4556650404833473,0.8089455275168393,6.959284041922572,4.0849869267976995e-15,86,96,True,frontier,,
85,23,4212,2286,off_manifold_hop,34.99999999999454,35,1.0008668929849642,13,2.3237901759382362,13,1.447296774524642,0.6228173221105439,3.46457418053209,3.0714921614979176e-15,4,96,True,frontier,,
97,23,4806,4763,wall:amplitude_wall,34.999999999991815,35,1.0009009002966338,12,3.2433646084322243,15,2.239969713058509,0.6906314841183595,6.120688173463125,3.9447579437425575e-15,1,97,True,expanded:genericity,,
5,23,197,138,wall:amplitude_wall,35.999999999992724,36,0.5087963588372837,11,3.0246159252309948,9,1.8842391949788904,0.6229680863810793,6.941940135740754,3.774998010182309e-15,93,97,True,expanded:deletion,,
11,23,514,305,exact_hop,35.99999999999159,36,0.7775265381032346,12,1.7994599030069371,3,1.4556650404833473,0.8089455275168393,6.959284041922572,4.0849869267976995e-15,87,97,True,expanded:death,,
98,23,4866,4806,exact_hop,34.99999999985232,35,1.0081601989500943,17,2.753875197404791,17,1.6742123137872345,0.6079477804095792,6.816500375824582,4.6538567854698014e-15,0,-1,True,pareto_kept_polished,,
5,23,197,138,wall:amplitude_wall,35.999999999992724,36,0.5087963588372837,11,3.024615925231,9,1.8842391949788904,0.6229680863810781,6.941940135740754,3.764417266554116e-15,93,97,True,pareto_kept_polished,,
11,23,514,305,exact_hop,35.99999999999159,36,0.7775265381032346,12,1.7994599030069371,3,1.4556650404833473,0.8089455275168393,6.959284041922572,4.0849869267976995e-15,87,97,True,pareto_kept_polished,,
85,23,4212,2286,off_manifold_hop,34.999999999994316,35,1.0008668929849642,13,2.3237901759382362,13,1.447296774524642,0.6228173221105439,3.46457418053209,3.068420240786241e-15,4,96,True,pareto_kept_polished,,
98,23,4866,4806,exact_hop,34.99999999985232,35,1.0081601989500943,17,2.753875197404791,17,1.6742123137872345,0.6079477804095792,6.816500375824582,4.6538567854698014e-15,0,-1,True,frontier,,
5,23,197,138,wall:amplitude_wall,35.999999999992724,36,0.5087963588372837,11,3.024615925231,9,1.8842391949788904,0.6229680863810781,6.941940135740754,3.764417266554116e-15,93,97,True,frontier,,
11,23,514,305,exact_hop,35.99999999999159,36,0.7775265381032346,12,1.7994599030069371,3,1.4556650404833473,0.8089455275168393,6.959284041922572,4.0849869267976995e-15,87,97,True,frontier,,
85,23,4212,2286,off_manifold_hop,34.999999999994316,35,1.0008668929849642,13,2.3237901759382362,13,1.447296774524642,0.6228173221105439,3.46457418053209,3.068420240786241e-15,4,96,True,frontier,,
5,23,197,138,wall:amplitude_wall,35.999999999992724,36,0.5087963588372837,11,3.024615925231,9,1.8842391949788904,0.6229680863810781,6.941940135740754,3.764417266554116e-15,93,97,False,full_delete_probe,1.002426543078057,11
98,23,4866,4806,exact_hop,34.99999999985232,35,1.0081601989500943,17,2.753875197404791,17,1.6742123137872345,0.6079477804095792,6.816500375824582,4.6538567854698014e-15,1,98,True,expanded:genericity,,
5,23,197,138,wall:amplitude_wall,35.999999999992724,36,0.5087963588372837,11,3.024615925231,9,1.8842391949788904,0.6229680863810781,6.941940135740754,3.764417266554116e-15,94,98,True,expanded:deletion,,
11,23,514,305,exact_hop,35.99999999999159,36,0.7775265381032346,12,1.7994599030069371,3,1.4556650404833473,0.8089455275168393,6.959284041922572,4.0849869267976995e-15,88,98,True,expanded:death,,
99,23,4910,4866,exact_hop,34.999999999990905,35,1.0131756827434137,12,2.902526103493365,12,1.8560646215760443,0.6394652641856206,7.412951947261138,4.538906922107322e-15,0,-1,True,pareto_kept_polished,,
5,23,197,138,wall:amplitude_wall,35.999999999992724,36,0.5087963588372837,11,3.0246159252309948,9,1.8842391949788904,0.6229680863810793,6.941940135740754,3.774998010182309e-15,94,98,True,pareto_kept_polished,,
11,23,514,305,exact_hop,35.99999999999159,36,0.7775265381032346,12,1.7994599030069371,3,1.4556650404833473,0.8089455275168393,6.959284041922572,4.0849869267976995e-15,88,98,True,pareto_kept_polished,,
85,23,4212,2286,off_manifold_hop,34.99999999999454,35,1.0008668929849642,13,2.323790175938235,13,1.447296774524642,0.6228173221105442,3.46457418053209,3.0717116155499075e-15,4,96,True,pareto_kept_polished,,
99,23,4910,4866,exact_hop,34.999999999990905,35,1.0131756827434137,12,2.902526103493365,12,1.8560646215760443,0.6394652641856206,7.412951947261138,4.538906922107322e-15,0,-1,True,frontier,,
5,23,197,138,wall:amplitude_wall,35.999999999992724,36,0.5087963588372837,11,3.0246159252309948,9,1.8842391949788904,0.6229680863810793,6.941940135740754,3.774998010182309e-15,94,98,True,frontier,,
11,23,514,305,exact_hop,35.99999999999159,36,0.7775265381032346,12,1.7994599030069371,3,1.4556650404833473,0.8089455275168393,6.959284041922572,4.0849869267976995e-15,88,98,True,frontier,,
85,23,4212,2286,off_manifold_hop,34.99999999999454,35,1.0008668929849642,13,2.323790175938235,13,1.447296774524642,0.6228173221105442,3.46457418053209,3.0717116155499075e-15,4,96,True,frontier,,
99,23,4910,4866,exact_hop,34.999999999990905,35,1.0131756827434137,12,2.902526103493365,12,1.8560646215760443,0.6394652641856206,7.412951947261138,4.538906922107322e-15,1,99,True,expanded:genericity,,
5,23,197,138,wall:amplitude_wall,35.999999999992724,36,0.5087963588372837,11,3.0246159252309948,9,1.8842391949788904,0.6229680863810793,6.941940135740754,3.774998010182309e-15,95,99,True,expanded:deletion,,
11,23,514,305,exact_hop,35.99999999999159,36,0.7775265381032346,12,1.7994599030069371,3,1.4556650404833473,0.8089455275168393,6.959284041922572,4.0849869267976995e-15,89,99,True,expanded:death,,
85,23,4212,2286,off_manifold_hop,34.99999999999454,35,1.0008668929849642,13,2.323790175938235,13,1.447296774524642,0.6228173221105442,3.46457418053209,3.0717116155499075e-15,5,99,True,expanded:explore,,
100,23,4995,4212,exact_hop,34.99999999999409,35,1.0009604453076848,20,2.8978750487210014,20,1.4273934055069555,0.49256554596339347,3.9817032393551806,4.325346099002446e-15,0,-1,True,pareto_kept_polished,,
5,23,197,138,wall:amplitude_wall,35.999999999992724,36,0.5087963588372837,11,3.024615925231,9,1.8842391949788904,0.6229680863810781,6.941940135740754,3.764417266554116e-15,95,99,True,pareto_kept_polished,,
11,23,514,305,exact_hop,35.99999999999159,36,0.7775265381032346,12,1.7994599030069371,3,1.4556650404833473,0.8089455275168393,6.959284041922572,4.0849869267976995e-15,89,99,True,pareto_kept_polished,,
85,23,4212,2286,off_manifold_hop,34.999999999994316,35,1.0008668929849642,13,2.3237901759382362,13,1.447296774524642,0.6228173221105439,3.46457418053209,3.0682711675051e-15,5,99,True,pareto_kept_polished,,
100,23,4995,4212,exact_hop,34.99999999999409,35,1.0009604453076848,20,2.8978750487210014,20,1.4273934055069555,0.49256554596339347,3.9817032393551806,4.325346099002446e-15,0,-1,True,frontier,,
5,23,197,138,wall:amplitude_wall,35.999999999992724,36,0.5087963588372837,11,3.024615925231,9,1.8842391949788904,0.6229680863810781,6.941940135740754,3.764417266554116e-15,95,99,True,frontier,,
11,23,514,305,exact_hop,35.99999999999159,36,0.7775265381032346,12,1.7994599030069371,3,1.4556650404833473,0.8089455275168393,6.959284041922572,4.0849869267976995e-15,89,99,True,frontier,,
85,23,4212,2286,off_manifold_hop,34.999999999994316,35,1.0008668929849642,13,2.3237901759382362,13,1.447296774524642,0.6228173221105439,3.46457418053209,3.0682711675051e-15,5,99,True,frontier,,
5,23,197,138,wall:amplitude_wall,35.999999999992724,36,0.5087963588372837,11,3.024615925231,9,1.8842391949788904,0.6229680863810781,6.941940135740754,3.764417266554116e-15,95,99,False,full_delete_probe,1.0000995021772967,11
100,23,4995,4212,exact_hop,34.99999999999409,35,1.0009604453076848,20,2.8978750487210014,20,1.4273934055069555,0.49256554596339347,3.9817032393551806,4.325346099002446e-15,1,100,True,expanded:genericity,,
5,23,197,138,wall:amplitude_wall,35.999999999992724,36,0.5087963588372837,11,3.024615925231,9,1.8842391949788904,0.6229680863810781,6.941940135740754,3.764417266554116e-15,96,100,True,expanded:deletion,,
11,23,514,305,exact_hop,35.99999999999159,36,0.7775265381032346,12,1.7994599030069371,3,1.4556650404833473,0.8089455275168393,6.959284041922572,4.0849869267976995e-15,90,100,True,expanded:death,,
101,23,5010,4995,exact_hop,34.99999999999363,35,1.0005524467389046,20,2.7038743881795617,20,1.2721188937111663,0.4704800264658915,4.963971365464815,3.4500528368906156e-15,0,-1,True,pareto_kept_polished,,
5,23,197,138,wall:amplitude_wall,35.999999999992724,36,0.5087963588372837,11,3.0246159252309948,9,1.8842391949788904,0.6229680863810793,6.941940135740754,3.774998010182309e-15,96,100,True,pareto_kept_polished,,
11,23,514,305,exact_hop,35.99999999999159,36,0.7775265381032346,12,1.7994599030069371,3,1.4556650404833473,0.8089455275168393,6.959284041922572,4.0849869267976995e-15,90,100,True,pareto_kept_polished,,
85,23,4212,2286,off_manifold_hop,34.99999999999477,35,1.0008668929849642,13,2.3237901759382393,13,1.447296774524642,0.6228173221105431,3.46457418053209,3.0716979001309933e-15,5,99,True,pareto_kept_polished,,
101,23,5010,4995,exact_hop,34.99999999999363,35,1.0005524467389046,20,2.7038743881795617,20,1.2721188937111663,0.4704800264658915,4.963971365464815,3.4500528368906156e-15,0,-1,True,frontier,,
5,23,197,138,wall:amplitude_wall,35.999999999992724,36,0.5087963588372837,11,3.0246159252309948,9,1.8842391949788904,0.6229680863810793,6.941940135740754,3.774998010182309e-15,96,100,True,frontier,,
11,23,514,305,exact_hop,35.99999999999159,36,0.7775265381032346,12,1.7994599030069371,3,1.4556650404833473,0.8089455275168393,6.959284041922572,4.0849869267976995e-15,90,100,True,frontier,,
85,23,4212,2286,off_manifold_hop,34.99999999999477,35,1.0008668929849642,13,2.3237901759382393,13,1.447296774524642,0.6228173221105431,3.46457418053209,3.0716979001309933e-15,5,99,True,frontier,,
101,23,5010,4995,exact_hop,34.99999999999363,35,1.0005524467389046,20,2.7038743881795617,20,1.2721188937111663,0.4704800264658915,4.963971365464815,3.4500528368906156e-15,1,101,True,expanded:genericity,,
5,23,197,138,wall:amplitude_wall,35.999999999992724,36,0.5087963588372837,11,3.0246159252309948,9,1.8842391949788904,0.6229680863810793,6.941940135740754,3.774998010182309e-15,97,101,True,expanded:deletion,,
11,23,514,305,exact_hop,35.99999999999159,36,0.7775265381032346,12,1.7994599030069371,3,1.4556650404833473,0.8089455275168393,6.959284041922572,4.0849869267976995e-15,91,101,True,expanded:death,,
102,23,5056,5010,exact_hop,34.99999999999329,35,1.0005049970707338,13,2.7512336220177764,20,1.25466331635337,0.4560366325536506,5.323300204776798,4.7277364646753566e-15,0,-1,True,pareto_kept_polished,,
5,23,197,138,wall:amplitude_wall,35.999999999992724,36,0.5087963588372837,11,3.024615925231,9,1.8842391949788904,0.6229680863810781,6.941940135740754,3.764417266554116e-15,97,101,True,pareto_kept_polished,,
11,23,514,305,exact_hop,35.99999999999159,36,0.7775265381032346,12,1.7994599030069371,3,1.4556650404833473,0.8089455275168393,6.959284041922572,4.0849869267976995e-15,91,101,True,pareto_kept_polished,,
85,23,4212,2286,off_manifold_hop,34.99999999999466,35,1.0008668929849642,13,2.323790175938237,13,1.447296774524642,0.6228173221105436,3.46457418053209,3.068257681900399e-15,5,99,True,pareto_kept_polished,,
102,23,5056,5010,exact_hop,34.99999999999329,35,1.0005049970707338,13,2.7512336220177764,20,1.25466331635337,0.4560366325536506,5.323300204776798,4.7277364646753566e-15,0,-1,True,frontier,,
5,23,197,138,wall:amplitude_wall,35.999999999992724,36,0.5087963588372837,11,3.024615925231,9,1.8842391949788904,0.6229680863810781,6.941940135740754,3.764417266554116e-15,97,101,True,frontier,,
11,23,514,305,exact_hop,35.99999999999159,36,0.7775265381032346,12,1.7994599030069371,3,1.4556650404833473,0.8089455275168393,6.959284041922572,4.0849869267976995e-15,91,101,True,frontier,,
85,23,4212,2286,off_manifold_hop,34.99999999999466,35,1.0008668929849642,13,2.323790175938237,13,1.447296774524642,0.6228173221105436,3.46457418053209,3.068257681900399e-15,5,99,True,frontier,,
5,23,197,138,wall:amplitude_wall,35.999999999992724,36,0.5087963588372837,11,3.024615925231,9,1.8842391949788904,0.6229680863810781,6.941940135740754,3.764417266554116e-15,97,101,False,full_delete_probe,1.000195550268432,11
102,23,5056,5010,exact_hop,34.99999999999329,35,1.0005049970707338,13,2.7512336220177764,20,1.25466331635337,0.4560366325536506,5.323300204776798,4.7277364646753566e-15,1,102,True,expanded:genericity,,
5,23,197,138,wall:amplitude_wall,35.999999999992724,36,0.5087963588372837,11,3.024615925231,9,1.8842391949788904,0.6229680863810781,6.941940135740754,3.764417266554116e-15,98,102,True,expanded:deletion,,
11,23,514,305,exact_hop,35.99999999999159,36,0.7775265381032346,12,1.7994599030069371,3,1.4556650404833473,0.8089455275168393,6.959284041922572,4.0849869267976995e-15,92,102,True,expanded:death,,
85,23,4212,2286,off_manifold_hop,34.99999999999466,35,1.0008668929849642,13,2.323790175938237,13,1.447296774524642,0.6228173221105436,3.46457418053209,3.068257681900399e-15,6,102,True,expanded:explore,,
103,23,5105,5056,off_manifold_hop,34.9999999999925,35,1.0007219614140404,20,3.098775578949259,13,1.390287065165564,0.448656906492398,5.694349734148588,3.805866458736599e-15,0,-1,True,pareto_kept_polished,,
5,23,197,138,wall:amplitude_wall,35.999999999992724,36,0.5087963588372837,11,3.0246159252309948,9,1.8842391949788904,0.6229680863810793,6.941940135740754,3.774998010182309e-15,98,102,True,pareto_kept_polished,,
11,23,514,305,exact_hop,35.99999999999159,36,0.7775265381032346,12,1.7994599030069371,3,1.4556650404833473,0.8089455275168393,6.959284041922572,4.0849869267976995e-15,92,102,True,pareto_kept_polished,,
85,23,4212,2286,off_manifold_hop,34.99999999999466,35,1.0008668929849642,13,2.323790175938237,13,1.447296774524642,0.6228173221105436,3.46457418053209,3.0716665503720804e-15,6,102,True,pareto_kept_polished,,
103,23,5105,5056,off_manifold_hop,34.9999999999925,35,1.0007219614140404,20,3.098775578949259,13,1.390287065165564,0.448656906492398,5.694349734148588,3.805866458736599e-15,0,-1,True,frontier,,
5,23,197,138,wall:amplitude_wall,35.999999999992724,36,0.5087963588372837,11,3.0246159252309948,9,1.8842391949788904,0.6229680863810793,6.941940135740754,3.774998010182309e-15,98,102,True,frontier,,
11,23,514,305,exact_hop,35.99999999999159,36,0.7775265381032346,12,1.7994599030069371,3,1.4556650404833473,0.8089455275168393,6.959284041922572,4.0849869267976995e-15,92,102,True,frontier,,
85,23,4212,2286,off_manifold_hop,34.99999999999466,35,1.0008668929849642,13,2.323790175938237,13,1.447296774524642,0.6228173221105436,3.46457418053209,3.0716665503720804e-15,6,102,True,frontier,,
103,23,5105,5056,off_manifold_hop,34.9999999999925,35,1.0007219614140404,20,3.098775578949259,13,1.390287065165564,0.448656906492398,5.694349734148588,3.805866458736599e-15,1,103,True,expanded:genericity,,
5,23,197,138,wall:amplitude_wall,35.999999999992724,36,0.5087963588372837,11,3.0246159252309948,9,1.8842391949788904,0.6229680863810793,6.941940135740754,3.774998010182309e-15,99,103,True,expanded:deletion,,
11,23,514,305,exact_hop,35.99999999999159,36,0.7775265381032346,12,1.7994599030069371,3,1.4556650404833473,0.8089455275168393,6.959284041922572,4.0849869267976995e-15,93,103,True,expanded:death,,
104,23,5165,5105,exact_hop,34.999999999991815,35,1.000572958477724,13,2.2346314607196347,13,1.2772807748247115,0.5715845307276661,6.183934267320669,5.3710671085867514e-15,0,-1,True,pareto_kept_polished,,
5,23,197,138,wall:amplitude_wall,35.999999999992724,36,0.5087963588372837,11,3.024615925231,9,1.8842391949788904,0.6229680863810781,6.941940135740754,3.764417266554116e-15,99,103,True,pareto_kept_polished,,
11,23,514,305,exact_hop,35.99999999999159,36,0.7775265381032346,12,1.7994599030069371,3,1.4556650404833473,0.8089455275168393,6.959284041922572,4.0849869267976995e-15,93,103,True,pareto_kept_polished,,
85,23,4212,2286,off_manifold_hop,34.99999999999466,35,1.0008668929849642,13,2.3237901759382393,13,1.447296774524642,0.6228173221105431,3.46457418053209,3.068243951041987e-15,6,102,True,pareto_kept_polished,,
104,23,5165,5105,exact_hop,34.999999999991815,35,1.000572958477724,13,2.2346314607196347,13,1.2772807748247115,0.5715845307276661,6.183934267320669,5.3710671085867514e-15,0,-1,True,frontier,,
5,23,197,138,wall:amplitude_wall,35.999999999992724,36,0.5087963588372837,11,3.024615925231,9,1.8842391949788904,0.6229680863810781,6.941940135740754,3.764417266554116e-15,99,103,True,frontier,,
11,23,514,305,exact_hop,35.99999999999159,36,0.7775265381032346,12,1.7994599030069371,3,1.4556650404833473,0.8089455275168393,6.959284041922572,4.0849869267976995e-15,93,103,True,frontier,,
85,23,4212,2286,off_manifold_hop,34.99999999999466,35,1.0008668929849642,13,2.3237901759382393,13,1.447296774524642,0.6228173221105431,3.46457418053209,3.068243951041987e-15,6,102,True,frontier,,
5,23,197,138,wall:amplitude_wall,35.999999999992724,36,0.5087963588372837,11,3.024615925231,9,1.8842391949788904,0.6229680863810781,6.941940135740754,3.764417266554116e-15,99,103,False,full_delete_probe,1.0107908946951067,11
104,23,5165,5105,exact_hop,34.999999999991815,35,1.000572958477724,13,2.2346314607196347,13,1.2772807748247115,0.5715845307276661,6.183934267320669,5.3710671085867514e-15,1,104,True,expanded:genericity,,
5,23,197,138,wall:amplitude_wall,35.999999999992724,36,0.5087963588372837,11,3.024615925231,9,1.8842391949788904,0.6229680863810781,6.941940135740754,3.764417266554116e-15,100,104,True,expanded:deletion,,
11,23,514,305,exact_hop,35.99999999999159,36,0.7775265381032346,12,1.7994599030069371,3,1.4556650404833473,0.8089455275168393,6.959284041922572,4.0849869267976995e-15,94,104,True,expanded:death,,
105,23,5209,5165,exact_hop,34.999999999991815,35,1.000949247209101,20,3.042327291894087,20,1.2130053652516357,0.3987096879693193,7.053841779902174,4.284219340778149e-15,0,-1,True,pareto_kept_polished,,
5,23,197,138,wall:amplitude_wall,35.999999999992724,36,0.5087963588372837,11,3.0246159252309948,9,1.8842391949788904,0.6229680863810793,6.941940135740754,3.774998010182309e-15,100,104,True,pareto_kept_polished,,
11,23,514,305,exact_hop,35.99999999999159,36,0.7775265381032346,12,1.7994599030069371,3,1.4556650404833473,0.8089455275168393,6.959284041922572,4.0849869267976995e-15,94,104,True,pareto_kept_polished,,
85,23,4212,2286,off_manifold_hop,34.99999999999466,35,1.0008668929849642,13,2.3237901759382367,13,1.447296774524642,0.6228173221105437,3.46457418053209,3.0716738980005328e-15,6,102,True,pareto_kept_polished,,
105,23,5209,5165,exact_hop,34.999999999991815,35,1.000949247209101,20,3.042327291894087,20,1.2130053652516357,0.3987096879693193,7.053841779902174,4.284219340778149e-15,0,-1,True,frontier,,
5,23,197,138,wall:amplitude_wall,35.999999999992724,36,0.5087963588372837,11,3.0246159252309948,9,1.8842391949788904,0.6229680863810793,6.941940135740754,3.774998010182309e-15,100,104,True,frontier,,
11,23,514,305,exact_hop,35.99999999999159,36,0.7775265381032346,12,1.7994599030069371,3,1.4556650404833473,0.8089455275168393,6.959284041922572,4.0849869267976995e-15,94,104,True,frontier,,
85,23,4212,2286,off_manifold_hop,34.99999999999466,35,1.0008668929849642,13,2.3237901759382367,13,1.447296774524642,0.6228173221105437,3.46457418053209,3.0716738980005328e-15,6,102,True,frontier,,
105,23,5209,5165,exact_hop,34.999999999991815,35,1.000949247209101,20,3.042327291894087,20,1.2130053652516357,0.3987096879693193,7.053841779902174,4.284219340778149e-15,1,105,True,expanded:genericity,,
5,23,197,138,wall:amplitude_wall,35.999999999992724,36,0.5087963588372837,11,3.0246159252309948,9,1.8842391949788904,0.6229680863810793,6.941940135740754,3.774998010182309e-15,101,105,True,expanded:deletion,,
11,23,514,305,exact_hop,35.99999999999159,36,0.7775265381032346,12,1.7994599030069371,3,1.4556650404833473,0.8089455275168393,6.959284041922572,4.0849869267976995e-15,95,105,True,expanded:death,,
85,23,4212,2286,off_manifold_hop,34.99999999999466,35,1.0008668929849642,13,2.3237901759382367,13,1.447296774524642,0.6228173221105437,3.46457418053209,3.0716738980005328e-15,7,105,True,expanded:explore,,
106,23,5254,5209,exact_hop,34.999999999990905,35,1.0012929953889813,20,3.5219838082867256,1,2.539326858250828,0.7209933368450344,7.316449456145065,6.5197385174629144e-15,0,-1,True,pareto_kept_polished,,
5,23,197,138,wall:amplitude_wall,35.999999999992724,36,0.5087963588372837,11,3.024615925231,9,1.8842391949788904,0.6229680863810781,6.941940135740754,3.764417266554116e-15,101,105,True,pareto_kept_polished,,
11,23,514,305,exact_hop,35.99999999999159,36,0.7775265381032346,12,1.7994599030069371,3,1.4556650404833473,0.8089455275168393,6.959284041922572,4.0849869267976995e-15,95,105,True,pareto_kept_polished,,
85,23,4212,2286,off_manifold_hop,34.99999999999454,35,1.0008668929849642,13,2.3237901759382367,13,1.447296774524642,0.6228173221105437,3.46457418053209,3.0682125659920152e-15,7,105,True,pareto_kept_polished,,
106,23,5254,5209,exact_hop,34.999999999990905,35,1.0012929953889813,20,3.5219838082867256,1,2.539326858250828,0.7209933368450344,7.316449456145065,6.5197385174629144e-15,0,-1,True,frontier,,
5,23,197,138,wall:amplitude_wall,35.999999999992724,36,0.5087963588372837,11,3.024615925231,9,1.8842391949788904,0.6229680863810781,6.941940135740754,3.764417266554116e-15,101,105,True,frontier,,
11,23,514,305,exact_hop,35.99999999999159,36,0.7775265381032346,12,1.7994599030069371,3,1.4556650404833473,0.8089455275168393,6.959284041922572,4.0849869267976995e-15,95,105,True,frontier,,
85,23,4212,2286,off_manifold_hop,34.99999999999454,35,1.0008668929849642,13,2.3237901759382367,13,1.447296774524642,0.6228173221105437,3.46457418053209,3.0682125659920152e-15,7,105,True,frontier,,
5,23,197,138,wall:amplitude_wall,35.999999999992724,36,0.5087963588372837,11,3.024615925231,9,1.8842391949788904,0.6229680863810781,6.941940135740754,3.764417266554116e-15,101,105,False,full_delete_probe,1.0000828239358015,11
106,23,5254,5209,exact_hop,34.999999999990905,35,1.0012929953889813,20,3.5219838082867256,1,2.539326858250828,0.7209933368450344,7.316449456145065,6.5197385174629144e-15,1,106,True,expanded:genericity,,
5,23,197,138,wall:amplitude_wall,35.999999999992724,36,0.5087963588372837,11,3.024615925231,9,1.8842391949788904,0.6229680863810781,6.941940135740754,3.764417266554116e-15,102,106,True,expanded:deletion,,
11,23,514,305,exact_hop,35.99999999999159,36,0.7775265381032346,12,1.7994599030069371,3,1.4556650404833473,0.8089455275168393,6.959284041922572,4.0849869267976995e-15,96,106,True,expanded:death,,
107,23,5312,5254,exact_hop,34.99999999999079,35,1.0045599773678693,13,2.290474596254672,13,1.5329564447736463,0.6692745893276001,7.813844358145939,4.9571351618238945e-15,0,-1,True,pareto_kept_polished,,
5,23,197,138,wall:amplitude_wall,35.999999999992724,36,0.5087963588372837,11,3.0246159252309948,9,1.8842391949788904,0.6229680863810793,6.941940135740754,3.774998010182309e-15,102,106,True,pareto_kept_polished,,
11,23,514,305,exact_hop,35.99999999999159,36,0.7775265381032346,12,1.7994599030069371,3,1.4556650404833473,0.8089455275168393,6.959284041922572,4.0849869267976995e-15,96,106,True,pareto_kept_polished,,
85,23,4212,2286,off_manifold_hop,34.99999999999443,35,1.0008668929849642,13,2.3237901759382362,13,1.447296774524642,0.6228173221105439,3.46457418053209,3.071671938634664e-15,7,105,True,pareto_kept_polished,,
107,23,5312,5254,exact_hop,34.99999999999079,35,1.0045599773678693,13,2.290474596254672,13,1.5329564447736463,0.6692745893276001,7.813844358145939,4.9571351618238945e-15,0,-1,True,frontier,,
5,23,197,138,wall:amplitude_wall,35.999999999992724,36,0.5087963588372837,11,3.0246159252309948,9,1.8842391949788904,0.6229680863810793,6.941940135740754,3.774998010182309e-15,102,106,True,frontier,,
11,23,514,305,exact_hop,35.99999999999159,36,0.7775265381032346,12,1.7994599030069371,3,1.4556650404833473,0.8089455275168393,6.959284041922572,4.0849869267976995e-15,96,106,True,frontier,,
85,23,4212,2286,off_manifold_hop,34.99999999999443,35,1.0008668929849642,13,2.3237901759382362,13,1.447296774524642,0.6228173221105439,3.46457418053209,3.071671938634664e-15,7,105,True,frontier,,
107,23,5312,5254,exact_hop,34.99999999999079,35,1.0045599773678693,13,2.290474596254672,13,1.5329564447736463,0.6692745893276001,7.813844358145939,4.9571351618238945e-15,1,107,True,expanded:genericity,,
5,23,197,138,wall:amplitude_wall,35.999999999992724,36,0.5087963588372837,11,3.0246159252309948,9,1.8842391949788904,0.6229680863810793,6.941940135740754,3.774998010182309e-15,103,107,True,expanded:deletion,,
11,23,514,305,exact_hop,35.99999999999159,36,0.7775265381032346,12,1.7994599030069371,3,1.4556650404833473,0.8089455275168393,6.959284041922572,4.0849869267976995e-15,97,107,True,expanded:death,,
108,23,5353,5312,exact_hop,34.999999999990905,35,1.0019995219497786,13,2.380220483255346,13,1.2362893669977333,0.5194011965256692,7.761681259352958,5.538364071706232e-15,0,-1,True,pareto_kept_polished,,
5,23,197,138,wall:amplitude_wall,35.999999999992724,36,0.5087963588372837,11,3.024615925231,9,1.8842391949788904,0.6229680863810781,6.941940135740754,3.764417266554116e-15,103,107,True,pareto_kept_polished,,
11,23,514,305,exact_hop,35.99999999999159,36,0.7775265381032346,12,1.7994599030069371,3,1.4556650404833473,0.8089455275168393,6.959284041922572,4.0849869267976995e-15,97,107,True,pareto_kept_polished,,
85,23,4212,2286,off_manifold_hop,34.99999999999454,35,1.0008668929849642,13,2.323790175938236,13,1.447296774524642,0.622817322110544,3.46457418053209,3.068840206006184e-15,7,105,True,pareto_kept_polished,,
108,23,5353,5312,exact_hop,34.999999999990905,35,1.0019995219497786,13,2.380220483255346,13,1.2362893669977333,0.5194011965256692,7.761681259352958,5.538364071706232e-15,0,-1,True,frontier,,
5,23,197,138,wall:amplitude_wall,35.999999999992724,36,0.5087963588372837,11,3.024615925231,9,1.8842391949788904,0.6229680863810781,6.941940135740754,3.764417266554116e-15,103,107,True,frontier,,
11,23,514,305,exact_hop,35.99999999999159,36,0.7775265381032346,12,1.7994599030069371,3,1.4556650404833473,0.8089455275168393,6.959284041922572,4.0849869267976995e-15,97,107,True,frontier,,
85,23,4212,2286,off_manifold_hop,34.99999999999454,35,1.0008668929849642,13,2.323790175938236,13,1.447296774524642,0.622817322110544,3.46457418053209,3.068840206006184e-15,7,105,True,frontier,,
5,23,197,138,wall:amplitude_wall,35.999999999992724,36,0.5087963588372837,11,3.024615925231,9,1.8842391949788904,0.6229680863810781,6.941940135740754,3.764417266554116e-15,103,107,False,full_delete_probe,1.004690360464929,11
108,23,5353,5312,exact_hop,34.999999999990905,35,1.0019995219497786,13,2.380220483255346,13,1.2362893669977333,0.5194011965256692,7.761681259352958,5.538364071706232e-15,1,108,True,expanded:genericity,,
5,23,197,138,wall:amplitude_wall,35.999999999992724,36,0.5087963588372837,11,3.024615925231,9,1.8842391949788904,0.6229680863810781,6.941940135740754,3.764417266554116e-15,104,108,True,expanded:deletion,,
11,23,514,305,exact_hop,35.99999999999159,36,0.7775265381032346,12,1.7994599030069371,3,1.4556650404833473,0.8089455275168393,6.959284041922572,4.0849869267976995e-15,98,108,True,expanded:death,,
85,23,4212,2286,off_manifold_hop,34.99999999999454,35,1.0008668929849642,13,2.323790175938236,13,1.447296774524642,0.622817322110544,3.46457418053209,3.068840206006184e-15,8,108,True,expanded:explore,,
109,23,5443,4212,exact_hop,34.99999999999386,35,1.0004146484693899,13,2.3809816409545475,13,1.1834002567959858,0.49702199985110124,4.595371084888574,3.70417616184549e-15,0,-1,True,pareto_kept_polished,,
5,23,197,138,wall:amplitude_wall,35.999999999992724,36,0.5087963588372837,11,3.0246159252309948,9,1.8842391949788904,0.6229680863810793,6.941940135740754,3.774998010182309e-15,104,108,True,pareto_kept_polished,,
11,23,514,305,exact_hop,35.99999999999159,36,0.7775265381032346,12,1.7994599030069371,3,1.4556650404833473,0.8089455275168393,6.959284041922572,4.0849869267976995e-15,98,108,True,pareto_kept_polished,,
85,23,4212,2286,off_manifold_hop,34.99999999999454,35,1.0008668929849642,13,2.3237901759382376,13,1.447296774524642,0.6228173221105435,3.46457418053209,3.071671938634664e-15,8,108,True,pareto_kept_polished,,
109,23,5443,4212,exact_hop,34.99999999999386,35,1.0004146484693899,13,2.3809816409545475,13,1.1834002567959858,0.49702199985110124,4.595371084888574,3.70417616184549e-15,0,-1,True,frontier,,
5,23,197,138,wall:amplitude_wall,35.999999999992724,36,0.5087963588372837,11,3.0246159252309948,9,1.8842391949788904,0.6229680863810793,6.941940135740754,3.774998010182309e-15,104,108,True,frontier,,
11,23,514,305,exact_hop,35.99999999999159,36,0.7775265381032346,12,1.7994599030069371,3,1.4556650404833473,0.8089455275168393,6.959284041922572,4.0849869267976995e-15,98,108,True,frontier,,
85,23,4212,2286,off_manifold_hop,34.99999999999454,35,1.0008668929849642,13,2.3237901759382376,13,1.447296774524642,0.6228173221105435,3.46457418053209,3.071671938634664e-15,8,108,True,frontier,,
109,23,5443,4212,exact_hop,34.99999999999386,35,1.0004146484693899,13,2.3809816409545475,13,1.1834002567959858,0.49702199985110124,4.595371084888574,3.70417616184549e-15,1,109,True,expanded:genericity,,
5,23,197,138,wall:amplitude_wall,35.999999999992724,36,0.5087963588372837,11,3.0246159252309948,9,1.8842391949788904,0.6229680863810793,6.941940135740754,3.774998010182309e-15,105,109,True,expanded:deletion,,
11,23,514,305,exact_hop,35.99999999999159,36,0.7775265381032346,12,1.7994599030069371,3,1.4556650404833473,0.8089455275168393,6.959284041922572,4.0849869267976995e-15,99,109,True,expanded:death,,
110,23,5458,5443,wall:amplitude_wall,34.99999999999409,35,1.0004129756872158,12,3.050467768762859,7,2.232085715935905,0.7317191608423861,4.503091346573827,3.085385349172261e-15,0,-1,True,pareto_kept_polished,,
5,23,197,138,wall:amplitude_wall,35.999999999992724,36,0.5087963588372837,11,3.024615925231,9,1.8842391949788904,0.6229680863810781,6.941940135740754,3.764417266554116e-15,105,109,True,pareto_kept_polished,,
11,23,514,305,exact_hop,35.99999999999159,36,0.7775265381032346,12,1.7994599030069371,3,1.4556650404833473,0.8089455275168393,6.959284041922572,4.0849869267976995e-15,99,109,True,pareto_kept_polished,,
85,23,4212,2286,off_manifold_hop,34.99999999999466,35,1.0008668929849642,13,2.323790175938238,13,1.447296774524642,0.6228173221105434,3.46457418053209,3.068840206006184e-15,8,108,True,pareto_kept_polished,,
110,23,5458,5443,wall:amplitude_wall,34.99999999999409,35,1.0004129756872158,12,3.050467768762859,7,2.232085715935905,0.7317191608423861,4.503091346573827,3.085385349172261e-15,0,-1,True,frontier,,
5,23,197,138,wall:amplitude_wall,35.999999999992724,36,0.5087963588372837,11,3.024615925231,9,1.8842391949788904,0.6229680863810781,6.941940135740754,3.764417266554116e-15,105,109,True,frontier,,
11,23,514,305,exact_hop,35.99999999999159,36,0.7775265381032346,12,1.7994599030069371,3,1.4556650404833473,0.8089455275168393,6.959284041922572,4.0849869267976995e-15,99,109,True,frontier,,
85,23,4212,2286,off_manifold_hop,34.99999999999466,35,1.0008668929849642,13,2.323790175938238,13,1.447296774524642,0.6228173221105434,3.46457418053209,3.068840206006184e-15,8,108,True,frontier,,
5,23,197,138,wall:amplitude_wall,35.999999999992724,36,0.5087963588372837,11,3.024615925231,9,1.8842391949788904,0.6229680863810781,6.941940135740754,3.764417266554116e-15,105,109,False,full_delete_probe,1.0004750440504915,11
110,23,5458,5443,wall:amplitude_wall,34.99999999999409,35,1.0004129756872158,12,3.050467768762859,7,2.232085715935905,0.7317191608423861,4.503091346573827,3.085385349172261e-15,1,110,True,expanded:genericity,,
5,23,197,138,wall:amplitude_wall,35.999999999992724,36,0.5087963588372837,11,3.024615925231,9,1.8842391949788904,0.6229680863810781,6.941940135740754,3.764417266554116e-15,106,110,True,expanded:deletion,,
11,23,514,305,exact_hop,35.99999999999159,36,0.7775265381032346,12,1.7994599030069371,3,1.4556650404833473,0.8089455275168393,6.959284041922572,4.0849869267976995e-15,100,110,True,expanded:death,,
111,23,5504,5458,exact_hop,34.99999999999318,35,1.0002467051048525,13,2.4416454546138118,13,1.4295970291361118,0.5855055763459429,5.257961294584174,3.760039433044163e-15,0,-1,True,pareto_kept_polished,,
5,23,197,138,wall:amplitude_wall,35.999999999992724,36,0.5087963588372837,11,3.0246159252309948,9,1.8842391949788904,0.6229680863810793,6.941940135740754,3.774998010182309e-15,106,110,True,pareto_kept_polished,,
11,23,514,305,exact_hop,35.99999999999159,36,0.7775265381032346,12,1.7994599030069371,3,1.4556650404833473,0.8089455275168393,6.959284041922572,4.0849869267976995e-15,100,110,True,pareto_kept_polished,,
85,23,4212,2286,off_manifold_hop,34.99999999999443,35,1.0008668929849642,13,2.3237901759382376,13,1.447296774524642,0.6228173221105435,3.46457418053209,3.0716856541694987e-15,8,108,True,pareto_kept_polished,,
111,23,5504,5458,exact_hop,34.99999999999318,35,1.0002467051048525,13,2.4416454546138118,13,1.4295970291361118,0.5855055763459429,5.257961294584174,3.760039433044163e-15,0,-1,True,frontier,,
5,23,197,138,wall:amplitude_wall,35.999999999992724,36,0.5087963588372837,11,3.0246159252309948,9,1.8842391949788904,0.6229680863810793,6.941940135740754,3.774998010182309e-15,106,110,True,frontier,,
11,23,514,305,exact_hop,35.99999999999159,36,0.7775265381032346,12,1.7994599030069371,3,1.4556650404833473,0.8089455275168393,6.959284041922572,4.0849869267976995e-15,100,110,True,frontier,,
85,23,4212,2286,off_manifold_hop,34.99999999999443,35,1.0008668929849642,13,2.3237901759382376,13,1.447296774524642,0.6228173221105435,3.46457418053209,3.0716856541694987e-15,8,108,True,frontier,,
111,23,5504,5458,exact_hop,34.99999999999318,35,1.0002467051048525,13,2.4416454546138118,13,1.4295970291361118,0.5855055763459429,5.257961294584174,3.760039433044163e-15,1,111,True,expanded:genericity,,
5,23,197,138,wall:amplitude_wall,35.999999999992724,36,0.5087963588372837,11,3.0246159252309948,9,1.8842391949788904,0.6229680863810793,6.941940135740754,3.774998010182309e-15,107,111,True,expanded:deletion,,
11,23,514,305,exact_hop,35.99999999999159,36,0.7775265381032346,12,1.7994599030069371,3,1.4556650404833473,0.8089455275168393,6.959284041922572,4.0849869267976995e-15,101,111,True,expanded:death,,
85,23,4212,2286,off_manifold_hop,34.99999999999443,35,1.0008668929849642,13,2.3237901759382376,13,1.447296774524642,0.6228173221105435,3.46457418053209,3.0716856541694987e-15,9,111,True,expanded:explore,,
112,23,5550,5504,exact_hop,34.99999999999295,35,1.0004405081608312,13,2.3048799903298547,13,1.239413845190345,0.5377346544680491,5.41927010962496,3.724813214192442e-15,0,-1,True,pareto_kept_polished,,
5,23,197,138,wall:amplitude_wall,35.999999999992724,36,0.5087963588372837,11,3.024615925231,9,1.8842391949788904,0.6229680863810781,6.941940135740754,3.764417266554116e-15,107,111,True,pareto_kept_polished,,
11,23,514,305,exact_hop,35.99999999999159,36,0.7775265381032346,12,1.7994599030069371,3,1.4556650404833473,0.8089455275168393,6.959284041922572,4.0849869267976995e-15,101,111,True,pareto_kept_polished,,
85,23,4212,2286,off_manifold_hop,34.99999999999454,35,1.0008668929849642,13,2.3237901759382367,13,1.447296774524642,0.6228173221105437,3.46457418053209,3.068840206006184e-15,9,111,True,pareto_kept_polished,,
112,23,5550,5504,exact_hop,34.99999999999295,35,1.0004405081608312,13,2.3048799903298547,13,1.239413845190345,0.5377346544680491,5.41927010962496,3.724813214192442e-15,0,-1,True,frontier,,
5,23,197,138,wall:amplitude_wall,35.999999999992724,36,0.5087963588372837,11,3.024615925231,9,1.8842391949788904,0.6229680863810781,6.941940135740754,3.764417266554116e-15,107,111,True,frontier,,
11,23,514,305,exact_hop,35.99999999999159,36,0.7775265381032346,12,1.7994599030069371,3,1.4556650404833473,0.8089455275168393,6.959284041922572,4.0849869267976995e-15,101,111,True,frontier,,
85,23,4212,2286,off_manifold_hop,34.99999999999454,35,1.0008668929849642,13,2.3237901759382367,13,1.447296774524642,0.6228173221105437,3.46457418053209,3.068840206006184e-15,9,111,True,frontier,,
5,23,197,138,wall:amplitude_wall,35.999999999992724,36,0.5087963588372837,11,3.024615925231,9,1.8842391949788904,0.6229680863810781,6.941940135740754,3.764417266554116e-15,107,111,False,full_delete_probe,1.0043773952263668,11
112,23,5550,5504,exact_hop,34.99999999999295,35,1.0004405081608312,13,2.3048799903298547,13,1.239413845190345,0.5377346544680491,5.41927010962496,3.724813214192442e-15,1,112,True,expanded:genericity,,
5,23,197,138,wall:amplitude_wall,35.999999999992724,36,0.5087963588372837,11,3.024615925231,9,1.8842391949788904,0.6229680863810781,6.941940135740754,3.764417266554116e-15,108,112,True,expanded:deletion,,
11,23,514,305,exact_hop,35.99999999999159,36,0.7775265381032346,12,1.7994599030069371,3,1.4556650404833473,0.8089455275168393,6.959284041922572,4.0849869267976995e-15,102,112,True,expanded:death,,
113,23,5611,5550,exact_hop,33.99999999999909,34,1.0006930222504027,13,2.790373597576823,4,2.2999025057008886,0.8242274467111278,5.41564131323972,6.051371491205129e-15,0,-1,True,pareto_kept_polished,,
5,23,197,138,wall:amplitude_wall,35.999999999992724,36,0.5087963588372837,11,3.0246159252309948,9,1.8842391949788904,0.6229680863810793,6.941940135740754,3.774998010182309e-15,108,112,True,pareto_kept_polished,,
11,23,514,305,exact_hop,35.99999999999159,36,0.7775265381032346,12,1.7994599030069371,3,1.4556650404833473,0.8089455275168393,6.959284041922572,4.0849869267976995e-15,102,112,True,pareto_kept_polished,,
85,23,4212,2286,off_manifold_hop,34.99999999999454,35,1.0008668929849642,13,2.323790175938239,13,1.447296774524642,0.6228173221105432,3.46457418053209,3.0709958827964992e-15,9,111,True,pareto_kept_polished,,
113,23,5611,5550,exact_hop,33.99999999999909,34,1.0006930222504027,13,2.790373597576823,4,2.2999025057008886,0.8242274467111278,5.41564131323972,6.051371491205129e-15,0,-1,True,frontier,,
5,23,197,138,wall:amplitude_wall,35.999999999992724,36,0.5087963588372837,11,3.0246159252309948,9,1.8842391949788904,0.6229680863810793,6.941940135740754,3.774998010182309e-15,108,112,True,frontier,,
11,23,514,305,exact_hop,35.99999999999159,36,0.7775265381032346,12,1.7994599030069371,3,1.4556650404833473,0.8089455275168393,6.959284041922572,4.0849869267976995e-15,102,112,True,frontier,,
85,23,4212,2286,off_manifold_hop,34.99999999999454,35,1.0008668929849642,13,2.323790175938239,13,1.447296774524642,0.6228173221105432,3.46457418053209,3.0709958827964992e-15,9,111,True,frontier,,
113,23,5611,5550,exact_hop,33.99999999999909,34,1.0006930222504027,13,2.790373597576823,4,2.2999025057008886,0.8242274467111278,5.41564131323972,6.051371491205129e-15,1,113,True,expanded:genericity,,
5,23,197,138,wall:amplitude_wall,35.999999999992724,36,0.5087963588372837,11,3.0246159252309948,9,1.8842391949788904,0.6229680863810793,6.941940135740754,3.774998010182309e-15,109,113,True,expanded:deletion,,
11,23,514,305,exact_hop,35.99999999999159,36,0.7775265381032346,12,1.7994599030069371,3,1.4556650404833473,0.8089455275168393,6.959284041922572,4.0849869267976995e-15,103,113,True,expanded:death,,
114,23,5656,5611,exact_hop,33.99999999999204,34,1.0011157061383995,13,2.4304317423551427,13,1.352405808248657,0.5564467352364916,5.967791423351696,5.12540555483296e-15,0,-1,True,pareto_kept_polished,,
5,23,197,138,wall:amplitude_wall,35.999999999992724,36,0.5087963588372837,11,3.024615925231,9,1.8842391949788904,0.6229680863810781,6.941940135740754,3.764417266554116e-15,109,113,True,pareto_kept_polished,,
11,23,514,305,exact_hop,35.99999999999159,36,0.7775265381032346,12,1.7994599030069371,3,1.4556650404833473,0.8089455275168393,6.959284041922572,4.0849869267976995e-15,103,113,True,pareto_kept_polished,,
85,23,4212,2286,off_manifold_hop,34.99999999999454,35,1.0008668929849642,13,2.3237901759382393,13,1.447296774524642,0.6228173221105431,3.46457418053209,3.0687460681875853e-15,9,111,True,pareto_kept_polished,,
114,23,5656,5611,exact_hop,33.99999999999204,34,1.0011157061383995,13,2.4304317423551427,13,1.352405808248657,0.5564467352364916,5.967791423351696,5.12540555483296e-15,0,-1,True,frontier,,
5,23,197,138,wall:amplitude_wall,35.999999999992724,36,0.5087963588372837,11,3.024615925231,9,1.8842391949788904,0.6229680863810781,6.941940135740754,3.764417266554116e-15,109,113,True,frontier,,
11,23,514,305,exact_hop,35.99999999999159,36,0.7775265381032346,12,1.7994599030069371,3,1.4556650404833473,0.8089455275168393,6.959284041922572,4.0849869267976995e-15,103,113,True,frontier,,
85,23,4212,2286,off_manifold_hop,34.99999999999454,35,1.0008668929849642,13,2.3237901759382393,13,1.447296774524642,0.6228173221105431,3.46457418053209,3.0687460681875853e-15,9,111,True,frontier,,
5,23,197,138,wall:amplitude_wall,35.999999999992724,36,0.5087963588372837,11,3.024615925231,9,1.8842391949788904,0.6229680863810781,6.941940135740754,3.764417266554116e-15,109,113,False,full_delete_probe,1.0018444734067429,11
114,23,5656,5611,exact_hop,33.99999999999204,34,1.0011157061383995,13,2.4304317423551427,13,1.352405808248657,0.5564467352364916,5.967791423351696,5.12540555483296e-15,1,114,True,expanded:genericity,,
5,23,197,138,wall:amplitude_wall,35.999999999992724,36,0.5087963588372837,11,3.024615925231,9,1.8842391949788904,0.6229680863810781,6.941940135740754,3.764417266554116e-15,110,114,True,expanded:deletion,,
11,23,514,305,exact_hop,35.99999999999159,36,0.7775265381032346,12,1.7994599030069371,3,1.4556650404833473,0.8089455275168393,6.959284041922572,4.0849869267976995e-15,104,114,True,expanded:death,,
85,23,4212,2286,off_manifold_hop,34.99999999999454,35,1.0008668929849642,13,2.3237901759382393,13,1.447296774524642,0.6228173221105431,3.46457418053209,3.0687460681875853e-15,10,114,True,expanded:explore,,
115,23,5701,5656,exact_hop,33.99999999999193,34,1.0032633118377499,4,2.9195548828612297,12,2.1661384669538113,0.7419413416989602,6.536497461006547,6.650163953111269e-15,0,-1,True,pareto_kept_polished,,
5,23,197,138,wall:amplitude_wall,35.999999999992724,36,0.5087963588372837,11,3.0246159252309948,9,1.8842391949788904,0.6229680863810793,6.941940135740754,3.774998010182309e-15,110,114,True,pareto_kept_polished,,
11,23,514,305,exact_hop,35.99999999999159,36,0.7775265381032346,12,1.7994599030069371,3,1.4556650404833473,0.8089455275168393,6.959284041922572,4.0849869267976995e-15,104,114,True,pareto_kept_polished,,
85,23,4212,2286,off_manifold_hop,34.999999999994316,35,1.0008668929849642,13,2.3237901759382362,13,1.447296774524642,0.6228173221105439,3.46457418053209,3.072500638874809e-15,10,114,True,pareto_kept_polished,,
115,23,5701,5656,exact_hop,33.99999999999193,34,1.0032633118377499,4,2.9195548828612297,12,2.1661384669538113,0.7419413416989602,6.536497461006547,6.650163953111269e-15,0,-1,True,frontier,,
5,23,197,138,wall:amplitude_wall,35.999999999992724,36,0.5087963588372837,11,3.0246159252309948,9,1.8842391949788904,0.6229680863810793,6.941940135740754,3.774998010182309e-15,110,114,True,frontier,,
11,23,514,305,exact_hop,35.99999999999159,36,0.7775265381032346,12,1.7994599030069371,3,1.4556650404833473,0.8089455275168393,6.959284041922572,4.0849869267976995e-15,104,114,True,frontier,,
85,23,4212,2286,off_manifold_hop,34.999999999994316,35,1.0008668929849642,13,2.3237901759382362,13,1.447296774524642,0.6228173221105439,3.46457418053209,3.072500638874809e-15,10,114,True,frontier,,
115,23,5701,5656,exact_hop,33.99999999999193,34,1.0032633118377499,4,2.9195548828612297,12,2.1661384669538113,0.7419413416989602,6.536497461006547,6.650163953111269e-15,1,115,True,expanded:genericity,,
5,23,197,138,wall:amplitude_wall,35.999999999992724,36,0.5087963588372837,11,3.0246159252309948,9,1.8842391949788904,0.6229680863810793,6.941940135740754,3.774998010182309e-15,111,115,True,expanded:deletion,,
11,23,514,305,exact_hop,35.99999999999159,36,0.7775265381032346,12,1.7994599030069371,3,1.4556650404833473,0.8089455275168393,6.959284041922572,4.0849869267976995e-15,105,115,True,expanded:death,,
116,23,5762,5701,exact_hop,33.99999999999079,34,1.0136769493879614,4,3.2940675489256677,7,2.1843946633559663,0.6631298936381521,7.1270865729678174,6.572641744037385e-15,0,-1,True,pareto_kept_polished,,
5,23,197,138,wall:amplitude_wall,35.999999999992724,36,0.5087963588372837,11,3.024615925231,9,1.8842391949788904,0.6229680863810781,6.941940135740754,3.764417266554116e-15,111,115,True,pareto_kept_polished,,
11,23,514,305,exact_hop,35.99999999999159,36,0.7775265381032346,12,1.7994599030069371,3,1.4556650404833473,0.8089455275168393,6.959284041922572,4.0849869267976995e-15,105,115,True,pareto_kept_polished,,
85,23,4212,2286,off_manifold_hop,34.999999999994316,35,1.0008668929849642,13,2.323790175938235,13,1.447296774524642,0.6228173221105442,3.46457418053209,3.0687460681875853e-15,10,114,True,pareto_kept_polished,,
116,23,5762,5701,exact_hop,33.99999999999079,34,1.0136769493879614,4,3.2940675489256677,7,2.1843946633559663,0.6631298936381521,7.1270865729678174,6.572641744037385e-15,0,-1,True,frontier,,
5,23,197,138,wall:amplitude_wall,35.999999999992724,36,0.5087963588372837,11,3.024615925231,9,1.8842391949788904,0.6229680863810781,6.941940135740754,3.764417266554116e-15,111,115,True,frontier,,
11,23,514,305,exact_hop,35.99999999999159,36,0.7775265381032346,12,1.7994599030069371,3,1.4556650404833473,0.8089455275168393,6.959284041922572,4.0849869267976995e-15,105,115,True,frontier,,
85,23,4212,2286,off_manifold_hop,34.999999999994316,35,1.0008668929849642,13,2.323790175938235,13,1.447296774524642,0.6228173221105442,3.46457418053209,3.0687460681875853e-15,10,114,True,frontier,,
5,23,197,138,wall:amplitude_wall,35.999999999992724,36,0.5087963588372837,11,3.024615925231,9,1.8842391949788904,0.6229680863810781,6.941940135740754,3.764417266554116e-15,111,115,False,full_delete_probe,1.002403296180638,11
116,23,5762,5701,exact_hop,33.99999999999079,34,1.0136769493879614,4,3.2940675489256677,7,2.1843946633559663,0.6631298936381521,7.1270865729678174,6.572641744037385e-15,1,116,True,expanded:genericity,,
5,23,197,138,wall:amplitude_wall,35.999999999992724,36,0.5087963588372837,11,3.024615925231,9,1.8842391949788904,0.6229680863810781,6.941940135740754,3.764417266554116e-15,112,116,True,expanded:deletion,,
11,23,514,305,exact_hop,35.99999999999159,36,0.7775265381032346,12,1.7994599030069371,3,1.4556650404833473,0.8089455275168393,6.959284041922572,4.0849869267976995e-15,106,116,True,expanded:death,,
117,23,5808,5762,exact_hop,32.999999999992724,33,1.0039537262469667,12,3.0033953853788717,4,2.6028229066213275,0.8666267915614404,7.806428971567187,4.885284344239024e-15,0,-1,True,pareto_kept_polished,,
5,23,197,138,wall:amplitude_wall,35.999999999992724,36,0.5087963588372837,11,3.0246159252309948,9,1.8842391949788904,0.6229680863810793,6.941940135740754,3.774998010182309e-15,112,116,True,pareto_kept_polished,,
11,23,514,305,exact_hop,35.99999999999159,36,0.7775265381032346,12,1.7994599030069371,3,1.4556650404833473,0.8089455275168393,6.959284041922572,4.0849869267976995e-15,106,116,True,pareto_kept_polished,,
85,23,4212,2286,off_manifold_hop,34.99999999999466,35,1.0008668929849642,13,2.3237901759382367,13,1.447296774524642,0.6228173221105437,3.46457418053209,3.072782698603345e-15,10,114,True,pareto_kept_polished,,
117,23,5808,5762,exact_hop,32.999999999992724,33,1.0039537262469667,12,3.0033953853788717,4,2.6028229066213275,0.8666267915614404,7.806428971567187,4.885284344239024e-15,0,-1,True,frontier,,
5,23,197,138,wall:amplitude_wall,35.999999999992724,36,0.5087963588372837,11,3.0246159252309948,9,1.8842391949788904,0.6229680863810793,6.941940135740754,3.774998010182309e-15,112,116,True,frontier,,
11,23,514,305,exact_hop,35.99999999999159,36,0.7775265381032346,12,1.7994599030069371,3,1.4556650404833473,0.8089455275168393,6.959284041922572,4.0849869267976995e-15,106,116,True,frontier,,
85,23,4212,2286,off_manifold_hop,34.99999999999466,35,1.0008668929849642,13,2.3237901759382367,13,1.447296774524642,0.6228173221105437,3.46457418053209,3.072782698603345e-15,10,114,True,frontier,,
117,23,5808,5762,exact_hop,32.999999999992724,33,1.0039537262469667,12,3.0033953853788717,4,2.6028229066213275,0.8666267915614404,7.806428971567187,4.885284344239024e-15,1,117,True,expanded:genericity,,
5,23,197,138,wall:amplitude_wall,35.999999999992724,36,0.5087963588372837,11,3.0246159252309948,9,1.8842391949788904,0.6229680863810793,6.941940135740754,3.774998010182309e-15,113,117,True,expanded:deletion,,
11,23,514,305,exact_hop,35.99999999999159,36,0.7775265381032346,12,1.7994599030069371,3,1.4556650404833473,0.8089455275168393,6.959284041922572,4.0849869267976995e-15,107,117,True,expanded:death,,
85,23,4212,2286,off_manifold_hop,34.99999999999466,35,1.0008668929849642,13,2.3237901759382367,13,1.447296774524642,0.6228173221105437,3.46457418053209,3.072782698603345e-15,11,117,True,expanded:explore,,
118,23,5847,5808,off_manifold_hop,32.99999999999011,33,1.0042337249236517,13,2.5695466840652124,13,1.388948054303569,0.5405420586117357,7.8698408759431215,5.474929379457797e-15,0,-1,True,pareto_kept_polished,,
5,23,197,138,wall:amplitude_wall,35.999999999992724,36,0.5087963588372837,11,3.024615925231,9,1.8842391949788904,0.6229680863810781,6.941940135740754,3.764417266554116e-15,113,117,True,pareto_kept_polished,,
11,23,514,305,exact_hop,35.99999999999159,36,0.7775265381032346,12,1.7994599030069371,3,1.4556650404833473,0.8089455275168393,6.959284041922572,4.0849869267976995e-15,107,117,True,pareto_kept_polished,,
85,23,4212,2286,off_manifold_hop,34.99999999999454,35,1.0008668929849642,13,2.323790175938239,13,1.447296774524642,0.6228173221105432,3.46457418053209,3.069616732853214e-15,11,117,True,pareto_kept_polished,,
118,23,5847,5808,off_manifold_hop,32.99999999999011,33,1.0042337249236517,13,2.5695466840652124,13,1.388948054303569,0.5405420586117357,7.8698408759431215,5.474929379457797e-15,0,-1,True,frontier,,
5,23,197,138,wall:amplitude_wall,35.999999999992724,36,0.5087963588372837,11,3.024615925231,9,1.8842391949788904,0.6229680863810781,6.941940135740754,3.764417266554116e-15,113,117,True,frontier,,
11,23,514,305,exact_hop,35.99999999999159,36,0.7775265381032346,12,1.7994599030069371,3,1.4556650404833473,0.8089455275168393,6.959284041922572,4.0849869267976995e-15,107,117,True,frontier,,
85,23,4212,2286,off_manifold_hop,34.99999999999454,35,1.0008668929849642,13,2.323790175938239,13,1.447296774524642,0.6228173221105432,3.46457418053209,3.069616732853214e-15,11,117,True,frontier,,
5,23,197,138,wall:amplitude_wall,35.999999999992724,36,0.5087963588372837,11,3.024615925231,9,1.8842391949788904,0.6229680863810781,6.941940135740754,3.764417266554116e-15,113,117,False,full_delete_probe,1.0007388064301943,11
118,23,5847,5808,off_manifold_hop,32.99999999999011,33,1.0042337249236517,13,2.5695466840652124,13,1.388948054303569,0.5405420586117357,7.8698408759431215,5.474929379457797e-15,1,118,True,expanded:genericity,,
5,23,197,138,wall:amplitude_wall,35.999999999992724,36,0.5087963588372837,11,3.024615925231,9,1.8842391949788904,0.6229680863810781,6.941940135740754,3.764417266554116e-15,114,118,True,expanded:deletion,,
11,23,514,305,exact_hop,35.99999999999159,36,0.7775265381032346,12,1.7994599030069371,3,1.4556650404833473,0.8089455275168393,6.959284041922572,4.0849869267976995e-15,108,118,True,expanded:death,,
119,23,5903,5847,off_manifold_hop,32.99999999998977,33,1.0037114400976237,13,2.334271577052728,12,1.7487283127533986,0.7491537531212878,7.922848608535792,5.957086212346122e-15,0,-1,True,pareto_kept_polished,,
5,23,197,138,wall:amplitude_wall,35.999999999992724,36,0.5087963588372837,11,3.0246159252309948,9,1.8842391949788904,0.6229680863810793,6.941940135740754,3.774998010182309e-15,114,118,True,pareto_kept_polished,,
11,23,514,305,exact_hop,35.99999999999159,36,0.7775265381032346,12,1.7994599030069371,3,1.4556650404833473,0.8089455275168393,6.959284041922572,4.0849869267976995e-15,108,118,True,pareto_kept_polished,,
85,23,4212,2286,off_manifold_hop,34.99999999999466,35,1.0008668929849642,13,2.3237901759382362,13,1.447296774524642,0.6228173221105439,3.46457418053209,3.072782698603345e-15,11,117,True,pareto_kept_polished,,
119,23,5903,5847,off_manifold_hop,32.99999999998977,33,1.0037114400976237,13,2.334271577052728,12,1.7487283127533986,0.7491537531212878,7.922848608535792,5.957086212346122e-15,0,-1,True,frontier,,
5,23,197,138,wall:amplitude_wall,35.999999999992724,36,0.5087963588372837,11,3.0246159252309948,9,1.8842391949788904,0.6229680863810793,6.941940135740754,3.774998010182309e-15,114,118,True,frontier,,
11,23,514,305,exact_hop,35.99999999999159,36,0.7775265381032346,12,1.7994599030069371,3,1.4556650404833473,0.8089455275168393,6.959284041922572,4.0849869267976995e-15,108,118,True,frontier,,
85,23,4212,2286,off_manifold_hop,34.99999999999466,35,1.0008668929849642,13,2.3237901759382362,13,1.447296774524642,0.6228173221105439,3.46457418053209,3.072782698603345e-15,11,117,True,frontier,,
119,23,5903,5847,off_manifold_hop,32.99999999998977,33,1.0037114400976237,13,2.334271577052728,12,1.7487283127533986,0.7491537531212878,7.922848608535792,5.957086212346122e-15,1,119,True,expanded:genericity,,
5,23,197,138,wall:amplitude_wall,35.999999999992724,36,0.5087963588372837,11,3.0246159252309948,9,1.8842391949788904,0.6229680863810793,6.941940135740754,3.774998010182309e-15,115,119,True,expanded:deletion,,
11,23,514,305,exact_hop,35.99999999999159,36,0.7775265381032346,12,1.7994599030069371,3,1.4556650404833473,0.8089455275168393,6.959284041922572,4.0849869267976995e-15,109,119,True,expanded:death,,
120,23,5935,5903,wall:continuation_stalled,32.999999999989996,33,1.0024317073428117,13,2.6823888522945563,4,1.8109400118592407,0.675122106293476,7.9950745758570285,5.726257227096666e-15,0,-1,True,pareto_kept_polished,,
5,23,197,138,wall:amplitude_wall,35.999999999992724,36,0.5087963588372837,11,3.024615925231,9,1.8842391949788904,0.6229680863810781,6.941940135740754,3.764417266554116e-15,115,119,True,pareto_kept_polished,,
11,23,514,305,exact_hop,35.99999999999159,36,0.7775265381032346,12,1.7994599030069371,3,1.4556650404833473,0.8089455275168393,6.959284041922572,4.0849869267976995e-15,109,119,True,pareto_kept_polished,,
85,23,4212,2286,off_manifold_hop,34.99999999999454,35,1.0008668929849642,13,2.3237901759382398,13,1.447296774524642,0.622817322110543,3.46457418053209,3.069616732853214e-15,11,117,True,pareto_kept_polished,,
