state_id,parent_id,generation,tau,source,frozen_zero_count,smooth_support,structural_support,structural_additions,hard_support,hard_additions,u_support,v_support,output_support,max_abs_amplitude,residual,note,additions_rel_1em03,support_rel_1em03,additions_rel_1em04,support_rel_1em04,additions_rel_1em06,support_rel_1em06,additions_rel_1em08,support_rel_1em08,additions_rel_1em12,support_rel_1em12,step,tangent_dim,tangent_grad_norm,correction_iters,correction_norm,noise_mix
0,-1,0,0.1,initial,429,523.8853929918575,192,137,192,137,69,67,56,4.866111810030523,2.249856479344028e-15,initial,137,192,137,192,137,192,137,192,137,192,,,,,,
1,0,1,0.1,projected_sparsity,429,520.9645945127502,192,137,192,137,69,67,56,4.867390052021411,3.1860337491447517e-15,accepted_child,134,189,136,191,137,192,137,192,137,192,0.2,18,23.00776189248804,3,0.00854754864266498,0.0
2,0,1,0.1,projected_sparsity_noise,429,521.0036644211248,192,137,192,137,69,67,56,4.867632199519684,3.018130073615717e-15,accepted_child,136,191,136,191,137,192,137,192,137,192,0.2,18,23.00776189248804,3,0.009656872948432317,0.06
3,0,1,0.1,projected_sparsity_noise,429,521.0439738056903,192,137,192,137,69,67,56,4.86231790123621,2.692631529896702e-15,accepted_child,133,188,136,191,137,192,137,192,137,192,0.2,18,23.00776189248804,3,0.009370460551519131,0.12
1,0,1,0.1,projected_sparsity,429,520.9645945127502,192,137,192,137,69,67,56,4.867390052021411,3.1860337491447517e-15,frontier,134,189,136,191,137,192,137,192,137,192,,,,,,
2,0,1,0.1,projected_sparsity_noise,429,521.0036644211248,192,137,192,137,69,67,56,4.867632199519684,3.018130073615717e-15,frontier,136,191,136,191,137,192,137,192,137,192,,,,,,
3,0,1,0.1,projected_sparsity_noise,429,521.0439738056903,192,137,192,137,69,67,56,4.86231790123621,2.692631529896702e-15,frontier,133,188,136,191,137,192,137,192,137,192,,,,,,
0,-1,0,0.1,retau:initial,429,523.8853929918575,192,137,192,137,69,67,56,4.866111810030523,2.249856479344028e-15,frontier,137,192,137,192,137,192,137,192,137,192,,,,,,
4,1,2,0.1,projected_sparsity,429,518.8740708269848,192,137,192,137,69,67,56,4.8752740098328315,2.617067744067971e-15,accepted_child,136,191,136,191,137,192,137,192,137,192,0.2,18,15.241387671466576,3,0.010218858889681702,0.0
5,1,2,0.1,projected_sparsity_noise,429,518.85902355401,192,137,192,137,69,67,56,4.878875386458135,2.7489079442760406e-15,accepted_child,136,191,136,191,137,192,137,192,137,192,0.2,18,15.241387671466576,3,0.010297578016165179,0.06
6,1,2,0.1,snap_zero,430,518.9007698385346,187,132,187,132,69,62,56,4.87692403470023,7.669669462634123e-15,accepted_child:snapped_1_zeros,132,187,132,187,132,187,132,187,132,187,0.2,18,15.241387671466576,3,0.010009675539142933,0.12
7,2,2,0.1,projected_sparsity,429,518.9236929864576,192,137,192,137,69,67,56,4.875310321641964,3.3538871629641554e-15,accepted_child,136,191,136,191,137,192,137,192,137,192,0.2,18,15.341287420063512,3,0.010295622110975611,0.0
8,2,2,0.1,projected_sparsity_noise,429,518.8738896452091,192,137,192,137,69,67,56,4.876841522031142,2.670676851212951e-15,accepted_child,135,190,136,191,137,192,137,192,137,192,0.2,18,15.341287420063512,3,0.010507568598673253,0.06
9,2,2,0.1,projected_sparsity_noise,429,519.0250692464185,192,137,192,137,69,67,56,4.8644793935676445,3.3396365314207422e-15,accepted_child,133,188,136,191,137,192,137,192,137,192,0.2,18,15.341287420063512,3,0.010025777122262042,0.12
10,3,2,0.1,projected_sparsity,429,518.9736867445661,192,137,192,137,69,67,56,4.868742638056005,2.6303644924032348e-15,accepted_child,135,190,136,191,137,192,137,192,137,192,0.2,18,15.845033650346833,3,0.009990726311353402,0.0
11,3,2,0.1,projected_sparsity_noise,429,519.0324821550928,192,137,192,137,69,67,56,4.868032947836047,3.241583140340541e-15,accepted_child,134,189,134,189,137,192,137,192,137,192,0.2,18,15.845033650346833,3,0.010091050727218278,0.06
12,3,2,0.1,projected_sparsity_noise,429,519.0156801969591,192,137,192,137,69,67,56,4.8761323672065835,2.9149599122563934e-15,accepted_child,132,187,136,191,137,192,137,192,137,192,0.2,18,15.845033650346833,3,0.009990783793829835,0.12
13,0,2,0.1,projected_sparsity,429,520.9645945127502,192,137,192,137,69,67,56,4.867390052021411,3.1860337491447517e-15,accepted_child,134,189,136,191,137,192,137,192,137,192,0.2,18,23.00776189248804,3,0.00854754864266498,0.0
14,0,2,0.1,projected_sparsity_noise,429,520.8996113893734,192,137,192,137,69,67,56,4.865904333597223,2.843446839669252e-15,accepted_child,136,191,136,191,137,192,137,192,137,192,0.2,18,23.00776189248804,3,0.008480005119913906,0.06
15,0,2,0.1,projected_sparsity_noise,429,520.9959453984047,192,137,192,137,69,67,56,4.869758423052092,2.8918191906090557e-15,accepted_child,135,190,136,191,137,192,137,192,137,192,0.2,18,23.00776189248804,3,0.008975168941913757,0.12
6,1,2,0.1,snap_zero,430,518.9007698385346,187,132,187,132,69,62,56,4.87692403470023,7.669669462634123e-15,frontier,132,187,132,187,132,187,132,187,132,187,,,,,,
5,1,2,0.1,projected_sparsity_noise,429,518.85902355401,192,137,192,137,69,67,56,4.878875386458135,2.7489079442760406e-15,frontier,136,191,136,191,137,192,137,192,137,192,,,,,,
8,2,2,0.1,projected_sparsity_noise,429,518.8738896452091,192,137,192,137,69,67,56,4.876841522031142,2.670676851212951e-15,frontier,135,190,136,191,137,192,137,192,137,192,,,,,,
3,0,1,0.1,projected_sparsity_noise,429,521.0439738056903,192,137,192,137,69,67,56,4.86231790123621,2.692631529896702e-15,frontier,133,188,136,191,137,192,137,192,137,192,,,,,,
16,6,3,0.1,projected_sparsity,430,517.3282163838928,187,132,187,132,69,62,56,4.9025309644387844,2.5161295707436203e-15,accepted_child,132,187,132,187,132,187,132,187,132,187,0.2,17,15.77299637436184,3,0.011267878205807548,0.0
17,6,3,0.1,projected_sparsity_noise,430,517.279102914604,187,132,187,132,69,62,56,4.903372167035169,2.7567265222909045e-15,accepted_child,132,187,132,187,132,187,132,187,132,187,0.2,17,15.77299637436184,3,0.011365317555408866,0.06
18,6,3,0.1,projected_sparsity_noise,430,517.2670514117497,187,132,187,132,69,62,56,4.898342123689533,2.5248366204502554e-15,accepted_child,124,179,132,187,132,187,132,187,132,187,0.2,17,15.77299637436184,3,0.01126272060120515,0.12
19,5,3,0.1,projected_sparsity,429,517.1540867681178,192,137,192,137,69,67,56,4.895043854995007,2.842117907896996e-15,accepted_child,133,188,136,191,137,192,137,192,137,192,0.2,18,16.204087762947335,3,0.01082616121821421,0.0
20,5,3,0.1,projected_sparsity_noise,429,517.1712891508569,192,137,192,137,69,67,56,4.8941595785502034,3.2475469190314278e-15,accepted_child,135,190,136,191,137,192,137,192,137,192,0.2,18,16.204087762947335,3,0.01030244336134806,0.06
21,5,3,0.1,projected_sparsity_noise,429,517.0941082787182,192,137,192,137,69,67,56,4.883471811714819,2.3591563448462716e-15,accepted_child,136,191,136,191,137,192,137,192,137,192,0.2,18,16.204087762947335,3,0.011360595257758812,0.12
22,8,3,0.1,projected_sparsity,429,517.1643189903848,192,137,192,137,69,67,56,4.892782796706461,2.971506680714332e-15,accepted_child,134,189,136,191,137,192,137,192,137,192,0.2,18,16.059845623338386,3,0.010600039139705808,0.0
23,8,3,0.1,projected_sparsity_noise,429,517.1830072599835,192,137,192,137,69,67,56,4.8904363026246775,2.396509757436454e-15,accepted_child,134,189,136,191,137,192,137,192,137,192,0.2,18,16.059845623338386,3,0.010647489831445369,0.06
24,8,3,0.1,projected_sparsity_noise,429,517.1088141097096,192,137,192,137,69,67,56,4.893615087144079,2.7158316545505405e-15,accepted_child,133,188,134,189,137,192,137,192,137,192,0.2,18,16.059845623338386,3,0.010457759788719937,0.12
25,3,3,0.1,projected_sparsity,429,518.9736867445661,192,137,192,137,69,67,56,4.868742638056005,2.6303644924032348e-15,accepted_child,135,190,136,191,137,192,137,192,137,192,0.2,18,15.845033650346833,3,0.009990726311353402,0.0
26,3,3,0.1,projected_sparsity_noise,429,518.9960902255593,192,137,192,137,69,67,56,4.870122478219928,2.5672062245280482e-15,accepted_child,134,189,136,191,137,192,137,192,137,192,0.2,18,15.845033650346833,3,0.009698329717942438,0.06
27,3,3,0.1,projected_sparsity_noise,429,519.1086838083176,192,137,192,137,69,67,56,4.861564961887294,2.958304406295448e-15,accepted_child,135,190,136,191,137,192,137,192,137,192,0.2,18,15.845033650346833,3,0.009585376477867766,0.12
18,6,3,0.1,projected_sparsity_noise,430,517.2670514117497,187,132,187,132,69,62,56,4.898342123689533,2.5248366204502554e-15,frontier,124,179,132,187,132,187,132,187,132,187,,,,,,
6,1,2,0.1,snap_zero,430,518.9007698385346,187,132,187,132,69,62,56,4.87692403470023,7.669669462634123e-15,frontier,132,187,132,187,132,187,132,187,132,187,,,,,,
21,5,3,0.1,projected_sparsity_noise,429,517.0941082787182,192,137,192,137,69,67,56,4.883471811714819,2.3591563448462716e-15,frontier,136,191,136,191,137,192,137,192,137,192,,,,,,
27,3,3,0.1,projected_sparsity_noise,429,519.1086838083176,192,137,192,137,69,67,56,4.861564961887294,2.958304406295448e-15,frontier,135,190,136,191,137,192,137,192,137,192,,,,,,
28,18,4,0.1,projected_sparsity,430,515.7804156432337,187,132,187,132,69,62,56,4.922571028542954,2.525339947150641e-15,accepted_child,129,184,132,187,132,187,132,187,132,187,0.2,17,17.262509927174662,3,0.011028809961234691,0.0
29,18,4,0.1,projected_sparsity_noise,430,515.7546569550017,187,132,187,132,69,62,56,4.922162227748463,2.3267300965372038e-15,accepted_child,131,186,132,187,132,187,132,187,132,187,0.2,17,17.262509927174662,3,0.010924816435754565,0.06
30,18,4,0.1,projected_sparsity_noise,430,515.8632679385574,187,132,187,132,69,62,56,4.922698197591589,3.337745080272921e-15,accepted_child,132,187,132,187,132,187,132,187,132,187,0.2,17,17.262509927174662,3,0.011237096829590216,0.12
31,6,4,0.1,projected_sparsity,430,517.3282163838928,187,132,187,132,69,62,56,4.9025309644387844,2.5161295707436203e-15,accepted_child,132,187,132,187,132,187,132,187,132,187,0.2,17,15.77299637436184,3,0.011267878205807548,0.0
32,6,4,0.1,projected_sparsity_noise,430,517.322921083135,187,132,187,132,69,62,56,4.898391162697184,2.9327721197695762e-15,accepted_child,132,187,132,187,132,187,132,187,132,187,0.2,17,15.77299637436184,3,0.011268374340971356,0.06
33,6,4,0.1,projected_sparsity_noise,430,517.353948826322,187,132,187,132,69,62,56,4.905076200320033,2.3273165308564197e-15,accepted_child,124,179,132,187,132,187,132,187,132,187,0.2,17,15.77299637436184,3,0.011040942993690553,0.12
34,21,4,0.1,projected_sparsity,429,515.5736146898623,192,137,192,137,69,67,56,4.903610676207667,2.804844715677117e-15,accepted_child,136,191,137,192,137,192,137,192,137,192,0.2,18,16.989535683680508,3,0.01028527704570382,0.0
35,21,4,0.1,projected_sparsity_noise,429,515.4758795783059,192,137,192,137,69,67,56,4.907257000682217,3.542558471914013e-15,accepted_child,136,191,137,192,137,192,137,192,137,192,0.2,18,16.989535683680508,3,0.010013356457596028,0.06
36,21,4,0.1,projected_sparsity_noise,429,515.5239465338727,192,137,192,137,69,67,56,4.9045251759039274,3.6032216090669005e-15,accepted_child,129,184,136,191,137,192,137,192,137,192,0.2,18,16.989535683680508,3,0.01060173673815078,0.12
37,27,4,0.1,projected_sparsity,429,517.3919807536532,192,137,192,137,69,67,56,4.875810846825483,2.9937770947938017e-15,accepted_child,136,191,136,191,137,192,137,192,137,192,0.2,18,17.158130626758158,3,0.011214391196146072,0.0
38,27,4,0.1,projected_sparsity_noise,429,517.3398429442093,192,137,192,137,69,67,56,4.878541271656099,2.642972158566399e-15,accepted_child,134,189,136,191,137,192,137,192,137,192,0.2,18,17.158130626758158,3,0.011277679604223916,0.06
39,27,4,0.1,projected_sparsity_noise,429,517.2140022066089,192,137,192,137,69,67,56,4.8719070942819656,2.695378166785452e-15,accepted_child,136,191,136,191,137,192,137,192,137,192,0.2,18,17.158130626758158,3,0.011087605692487571,0.12
29,18,4,0.1,projected_sparsity_noise,430,515.7546569550017,187,132,187,132,69,62,56,4.922162227748463,2.3267300965372038e-15,frontier,131,186,132,187,132,187,132,187,132,187,,,,,,
6,1,2,0.1,snap_zero,430,518.9007698385346,187,132,187,132,69,62,56,4.87692403470023,7.669669462634123e-15,frontier,132,187,132,187,132,187,132,187,132,187,,,,,,
35,21,4,0.1,projected_sparsity_noise,429,515.4758795783059,192,137,192,137,69,67,56,4.907257000682217,3.542558471914013e-15,frontier,136,191,137,192,137,192,137,192,137,192,,,,,,
27,3,3,0.1,projected_sparsity_noise,429,519.1086838083176,192,137,192,137,69,67,56,4.861564961887294,2.958304406295448e-15,frontier,135,190,136,191,137,192,137,192,137,192,,,,,,
40,29,5,0.1,projected_sparsity,430,514.4852011011395,187,132,187,132,69,62,56,4.946794489767123,2.9553997712012686e-15,accepted_child,129,184,132,187,132,187,132,187,132,187,0.2,17,17.088249485985283,3,0.01122067144010024,0.0
41,29,5,0.1,projected_sparsity_noise,430,514.5803640523854,187,132,187,132,69,62,56,4.94330552679285,3.10167551132743e-15,accepted_child,132,187,132,187,132,187,132,187,132,187,0.2,17,17.088249485985283,3,0.011648650185496066,0.06
42,29,5,0.1,projected_sparsity_noise,430,514.5287062089743,187,132,187,132,69,62,56,4.949106230359259,2.684412490530584e-15,accepted_child,130,185,132,187,132,187,132,187,132,187,0.2,17,17.088249485985283,3,0.011312233201726718,0.12
43,6,5,0.1,projected_sparsity,430,517.3282163838928,187,132,187,132,69,62,56,4.9025309644387844,2.5161295707436203e-15,accepted_child,132,187,132,187,132,187,132,187,132,187,0.2,17,15.77299637436184,3,0.011267878205807548,0.0
44,6,5,0.1,projected_sparsity_noise,430,517.3377206411006,187,132,187,132,69,62,56,4.9045509973919525,2.272487622545252e-15,accepted_child,131,186,132,187,132,187,132,187,132,187,0.2,17,15.77299637436184,3,0.011388782357952593,0.06
45,6,5,0.1,projected_sparsity_noise,430,517.2295013954271,187,132,187,132,69,62,56,4.902970334833114,3.7069139348964535e-15,accepted_child,132,187,132,187,132,187,132,187,132,187,0.2,17,15.77299637436184,3,0.011844669729073987,0.12
46,35,5,0.1,projected_sparsity,429,514.1684065663437,192,137,192,137,69,67,56,4.930506540582652,2.4857185232172394e-15,accepted_child,136,191,137,192,137,192,137,192,137,192,0.2,18,16.91337955392784,3,0.011112774514909749,0.0
47,35,5,0.1,projected_sparsity_noise,429,514.1701261648466,192,137,192,137,69,67,56,4.928430198521423,2.3139975183531426e-15,accepted_child,136,191,137,192,137,192,137,192,137,192,0.2,18,16.91337955392784,3,0.011136263007857784,0.06
48,35,5,0.1,projected_sparsity_noise,429,514.134485656761,192,137,192,137,69,67,56,4.931929367833927,2.7187824512713392e-15,accepted_child,136,191,137,192,137,192,137,192,137,192,0.2,18,16.91337955392784,3,0.010868546618789313,0.12
49,27,5,0.1,projected_sparsity,429,517.3919807536532,192,137,192,137,69,67,56,4.875810846825483,2.9937770947938017e-15,accepted_child,136,191,136,191,137,192,137,192,137,192,0.2,18,17.158130626758158,3,0.011214391196146072,0.0
50,27,5,0.1,projected_sparsity_noise,429,517.3540687452671,192,137,192,137,69,67,56,4.873035521816569,3.4689155533608373e-15,accepted_child,136,191,136,191,137,192,137,192,137,192,0.2,18,17.158130626758158,3,0.011392303917067104,0.06
51,27,5,0.1,projected_sparsity_noise,429,517.3527494356446,192,137,192,137,69,67,56,4.879320351020076,3.1458116630458825e-15,accepted_child,136,191,136,191,137,192,137,192,137,192,0.2,18,17.158130626758158,3,0.011206002360597244,0.12
40,29,5,0.1,projected_sparsity,430,514.4852011011395,187,132,187,132,69,62,56,4.946794489767123,2.9553997712012686e-15,frontier,129,184,132,187,132,187,132,187,132,187,,,,,,
6,1,2,0.1,snap_zero,430,518.9007698385346,187,132,187,132,69,62,56,4.87692403470023,7.669669462634123e-15,frontier,132,187,132,187,132,187,132,187,132,187,,,,,,
48,35,5,0.1,projected_sparsity_noise,429,514.134485656761,192,137,192,137,69,67,56,4.931929367833927,2.7187824512713392e-15,frontier,136,191,137,192,137,192,137,192,137,192,,,,,,
27,3,3,0.1,projected_sparsity_noise,429,519.1086838083176,192,137,192,137,69,67,56,4.861564961887294,2.958304406295448e-15,frontier,135,190,136,191,137,192,137,192,137,192,,,,,,
52,40,6,0.1,projected_sparsity,430,513.3967105266403,187,132,187,132,69,62,56,4.972546028058186,3.227745244875809e-15,accepted_child,130,185,132,187,132,187,132,187,132,187,0.2,17,17.03493491340351,3,0.011818223285277627,0.0
53,40,6,0.1,projected_sparsity_noise,430,513.3094187162284,187,132,187,132,69,62,56,4.972967394912266,3.2490801657850352e-15,accepted_child,131,186,132,187,132,187,132,187,132,187,0.2,17,17.03493491340351,3,0.011436220118369924,0.06
54,40,6,0.1,projected_sparsity_noise,430,513.4852665640681,187,132,187,132,69,62,56,4.9720363350659715,2.753568833344581e-15,accepted_child,132,187,132,187,132,187,132,187,132,187,0.2,17,17.03493491340351,3,0.012129067098119586,0.12
55,6,6,0.1,projected_sparsity,430,517.3282163838928,187,132,187,132,69,62,56,4.9025309644387844,2.5161295707436203e-15,accepted_child,132,187,132,187,132,187,132,187,132,187,0.2,17,15.77299637436184,3,0.011267878205807548,0.0
56,6,6,0.1,projected_sparsity_noise,430,517.3750348464876,187,132,187,132,69,62,56,4.904188613123857,3.0755808463325667e-15,accepted_child,132,187,132,187,132,187,132,187,132,187,0.2,17,15.77299637436184,3,0.010865071071206413,0.06
57,6,6,0.1,projected_sparsity_noise,430,517.4330769388971,187,132,187,132,69,62,56,4.90371072900202,2.545931986407893e-15,accepted_child,131,186,132,187,132,187,132,187,132,187,0.2,17,15.77299637436184,3,0.011150773118051502,0.12
58,48,6,0.1,projected_sparsity,429,512.9530953372112,192,137,192,137,69,67,56,4.956461457157564,2.6403074354023145e-15,accepted_child,136,191,137,192,137,192,137,192,137,192,0.2,18,17.114458155782017,3,0.011314914401429337,0.0
59,48,6,0.1,projected_sparsity_noise,429,512.9996862687103,192,137,192,137,69,67,56,4.955153212315502,3.2403965064775327e-15,accepted_child,136,191,137,192,137,192,137,192,137,192,0.2,18,17.114458155782017,3,0.01153387554835149,0.06
60,48,6,0.1,projected_sparsity_noise,429,512.986606419691,192,137,192,137,69,67,56,4.953195749388088,3.2803353146841452e-15,accepted_child,136,191,137,192,137,192,137,192,137,192,0.2,18,17.114458155782017,3,0.011175200595619817,0.12
61,27,6,0.1,projected_sparsity,429,517.3919807536532,192,137,192,137,69,67,56,4.875810846825483,2.9937770947938017e-15,accepted_child,136,191,136,191,137,192,137,192,137,192,0.2,18,17.158130626758158,3,0.011214391196146072,0.0
62,27,6,0.1,projected_sparsity_noise,429,517.4070377011551,192,137,192,137,69,67,56,4.873779311049263,2.7234900022349183e-15,accepted_child,136,191,136,191,137,192,137,192,137,192,0.2,18,17.158130626758158,3,0.01154544259388176,0.06
63,27,6,0.1,projected_sparsity_noise,429,517.419386805772,192,137,192,137,69,67,56,4.880156816416837,2.861429551029353e-15,accepted_child,136,191,136,191,137,192,137,192,137,192,0.2,18,17.158130626758158,3,0.010653850357262754,0.12
53,40,6,0.1,projected_sparsity_noise,430,513.3094187162284,187,132,187,132,69,62,56,4.972967394912266,3.2490801657850352e-15,frontier,131,186,132,187,132,187,132,187,132,187,,,,,,
6,1,2,0.1,snap_zero,430,518.9007698385346,187,132,187,132,69,62,56,4.87692403470023,7.669669462634123e-15,frontier,132,187,132,187,132,187,132,187,132,187,,,,,,
58,48,6,0.1,projected_sparsity,429,512.9530953372112,192,137,192,137,69,67,56,4.956461457157564,2.6403074354023145e-15,frontier,136,191,137,192,137,192,137,192,137,192,,,,,,
27,3,3,0.1,projected_sparsity_noise,429,519.1086838083176,192,137,192,137,69,67,56,4.861564961887294,2.958304406295448e-15,frontier,135,190,136,191,137,192,137,192,137,192,,,,,,
64,53,7,0.1,projected_sparsity,430,512.2876022156105,187,132,187,132,69,62,56,5.000323183912451,2.8755734955002815e-15,accepted_child,131,186,132,187,132,187,132,187,132,187,0.2,17,16.813589148588136,3,0.012202067966908718,0.0
65,53,7,0.1,projected_sparsity_noise,430,512.3587862637427,191,136,188,133,69,64,55,4.997529445077594,3.686056998405738e-13,accepted_child,129,184,129,184,133,188,133,188,136,191,0.2,17,16.813589148588136,3,0.01254308595057196,0.06
66,53,7,0.1,projected_sparsity_noise,430,512.3871324642515,187,132,187,132,69,62,56,5.0007760550118645,2.959733065501184e-15,accepted_child,125,180,132,187,132,187,132,187,132,187,0.2,17,16.813589148588136,3,0.012521705176293585,0.12
67,6,7,0.1,projected_sparsity,430,517.3282163838928,187,132,187,132,69,62,56,4.9025309644387844,2.5161295707436203e-15,accepted_child,132,187,132,187,132,187,132,187,132,187,0.2,17,15.77299637436184,3,0.011267878205807548,0.0
68,6,7,0.1,projected_sparsity_noise,430,517.3053382543479,187,132,187,132,69,62,56,4.90360372674537,2.6519638955685308e-15,accepted_child,129,184,132,187,132,187,132,187,132,187,0.2,17,15.77299637436184,3,0.011129213601345332,0.06
69,6,7,0.1,projected_sparsity_noise,430,517.3252120158263,187,132,187,132,69,62,56,4.896073327762028,2.001739945675832e-15,accepted_child,132,187,132,187,132,187,132,187,132,187,0.2,17,15.77299637436184,3,0.012174965756516023,0.12
70,58,7,0.1,projected_sparsity,429,511.7956751736927,192,137,192,137,69,67,56,4.98228799928027,3.213088660587666e-15,accepted_child,136,191,137,192,137,192,137,192,137,192,0.2,18,17.283078374877263,3,0.01193057904959692,0.0
71,58,7,0.1,projected_sparsity_noise,429,511.74429757466123,192,137,192,137,69,67,56,4.984881641317424,2.2871079300392054e-15,accepted_child,136,191,137,192,137,192,137,192,137,192,0.2,18,17.283078374877263,3,0.011756875749054067,0.06
72,58,7,0.1,projected_sparsity_noise,429,511.8277802911702,192,137,192,137,69,67,56,4.976200422644952,2.8159680378886783e-15,accepted_child,136,191,137,192,137,192,137,192,137,192,0.2,18,17.283078374877263,3,0.011795759027960036,0.12
73,27,7,0.1,projected_sparsity,429,517.3919807536532,192,137,192,137,69,67,56,4.875810846825483,2.9937770947938017e-15,accepted_child,136,191,136,191,137,192,137,192,137,192,0.2,18,17.158130626758158,3,0.011214391196146072,0.0
74,27,7,0.1,projected_sparsity_noise,429,517.4574671084534,192,137,192,137,69,67,56,4.878506326926781,2.6940335979618483e-15,accepted_child,136,191,136,191,137,192,137,192,137,192,0.2,18,17.158130626758158,3,0.011325118633629184,0.06
75,27,7,0.1,projected_sparsity_noise,429,517.4150751616551,192,137,192,137,69,67,56,4.876088226342549,2.6546744435583017e-15,accepted_child,136,191,137,192,137,192,137,192,137,192,0.2,18,17.158130626758158,3,0.011144124557096636,0.12
64,53,7,0.1,projected_sparsity,430,512.2876022156105,187,132,187,132,69,62,56,5.000323183912451,2.8755734955002815e-15,frontier,131,186,132,187,132,187,132,187,132,187,,,,,,
6,1,2,0.1,snap_zero,430,518.9007698385346,187,132,187,132,69,62,56,4.87692403470023,7.669669462634123e-15,frontier,132,187,132,187,132,187,132,187,132,187,,,,,,
71,58,7,0.1,projected_sparsity_noise,429,511.74429757466123,192,137,192,137,69,67,56,4.984881641317424,2.2871079300392054e-15,frontier,136,191,137,192,137,192,137,192,137,192,,,,,,
27,3,3,0.1,projected_sparsity_noise,429,519.1086838083176,192,137,192,137,69,67,56,4.861564961887294,2.958304406295448e-15,frontier,135,190,136,191,137,192,137,192,137,192,,,,,,
76,64,8,0.1,projected_sparsity,430,511.15624021279757,187,132,187,132,69,62,56,5.027933229935474,2.4127091113702718e-15,accepted_child,131,186,132,187,132,187,132,187,132,187,0.2,17,17.425557782125356,3,0.012501654864070224,0.0
77,64,8,0.1,projected_sparsity_noise,430,511.24235278649815,187,132,187,132,69,62,56,5.023088387201259,2.7519433413844624e-15,accepted_child,131,186,132,187,132,187,132,187,132,187,0.2,17,17.425557782125356,3,0.01270483921528282,0.06
78,64,8,0.1,projected_sparsity_noise,430,511.23048313151804,191,136,187,132,69,62,56,5.023202949172909,1.6752792756735058e-13,accepted_child,129,184,129,184,132,187,132,187,136,191,0.2,17,17.425557782125356,6,0.012675766767830937,0.12
79,6,8,0.1,projected_sparsity,430,517.3282163838928,187,132,187,132,69,62,56,4.9025309644387844,2.5161295707436203e-15,accepted_child,132,187,132,187,132,187,132,187,132,187,0.2,17,15.77299637436184,3,0.011267878205807548,0.0
80,6,8,0.1,projected_sparsity_noise,430,517.3583594512617,187,132,187,132,69,62,56,4.899879706244674,3.61303411886951e-15,accepted_child,132,187,132,187,132,187,132,187,132,187,0.2,17,15.77299637436184,3,0.011458230656386235,0.06
81,6,8,0.1,projected_sparsity_noise,430,517.2470609896258,187,132,187,132,69,62,56,4.9025946488486785,3.3228775046501447e-15,accepted_child,132,187,132,187,132,187,132,187,132,187,0.2,17,15.77299637436184,3,0.011167899499812284,0.12
82,71,8,0.1,projected_sparsity,429,510.55449698358325,192,137,192,137,69,67,56,5.012339288216346,2.2439304256100783e-15,accepted_child,136,191,137,192,137,192,137,192,137,192,0.2,18,17.19271260292596,3,0.011868088296263098,0.0
83,71,8,0.1,projected_sparsity_noise,429,510.5549638784887,192,137,192,137,69,67,56,5.013214944831233,2.2651887711191123e-15,accepted_child,132,187,137,192,137,192,137,192,137,192,0.2,18,17.19271260292596,3,0.011761000527529883,0.06
84,71,8,0.1,projected_sparsity_noise,429,510.47259216648007,192,137,192,137,69,67,56,5.010511351056017,2.3197177825836593e-15,accepted_child,136,191,137,192,137,192,137,192,137,192,0.2,18,17.19271260292596,3,0.011520520133814851,0.12
85,27,8,0.1,projected_sparsity,429,517.3919807536532,192,137,192,137,69,67,56,4.875810846825483,2.9937770947938017e-15,accepted_child,136,191,136,191,137,192,137,192,137,192,0.2,18,17.158130626758158,3,0.011214391196146072,0.0
86,27,8,0.1,projected_sparsity_noise,429,517.5141668284243,192,137,192,137,69,67,56,4.8749942522144565,2.4959579079018895e-15,accepted_child,136,191,136,191,137,192,137,192,137,192,0.2,18,17.158130626758158,3,0.011147448002604659,0.06
87,27,8,0.1,projected_sparsity_noise,429,517.1995857808864,192,137,192,137,69,67,56,4.884550717214374,2.594204600319452e-15,accepted_child,136,191,136,191,137,192,137,192,137,192,0.2,18,17.158130626758158,3,0.010871289271614303,0.12
76,64,8,0.1,projected_sparsity,430,511.15624021279757,187,132,187,132,69,62,56,5.027933229935474,2.4127091113702718e-15,frontier,131,186,132,187,132,187,132,187,132,187,,,,,,
6,1,2,0.1,snap_zero,430,518.9007698385346,187,132,187,132,69,62,56,4.87692403470023,7.669669462634123e-15,frontier,132,187,132,187,132,187,132,187,132,187,,,,,,
84,71,8,0.1,projected_sparsity_noise,429,510.47259216648007,192,137,192,137,69,67,56,5.010511351056017,2.3197177825836593e-15,frontier,136,191,137,192,137,192,137,192,137,192,,,,,,
27,3,3,0.1,projected_sparsity_noise,429,519.1086838083176,192,137,192,137,69,67,56,4.861564961887294,2.958304406295448e-15,frontier,135,190,136,191,137,192,137,192,137,192,,,,,,
88,76,9,0.1,projected_sparsity,430,510.0066360128818,187,132,187,132,69,62,56,5.056966377759783,2.3645743131531726e-15,accepted_child,126,181,132,187,132,187,132,187,132,187,0.2,17,17.20865672768647,3,0.012266272423396618,0.0
89,76,9,0.1,projected_sparsity_noise,430,509.9433884966039,187,132,187,132,69,62,56,5.05902180633924,2.376896881769937e-15,accepted_child,126,181,132,187,132,187,132,187,132,187,0.2,17,17.20865672768647,3,0.011972223891013756,0.06
90,76,9,0.1,projected_sparsity_noise,430,510.0609084999721,187,132,187,132,69,62,56,5.061352428996979,2.8300234537273504e-15,accepted_child,124,179,132,187,132,187,132,187,132,187,0.2,17,17.20865672768647,3,0.012218966963455171,0.12
91,6,9,0.1,projected_sparsity,430,517.3282163838928,187,132,187,132,69,62,56,4.9025309644387844,2.5161295707436203e-15,accepted_child,132,187,132,187,132,187,132,187,132,187,0.2,17,15.77299637436184,3,0.011267878205807548,0.0
92,6,9,0.1,projected_sparsity_noise,430,517.4107611780032,187,132,187,132,69,62,56,4.901970047113372,3.699629633440491e-15,accepted_child,132,187,132,187,132,187,132,187,132,187,0.2,17,15.77299637436184,3,0.010840307480124385,0.06
93,6,9,0.1,projected_sparsity_noise,430,517.4282364826956,187,132,187,132,69,62,56,4.891401522575441,2.263772309407617e-15,accepted_child,131,186,132,187,132,187,132,187,132,187,0.2,17,15.77299637436184,3,0.01089249185691306,0.12
94,84,9,0.1,projected_sparsity,429,509.2090289398965,192,137,192,137,69,67,56,5.03955020016846,2.452178246455327e-15,accepted_child,135,190,137,192,137,192,137,192,137,192,0.2,18,17.226381652646563,3,0.011601794139370368,0.0
95,84,9,0.1,projected_sparsity_noise,429,509.13318021963426,192,137,192,137,69,67,56,5.040998352493062,2.2834502262069655e-15,accepted_child,134,189,137,192,137,192,137,192,137,192,0.2,18,17.226381652646563,3,0.011222352604164095,0.06
96,84,9,0.1,projected_sparsity_noise,429,509.21431216428743,192,137,192,137,69,67,56,5.031505087545589,2.4058741120230376e-15,accepted_child,136,191,137,192,137,192,137,192,137,192,0.2,18,17.226381652646563,3,0.011589977852421229,0.12
97,27,9,0.1,projected_sparsity,429,517.3919807536532,192,137,192,137,69,67,56,4.875810846825483,2.9937770947938017e-15,accepted_child,136,191,136,191,137,192,137,192,137,192,0.2,18,17.158130626758158,3,0.011214391196146072,0.0
98,27,9,0.1,projected_sparsity_noise,429,517.4035594502845,192,137,192,137,69,67,56,4.87464460574368,3.0991169711715897e-15,accepted_child,136,191,136,191,137,192,137,192,137,192,0.2,18,17.158130626758158,3,0.011615477099145545,0.06
99,27,9,0.1,projected_sparsity_noise,429,517.3420832548751,192,137,192,137,69,67,56,4.877534306779186,2.640341784172058e-15,accepted_child,136,191,136,191,137,192,137,192,137,192,0.2,18,17.158130626758158,3,0.010669398123350762,0.12
89,76,9,0.1,projected_sparsity_noise,430,509.9433884966039,187,132,187,132,69,62,56,5.05902180633924,2.376896881769937e-15,frontier,126,181,132,187,132,187,132,187,132,187,,,,,,
6,1,2,0.1,snap_zero,430,518.9007698385346,187,132,187,132,69,62,56,4.87692403470023,7.669669462634123e-15,frontier,132,187,132,187,132,187,132,187,132,187,,,,,,
95,84,9,0.1,projected_sparsity_noise,429,509.13318021963426,192,137,192,137,69,67,56,5.040998352493062,2.2834502262069655e-15,frontier,134,189,137,192,137,192,137,192,137,192,,,,,,
27,3,3,0.1,projected_sparsity_noise,429,519.1086838083176,192,137,192,137,69,67,56,4.861564961887294,2.958304406295448e-15,frontier,135,190,136,191,137,192,137,192,137,192,,,,,,
100,89,10,0.1,projected_sparsity,430,508.737711664791,187,132,187,132,69,62,56,5.089128083748241,2.6041896304832553e-15,accepted_child,126,181,132,187,132,187,132,187,132,187,0.2,17,17.133378001828707,3,0.01207561292836038,0.0
101,89,10,0.1,projected_sparsity_noise,430,508.69362206993867,187,132,187,132,69,62,56,5.0852648970794005,2.0384656088574854e-15,accepted_child,129,184,132,187,132,187,132,187,132,187,0.2,17,17.133378001828707,3,0.011802156975099965,0.06
102,89,10,0.1,projected_sparsity_noise,430,508.79321602395686,187,132,187,132,69,62,56,5.088220481880902,2.1307502605880624e-15,accepted_child,117,172,132,187,132,187,132,187,132,187,0.2,17,17.133378001828707,3,0.012072565457581336,0.12
103,6,10,0.1,projected_sparsity,430,517.3282163838928,187,132,187,132,69,62,56,4.9025309644387844,2.5161295707436203e-15,accepted_child,132,187,132,187,132,187,132,187,132,187,0.2,17,15.77299637436184,3,0.011267878205807548,0.0
104,6,10,0.1,projected_sparsity_noise,430,517.3397623033704,187,132,187,132,69,62,56,4.899527127339345,2.800621543634044e-15,accepted_child,132,187,132,187,132,187,132,187,132,187,0.2,17,15.77299637436184,3,0.010970880070049588,0.06
105,6,10,0.1,projected_sparsity_noise,430,517.4448868869586,187,132,187,132,69,62,56,4.905872123355333,2.0433507473199163e-15,accepted_child,128,183,132,187,132,187,132,187,132,187,0.2,17,15.77299637436184,3,0.010949145229856528,0.12
106,95,10,0.1,projected_sparsity,429,507.78096313021973,192,137,192,137,69,67,56,5.0709344351516705,3.576637557016898e-15,accepted_child,132,187,137,192,137,192,137,192,137,192,0.2,18,17.307001497869894,3,0.011569865069336173,0.0
107,95,10,0.1,projected_sparsity_noise,429,507.8188653955222,192,137,192,137,69,67,56,5.073490493219609,2.6079627408974778e-15,accepted_child,130,185,137,192,137,192,137,192,137,192,0.2,18,17.307001497869894,3,0.0117265873520933,0.06
108,95,10,0.1,projected_sparsity_noise,429,507.5994576024877,192,137,192,137,69,67,56,5.075831160097489,1.9203370079362934e-15,accepted_child,131,186,136,191,137,192,137,192,137,192,0.2,18,17.307001497869894,3,0.01129231245534847,0.12
109,27,10,0.1,projected_sparsity,429,517.3919807536532,192,137,192,137,69,67,56,4.875810846825483,2.9937770947938017e-15,accepted_child,136,191,136,191,137,192,137,192,137,192,0.2,18,17.158130626758158,3,0.011214391196146072,0.0
110,27,10,0.1,projected_sparsity_noise,429,517.4362974937904,192,137,192,137,69,67,56,4.878999294547293,2.8944802939937416e-15,accepted_child,136,191,136,191,137,192,137,192,137,192,0.2,18,17.158130626758158,3,0.011352138220592731,0.06
111,27,10,0.1,projected_sparsity_noise,429,517.3112087396512,192,137,192,137,69,67,56,4.887804180270766,3.0606158515784e-15,accepted_child,133,188,136,191,137,192,137,192,137,192,0.2,18,17.158130626758158,3,0.011146905959550526,0.12
101,89,10,0.1,projected_sparsity_noise,430,508.69362206993867,187,132,187,132,69,62,56,5.0852648970794005,2.0384656088574854e-15,frontier,129,184,132,187,132,187,132,187,132,187,,,,,,
6,1,2,0.1,snap_zero,430,518.9007698385346,187,132,187,132,69,62,56,4.87692403470023,7.669669462634123e-15,frontier,132,187,132,187,132,187,132,187,132,187,,,,,,
108,95,10,0.1,projected_sparsity_noise,429,507.5994576024877,192,137,192,137,69,67,56,5.075831160097489,1.9203370079362934e-15,frontier,131,186,136,191,137,192,137,192,137,192,,,,,,
27,3,3,0.1,projected_sparsity_noise,429,519.1086838083176,192,137,192,137,69,67,56,4.861564961887294,2.958304406295448e-15,frontier,135,190,136,191,137,192,137,192,137,192,,,,,,
112,101,11,0.1,projected_sparsity,430,507.41176358377726,187,132,187,132,69,62,56,5.115818466355526,2.319150603848103e-15,accepted_child,124,179,132,187,132,187,132,187,132,187,0.2,17,17.29680475294544,3,0.011924151910879971,0.0
113,101,11,0.1,projected_sparsity_noise,430,507.45752339467805,187,132,187,132,69,62,56,5.119284967590983,2.9640541721632906e-15,accepted_child,127,182,132,187,132,187,132,187,132,187,0.2,17,17.29680475294544,3,0.012117519991543386,0.06
114,101,11,0.1,projected_sparsity_noise,430,507.3237648459709,187,132,187,132,69,62,56,5.113413576877112,3.022925588083304e-15,accepted_child,113,168,126,181,132,187,132,187,132,187,0.2,17,17.29680475294544,3,0.011484140833267847,0.12
115,6,11,0.1,projected_sparsity,430,517.3282163838928,187,132,187,132,69,62,56,4.9025309644387844,2.5161295707436203e-15,accepted_child,132,187,132,187,132,187,132,187,132,187,0.2,17,15.77299637436184,3,0.011267878205807548,0.0
116,6,11,0.1,projected_sparsity_noise,430,517.304067580497,187,132,187,132,69,62,56,4.901771551630734,3.5454505983797187e-15,accepted_child,124,179,132,187,132,187,132,187,132,187,0.2,17,15.77299637436184,3,0.011398216196207766,0.06
117,6,11,0.1,projected_sparsity_noise,430,517.2167155732432,187,132,187,132,69,62,56,4.905632981759379,2.204861551241022e-15,accepted_child,132,187,132,187,132,187,132,187,132,187,0.2,17,15.77299637436184,3,0.011236896626815844,0.12
118,108,11,0.1,projected_sparsity,429,506.1724084785695,192,137,192,137,69,67,56,5.107341623602293,2.269446911555792e-15,accepted_child,127,182,136,191,137,192,137,192,137,192,0.2,18,16.9387358790918,3,0.01117484905569304,0.0
119,108,11,0.1,projected_sparsity_noise,429,506.11238961239866,192,137,192,137,69,67,56,5.108104389225393,3.2363349751265587e-15,accepted_child,127,182,136,191,137,192,137,192,137,192,0.2,18,16.9387358790918,3,0.010964121341438022,0.06
120,108,11,0.1,projected_sparsity_noise,429,506.20194262692223,192,137,192,137,69,67,56,5.11118579776059,2.9972405700879545e-15,accepted_child,134,189,137,192,137,192,137,192,137,192,0.2,18,16.9387358790918,3,0.011557246439700018,0.12
121,27,11,0.1,projected_sparsity,429,517.3919807536532,192,137,192,137,69,67,56,4.875810846825483,2.9937770947938017e-15,accepted_child,136,191,136,191,137,192,137,192,137,192,0.2,18,17.158130626758158,3,0.011214391196146072,0.0
122,27,11,0.1,projected_sparsity_noise,429,517.3066025915311,192,137,192,137,69,67,56,4.8773787568532665,2.3447507373733188e-15,accepted_child,136,191,136,191,137,192,137,192,137,192,0.2,18,17.158130626758158,3,0.011268010986628343,0.06
123,27,11,0.1,projected_sparsity_noise,429,517.3489782125916,192,137,192,137,69,67,56,4.878817517698882,2.555714596530419e-15,accepted_child,136,191,136,191,137,192,137,192,137,192,0.2,18,17.158130626758158,3,0.010704056983644416,0.12
114,101,11,0.1,projected_sparsity_noise,430,507.3237648459709,187,132,187,132,69,62,56,5.113413576877112,3.022925588083304e-15,frontier,113,168,126,181,132,187,132,187,132,187,,,,,,
6,1,2,0.1,snap_zero,430,518.9007698385346,187,132,187,132,69,62,56,4.87692403470023,7.669669462634123e-15,frontier,132,187,132,187,132,187,132,187,132,187,,,,,,
119,108,11,0.1,projected_sparsity_noise,429,506.11238961239866,192,137,192,137,69,67,56,5.108104389225393,3.2363349751265587e-15,frontier,127,182,136,191,137,192,137,192,137,192,,,,,,
27,3,3,0.1,projected_sparsity_noise,429,519.1086838083176,192,137,192,137,69,67,56,4.861564961887294,2.958304406295448e-15,frontier,135,190,136,191,137,192,137,192,137,192,,,,,,
124,114,12,0.1,projected_sparsity,430,505.9841808576602,187,132,187,132,69,62,56,5.1450581660854,2.654067785207267e-15,accepted_child,126,181,132,187,132,187,132,187,132,187,0.2,17,17.076496294363444,3,0.011424473590049979,0.0
125,114,12,0.1,projected_sparsity_noise,430,506.03770937767297,187,132,187,132,69,62,56,5.142284259338597,2.583758665603039e-15,accepted_child,127,182,132,187,132,187,132,187,132,187,0.2,17,17.076496294363444,3,0.011640054066652835,0.06
126,114,12,0.1,projected_sparsity_noise,430,506.0488353270676,187,132,187,132,69,62,56,5.1512409450610015,2.5502019998855516e-15,accepted_child,125,180,132,187,132,187,132,187,132,187,0.2,17,17.076496294363444,3,0.011533515502814224,0.12
127,6,12,0.1,projected_sparsity,430,517.3282163838928,187,132,187,132,69,62,56,4.9025309644387844,2.5161295707436203e-15,accepted_child,132,187,132,187,132,187,132,187,132,187,0.2,17,15.77299637436184,3,0.011267878205807548,0.0
128,6,12,0.1,projected_sparsity_noise,430,517.2890726498952,187,132,187,132,69,62,56,4.8997083980501195,3.7464215492365826e-15,accepted_child,131,186,132,187,132,187,132,187,132,187,0.2,17,15.77299637436184,3,0.011295898177178744,0.06
129,6,12,0.1,projected_sparsity_noise,430,517.2893301157774,187,132,187,132,69,62,56,4.899683954791715,2.390206744530592e-15,accepted_child,129,184,129,184,132,187,132,187,132,187,0.2,17,15.77299637436184,3,0.010836308394894375,0.12
130,119,12,0.1,projected_sparsity,429,504.5212279028725,192,137,192,137,69,67,56,5.139469232705005,2.4283895421856927e-15,accepted_child,128,183,135,190,137,192,137,192,137,192,0.2,18,17.65373270380786,3,0.011349990466853,0.0
131,119,12,0.1,projected_sparsity_noise,429,504.52174273263006,192,137,192,137,69,67,56,5.13691281726625,3.001588331625502e-15,accepted_child,130,185,137,192,137,192,137,192,137,192,0.2,18,17.65373270380786,3,0.011275876928617302,0.06
132,119,12,0.1,projected_sparsity_noise,429,504.65048013749583,192,137,192,137,69,67,56,5.1319903457851845,2.0996623310899587e-15,accepted_child,131,186,137,192,137,192,137,192,137,192,0.2,18,17.65373270380786,3,0.011498238977447553,0.12
133,27,12,0.1,projected_sparsity,429,517.3919807536532,192,137,192,137,69,67,56,4.875810846825483,2.9937770947938017e-15,accepted_child,136,191,136,191,137,192,137,192,137,192,0.2,18,17.158130626758158,3,0.011214391196146072,0.0
134,27,12,0.1,projected_sparsity_noise,429,517.3250613589363,192,137,192,137,69,67,56,4.877446163028624,2.5302995152508264e-15,accepted_child,135,190,136,191,137,192,137,192,137,192,0.2,18,17.158130626758158,3,0.011381894605302373,0.06
135,27,12,0.1,projected_sparsity_noise,429,517.2604964000159,192,137,192,137,69,67,56,4.8761110528035045,2.653439161719458e-15,accepted_child,136,191,137,192,137,192,137,192,137,192,0.2,18,17.158130626758158,3,0.011875247416327329,0.12
124,114,12,0.1,projected_sparsity,430,505.9841808576602,187,132,187,132,69,62,56,5.1450581660854,2.654067785207267e-15,frontier,126,181,132,187,132,187,132,187,132,187,,,,,,
6,1,2,0.1,snap_zero,430,518.9007698385346,187,132,187,132,69,62,56,4.87692403470023,7.669669462634123e-15,frontier,132,187,132,187,132,187,132,187,132,187,,,,,,
130,119,12,0.1,projected_sparsity,429,504.5212279028725,192,137,192,137,69,67,56,5.139469232705005,2.4283895421856927e-15,frontier,128,183,135,190,137,192,137,192,137,192,,,,,,
27,3,3,0.1,projected_sparsity_noise,429,519.1086838083176,192,137,192,137,69,67,56,4.861564961887294,2.958304406295448e-15,frontier,135,190,136,191,137,192,137,192,137,192,,,,,,
136,124,13,0.1,projected_sparsity,430,504.5029993170578,187,132,187,132,69,62,56,5.1763284523337285,3.003874752767947e-15,accepted_child,118,173,130,185,132,187,132,187,132,187,0.2,17,17.673288935962326,3,0.01170613182207256,0.0
137,124,13,0.1,projected_sparsity_noise,430,504.4577654145148,188,133,188,133,69,64,55,5.173540086663178,2.4683181253164726e-15,accepted_child,121,176,124,179,133,188,133,188,133,188,0.2,17,17.673288935962326,4,0.011431620443298176,0.06
138,124,13,0.1,projected_sparsity_noise,430,504.4414443157457,187,132,187,132,69,62,56,5.180520965979835,2.913200010434243e-15,accepted_child,124,179,132,187,132,187,132,187,132,187,0.2,17,17.673288935962326,4,0.011616695136156324,0.12
139,6,13,0.1,projected_sparsity,430,517.3282163838928,187,132,187,132,69,62,56,4.9025309644387844,2.5161295707436203e-15,accepted_child,132,187,132,187,132,187,132,187,132,187,0.2,17,15.77299637436184,3,0.011267878205807548,0.0
140,6,13,0.1,projected_sparsity_noise,430,517.4086644583813,187,132,187,132,69,62,56,4.902692066716744,2.6587430625204995e-15,accepted_child,132,187,132,187,132,187,132,187,132,187,0.2,17,15.77299637436184,3,0.011410690525376334,0.06
141,6,13,0.1,projected_sparsity_noise,430,517.3326111378854,187,132,187,132,69,62,56,4.903721376993716,2.4730699198108822e-15,accepted_child,132,187,132,187,132,187,132,187,132,187,0.2,17,15.77299637436184,3,0.011405328528900896,0.12
142,130,13,0.1,projected_sparsity,429,502.7833917917499,192,137,192,137,69,67,56,5.1709836283191795,3.058298754853805e-15,accepted_child,125,180,132,187,137,192,137,192,137,192,0.2,18,17.8634997464806,3,0.011275634911729789,0.0
143,130,13,0.1,projected_sparsity_noise,429,502.7994509453505,192,137,192,137,69,67,56,5.171410941168619,3.0949583527127542e-15,accepted_child,128,183,135,190,137,192,137,192,137,192,0.2,18,17.8634997464806,3,0.011189763229145246,0.06
144,130,13,0.1,projected_sparsity_noise,429,502.7681959535687,192,137,192,137,69,67,56,5.179458103717421,3.484514967185422e-15,accepted_child,133,188,137,192,137,192,137,192,137,192,0.2,18,17.8634997464806,3,0.011489292374599308,0.12
145,27,13,0.1,projected_sparsity,429,517.3919807536532,192,137,192,137,69,67,56,4.875810846825483,2.9937770947938017e-15,accepted_child,136,191,136,191,137,192,137,192,137,192,0.2,18,17.158130626758158,3,0.011214391196146072,0.0
146,27,13,0.1,projected_sparsity_noise,429,517.3493830444987,192,137,192,137,69,67,56,4.875232768819844,3.1245834019603396e-15,accepted_child,136,191,136,191,137,192,137,192,137,192,0.2,18,17.158130626758158,3,0.011399932856602913,0.06
147,27,13,0.1,projected_sparsity_noise,429,517.5046923626088,192,137,192,137,69,67,56,4.868106094790283,3.1261560725079302e-15,accepted_child,136,191,137,192,137,192,137,192,137,192,0.2,18,17.158130626758158,3,0.011434351839137559,0.12
138,124,13,0.1,projected_sparsity_noise,430,504.4414443157457,187,132,187,132,69,62,56,5.180520965979835,2.913200010434243e-15,frontier,124,179,132,187,132,187,132,187,132,187,,,,,,
6,1,2,0.1,snap_zero,430,518.9007698385346,187,132,187,132,69,62,56,4.87692403470023,7.669669462634123e-15,frontier,132,187,132,187,132,187,132,187,132,187,,,,,,
144,130,13,0.1,projected_sparsity_noise,429,502.7681959535687,192,137,192,137,69,67,56,5.179458103717421,3.484514967185422e-15,frontier,133,188,137,192,137,192,137,192,137,192,,,,,,
27,3,3,0.1,projected_sparsity_noise,429,519.1086838083176,192,137,192,137,69,67,56,4.861564961887294,2.958304406295448e-15,frontier,135,190,136,191,137,192,137,192,137,192,,,,,,
148,138,14,0.1,projected_sparsity,430,502.8738686940128,187,132,187,132,69,62,56,5.212209664484543,3.4353276300458914e-15,accepted_child,124,179,129,184,132,187,132,187,132,187,0.2,17,17.364486809139777,5,0.011085289829618218,0.0
149,138,14,0.1,projected_sparsity_noise,430,502.87708399416,187,132,187,132,69,62,56,5.213969915368949,2.65634862987314e-15,accepted_child,124,179,132,187,132,187,132,187,132,187,0.2,17,17.364486809139777,3,0.01086027380048028,0.06
150,138,14,0.1,projected_sparsity_noise,430,502.9027824712982,187,132,187,132,69,62,56,5.210524332688022,3.2042404298004558e-15,accepted_child,121,176,132,187,132,187,132,187,132,187,0.2,17,17.364486809139777,3,0.011090339006639506,0.12
151,6,14,0.1,projected_sparsity,430,517.3282163838928,187,132,187,132,69,62,56,4.9025309644387844,2.5161295707436203e-15,accepted_child,132,187,132,187,132,187,132,187,132,187,0.2,17,15.77299637436184,3,0.011267878205807548,0.0
152,6,14,0.1,projected_sparsity_noise,430,517.4038437793414,187,132,187,132,69,62,56,4.898497594113513,2.5530673890185982e-15,accepted_child,128,183,132,187,132,187,132,187,132,187,0.2,17,15.77299637436184,3,0.011139702682616924,0.06
153,6,14,0.1,projected_sparsity_noise,430,517.4826741434318,187,132,187,132,69,62,56,4.901565824068483,2.282997646943609e-15,accepted_child,129,184,132,187,132,187,132,187,132,187,0.2,17,15.77299637436184,3,0.010823692457384375,0.12
154,144,14,0.1,projected_sparsity,429,500.8490688984366,192,137,192,137,69,67,56,5.211082849775985,3.1964696577610744e-15,accepted_child,123,178,137,192,137,192,137,192,137,192,0.2,18,17.96645913442956,3,0.011141906093370032,0.0
155,144,14,0.1,projected_sparsity_noise,429,500.7395767193955,192,137,192,137,69,67,56,5.211522945832025,2.6957474216683293e-15,accepted_child,126,181,135,190,137,192,137,192,137,192,0.2,18,17.96645913442956,3,0.01094442857249668,0.06
156,144,14,0.1,projected_sparsity_noise,429,501.0829107337079,192,137,192,137,69,67,56,5.208157701959777,3.907980180242646e-15,accepted_child,131,186,137,192,137,192,137,192,137,192,0.2,18,17.96645913442956,3,0.011770850351126298,0.12
157,27,14,0.1,projected_sparsity,429,517.3919807536532,192,137,192,137,69,67,56,4.875810846825483,2.9937770947938017e-15,accepted_child,136,191,136,191,137,192,137,192,137,192,0.2,18,17.158130626758158,3,0.011214391196146072,0.0
158,27,14,0.1,projected_sparsity_noise,429,517.3742897135062,192,137,192,137,69,67,56,4.873722170878296,2.430127218839651e-15,accepted_child,136,191,136,191,137,192,137,192,137,192,0.2,18,17.158130626758158,3,0.011411974122651313,0.06
159,27,14,0.1,projected_sparsity_noise,429,517.5346876017215,192,137,192,137,69,67,56,4.869961189086791,2.643864351999552e-15,accepted_child,135,190,136,191,137,192,137,192,137,192,0.2,18,17.158130626758158,3,0.010755906725389269,0.12
148,138,14,0.1,projected_sparsity,430,502.8738686940128,187,132,187,132,69,62,56,5.212209664484543,3.4353276300458914e-15,frontier,124,179,129,184,132,187,132,187,132,187,,,,,,
6,1,2,0.1,snap_zero,430,518.9007698385346,187,132,187,132,69,62,56,4.87692403470023,7.669669462634123e-15,frontier,132,187,132,187,132,187,132,187,132,187,,,,,,
155,144,14,0.1,projected_sparsity_noise,429,500.7395767193955,192,137,192,137,69,67,56,5.211522945832025,2.6957474216683293e-15,frontier,126,181,135,190,137,192,137,192,137,192,,,,,,
27,3,3,0.1,projected_sparsity_noise,429,519.1086838083176,192,137,192,137,69,67,56,4.861564961887294,2.958304406295448e-15,frontier,135,190,136,191,137,192,137,192,137,192,,,,,,
160,148,15,0.1,projected_sparsity,430,501.1356487661487,188,133,188,133,69,64,55,5.243355615990978,2.3637500886594616e-15,accepted_child,124,179,126,181,133,188,133,188,133,188,0.2,17,17.847034303107634,4,0.010977457749191802,0.0
161,148,15,0.1,projected_sparsity_noise,430,501.19642620043396,187,132,187,132,69,62,56,5.240993792213355,2.770769607324091e-15,accepted_child,128,183,132,187,132,187,132,187,132,187,0.2,17,17.847034303107634,3,0.011143792740124973,0.06
162,148,15,0.1,projected_sparsity_noise,430,501.2021497252457,187,132,187,132,69,62,56,5.23748443578826,2.8241229749158586e-15,accepted_child,128,183,132,187,132,187,132,187,132,187,0.2,17,17.847034303107634,3,0.011227183779728202,0.12
163,6,15,0.1,projected_sparsity,430,517.3282163838928,187,132,187,132,69,62,56,4.9025309644387844,2.5161295707436203e-15,accepted_child,132,187,132,187,132,187,132,187,132,187,0.2,17,15.77299637436184,3,0.011267878205807548,0.0
164,6,15,0.1,projected_sparsity_noise,430,517.2958045673062,187,132,187,132,69,62,56,4.901536239533321,2.8220595232801267e-15,accepted_child,132,187,132,187,132,187,132,187,132,187,0.2,17,15.77299637436184,3,0.011388477852372318,0.06
165,6,15,0.1,projected_sparsity_noise,430,517.376444494597,187,132,187,132,69,62,56,4.901233734696545,2.7443549861371868e-15,accepted_child,132,187,132,187,132,187,132,187,132,187,0.2,17,15.77299637436184,3,0.011243274373198237,0.12
166,155,15,0.1,projected_sparsity,429,498.6539969648585,192,137,192,137,69,67,56,5.242671912159857,2.864119489041604e-15,accepted_child,130,185,133,188,137,192,137,192,137,192,0.2,18,17.84638018718427,3,0.010945984844694332,0.0
167,155,15,0.1,projected_sparsity_noise,429,498.6561802107334,192,137,192,137,69,67,56,5.244896576483461,2.299168612139901e-15,accepted_child,131,186,136,191,137,192,137,192,137,192,0.2,18,17.84638018718427,3,0.010722076835234568,0.06
168,155,15,0.1,projected_sparsity_noise,429,498.512340848515,192,137,192,137,69,67,56,5.236597946645973,3.696579237823384e-15,accepted_child,132,187,137,192,137,192,137,192,137,192,0.2,18,17.84638018718427,3,0.01078033059592605,0.12
169,27,15,0.1,projected_sparsity,429,517.3919807536532,192,137,192,137,69,67,56,4.875810846825483,2.9937770947938017e-15,accepted_child,136,191,136,191,137,192,137,192,137,192,0.2,18,17.158130626758158,3,0.011214391196146072,0.0
170,27,15,0.1,projected_sparsity_noise,429,517.3759021074893,192,137,192,137,69,67,56,4.878392329805592,2.6886317132650382e-15,accepted_child,136,191,136,191,137,192,137,192,137,192,0.2,18,17.158130626758158,3,0.011323438824584748,0.06
171,27,15,0.1,projected_sparsity_noise,429,517.392010508428,192,137,192,137,69,67,56,4.869292345060946,2.416013085588301e-15,accepted_child,133,188,133,188,137,192,137,192,137,192,0.2,18,17.158130626758158,3,0.011303805664797427,0.12
161,148,15,0.1,projected_sparsity_noise,430,501.19642620043396,187,132,187,132,69,62,56,5.240993792213355,2.770769607324091e-15,frontier,128,183,132,187,132,187,132,187,132,187,,,,,,
6,1,2,0.1,snap_zero,430,518.9007698385346,187,132,187,132,69,62,56,4.87692403470023,7.669669462634123e-15,frontier,132,187,132,187,132,187,132,187,132,187,,,,,,
168,155,15,0.1,projected_sparsity_noise,429,498.512340848515,192,137,192,137,69,67,56,5.236597946645973,3.696579237823384e-15,frontier,132,187,137,192,137,192,137,192,137,192,,,,,,
27,3,3,0.1,projected_sparsity_noise,429,519.1086838083176,192,137,192,137,69,67,56,4.861564961887294,2.958304406295448e-15,frontier,135,190,136,191,137,192,137,192,137,192,,,,,,
172,161,16,0.1,projected_sparsity,430,499.2774139936275,187,132,187,132,69,62,56,5.271679130279851,3.729872684081053e-15,accepted_child,118,173,130,185,132,187,132,187,132,187,0.2,17,18.150851585665833,3,0.010694782008836307,0.0
173,161,16,0.1,projected_sparsity_noise,430,499.2336916130393,187,132,187,132,69,62,56,5.276570739453811,3.0639692072589873e-15,accepted_child,117,172,132,187,132,187,132,187,132,187,0.2,17,18.150851585665833,3,0.010573611507841862,0.06
174,161,16,0.1,projected_sparsity_noise,430,499.23019523543775,187,132,187,132,69,62,56,5.2753537552438035,2.777472765244016e-15,accepted_child,130,185,132,187,132,187,132,187,132,187,0.2,17,18.150851585665833,3,0.01077904732954437,0.12
175,6,16,0.1,projected_sparsity,430,517.3282163838928,187,132,187,132,69,62,56,4.9025309644387844,2.5161295707436203e-15,accepted_child,132,187,132,187,132,187,132,187,132,187,0.2,17,15.77299637436184,3,0.011267878205807548,0.0
176,6,16,0.1,projected_sparsity_noise,430,517.3241350746753,187,132,187,132,69,62,56,4.902011805147941,2.627627372977821e-15,accepted_child,132,187,132,187,132,187,132,187,132,187,0.2,17,15.77299637436184,3,0.011590280272429447,0.06
177,6,16,0.1,projected_sparsity_noise,430,517.3986709111987,187,132,187,132,69,62,56,4.8981712272458156,3.3532920607690768e-15,accepted_child,124,179,131,186,132,187,132,187,132,187,0.2,17,15.77299637436184,3,0.011713714900219238,0.12
178,168,16,0.1,projected_sparsity,429,496.4278578079467,192,137,192,137,69,67,56,5.268221741587892,2.5745765773116188e-15,accepted_child,124,179,136,191,137,192,137,192,137,192,0.2,18,17.546960629414464,3,0.011723136889034364,0.0
179,168,16,0.1,projected_sparsity_noise,429,496.44086016923495,192,137,192,137,69,67,56,5.2707581304832765,2.7458938490388422e-15,accepted_child,124,179,136,191,137,192,137,192,137,192,0.2,18,17.546960629414464,3,0.011203874179519733,0.06
180,168,16,0.1,projected_sparsity_noise,429,496.52306785198857,192,137,192,137,69,67,56,5.269390937020571,2.2689470728287626e-15,accepted_child,132,187,137,192,137,192,137,192,137,192,0.2,18,17.546960629414464,3,0.011513915585477668,0.12
181,27,16,0.1,projected_sparsity,429,517.3919807536532,192,137,192,137,69,67,56,4.875810846825483,2.9937770947938017e-15,accepted_child,136,191,136,191,137,192,137,192,137,192,0.2,18,17.158130626758158,3,0.011214391196146072,0.0
182,27,16,0.1,projected_sparsity_noise,429,517.4323823555608,192,137,192,137,69,67,56,4.878099944243506,3.4881794902228677e-15,accepted_child,136,191,136,191,137,192,137,192,137,192,0.2,18,17.158130626758158,3,0.011228029203765078,0.06
183,27,16,0.1,projected_sparsity_noise,429,517.4155917862925,192,137,192,137,69,67,56,4.876339321528629,2.1630966221420404e-15,accepted_child,136,191,136,191,137,192,137,192,137,192,0.2,18,17.158130626758158,3,0.011464977474129593,0.12
174,161,16,0.1,projected_sparsity_noise,430,499.23019523543775,187,132,187,132,69,62,56,5.2753537552438035,2.777472765244016e-15,frontier,130,185,132,187,132,187,132,187,132,187,,,,,,
6,1,2,0.1,snap_zero,430,518.9007698385346,187,132,187,132,69,62,56,4.87692403470023,7.669669462634123e-15,frontier,132,187,132,187,132,187,132,187,132,187,,,,,,
178,168,16,0.1,projected_sparsity,429,496.4278578079467,192,137,192,137,69,67,56,5.268221741587892,2.5745765773116188e-15,frontier,124,179,136,191,137,192,137,192,137,192,,,,,,
27,3,3,0.1,projected_sparsity_noise,429,519.1086838083176,192,137,192,137,69,67,56,4.861564961887294,2.958304406295448e-15,frontier,135,190,136,191,137,192,137,192,137,192,,,,,,
184,174,17,0.1,projected_sparsity,430,497.0915391871904,187,132,187,132,69,62,56,5.307622769222871,5.854536275396725e-14,accepted_child,120,175,132,187,132,187,132,187,132,187,0.2,17,17.927327027782958,3,0.011300969558024104,0.0
185,174,17,0.1,projected_sparsity_noise,430,497.08287122372263,187,132,187,132,69,62,56,5.310176874974156,1.5587986763022596e-14,accepted_child,126,181,132,187,132,187,132,187,132,187,0.2,17,17.927327027782958,3,0.011580988916841796,0.06
186,174,17,0.1,projected_sparsity_noise,430,497.04600691037086,187,132,187,132,69,62,56,5.307506875459158,2.3144959927879228e-15,accepted_child,121,176,132,187,132,187,132,187,132,187,0.2,17,17.927327027782958,3,0.010275130160491716,0.12
187,6,17,0.1,projected_sparsity,430,517.3282163838928,187,132,187,132,69,62,56,4.9025309644387844,2.5161295707436203e-15,accepted_child,132,187,132,187,132,187,132,187,132,187,0.2,17,15.77299637436184,3,0.011267878205807548,0.0
188,6,17,0.1,projected_sparsity_noise,430,517.2536001946439,187,132,187,132,69,62,56,4.8999851489218225,3.1556934558817678e-15,accepted_child,129,184,132,187,132,187,132,187,132,187,0.2,17,15.77299637436184,3,0.01076156019376494,0.06
189,6,17,0.1,projected_sparsity_noise,430,517.5450823598237,187,132,187,132,69,62,56,4.901239415691332,2.6530512758880725e-15,accepted_child,132,187,132,187,132,187,132,187,132,187,0.2,17,15.77299637436184,3,0.011803289694944097,0.12
190,178,17,0.1,projected_sparsity,429,494.5920635439728,192,137,192,137,69,67,56,5.299616780427627,3.4430901466691733e-15,accepted_child,123,178,128,183,137,192,137,192,137,192,0.2,18,17.29014422468631,3,0.01148216476537168,0.0
191,178,17,0.1,projected_sparsity_noise,429,494.600154139,192,137,192,137,69,67,56,5.298006689547179,3.343196466407365e-15,accepted_child,124,179,136,191,137,192,137,192,137,192,0.2,18,17.29014422468631,3,0.011673471266540156,0.06
192,178,17,0.1,projected_sparsity_noise,429,494.7990658271433,192,137,192,137,69,67,56,5.296741734567548,2.8940126588912317e-15,accepted_child,126,181,136,191,137,192,137,192,137,192,0.2,18,17.29014422468631,3,0.011907900227283412,0.12
193,27,17,0.1,projected_sparsity,429,517.3919807536532,192,137,192,137,69,67,56,4.875810846825483,2.9937770947938017e-15,accepted_child,136,191,136,191,137,192,137,192,137,192,0.2,18,17.158130626758158,3,0.011214391196146072,0.0
194,27,17,0.1,projected_sparsity_noise,429,517.4540355503523,192,137,192,137,69,67,56,4.875621440125187,2.721028912322846e-15,accepted_child,136,191,136,191,137,192,137,192,137,192,0.2,18,17.158130626758158,3,0.01177505230169658,0.06
195,27,17,0.1,projected_sparsity_noise,429,517.3635972619853,192,137,192,137,69,67,56,4.877688578255546,3.249605034808812e-15,accepted_child,136,191,136,191,137,192,137,192,137,192,0.2,18,17.158130626758158,3,0.010971844909725243,0.12
186,174,17,0.1,projected_sparsity_noise,430,497.04600691037086,187,132,187,132,69,62,56,5.307506875459158,2.3144959927879228e-15,frontier,121,176,132,187,132,187,132,187,132,187,,,,,,
6,1,2,0.1,snap_zero,430,518.9007698385346,187,132,187,132,69,62,56,4.87692403470023,7.669669462634123e-15,frontier,132,187,132,187,132,187,132,187,132,187,,,,,,
190,178,17,0.1,projected_sparsity,429,494.5920635439728,192,137,192,137,69,67,56,5.299616780427627,3.4430901466691733e-15,frontier,123,178,128,183,137,192,137,192,137,192,,,,,,
27,3,3,0.1,projected_sparsity_noise,429,519.1086838083176,192,137,192,137,69,67,56,4.861564961887294,2.958304406295448e-15,frontier,135,190,136,191,137,192,137,192,137,192,,,,,,
196,186,18,0.1,projected_sparsity,430,494.52118328321126,187,132,187,132,69,62,56,5.338647773734113,4.0900220726665237e-14,accepted_child,116,171,131,186,132,187,132,187,132,187,0.2,17,18.45336872818174,4,0.014393319721153508,0.0
197,186,18,0.1,projected_sparsity_noise,430,494.6027614639701,188,133,188,133,69,64,55,5.338785721715183,2.144691744597464e-15,accepted_child,116,171,131,186,133,188,133,188,133,188,0.2,17,18.45336872818174,4,0.013163062752579549,0.06
198,186,18,0.1,projected_sparsity_noise,430,494.33204195555976,187,132,187,132,69,62,56,5.351512807963912,2.846783195049026e-15,accepted_child,127,182,132,187,132,187,132,187,132,187,0.2,17,18.45336872818174,4,0.01715127975412131,0.12
199,6,18,0.1,projected_sparsity,430,517.3282163838928,187,132,187,132,69,62,56,4.9025309644387844,2.5161295707436203e-15,accepted_child,132,187,132,187,132,187,132,187,132,187,0.2,17,15.77299637436184,3,0.011267878205807548,0.0
200,6,18,0.1,projected_sparsity_noise,430,517.3155672574417,187,132,187,132,69,62,56,4.903261457704647,3.1013846099838507e-15,accepted_child,132,187,132,187,132,187,132,187,132,187,0.2,17,15.77299637436184,3,0.011612828924735056,0.06
201,6,18,0.1,projected_sparsity_noise,430,517.3114889976737,187,132,187,132,69,62,56,4.899587513131341,3.0593269852422084e-15,accepted_child,132,187,132,187,132,187,132,187,132,187,0.2,17,15.77299637436184,3,0.010958356393418993,0.12
202,190,18,0.1,snap_zero,430,492.71574008274985,187,132,187,132,69,64,54,5.330781549891093,1.9111864304680366e-13,accepted_child:snapped_1_zeros,123,178,132,187,132,187,132,187,132,187,0.2,18,17.63973905349927,3,0.011816573989614224,0.0
203,190,18,0.1,projected_sparsity_noise,429,492.7356932292227,192,137,192,137,69,67,56,5.331017539786854,2.5035625791193712e-15,accepted_child,125,180,136,191,137,192,137,192,137,192,0.2,18,17.63973905349927,3,0.01111052325389258,0.06
204,190,18,0.1,projected_sparsity_noise,429,492.7402551680846,192,137,192,137,69,67,56,5.339521689315269,2.515730605962481e-15,accepted_child,126,181,136,191,137,192,137,192,137,192,0.2,18,17.63973905349927,3,0.011115784353839864,0.12
205,27,18,0.1,projected_sparsity,429,517.3919807536532,192,137,192,137,69,67,56,4.875810846825483,2.9937770947938017e-15,accepted_child,136,191,136,191,137,192,137,192,137,192,0.2,18,17.158130626758158,3,0.011214391196146072,0.0
206,27,18,0.1,projected_sparsity_noise,429,517.3386659560776,192,137,192,137,69,67,56,4.876800692926867,2.5669946387700095e-15,accepted_child,135,190,136,191,137,192,137,192,137,192,0.2,18,17.158130626758158,3,0.011125494160699346,0.06
207,27,18,0.1,projected_sparsity_noise,429,517.3333433486916,192,137,192,137,69,67,56,4.866822945894152,2.7399025648737895e-15,accepted_child,136,191,136,191,137,192,137,192,137,192,0.2,18,17.158130626758158,3,0.011819023423468383,0.12
202,190,18,0.1,snap_zero,430,492.71574008274985,187,132,187,132,69,64,54,5.330781549891093,1.9111864304680366e-13,frontier,123,178,132,187,132,187,132,187,132,187,,,,,,
186,174,17,0.1,projected_sparsity_noise,430,497.04600691037086,187,132,187,132,69,62,56,5.307506875459158,2.3144959927879228e-15,frontier,121,176,132,187,132,187,132,187,132,187,,,,,,
6,1,2,0.1,snap_zero,430,518.9007698385346,187,132,187,132,69,62,56,4.87692403470023,7.669669462634123e-15,frontier,132,187,132,187,132,187,132,187,132,187,,,,,,
27,3,3,0.1,projected_sparsity_noise,429,519.1086838083176,192,137,192,137,69,67,56,4.861564961887294,2.958304406295448e-15,frontier,135,190,136,191,137,192,137,192,137,192,,,,,,
208,202,19,0.1,projected_sparsity,430,490.5230689188493,187,132,187,132,69,64,54,5.3602736188729505,3.743445249836194e-15,accepted_child,122,177,132,187,132,187,132,187,132,187,0.2,17,18.37876875050495,3,0.01131803760186292,0.0
209,202,19,0.1,projected_sparsity_noise,430,490.6019858179162,187,132,187,132,69,64,54,5.360371864448087,2.81927406778304e-15,accepted_child,128,183,132,187,132,187,132,187,132,187,0.2,17,18.37876875050495,3,0.011217751013059529,0.06
210,202,19,0.1,projected_sparsity_noise,430,490.68868494047246,187,132,187,132,69,64,54,5.3547164745069615,2.8393028623212596e-15,accepted_child,130,185,132,187,132,187,132,187,132,187,0.2,17,18.37876875050495,3,0.011227426886672344,0.12
211,186,19,0.1,projected_sparsity,430,494.52118328321126,187,132,187,132,69,62,56,5.338647773734113,4.0900220726665237e-14,accepted_child,116,171,131,186,132,187,132,187,132,187,0.2,17,18.45336872818174,4,0.014393319721153508,0.0
212,186,19,0.1,projected_sparsity_noise,430,494.5550735260531,187,132,187,132,69,62,56,5.338881283898577,5.950148432913402e-14,accepted_child,126,181,131,186,132,187,132,187,132,187,0.2,17,18.45336872818174,3,0.013294179680996054,0.06
213,186,19,0.1,projected_sparsity_noise,430,494.5868040956473,187,132,187,132,69,62,56,5.3330135622573245,2.3836045265067775e-15,accepted_child,128,183,132,187,132,187,132,187,132,187,0.2,17,18.45336872818174,4,0.014314126280906319,0.12
214,6,19,0.1,projected_sparsity,430,517.3282163838928,187,132,187,132,69,62,56,4.9025309644387844,2.5161295707436203e-15,accepted_child,132,187,132,187,132,187,132,187,132,187,0.2,17,15.77299637436184,3,0.011267878205807548,0.0
215,6,19,0.1,projected_sparsity_noise,430,517.3501777540632,187,132,187,132,69,62,56,4.901617683837378,2.4650961917830233e-15,accepted_child,131,186,132,187,132,187,132,187,132,187,0.2,17,15.77299637436184,3,0.011553503333917312,0.06
216,6,19,0.1,projected_sparsity_noise,430,517.3082525751362,187,132,187,132,69,62,56,4.902834147980158,3.229768015650941e-15,accepted_child,128,183,132,187,132,187,132,187,132,187,0.2,17,15.77299637436184,3,0.010733926857238533,0.12
217,27,19,0.1,projected_sparsity,429,517.3919807536532,192,137,192,137,69,67,56,4.875810846825483,2.9937770947938017e-15,accepted_child,136,191,136,191,137,192,137,192,137,192,0.2,18,17.158130626758158,3,0.011214391196146072,0.0
218,27,19,0.1,projected_sparsity_noise,429,517.5021575797441,192,137,192,137,69,67,56,4.873241225957513,2.8139557447127257e-15,accepted_child,134,189,136,191,137,192,137,192,137,192,0.2,18,17.158130626758158,3,0.011190347456082982,0.06
219,27,19,0.1,projected_sparsity_noise,429,517.4740307171421,192,137,192,137,69,67,56,4.87614760704612,2.8277289170451125e-15,accepted_child,136,191,136,191,137,192,137,192,137,192,0.2,18,17.158130626758158,3,0.011282310807315824,0.12
208,202,19,0.1,projected_sparsity,430,490.5230689188493,187,132,187,132,69,64,54,5.3602736188729505,3.743445249836194e-15,frontier,122,177,132,187,132,187,132,187,132,187,,,,,,
210,202,19,0.1,projected_sparsity_noise,430,490.68868494047246,187,132,187,132,69,64,54,5.3547164745069615,2.8393028623212596e-15,frontier,130,185,132,187,132,187,132,187,132,187,,,,,,
6,1,2,0.1,snap_zero,430,518.9007698385346,187,132,187,132,69,62,56,4.87692403470023,7.669669462634123e-15,frontier,132,187,132,187,132,187,132,187,132,187,,,,,,
27,3,3,0.1,projected_sparsity_noise,429,519.1086838083176,192,137,192,137,69,67,56,4.861564961887294,2.958304406295448e-15,frontier,135,190,136,191,137,192,137,192,137,192,,,,,,
220,208,20,0.1,projected_sparsity,430,487.85579259929074,187,132,187,132,69,64,54,5.388975712024421,2.791579506740688e-15,accepted_child,120,175,132,187,132,187,132,187,132,187,0.2,17,19.045062834326938,3,0.012264707258694,0.0
221,208,20,0.1,projected_sparsity_noise,430,487.84171808927965,187,132,187,132,69,64,54,5.389147021010562,2.9727442264127772e-15,accepted_child,126,181,132,187,132,187,132,187,132,187,0.2,17,19.045062834326938,3,0.012535062204246106,0.06
222,208,20,0.1,projected_sparsity_noise,430,487.91083576305493,187,132,187,132,69,64,54,5.394549682146462,2.9088509457129194e-15,accepted_child,132,187,132,187,132,187,132,187,132,187,0.2,17,19.045062834326938,3,0.012242280763987094,0.12
223,210,20,0.1,projected_sparsity,430,488.03626837099375,187,132,187,132,69,64,54,5.380894737274167,2.7758615084012927e-15,accepted_child,128,183,132,187,132,187,132,187,132,187,0.2,17,19.566557596272062,3,0.011128236861267654,0.0
224,210,20,0.1,projected_sparsity_noise,430,488.01096948348436,187,132,187,132,69,64,54,5.379856521440471,3.2599111445330515e-15,accepted_child,128,183,132,187,132,187,132,187,132,187,0.2,17,19.566557596272062,3,0.010832281873502665,0.06
225,210,20,0.1,projected_sparsity_noise,430,488.11094576048293,187,132,187,132,69,64,54,5.383963684058956,2.633649540338053e-15,accepted_child,131,186,132,187,132,187,132,187,132,187,0.2,17,19.566557596272062,3,0.010566855974879006,0.12
226,6,20,0.1,projected_sparsity,430,517.3282163838928,187,132,187,132,69,62,56,4.9025309644387844,2.5161295707436203e-15,accepted_child,132,187,132,187,132,187,132,187,132,187,0.2,17,15.77299637436184,3,0.011267878205807548,0.0
227,6,20,0.1,projected_sparsity_noise,430,517.2985919332102,187,132,187,132,69,62,56,4.899565020280553,2.6020351795094157e-15,accepted_child,132,187,132,187,132,187,132,187,132,187,0.2,17,15.77299637436184,3,0.011404703341927131,0.06
228,6,20,0.1,projected_sparsity_noise,430,517.3128879620684,187,132,187,132,69,62,56,4.903448656339141,3.0799134802184357e-15,accepted_child,132,187,132,187,132,187,132,187,132,187,0.2,17,15.77299637436184,3,0.012599303170406447,0.12
229,27,20,0.1,projected_sparsity,429,517.3919807536532,192,137,192,137,69,67,56,4.875810846825483,2.9937770947938017e-15,accepted_child,136,191,136,191,137,192,137,192,137,192,0.2,18,17.158130626758158,3,0.011214391196146072,0.0
230,27,20,0.1,projected_sparsity_noise,429,517.3496385979658,192,137,192,137,69,67,56,4.874083701498089,2.8765846922131436e-15,accepted_child,135,190,136,191,137,192,137,192,137,192,0.2,18,17.158130626758158,3,0.010989474268637424,0.06
231,27,20,0.1,projected_sparsity_noise,429,517.4541644675577,192,137,192,137,69,67,56,4.87141940894742,3.0763914712154875e-15,accepted_child,136,191,136,191,137,192,137,192,137,192,0.2,18,17.158130626758158,3,0.010848644555862503,0.12
221,208,20,0.1,projected_sparsity_noise,430,487.84171808927965,187,132,187,132,69,64,54,5.389147021010562,2.9727442264127772e-15,frontier,126,181,132,187,132,187,132,187,132,187,,,,,,
220,208,20,0.1,projected_sparsity,430,487.85579259929074,187,132,187,132,69,64,54,5.388975712024421,2.791579506740688e-15,frontier,120,175,132,187,132,187,132,187,132,187,,,,,,
6,1,2,0.1,snap_zero,430,518.9007698385346,187,132,187,132,69,62,56,4.87692403470023,7.669669462634123e-15,frontier,132,187,132,187,132,187,132,187,132,187,,,,,,
27,3,3,0.1,projected_sparsity_noise,429,519.1086838083176,192,137,192,137,69,67,56,4.861564961887294,2.958304406295448e-15,frontier,135,190,136,191,137,192,137,192,137,192,,,,,,
232,221,21,0.1,projected_sparsity,430,484.48947790823513,187,132,187,132,69,64,54,5.416113842888889,3.0490485057248354e-15,accepted_child,120,175,132,187,132,187,132,187,132,187,0.2,17,20.213900317903672,3,0.015695922324351175,0.0
233,221,21,0.1,projected_sparsity_noise,430,484.4987988347808,187,132,187,132,69,64,54,5.415759296953704,2.542515891668041e-15,accepted_child,128,183,132,187,132,187,132,187,132,187,0.2,17,20.213900317903672,3,0.015271570694432439,0.06
234,221,21,0.1,projected_sparsity_noise,430,484.3084506521577,187,132,187,132,69,64,54,5.416709979838619,4.0886237751083665e-15,accepted_child,124,179,130,185,132,187,132,187,132,187,0.2,17,20.213900317903672,3,0.018963413618327946,0.12
235,220,21,0.1,projected_sparsity,430,484.5219268827542,187,132,187,132,69,64,54,5.416241921420434,3.1681990201046012e-15,accepted_child,120,175,131,186,132,187,132,187,132,187,0.2,17,20.239675423796292,3,0.015340007722776734,0.0
236,220,21,0.1,projected_sparsity_noise,430,484.63645849533,187,132,187,132,69,64,54,5.417858576145479,2.872718429925596e-15,accepted_child,122,177,132,187,132,187,132,187,132,187,0.2,17,20.239675423796292,3,0.014647792351855668,0.06
237,220,21,0.1,projected_sparsity_noise,430,484.39788050022173,187,132,187,132,69,64,54,5.4152898109198455,3.7633669521781885e-15,accepted_child,127,182,132,187,132,187,132,187,132,187,0.2,17,20.239675423796292,3,0.016599603159254267,0.12
238,6,21,0.1,projected_sparsity,430,517.3282163838928,187,132,187,132,69,62,56,4.9025309644387844,2.5161295707436203e-15,accepted_child,132,187,132,187,132,187,132,187,132,187,0.2,17,15.77299637436184,3,0.011267878205807548,0.0
239,6,21,0.1,projected_sparsity_noise,430,517.346763010803,187,132,187,132,69,62,56,4.901369454033766,2.688827824801204e-15,accepted_child,132,187,132,187,132,187,132,187,132,187,0.2,17,15.77299637436184,3,0.011534258036375273,0.06
240,6,21,0.1,projected_sparsity_noise,430,517.4765046859062,187,132,187,132,69,62,56,4.903421580689403,2.9505875606399273e-15,accepted_child,123,178,132,187,132,187,132,187,132,187,0.2,17,15.77299637436184,3,0.010962331573871241,0.12
241,27,21,0.1,projected_sparsity,429,517.3919807536532,192,137,192,137,69,67,56,4.875810846825483,2.9937770947938017e-15,accepted_child,136,191,136,191,137,192,137,192,137,192,0.2,18,17.158130626758158,3,0.011214391196146072,0.0
242,27,21,0.1,projected_sparsity_noise,429,517.4691579390867,192,137,192,137,69,67,56,4.875426978747428,2.5659272282302603e-15,accepted_child,136,191,136,191,137,192,137,192,137,192,0.2,18,17.158130626758158,3,0.011172217873364743,0.06
243,27,21,0.1,projected_sparsity_noise,429,517.3861429491026,192,137,192,137,69,67,56,4.87158793670531,2.9929042368938643e-15,accepted_child,136,191,136,191,137,192,137,192,137,192,0.2,18,17.158130626758158,3,0.011540511098861136,0.12
234,221,21,0.1,projected_sparsity_noise,430,484.3084506521577,187,132,187,132,69,64,54,5.416709979838619,4.0886237751083665e-15,frontier,124,179,130,185,132,187,132,187,132,187,,,,,,
237,220,21,0.1,projected_sparsity_noise,430,484.39788050022173,187,132,187,132,69,64,54,5.4152898109198455,3.7633669521781885e-15,frontier,127,182,132,187,132,187,132,187,132,187,,,,,,
6,1,2,0.1,snap_zero,430,518.9007698385346,187,132,187,132,69,62,56,4.87692403470023,7.669669462634123e-15,frontier,132,187,132,187,132,187,132,187,132,187,,,,,,
27,3,3,0.1,projected_sparsity_noise,429,519.1086838083176,192,137,192,137,69,67,56,4.861564961887294,2.958304406295448e-15,frontier,135,190,136,191,137,192,137,192,137,192,,,,,,
244,234,22,0.1,projected_sparsity,430,480.8416338195335,187,132,187,132,69,64,54,5.444009726545291,2.9454233071934773e-15,accepted_child,127,182,132,187,132,187,132,187,132,187,0.2,17,21.066571767546773,3,0.0221824383379967,0.0
245,234,22,0.1,projected_sparsity_noise,430,480.8519531758725,187,132,187,132,69,64,54,5.442555958099815,3.053512600725616e-15,accepted_child,120,175,132,187,132,187,132,187,132,187,0.2,17,21.066571767546773,3,0.02523629610965473,0.06
246,234,22,0.1,projected_sparsity_noise,430,480.88735059254134,187,132,187,132,69,64,54,5.436109954139095,2.837074787240732e-15,accepted_child,131,186,132,187,132,187,132,187,132,187,0.2,17,21.066571767546773,3,0.022669572921864972,0.12
247,237,22,0.1,projected_sparsity,430,480.9049099703883,187,132,187,132,69,64,54,5.441934762284062,3.168766322590718e-15,accepted_child,122,177,132,187,132,187,132,187,132,187,0.2,17,21.23044767903248,3,0.021271865707920997,0.0
248,237,22,0.1,projected_sparsity_noise,430,480.9178219391258,187,132,187,132,69,64,54,5.440510733709235,2.488795525925398e-15,accepted_child,122,177,132,187,132,187,132,187,132,187,0.2,17,21.23044767903248,3,0.022144837321939455,0.06
249,237,22,0.1,projected_sparsity_noise,430,480.9745887891062,187,132,187,132,69,64,54,5.432821613471002,2.4266401003931126e-15,accepted_child,130,185,132,187,132,187,132,187,132,187,0.2,17,21.23044767903248,3,0.022559334672444694,0.12
250,6,22,0.1,projected_sparsity,430,517.3282163838928,187,132,187,132,69,62,56,4.9025309644387844,2.5161295707436203e-15,accepted_child,132,187,132,187,132,187,132,187,132,187,0.2,17,15.77299637436184,3,0.011267878205807548,0.0
251,6,22,0.1,projected_sparsity_noise,430,517.3353756876015,187,132,187,132,69,62,56,4.903542334223112,2.7445225182682154e-15,accepted_child,132,187,132,187,132,187,132,187,132,187,0.2,17,15.77299637436184,3,0.011412595814022803,0.06
252,6,22,0.1,projected_sparsity_noise,430,517.3586208242418,187,132,187,132,69,62,56,4.906172678334274,2.9306604128814818e-15,accepted_child,131,186,132,187,132,187,132,187,132,187,0.2,17,15.77299637436184,3,0.011287424265387147,0.12
253,27,22,0.1,projected_sparsity,429,517.3919807536532,192,137,192,137,69,67,56,4.875810846825483,2.9937770947938017e-15,accepted_child,136,191,136,191,137,192,137,192,137,192,0.2,18,17.158130626758158,3,0.011214391196146072,0.0
254,27,22,0.1,snap_zero,430,517.3887265665933,188,133,188,133,69,64,55,4.874140528422156,2.4647328643469525e-15,accepted_child:snapped_1_zeros,133,188,133,188,133,188,133,188,133,188,0.2,18,17.158130626758158,3,0.011070048574241913,0.06
255,27,22,0.1,projected_sparsity_noise,429,517.4617410939494,192,137,192,137,69,67,56,4.880442233855337,3.2736597949802785e-15,accepted_child,136,191,136,191,137,192,137,192,137,192,0.2,18,17.158130626758158,3,0.010686180375756643,0.12
244,234,22,0.1,projected_sparsity,430,480.8416338195335,187,132,187,132,69,64,54,5.444009726545291,2.9454233071934773e-15,frontier,127,182,132,187,132,187,132,187,132,187,,,,,,
245,234,22,0.1,projected_sparsity_noise,430,480.8519531758725,187,132,187,132,69,64,54,5.442555958099815,3.053512600725616e-15,frontier,120,175,132,187,132,187,132,187,132,187,,,,,,
6,1,2,0.1,snap_zero,430,518.9007698385346,187,132,187,132,69,62,56,4.87692403470023,7.669669462634123e-15,frontier,132,187,132,187,132,187,132,187,132,187,,,,,,
27,3,3,0.1,projected_sparsity_noise,429,519.1086838083176,192,137,192,137,69,67,56,4.861564961887294,2.958304406295448e-15,frontier,135,190,136,191,137,192,137,192,137,192,,,,,,
256,244,23,0.1,projected_sparsity,430,479.52695559328833,187,132,187,132,69,64,54,5.4792806917205485,2.7051051081578366e-15,accepted_child,125,180,132,187,132,187,132,187,132,187,0.2,17,14.208297599866224,3,0.012312875283543492,0.0
257,244,23,0.1,projected_sparsity_noise,430,479.53589636381764,187,132,187,132,69,64,54,5.479896602965261,2.6814090050747084e-15,accepted_child,128,183,132,187,132,187,132,187,132,187,0.2,17,14.208297599866224,3,0.012666353149025063,0.06
258,244,23,0.1,projected_sparsity_noise,430,479.4138707050737,187,132,187,132,69,64,54,5.474109852894864,2.434232187089354e-15,accepted_child,130,185,132,187,132,187,132,187,132,187,0.2,17,14.208297599866224,3,0.01122840057002881,0.12
259,245,23,0.1,projected_sparsity,430,479.52728545464686,187,132,187,132,69,64,54,5.47852024070805,3.621789521981393e-15,accepted_child,126,181,132,187,132,187,132,187,132,187,0.2,17,14.051209513124803,3,0.011817981691380774,0.0
260,245,23,0.1,projected_sparsity_noise,430,479.581785882001,187,132,187,132,69,64,54,5.483591208700706,3.3257929490151638e-15,accepted_child,123,178,132,187,132,187,132,187,132,187,0.2,17,14.051209513124803,3,0.011895088594451288,0.06
261,245,23,0.1,projected_sparsity_noise,430,479.48988533681745,187,132,187,132,69,64,54,5.485003772536543,3.2164734624530953e-15,accepted_child,123,178,124,179,132,187,132,187,132,187,0.2,17,14.051209513124803,3,0.012020999861404343,0.12
262,6,23,0.1,projected_sparsity,430,517.3282163838928,187,132,187,132,69,62,56,4.9025309644387844,2.5161295707436203e-15,accepted_child,132,187,132,187,132,187,132,187,132,187,0.2,17,15.77299637436184,3,0.011267878205807548,0.0
263,6,23,0.1,projected_sparsity_noise,430,517.2983980534148,187,132,187,132,69,62,56,4.907476482224073,2.9356738953850922e-15,accepted_child,132,187,132,187,132,187,132,187,132,187,0.2,17,15.77299637436184,3,0.011675435640596652,0.06
264,6,23,0.1,projected_sparsity_noise,430,517.177310396606,187,132,187,132,69,62,56,4.90841648228597,2.976486376475404e-15,accepted_child,132,187,132,187,132,187,132,187,132,187,0.2,17,15.77299637436184,3,0.010932445964233038,0.12
265,27,23,0.1,projected_sparsity,429,517.3919807536532,192,137,192,137,69,67,56,4.875810846825483,2.9937770947938017e-15,accepted_child,136,191,136,191,137,192,137,192,137,192,0.2,18,17.158130626758158,3,0.011214391196146072,0.0
266,27,23,0.1,projected_sparsity_noise,429,517.3648696672594,192,137,192,137,69,67,56,4.874771990609579,2.7925102620979705e-15,accepted_child,133,188,136,191,137,192,137,192,137,192,0.2,18,17.158130626758158,3,0.010814737290667868,0.06
267,27,23,0.1,projected_sparsity_noise,429,517.4831400806304,192,137,192,137,69,67,56,4.871291932863243,2.4998653433084473e-15,accepted_child,133,188,136,191,137,192,137,192,137,192,0.2,18,17.158130626758158,3,0.011318629534350349,0.12
258,244,23,0.1,projected_sparsity_noise,430,479.4138707050737,187,132,187,132,69,64,54,5.474109852894864,2.434232187089354e-15,frontier,130,185,132,187,132,187,132,187,132,187,,,,,,
244,234,22,0.1,projected_sparsity,430,480.8416338195335,187,132,187,132,69,64,54,5.444009726545291,2.9454233071934773e-15,frontier,127,182,132,187,132,187,132,187,132,187,,,,,,
6,1,2,0.1,snap_zero,430,518.9007698385346,187,132,187,132,69,62,56,4.87692403470023,7.669669462634123e-15,frontier,132,187,132,187,132,187,132,187,132,187,,,,,,
27,3,3,0.1,projected_sparsity_noise,429,519.1086838083176,192,137,192,137,69,67,56,4.861564961887294,2.958304406295448e-15,frontier,135,190,136,191,137,192,137,192,137,192,,,,,,
268,258,24,0.1,projected_sparsity,430,478.01200251929737,187,132,187,132,69,64,54,5.503734836703572,4.004322545510874e-15,accepted_child,128,183,132,187,132,187,132,187,132,187,0.2,17,17.16894005397078,3,0.01588604401382248,0.0
269,258,24,0.1,projected_sparsity_noise,430,478.08489718448413,187,132,187,132,69,64,54,5.505097693747154,3.2918055499483597e-15,accepted_child,132,187,132,187,132,187,132,187,132,187,0.2,17,17.16894005397078,3,0.016203626299605974,0.06
270,258,24,0.1,projected_sparsity_noise,430,478.02100726375716,187,132,187,132,69,64,54,5.505335854897142,3.3144298555837982e-15,accepted_child,129,184,132,187,132,187,132,187,132,187,0.2,17,17.16894005397078,3,0.015798891322697965,0.12
271,244,24,0.1,projected_sparsity,430,479.52695559328833,187,132,187,132,69,64,54,5.4792806917205485,2.7051051081578366e-15,accepted_child,125,180,132,187,132,187,132,187,132,187,0.2,17,14.208297599866224,3,0.012312875283543492,0.0
272,244,24,0.1,projected_sparsity_noise,430,479.50289463794076,187,132,187,132,69,64,54,5.484289034864747,2.4165242390070017e-15,accepted_child,127,182,132,187,132,187,132,187,132,187,0.2,17,14.208297599866224,3,0.012182922883557996,0.06
273,244,24,0.1,projected_sparsity_noise,430,479.4599848005137,187,132,187,132,69,64,54,5.477098365025749,3.383569315776297e-15,accepted_child,128,183,132,187,132,187,132,187,132,187,0.2,17,14.208297599866224,3,0.011458611769939779,0.12
274,6,24,0.1,projected_sparsity,430,517.3282163838928,187,132,187,132,69,62,56,4.9025309644387844,2.5161295707436203e-15,accepted_child,132,187,132,187,132,187,132,187,132,187,0.2,17,15.77299637436184,3,0.011267878205807548,0.0
275,6,24,0.1,projected_sparsity_noise,430,517.3408151160943,187,132,187,132,69,62,56,4.89973119734358,2.6707340098992163e-15,accepted_child,132,187,132,187,132,187,132,187,132,187,0.2,17,15.77299637436184,3,0.011527803873998411,0.06
276,6,24,0.1,projected_sparsity_noise,430,517.2470455610431,187,132,187,132,69,62,56,4.903723391884879,3.2220287607978577e-15,accepted_child,129,184,132,187,132,187,132,187,132,187,0.2,17,15.77299637436184,3,0.010741744440188146,0.12
277,27,24,0.1,projected_sparsity,429,517.3919807536532,192,137,192,137,69,67,56,4.875810846825483,2.9937770947938017e-15,accepted_child,136,191,136,191,137,192,137,192,137,192,0.2,18,17.158130626758158,3,0.011214391196146072,0.0
278,27,24,0.1,projected_sparsity_noise,429,517.3266819550751,192,137,192,137,69,67,56,4.880447428844849,2.7192556518081717e-15,accepted_child,134,189,136,191,137,192,137,192,137,192,0.2,18,17.158130626758158,3,0.011200602154383298,0.06
279,27,24,0.1,projected_sparsity_noise,429,517.4599002024736,192,137,192,137,69,67,56,4.8725244549370075,3.774965265834107e-15,accepted_child,129,184,136,191,137,192,137,192,137,192,0.2,18,17.158130626758158,3,0.011246126080709375,0.12
268,258,24,0.1,projected_sparsity,430,478.01200251929737,187,132,187,132,69,64,54,5.503734836703572,4.004322545510874e-15,frontier,128,183,132,187,132,187,132,187,132,187,,,,,,
258,244,23,0.1,projected_sparsity_noise,430,479.4138707050737,187,132,187,132,69,64,54,5.474109852894864,2.434232187089354e-15,frontier,130,185,132,187,132,187,132,187,132,187,,,,,,
6,1,2,0.1,snap_zero,430,518.9007698385346,187,132,187,132,69,62,56,4.87692403470023,7.669669462634123e-15,frontier,132,187,132,187,132,187,132,187,132,187,,,,,,
27,3,3,0.1,projected_sparsity_noise,429,519.1086838083176,192,137,192,137,69,67,56,4.861564961887294,2.958304406295448e-15,frontier,135,190,136,191,137,192,137,192,137,192,,,,,,
280,268,25,0.1,projected_sparsity,430,476.54630509579545,187,132,187,132,69,64,54,5.5301304952345705,3.2658399239215556e-15,accepted_child,130,185,132,187,132,187,132,187,132,187,0.2,17,17.729417003490653,3,0.01350500579467182,0.0
281,268,25,0.1,projected_sparsity_noise,430,476.5340911628913,187,132,187,132,69,64,54,5.527034483209511,3.255421709318444e-15,accepted_child,128,183,132,187,132,187,132,187,132,187,0.2,17,17.729417003490653,3,0.013082894125152575,0.06
282,268,25,0.1,projected_sparsity_noise,430,476.61635531082146,187,132,187,132,69,64,54,5.528430114119763,2.607379952242246e-15,accepted_child,130,185,132,187,132,187,132,187,132,187,0.2,17,17.729417003490653,3,0.014534316689800387,0.12
283,258,25,0.1,projected_sparsity,430,478.01200251929737,187,132,187,132,69,64,54,5.503734836703572,4.004322545510874e-15,accepted_child,128,183,132,187,132,187,132,187,132,187,0.2,17,17.16894005397078,3,0.01588604401382248,0.0
284,258,25,0.1,projected_sparsity_noise,430,477.99196450962665,187,132,187,132,69,64,54,5.50480222363721,1.9862434898836003e-15,accepted_child,131,186,132,187,132,187,132,187,132,187,0.2,17,17.16894005397078,3,0.01680787203795308,0.06
285,258,25,0.1,projected_sparsity_noise,430,478.0242680851826,187,132,187,132,69,64,54,5.508397821602543,2.2710188997163183e-15,accepted_child,121,176,132,187,132,187,132,187,132,187,0.2,17,17.16894005397078,3,0.018202459931256854,0.12
286,6,25,0.1,projected_sparsity,430,517.3282163838928,187,132,187,132,69,62,56,4.9025309644387844,2.5161295707436203e-15,accepted_child,132,187,132,187,132,187,132,187,132,187,0.2,17,15.77299637436184,3,0.011267878205807548,0.0
287,6,25,0.1,projected_sparsity_noise,430,517.3188309826869,187,132,187,132,69,62,56,4.903791105575473,3.580929315532613e-15,accepted_child,131,186,132,187,132,187,132,187,132,187,0.2,17,15.77299637436184,3,0.011259375575563477,0.06
288,6,25,0.1,projected_sparsity_noise,430,517.3528456070862,187,132,187,132,69,62,56,4.900783253803778,2.345598023593801e-15,accepted_child,132,187,132,187,132,187,132,187,132,187,0.2,17,15.77299637436184,3,0.011313512475673264,0.12
289,27,25,0.1,projected_sparsity,429,517.3919807536532,192,137,192,137,69,67,56,4.875810846825483,2.9937770947938017e-15,accepted_child,136,191,136,191,137,192,137,192,137,192,0.2,18,17.158130626758158,3,0.011214391196146072,0.0
290,27,25,0.1,projected_sparsity_noise,429,517.3934953880873,192,137,192,137,69,67,56,4.874664235368924,3.5339903272698743e-15,accepted_child,136,191,136,191,137,192,137,192,137,192,0.2,18,17.158130626758158,3,0.011267192652474728,0.06
291,27,25,0.1,projected_sparsity_noise,429,517.4009439145086,192,137,192,137,69,67,56,4.8765246695469795,2.3028717772741392e-15,accepted_child,136,191,136,191,137,192,137,192,137,192,0.2,18,17.158130626758158,3,0.01137527288577456,0.12
281,268,25,0.1,projected_sparsity_noise,430,476.5340911628913,187,132,187,132,69,64,54,5.527034483209511,3.255421709318444e-15,frontier,128,183,132,187,132,187,132,187,132,187,,,,,,
284,258,25,0.1,projected_sparsity_noise,430,477.99196450962665,187,132,187,132,69,64,54,5.50480222363721,1.9862434898836003e-15,frontier,131,186,132,187,132,187,132,187,132,187,,,,,,
6,1,2,0.1,snap_zero,430,518.9007698385346,187,132,187,132,69,62,56,4.87692403470023,7.669669462634123e-15,frontier,132,187,132,187,132,187,132,187,132,187,,,,,,
27,3,3,0.1,projected_sparsity_noise,429,519.1086838083176,192,137,192,137,69,67,56,4.861564961887294,2.958304406295448e-15,frontier,135,190,136,191,137,192,137,192,137,192,,,,,,
292,281,26,0.1,projected_sparsity,430,474.9864861273947,187,132,187,132,69,64,54,5.553740108423225,2.264121914550262e-15,accepted_child,128,183,131,186,132,187,132,187,132,187,0.2,17,18.052934567291175,3,0.013538362328616493,0.0
293,281,26,0.1,projected_sparsity_noise,430,474.9421485176901,187,132,187,132,69,64,54,5.555544694492514,3.647319108007178e-15,accepted_child,130,185,132,187,132,187,132,187,132,187,0.2,17,18.052934567291175,3,0.013087827172278936,0.06
294,281,26,0.1,projected_sparsity_noise,430,474.7918406066617,187,132,187,132,69,64,54,5.559918535275094,3.0581252101580545e-15,accepted_child,124,179,132,187,132,187,132,187,132,187,0.2,17,18.052934567291175,3,0.01327167132283152,0.12
295,284,26,0.1,projected_sparsity,430,476.54195569714057,187,132,187,132,69,64,54,5.531601189934483,3.1299304989320037e-15,accepted_child,130,185,132,187,132,187,132,187,132,187,0.2,17,17.638592727007453,3,0.014768676126720998,0.0
296,284,26,0.1,projected_sparsity_noise,430,476.5300620868541,187,132,187,132,69,64,54,5.531791939437256,2.6150716555372654e-15,accepted_child,129,184,132,187,132,187,132,187,132,187,0.2,17,17.638592727007453,3,0.015268185839892931,0.06
297,284,26,0.1,projected_sparsity_noise,430,476.62853196517636,187,132,187,132,69,64,54,5.534015759073554,2.514923334457295e-15,accepted_child,130,185,132,187,132,187,132,187,132,187,0.2,17,17.638592727007453,3,0.014731291387538505,0.12
298,6,26,0.1,projected_sparsity,430,517.3282163838928,187,132,187,132,69,62,56,4.9025309644387844,2.5161295707436203e-15,accepted_child,132,187,132,187,132,187,132,187,132,187,0.2,17,15.77299637436184,3,0.011267878205807548,0.0
299,6,26,0.1,projected_sparsity_noise,430,517.3409158589615,187,132,187,132,69,62,56,4.901717878366666,2.2615690898481265e-15,accepted_child,132,187,132,187,132,187,132,187,132,187,0.2,17,15.77299637436184,3,0.01130108574986176,0.06
300,6,26,0.1,projected_sparsity_noise,430,517.4466687700238,187,132,187,132,69,62,56,4.898358844004131,2.458822342941398e-15,accepted_child,132,187,132,187,132,187,132,187,132,187,0.2,17,15.77299637436184,3,0.01211815751587822,0.12
301,27,26,0.1,projected_sparsity,429,517.3919807536532,192,137,192,137,69,67,56,4.875810846825483,2.9937770947938017e-15,accepted_child,136,191,136,191,137,192,137,192,137,192,0.2,18,17.158130626758158,3,0.011214391196146072,0.0
302,27,26,0.1,projected_sparsity_noise,429,517.4177543034622,192,137,192,137,69,67,56,4.879016914800571,2.5588701407227197e-15,accepted_child,136,191,136,191,137,192,137,192,137,192,0.2,18,17.158130626758158,3,0.010930482099771105,0.06
303,27,26,0.1,projected_sparsity_noise,429,517.3705429973645,192,137,192,137,69,67,56,4.880796149110583,2.2980439881402666e-15,accepted_child,136,191,136,191,137,192,137,192,137,192,0.2,18,17.158130626758158,3,0.01099715713333454,0.12
294,281,26,0.1,projected_sparsity_noise,430,474.7918406066617,187,132,187,132,69,64,54,5.559918535275094,3.0581252101580545e-15,frontier,124,179,132,187,132,187,132,187,132,187,,,,,,
293,281,26,0.1,projected_sparsity_noise,430,474.9421485176901,187,132,187,132,69,64,54,5.555544694492514,3.647319108007178e-15,frontier,130,185,132,187,132,187,132,187,132,187,,,,,,
6,1,2,0.1,snap_zero,430,518.9007698385346,187,132,187,132,69,62,56,4.87692403470023,7.669669462634123e-15,frontier,132,187,132,187,132,187,132,187,132,187,,,,,,
27,3,3,0.1,projected_sparsity_noise,429,519.1086838083176,192,137,192,137,69,67,56,4.861564961887294,2.958304406295448e-15,frontier,135,190,136,191,137,192,137,192,137,192,,,,,,
304,294,27,0.1,projected_sparsity,430,474.12954084638494,187,132,187,132,69,64,54,5.588624815365626,2.0590794180846473e-15,accepted_child,132,187,132,187,132,187,132,187,132,187,0.2,17,15.708259255096461,3,0.011655512061322853,0.0
305,294,27,0.1,projected_sparsity_noise,430,474.10081040695263,187,132,187,132,69,64,54,5.590967230792273,3.328662944772192e-15,accepted_child,128,183,132,187,132,187,132,187,132,187,0.2,17,15.708259255096461,3,0.011393950845841596,0.06
306,294,27,0.1,projected_sparsity_noise,430,474.2205872437968,187,132,187,132,69,64,54,5.58781829586526,2.7474946952242652e-15,accepted_child,121,176,132,187,132,187,132,187,132,187,0.2,17,15.708259255096461,3,0.012297350576348367,0.12
307,293,27,0.1,projected_sparsity,430,474.1124870693795,187,132,187,132,69,64,54,5.581422296989705,2.4808974707024027e-15,accepted_child,130,185,132,187,132,187,132,187,132,187,0.2,17,16.859758605316575,3,0.011809338168573899,0.0
308,293,27,0.1,projected_sparsity_noise,430,474.10764187016,187,132,187,132,69,64,54,5.581533548415366,2.4385510772609266e-15,accepted_child,130,185,132,187,132,187,132,187,132,187,0.2,17,16.859758605316575,3,0.011733386627535477,0.06
309,293,27,0.1,projected_sparsity_noise,430,474.1901679885715,187,132,187,132,69,64,54,5.5733296196364135,2.1983964398006567e-15,accepted_child,120,175,132,187,132,187,132,187,132,187,0.2,17,16.859758605316575,3,0.012697709621610508,0.12
310,6,27,0.1,projected_sparsity,430,517.3282163838928,187,132,187,132,69,62,56,4.9025309644387844,2.5161295707436203e-15,accepted_child,132,187,132,187,132,187,132,187,132,187,0.2,17,15.77299637436184,3,0.011267878205807548,0.0
311,6,27,0.1,projected_sparsity_noise,430,517.2587510641388,187,132,187,132,69,62,56,4.90286520830045,3.1221225745568182e-15,accepted_child,131,186,132,187,132,187,132,187,132,187,0.2,17,15.77299637436184,3,0.011042662440469133,0.06
312,6,27,0.1,projected_sparsity_noise,430,517.5960461405164,187,132,187,132,69,62,56,4.89626078398044,2.9086108295809953e-15,accepted_child,132,187,132,187,132,187,132,187,132,187,0.2,17,15.77299637436184,3,0.011167187586604434,0.12
313,27,27,0.1,projected_sparsity,429,517.3919807536532,192,137,192,137,69,67,56,4.875810846825483,2.9937770947938017e-15,accepted_child,136,191,136,191,137,192,137,192,137,192,0.2,18,17.158130626758158,3,0.011214391196146072,0.0
314,27,27,0.1,projected_sparsity_noise,429,517.3617844504538,192,137,192,137,69,67,56,4.875087213678653,3.244326996724711e-15,accepted_child,136,191,136,191,137,192,137,192,137,192,0.2,18,17.158130626758158,3,0.011195252015653247,0.06
315,27,27,0.1,projected_sparsity_noise,429,517.4399772794463,192,137,192,137,69,67,56,4.883961417317461,3.524057784098363e-15,accepted_child,133,188,136,191,137,192,137,192,137,192,0.2,18,17.158130626758158,3,0.011259532433942,0.12
305,294,27,0.1,projected_sparsity_noise,430,474.10081040695263,187,132,187,132,69,64,54,5.590967230792273,3.328662944772192e-15,frontier,128,183,132,187,132,187,132,187,132,187,,,,,,
308,293,27,0.1,projected_sparsity_noise,430,474.10764187016,187,132,187,132,69,64,54,5.581533548415366,2.4385510772609266e-15,frontier,130,185,132,187,132,187,132,187,132,187,,,,,,
6,1,2,0.1,snap_zero,430,518.9007698385346,187,132,187,132,69,62,56,4.87692403470023,7.669669462634123e-15,frontier,132,187,132,187,132,187,132,187,132,187,,,,,,
27,3,3,0.1,projected_sparsity_noise,429,519.1086838083176,192,137,192,137,69,67,56,4.861564961887294,2.958304406295448e-15,frontier,135,190,136,191,137,192,137,192,137,192,,,,,,
316,305,28,0.1,projected_sparsity,430,473.25034002759025,187,132,187,132,69,64,54,5.613312302573458,2.5866948021990178e-15,accepted_child,129,184,132,187,132,187,132,187,132,187,0.2,17,18.02016551788545,3,0.014534016536557613,0.0
317,305,28,0.1,projected_sparsity_noise,430,473.2625059449457,187,132,187,132,69,64,54,5.6117257822091755,2.6301213509717283e-15,accepted_child,124,179,132,187,132,187,132,187,132,187,0.2,17,18.02016551788545,3,0.014453849844181426,0.06
318,305,28,0.1,projected_sparsity_noise,430,473.33313411140284,187,132,187,132,69,64,54,5.61430396354866,2.6129356783975164e-15,accepted_child,127,182,132,187,132,187,132,187,132,187,0.2,17,18.02016551788545,3,0.016239386191354413,0.12
319,308,28,0.1,projected_sparsity,430,473.33184982798997,187,132,187,132,69,64,54,5.60602204462479,2.499610407467396e-15,accepted_child,130,185,132,187,132,187,132,187,132,187,0.2,17,17.401395023660097,3,0.014495965718401805,0.0
320,308,28,0.1,projected_sparsity_noise,430,473.36480712043846,187,132,187,132,69,64,54,5.605791480901546,2.8213622680325542e-15,accepted_child,128,183,131,186,132,187,132,187,132,187,0.2,17,17.401395023660097,3,0.014583784661323556,0.06
321,308,28,0.1,projected_sparsity_noise,430,473.3312278692323,187,132,187,132,69,64,54,5.602273957872475,3.290785180060351e-15,accepted_child,130,185,132,187,132,187,132,187,132,187,0.2,17,17.401395023660097,3,0.014120766688162183,0.12
322,6,28,0.1,projected_sparsity,430,517.3282163838928,187,132,187,132,69,62,56,4.9025309644387844,2.5161295707436203e-15,accepted_child,132,187,132,187,132,187,132,187,132,187,0.2,17,15.77299637436184,3,0.011267878205807548,0.0
323,6,28,0.1,projected_sparsity_noise,430,517.424925078203,187,132,187,132,69,62,56,4.902868557299166,2.2879523861999276e-15,accepted_child,132,187,132,187,132,187,132,187,132,187,0.2,17,15.77299637436184,3,0.011728421168136507,0.06
324,6,28,0.1,projected_sparsity_noise,430,517.4078314171684,187,132,187,132,69,62,56,4.902970805870616,2.9997868254983553e-15,accepted_child,131,186,132,187,132,187,132,187,132,187,0.2,17,15.77299637436184,3,0.010692102955274401,0.12
325,27,28,0.1,projected_sparsity,429,517.3919807536532,192,137,192,137,69,67,56,4.875810846825483,2.9937770947938017e-15,accepted_child,136,191,136,191,137,192,137,192,137,192,0.2,18,17.158130626758158,3,0.011214391196146072,0.0
326,27,28,0.1,projected_sparsity_noise,429,517.4582692199815,192,137,192,137,69,67,56,4.874088704798449,3.610572626167318e-15,accepted_child,136,191,136,191,137,192,137,192,137,192,0.2,18,17.158130626758158,3,0.011120610907559073,0.06
327,27,28,0.1,projected_sparsity_noise,429,517.2996595770935,192,137,192,137,69,67,56,4.87640817549102,3.195476081900206e-15,accepted_child,136,191,136,191,137,192,137,192,137,192,0.2,18,17.158130626758158,3,0.010818263980590085,0.12
316,305,28,0.1,projected_sparsity,430,473.25034002759025,187,132,187,132,69,64,54,5.613312302573458,2.5866948021990178e-15,frontier,129,184,132,187,132,187,132,187,132,187,,,,,,
317,305,28,0.1,projected_sparsity_noise,430,473.2625059449457,187,132,187,132,69,64,54,5.6117257822091755,2.6301213509717283e-15,frontier,124,179,132,187,132,187,132,187,132,187,,,,,,
6,1,2,0.1,snap_zero,430,518.9007698385346,187,132,187,132,69,62,56,4.87692403470023,7.669669462634123e-15,frontier,132,187,132,187,132,187,132,187,132,187,,,,,,
27,3,3,0.1,projected_sparsity_noise,429,519.1086838083176,192,137,192,137,69,67,56,4.861564961887294,2.958304406295448e-15,frontier,135,190,136,191,137,192,137,192,137,192,,,,,,
328,316,29,0.1,projected_sparsity,430,472.5150810895168,187,132,187,132,69,64,54,5.6352122402475,2.9747840694576564e-15,accepted_child,122,177,132,187,132,187,132,187,132,187,0.2,17,17.04113030947233,3,0.015120978721747043,0.0
329,316,29,0.1,projected_sparsity_noise,430,472.47117869942645,187,132,187,132,69,64,54,5.6289493812941895,2.589792826051512e-15,accepted_child,126,181,132,187,132,187,132,187,132,187,0.2,17,17.04113030947233,3,0.018833977697440493,0.06
330,316,29,0.1,projected_sparsity_noise,430,472.44499574610626,187,132,187,132,69,64,54,5.640564829577638,2.6423793121696525e-15,accepted_child,128,183,130,185,132,187,132,187,132,187,0.2,17,17.04113030947233,3,0.017576507923579593,0.12
331,317,29,0.1,projected_sparsity,430,472.5163486885466,187,132,187,132,69,64,54,5.634335739953633,2.790320135600079e-15,accepted_child,132,187,132,187,132,187,132,187,132,187,0.2,17,17.062057471675214,3,0.013770462507435315,0.0
332,317,29,0.1,projected_sparsity_noise,430,472.5033620763876,187,132,187,132,69,64,54,5.633156143139485,3.2422022096655495e-15,accepted_child,132,187,132,187,132,187,132,187,132,187,0.2,17,17.062057471675214,3,0.012824490641614788,0.06
333,317,29,0.1,projected_sparsity_noise,430,472.4131178336762,187,132,187,132,69,64,54,5.64216887703023,3.116939311605864e-15,accepted_child,132,187,132,187,132,187,132,187,132,187,0.2,17,17.062057471675214,3,0.014118523802560224,0.12
334,6,29,0.1,projected_sparsity,430,517.3282163838928,187,132,187,132,69,62,56,4.9025309644387844,2.5161295707436203e-15,accepted_child,132,187,132,187,132,187,132,187,132,187,0.2,17,15.77299637436184,3,0.011267878205807548,0.0
335,6,29,0.1,projected_sparsity_noise,430,517.2989967654623,187,132,187,132,69,62,56,4.898772879338164,3.111537899349628e-15,accepted_child,132,187,132,187,132,187,132,187,132,187,0.2,17,15.77299637436184,3,0.011584550187728807,0.06
336,6,29,0.1,projected_sparsity_noise,430,517.2800465737744,187,132,187,132,69,62,56,4.899574698281869,2.7274161082577316e-15,accepted_child,131,186,132,187,132,187,132,187,132,187,0.2,17,15.77299637436184,3,0.011577689048900044,0.12
337,27,29,0.1,projected_sparsity,429,517.3919807536532,192,137,192,137,69,67,56,4.875810846825483,2.9937770947938017e-15,accepted_child,136,191,136,191,137,192,137,192,137,192,0.2,18,17.158130626758158,3,0.011214391196146072,0.0
338,27,29,0.1,projected_sparsity_noise,429,517.3756513668799,192,137,192,137,69,67,56,4.876512369220385,2.634929258156879e-15,accepted_child,136,191,136,191,137,192,137,192,137,192,0.2,18,17.158130626758158,3,0.01109217030338331,0.06
339,27,29,0.1,projected_sparsity_noise,429,517.201111993824,192,137,192,137,69,67,56,4.877272219465156,2.6561034961607655e-15,accepted_child,136,191,136,191,137,192,137,192,137,192,0.2,18,17.158130626758158,3,0.011731578495976062,0.12
333,317,29,0.1,projected_sparsity_noise,430,472.4131178336762,187,132,187,132,69,64,54,5.64216887703023,3.116939311605864e-15,frontier,132,187,132,187,132,187,132,187,132,187,,,,,,
330,316,29,0.1,projected_sparsity_noise,430,472.44499574610626,187,132,187,132,69,64,54,5.640564829577638,2.6423793121696525e-15,frontier,128,183,130,185,132,187,132,187,132,187,,,,,,
6,1,2,0.1,snap_zero,430,518.9007698385346,187,132,187,132,69,62,56,4.87692403470023,7.669669462634123e-15,frontier,132,187,132,187,132,187,132,187,132,187,,,,,,
27,3,3,0.1,projected_sparsity_noise,429,519.1086838083176,192,137,192,137,69,67,56,4.861564961887294,2.958304406295448e-15,frontier,135,190,136,191,137,192,137,192,137,192,,,,,,
340,333,30,0.1,projected_sparsity,430,471.68078652617504,187,132,187,132,69,64,54,5.665686400671541,2.9566918056433977e-15,accepted_child,132,187,132,187,132,187,132,187,132,187,0.2,17,17.269477655255898,3,0.01585602638241451,0.0
341,333,30,0.1,projected_sparsity_noise,430,471.66308405379186,187,132,187,132,69,64,54,5.666827758392594,2.4804693848607195e-15,accepted_child,132,187,132,187,132,187,132,187,132,187,0.2,17,17.269477655255898,3,0.014990606857005548,0.06
342,333,30,0.1,projected_sparsity_noise,430,471.59030448493246,187,132,187,132,69,64,54,5.666345032573257,1.9275745728359737e-15,accepted_child,130,185,132,187,132,187,132,187,132,187,0.2,17,17.269477655255898,3,0.017185198923560702,0.12
343,330,30,0.1,projected_sparsity,430,471.6736999287673,187,132,187,132,69,64,54,5.663762655886695,2.896915987041946e-15,accepted_child,120,175,130,185,132,187,132,187,132,187,0.2,17,17.520920105825333,3,0.016329725157765564,0.0
344,330,30,0.1,projected_sparsity_noise,430,471.683735141622,187,132,187,132,69,64,54,5.662324016111226,2.0639025281666496e-15,accepted_child,120,175,122,177,132,187,132,187,132,187,0.2,17,17.520920105825333,3,0.017080065415008675,0.06
345,330,30,0.1,projected_sparsity_noise,430,471.67302696169946,187,132,187,132,69,64,54,5.66486902246266,2.7012052688173386e-15,accepted_child,128,183,132,187,132,187,132,187,132,187,0.2,17,17.520920105825333,3,0.01745969589848214,0.12
346,6,30,0.1,projected_sparsity,430,517.3282163838928,187,132,187,132,69,62,56,4.9025309644387844,2.5161295707436203e-15,accepted_child,132,187,132,187,132,187,132,187,132,187,0.2,17,15.77299637436184,3,0.011267878205807548,0.0
347,6,30,0.1,projected_sparsity_noise,430,517.2639781397819,187,132,187,132,69,62,56,4.904368722819172,2.770489275717754e-15,accepted_child,129,184,132,187,132,187,132,187,132,187,0.2,17,15.77299637436184,3,0.010940113787878701,0.06
348,6,30,0.1,projected_sparsity_noise,430,517.148244222998,187,132,187,132,69,62,56,4.898217331302003,2.6258019825740715e-15,accepted_child,131,186,132,187,132,187,132,187,132,187,0.2,17,15.77299637436184,3,0.011233461422816265,0.12
349,27,30,0.1,projected_sparsity,429,517.3919807536532,192,137,192,137,69,67,56,4.875810846825483,2.9937770947938017e-15,accepted_child,136,191,136,191,137,192,137,192,137,192,0.2,18,17.158130626758158,3,0.011214391196146072,0.0
350,27,30,0.1,projected_sparsity_noise,429,517.35844866449,192,137,192,137,69,67,56,4.87673628950269,2.7781896372905037e-15,accepted_child,136,191,136,191,137,192,137,192,137,192,0.2,18,17.158130626758158,3,0.011262143671497391,0.06
351,27,30,0.1,projected_sparsity_noise,429,517.3910344340386,192,137,192,137,69,67,56,4.868201869826695,2.423187422406209e-15,accepted_child,135,190,136,191,137,192,137,192,137,192,0.2,18,17.158130626758158,3,0.010772028852348405,0.12
342,333,30,0.1,projected_sparsity_noise,430,471.59030448493246,187,132,187,132,69,64,54,5.666345032573257,1.9275745728359737e-15,frontier,130,185,132,187,132,187,132,187,132,187,,,,,,
345,330,30,0.1,projected_sparsity_noise,430,471.67302696169946,187,132,187,132,69,64,54,5.66486902246266,2.7012052688173386e-15,frontier,128,183,132,187,132,187,132,187,132,187,,,,,,
6,1,2,0.1,snap_zero,430,518.9007698385346,187,132,187,132,69,62,56,4.87692403470023,7.669669462634123e-15,frontier,132,187,132,187,132,187,132,187,132,187,,,,,,
27,3,3,0.1,projected_sparsity_noise,429,519.1086838083176,192,137,192,137,69,67,56,4.861564961887294,2.958304406295448e-15,frontier,135,190,136,191,137,192,137,192,137,192,,,,,,
352,342,31,0.1,projected_sparsity,430,470.8980908788583,187,132,187,132,69,64,54,5.688174883036544,3.233825937750255e-15,accepted_child,130,185,132,187,132,187,132,187,132,187,0.2,17,16.949325239839474,3,0.01582573591629341,0.0
353,342,31,0.1,projected_sparsity_noise,430,470.88125628606997,187,132,187,132,69,64,54,5.692300628158988,2.6818137652452338e-15,accepted_child,130,185,132,187,132,187,132,187,132,187,0.2,17,16.949325239839474,3,0.0163189780564437,0.06
354,342,31,0.1,projected_sparsity_noise,430,470.8431951540894,187,132,187,132,69,64,54,5.692765258782493,2.9442172521378364e-15,accepted_child,128,183,132,187,132,187,132,187,132,187,0.2,17,16.949325239839474,3,0.01799441966432963,0.12
355,345,31,0.1,projected_sparsity,430,470.9476515255134,187,132,187,132,69,64,54,5.684467832016764,3.088773810268078e-15,accepted_child,128,183,132,187,132,187,132,187,132,187,0.2,17,17.097196913361746,3,0.020217051357444445,0.0
356,345,31,0.1,projected_sparsity_noise,430,470.8888036729662,187,132,187,132,69,64,54,5.689655917126335,4.011821020055398e-15,accepted_child,124,179,131,186,132,187,132,187,132,187,0.2,17,17.097196913361746,3,0.017913456548712244,0.06
357,345,31,0.1,projected_sparsity_noise,430,470.8257708439359,187,132,187,132,69,64,54,5.69207522692701,3.1065576218488046e-15,accepted_child,131,186,132,187,132,187,132,187,132,187,0.2,17,17.097196913361746,3,0.016358716885794097,0.12
358,6,31,0.1,projected_sparsity,430,517.3282163838928,187,132,187,132,69,62,56,4.9025309644387844,2.5161295707436203e-15,accepted_child,132,187,132,187,132,187,132,187,132,187,0.2,17,15.77299637436184,3,0.011267878205807548,0.0
359,6,31,0.1,projected_sparsity_noise,430,517.4474100741143,187,132,187,132,69,62,56,4.903016503547453,3.5290584751137475e-15,accepted_child,130,185,132,187,132,187,132,187,132,187,0.2,17,15.77299637436184,3,0.010853171470074,0.06
360,6,31,0.1,projected_sparsity_noise,430,517.3748809194465,187,132,187,132,69,62,56,4.9020372991418055,2.486134886304646e-15,accepted_child,132,187,132,187,132,187,132,187,132,187,0.2,17,15.77299637436184,3,0.01174801586371844,0.12
361,27,31,0.1,projected_sparsity,429,517.3919807536532,192,137,192,137,69,67,56,4.875810846825483,2.9937770947938017e-15,accepted_child,136,191,136,191,137,192,137,192,137,192,0.2,18,17.158130626758158,3,0.011214391196146072,0.0
362,27,31,0.1,projected_sparsity_noise,429,517.4596962109948,192,137,192,137,69,67,56,4.8744720194863715,3.700644386456018e-15,accepted_child,136,191,136,191,137,192,137,192,137,192,0.2,18,17.158130626758158,3,0.011225885173187393,0.06
363,27,31,0.1,projected_sparsity_noise,429,517.3156990178672,192,137,192,137,69,67,56,4.8781598100868395,2.669489283508462e-15,accepted_child,135,190,136,191,137,192,137,192,137,192,0.2,18,17.158130626758158,3,0.011344151460499453,0.12
357,345,31,0.1,projected_sparsity_noise,430,470.8257708439359,187,132,187,132,69,64,54,5.69207522692701,3.1065576218488046e-15,frontier,131,186,132,187,132,187,132,187,132,187,,,,,,
356,345,31,0.1,projected_sparsity_noise,430,470.8888036729662,187,132,187,132,69,64,54,5.689655917126335,4.011821020055398e-15,frontier,124,179,131,186,132,187,132,187,132,187,,,,,,
6,1,2,0.1,snap_zero,430,518.9007698385346,187,132,187,132,69,62,56,4.87692403470023,7.669669462634123e-15,frontier,132,187,132,187,132,187,132,187,132,187,,,,,,
27,3,3,0.1,projected_sparsity_noise,429,519.1086838083176,192,137,192,137,69,67,56,4.861564961887294,2.958304406295448e-15,frontier,135,190,136,191,137,192,137,192,137,192,,,,,,
364,357,32,0.1,projected_sparsity,430,470.11564254386616,187,132,187,132,69,64,54,5.715517057452205,3.071380929172495e-15,accepted_child,126,181,132,187,132,187,132,187,132,187,0.2,17,16.951019620568566,3,0.0156572060953148,0.0
365,357,32,0.1,projected_sparsity_noise,430,470.1365572114818,187,132,187,132,69,64,54,5.714600832450944,2.335797905720788e-15,accepted_child,130,185,132,187,132,187,132,187,132,187,0.2,17,16.951019620568566,3,0.015137534333578862,0.06
366,357,32,0.1,projected_sparsity_noise,430,470.2135142397573,187,132,187,132,69,64,54,5.707288133196005,2.068648081470195e-15,accepted_child,124,179,132,187,132,187,132,187,132,187,0.2,17,16.951019620568566,3,0.01655335920459188,0.12
367,356,32,0.1,projected_sparsity,430,470.1578471535469,187,132,187,132,69,64,54,5.712083973336768,3.5320399203326983e-15,accepted_child,132,187,132,187,132,187,132,187,132,187,0.2,17,17.411953824678097,3,0.015039925253978252,0.0
368,356,32,0.1,projected_sparsity_noise,430,470.05832556043765,187,132,187,132,69,64,54,5.713641012882091,2.3783991994185763e-15,accepted_child,130,185,132,187,132,187,132,187,132,187,0.2,17,17.411953824678097,3,0.015034267053599044,0.06
369,356,32,0.1,projected_sparsity_noise,430,470.16281305897996,187,132,187,132,69,64,54,5.713524492764378,2.2231833473484726e-15,accepted_child,128,183,132,187,132,187,132,187,132,187,0.2,17,17.411953824678097,3,0.01392643088177208,0.12
370,6,32,0.1,projected_sparsity,430,517.3282163838928,187,132,187,132,69,62,56,4.9025309644387844,2.5161295707436203e-15,accepted_child,132,187,132,187,132,187,132,187,132,187,0.2,17,15.77299637436184,3,0.011267878205807548,0.0
371,6,32,0.1,projected_sparsity_noise,430,517.3140233562358,187,132,187,132,69,62,56,4.898472226571477,3.00218096918097e-15,accepted_child,132,187,132,187,132,187,132,187,132,187,0.2,17,15.77299637436184,3,0.011082403575693943,0.06
372,6,32,0.1,projected_sparsity_noise,430,517.3053112056992,187,132,187,132,69,62,56,4.9054223874311935,3.332027968392505e-15,accepted_child,124,179,132,187,132,187,132,187,132,187,0.2,17,15.77299637436184,3,0.010566482028836185,0.12
373,27,32,0.1,projected_sparsity,429,517.3919807536532,192,137,192,137,69,67,56,4.875810846825483,2.9937770947938017e-15,accepted_child,136,191,136,191,137,192,137,192,137,192,0.2,18,17.158130626758158,3,0.011214391196146072,0.0
374,27,32,0.1,projected_sparsity_noise,429,517.3509964387524,192,137,192,137,69,67,56,4.873881561451496,2.8455495497913202e-15,accepted_child,136,191,136,191,137,192,137,192,137,192,0.2,18,17.158130626758158,3,0.0118080568658626,0.06
375,27,32,0.1,projected_sparsity_noise,429,517.2467661724587,192,137,192,137,69,67,56,4.874409893262222,3.284711438870838e-15,accepted_child,136,191,137,192,137,192,137,192,137,192,0.2,18,17.158130626758158,3,0.011661061632357311,0.12
368,356,32,0.1,projected_sparsity_noise,430,470.05832556043765,187,132,187,132,69,64,54,5.713641012882091,2.3783991994185763e-15,frontier,130,185,132,187,132,187,132,187,132,187,,,,,,
367,356,32,0.1,projected_sparsity,430,470.1578471535469,187,132,187,132,69,64,54,5.712083973336768,3.5320399203326983e-15,frontier,132,187,132,187,132,187,132,187,132,187,,,,,,
6,1,2,0.1,snap_zero,430,518.9007698385346,187,132,187,132,69,62,56,4.87692403470023,7.669669462634123e-15,frontier,132,187,132,187,132,187,132,187,132,187,,,,,,
27,3,3,0.1,projected_sparsity_noise,429,519.1086838083176,192,137,192,137,69,67,56,4.861564961887294,2.958304406295448e-15,frontier,135,190,136,191,137,192,137,192,137,192,,,,,,
376,368,33,0.1,projected_sparsity,430,469.4056617244326,187,132,187,132,69,64,54,5.736154706213863,3.2777269048930887e-15,accepted_child,122,177,124,179,132,187,132,187,132,187,0.2,17,16.82306373399178,3,0.016365842813265773,0.0
377,368,33,0.1,projected_sparsity_noise,430,469.4594181921285,187,132,187,132,69,64,54,5.740320336659222,2.9033078621174062e-15,accepted_child,125,180,132,187,132,187,132,187,132,187,0.2,17,16.82306373399178,3,0.01745096295340658,0.06
378,368,33,0.1,projected_sparsity_noise,430,469.3662215879848,187,132,187,132,69,64,54,5.734214623927747,2.1803260110203766e-15,accepted_child,130,185,132,187,132,187,132,187,132,187,0.2,17,16.82306373399178,3,0.014364417295948236,0.12
379,367,33,0.1,projected_sparsity,430,469.44327662598647,187,132,187,132,69,64,54,5.7344502979435035,3.367342985988915e-15,accepted_child,123,178,124,179,132,187,132,187,132,187,0.2,17,17.24751730820909,3,0.01544210513616722,0.0
380,367,33,0.1,projected_sparsity_noise,430,469.41839997532725,187,132,187,132,69,64,54,5.733827325263385,2.9719163785922914e-15,accepted_child,120,175,128,183,132,187,132,187,132,187,0.2,17,17.24751730820909,3,0.014890288192535342,0.06
381,367,33,0.1,projected_sparsity_noise,430,469.48880865628524,187,132,187,132,69,64,54,5.737730425965336,2.636411380593102e-15,accepted_child,132,187,132,187,132,187,132,187,132,187,0.2,17,17.24751730820909,3,0.020351265102286593,0.12
382,6,33,0.1,projected_sparsity,430,517.3282163838928,187,132,187,132,69,62,56,4.9025309644387844,2.5161295707436203e-15,accepted_child,132,187,132,187,132,187,132,187,132,187,0.2,17,15.77299637436184,3,0.011267878205807548,0.0
383,6,33,0.1,projected_sparsity_noise,430,517.2992502413183,187,132,187,132,69,62,56,4.90177780437971,2.5502885366231004e-15,accepted_child,132,187,132,187,132,187,132,187,132,187,0.2,17,15.77299637436184,3,0.01163002323508106,0.06
384,6,33,0.1,projected_sparsity_noise,430,517.4596846493262,187,132,187,132,69,62,56,4.903378385696299,3.095807200296342e-15,accepted_child,132,187,132,187,132,187,132,187,132,187,0.2,17,15.77299637436184,3,0.011133199113128139,0.12
385,27,33,0.1,projected_sparsity,429,517.3919807536532,192,137,192,137,69,67,56,4.875810846825483,2.9937770947938017e-15,accepted_child,136,191,136,191,137,192,137,192,137,192,0.2,18,17.158130626758158,3,0.011214391196146072,0.0
386,27,33,0.1,projected_sparsity_noise,429,517.3497462275405,192,137,192,137,69,67,56,4.877205446797346,2.7387516610930665e-15,accepted_child,135,190,136,191,137,192,137,192,137,192,0.2,18,17.158130626758158,3,0.01094398124095344,0.06
387,27,33,0.1,projected_sparsity_noise,429,517.3932555389604,192,137,192,137,69,67,56,4.882938881588259,3.3010956511668506e-15,accepted_child,136,191,136,191,137,192,137,192,137,192,0.2,18,17.158130626758158,3,0.011821741331459591,0.12
378,368,33,0.1,projected_sparsity_noise,430,469.3662215879848,187,132,187,132,69,64,54,5.734214623927747,2.1803260110203766e-15,frontier,130,185,132,187,132,187,132,187,132,187,,,,,,
380,367,33,0.1,projected_sparsity_noise,430,469.41839997532725,187,132,187,132,69,64,54,5.733827325263385,2.9719163785922914e-15,frontier,120,175,128,183,132,187,132,187,132,187,,,,,,
6,1,2,0.1,snap_zero,430,518.9007698385346,187,132,187,132,69,62,56,4.87692403470023,7.669669462634123e-15,frontier,132,187,132,187,132,187,132,187,132,187,,,,,,
27,3,3,0.1,projected_sparsity_noise,429,519.1086838083176,192,137,192,137,69,67,56,4.861564961887294,2.958304406295448e-15,frontier,135,190,136,191,137,192,137,192,137,192,,,,,,
388,378,34,0.1,projected_sparsity,430,468.6280609002149,187,132,187,132,69,64,54,5.756434719812541,3.1916326615194815e-15,accepted_child,130,185,132,187,132,187,132,187,132,187,0.2,17,17.56365022677324,3,0.01377827798318318,0.0
389,378,34,0.1,projected_sparsity_noise,430,468.5808570958099,187,132,187,132,69,64,54,5.754861198485116,2.1691556159967655e-15,accepted_child,131,186,132,187,132,187,132,187,132,187,0.2,17,17.56365022677324,3,0.014099620790527182,0.06
390,378,34,0.1,projected_sparsity_noise,430,468.5482967158214,187,132,187,132,69,64,54,5.763489279851315,2.8834582420654884e-15,accepted_child,124,179,132,187,132,187,132,187,132,187,0.2,17,17.56365022677324,3,0.013914853781975788,0.12
391,380,34,0.1,projected_sparsity,430,468.7109268657263,187,132,187,132,69,64,54,5.755875964810505,2.9371888717293426e-15,accepted_child,128,183,128,183,132,187,132,187,132,187,0.2,17,17.43324472667387,3,0.014447295825759257,0.0
392,380,34,0.1,projected_sparsity_noise,430,468.74212632345797,187,132,187,132,69,64,54,5.757451742461845,2.643392548856411e-15,accepted_child,120,175,132,187,132,187,132,187,132,187,0.2,17,17.43324472667387,3,0.014783670740474297,0.06
393,380,34,0.1,projected_sparsity_noise,430,468.7325030564656,187,132,187,132,69,64,54,5.764963570159248,3.388138619205941e-15,accepted_child,124,179,132,187,132,187,132,187,132,187,0.2,17,17.43324472667387,3,0.01536313907712984,0.12
394,6,34,0.1,projected_sparsity,430,517.3282163838928,187,132,187,132,69,62,56,4.9025309644387844,2.5161295707436203e-15,accepted_child,132,187,132,187,132,187,132,187,132,187,0.2,17,15.77299637436184,3,0.011267878205807548,0.0
395,6,34,0.1,projected_sparsity_noise,430,517.2464522554442,187,132,187,132,69,62,56,4.906286243564788,2.8164836045138172e-15,accepted_child,131,186,132,187,132,187,132,187,132,187,0.2,17,15.77299637436184,3,0.010895815297522449,0.06
396,6,34,0.1,projected_sparsity_noise,430,517.3623461658406,187,132,187,132,69,62,56,4.897087208358881,2.437009412507761e-15,accepted_child,124,179,132,187,132,187,132,187,132,187,0.2,17,15.77299637436184,3,0.010820253408698336,0.12
397,27,34,0.1,projected_sparsity,429,517.3919807536532,192,137,192,137,69,67,56,4.875810846825483,2.9937770947938017e-15,accepted_child,136,191,136,191,137,192,137,192,137,192,0.2,18,17.158130626758158,3,0.011214391196146072,0.0
398,27,34,0.1,projected_sparsity_noise,429,517.3881744753926,192,137,192,137,69,67,56,4.87467619639032,2.2524486573407822e-15,accepted_child,136,191,136,191,137,192,137,192,137,192,0.2,18,17.158130626758158,3,0.011340209796669939,0.06
399,27,34,0.1,projected_sparsity_noise,429,517.1786153737288,192,137,192,137,69,67,56,4.87463480682576,2.9094513654499526e-15,accepted_child,136,191,136,191,137,192,137,192,137,192,0.2,18,17.158130626758158,3,0.011520736686509936,0.12
390,378,34,0.1,projected_sparsity_noise,430,468.5482967158214,187,132,187,132,69,64,54,5.763489279851315,2.8834582420654884e-15,frontier,124,179,132,187,132,187,132,187,132,187,,,,,,
389,378,34,0.1,projected_sparsity_noise,430,468.5808570958099,187,132,187,132,69,64,54,5.754861198485116,2.1691556159967655e-15,frontier,131,186,132,187,132,187,132,187,132,187,,,,,,
6,1,2,0.1,snap_zero,430,518.9007698385346,187,132,187,132,69,62,56,4.87692403470023,7.669669462634123e-15,frontier,132,187,132,187,132,187,132,187,132,187,,,,,,
27,3,3,0.1,projected_sparsity_noise,429,519.1086838083176,192,137,192,137,69,67,56,4.861564961887294,2.958304406295448e-15,frontier,135,190,136,191,137,192,137,192,137,192,,,,,,
400,390,35,0.1,projected_sparsity,430,467.9148468811478,187,132,187,132,69,64,54,5.785568989862753,4.105480507774695e-15,accepted_child,131,186,132,187,132,187,132,187,132,187,0.2,17,16.773773755202576,3,0.016032443972381336,0.0
401,390,35,0.1,projected_sparsity_noise,430,467.891893116166,187,132,187,132,69,64,54,5.788683963137875,3.1137844958758504e-15,accepted_child,132,187,132,187,132,187,132,187,132,187,0.2,17,16.773773755202576,3,0.015874613678421468,0.06
402,390,35,0.1,projected_sparsity_noise,430,467.8831690037743,187,132,187,132,69,64,54,5.795150431899327,3.2565842602657236e-15,accepted_child,120,175,128,183,132,187,132,187,132,187,0.2,17,16.773773755202576,3,0.016113745788931155,0.12
403,389,35,0.1,projected_sparsity,430,467.9305622046872,187,132,187,132,69,64,54,5.777927084630976,3.3531840911829086e-15,accepted_child,130,185,132,187,132,187,132,187,132,187,0.2,17,16.936816058491477,3,0.016381384430152402,0.0
404,389,35,0.1,projected_sparsity_noise,430,467.9423787403316,187,132,187,132,69,64,54,5.777762944592619,2.608738638383743e-15,accepted_child,128,183,132,187,132,187,132,187,132,187,0.2,17,16.936816058491477,3,0.015678103953272828,0.06
405,389,35,0.1,projected_sparsity_noise,430,467.93145472805367,187,132,187,132,69,64,54,5.77742542981225,3.1445577148221702e-15,accepted_child,124,179,132,187,132,187,132,187,132,187,0.2,17,16.936816058491477,3,0.0160762838662641,0.12
406,6,35,0.1,projected_sparsity,430,517.3282163838928,187,132,187,132,69,62,56,4.9025309644387844,2.5161295707436203e-15,accepted_child,132,187,132,187,132,187,132,187,132,187,0.2,17,15.77299637436184,3,0.011267878205807548,0.0
407,6,35,0.1,projected_sparsity_noise,430,517.3225030631605,187,132,187,132,69,62,56,4.903082976695394,2.7271060452780263e-15,accepted_child,132,187,132,187,132,187,132,187,132,187,0.2,17,15.77299637436184,3,0.01133202175718373,0.06
408,6,35,0.1,projected_sparsity_noise,430,517.3183225062542,187,132,187,132,69,62,56,4.903835357583894,2.6544582247416426e-15,accepted_child,131,186,132,187,132,187,132,187,132,187,0.2,17,15.77299637436184,3,0.011759992816852726,0.12
409,27,35,0.1,projected_sparsity,429,517.3919807536532,192,137,192,137,69,67,56,4.875810846825483,2.9937770947938017e-15,accepted_child,136,191,136,191,137,192,137,192,137,192,0.2,18,17.158130626758158,3,0.011214391196146072,0.0
410,27,35,0.1,projected_sparsity_noise,429,517.4219279840256,192,137,192,137,69,67,56,4.878514150986939,2.5628070086554226e-15,accepted_child,136,191,136,191,137,192,137,192,137,192,0.2,18,17.158130626758158,3,0.011469743361291472,0.06
411,27,35,0.1,projected_sparsity_noise,429,517.5147791207821,192,137,192,137,69,67,56,4.8754366023807405,3.5378050525072255e-15,accepted_child,136,191,136,191,137,192,137,192,137,192,0.2,18,17.158130626758158,3,0.011678757568843678,0.12
402,390,35,0.1,projected_sparsity_noise,430,467.8831690037743,187,132,187,132,69,64,54,5.795150431899327,3.2565842602657236e-15,frontier,120,175,128,183,132,187,132,187,132,187,,,,,,
401,390,35,0.1,projected_sparsity_noise,430,467.891893116166,187,132,187,132,69,64,54,5.788683963137875,3.1137844958758504e-15,frontier,132,187,132,187,132,187,132,187,132,187,,,,,,
6,1,2,0.1,snap_zero,430,518.9007698385346,187,132,187,132,69,62,56,4.87692403470023,7.669669462634123e-15,frontier,132,187,132,187,132,187,132,187,132,187,,,,,,
27,3,3,0.1,projected_sparsity_noise,429,519.1086838083176,192,137,192,137,69,67,56,4.861564961887294,2.958304406295448e-15,frontier,135,190,136,191,137,192,137,192,137,192,,,,,,
412,402,36,0.1,projected_sparsity,430,467.17392939230115,187,132,187,132,69,64,54,5.8166464880141096,2.5734821767833887e-15,accepted_child,128,183,132,187,132,187,132,187,132,187,0.2,17,17.498424596836745,3,0.01490927236205358,0.0
413,402,36,0.1,projected_sparsity_noise,430,467.1365449401335,187,132,187,132,69,64,54,5.814440258453464,3.265737611648166e-15,accepted_child,130,185,132,187,132,187,132,187,132,187,0.2,17,17.498424596836745,3,0.014898200078132466,0.06
414,402,36,0.1,projected_sparsity_noise,430,467.1666620846839,187,132,187,132,69,64,54,5.817768126099402,3.345879630614857e-15,accepted_child,132,187,132,187,132,187,132,187,132,187,0.2,17,17.498424596836745,3,0.01567581809542093,0.12
415,401,36,0.1,projected_sparsity,430,467.1846698996584,187,132,187,132,69,64,54,5.809869861787502,3.0198163062213946e-15,accepted_child,123,178,132,187,132,187,132,187,132,187,0.2,17,17.492453694704114,3,0.014885088979697297,0.0
416,401,36,0.1,projected_sparsity_noise,430,467.1933164953692,187,132,187,132,69,64,54,5.814986497747262,3.1415193981594916e-15,accepted_child,127,182,132,187,132,187,132,187,132,187,0.2,17,17.492453694704114,3,0.01440949197615339,0.06
417,401,36,0.1,projected_sparsity_noise,430,467.2333013492399,187,132,187,132,69,64,54,5.812848349552029,2.137540240788055e-15,accepted_child,127,182,132,187,132,187,132,187,132,187,0.2,17,17.492453694704114,3,0.013997694687162502,0.12
418,6,36,0.1,projected_sparsity,430,517.3282163838928,187,132,187,132,69,62,56,4.9025309644387844,2.5161295707436203e-15,accepted_child,132,187,132,187,132,187,132,187,132,187,0.2,17,15.77299637436184,3,0.011267878205807548,0.0
419,6,36,0.1,projected_sparsity_noise,430,517.2657786044149,187,132,187,132,69,62,56,4.905584530111513,2.5507901347451634e-15,accepted_child,130,185,132,187,132,187,132,187,132,187,0.2,17,15.77299637436184,3,0.01108650821047307,0.06
420,6,36,0.1,projected_sparsity_noise,430,517.506392783408,187,132,187,132,69,62,56,4.90545480290672,3.162880072995211e-15,accepted_child,132,187,132,187,132,187,132,187,132,187,0.2,17,15.77299637436184,3,0.01085475704978352,0.12
421,27,36,0.1,projected_sparsity,429,517.3919807536532,192,137,192,137,69,67,56,4.875810846825483,2.9937770947938017e-15,accepted_child,136,191,136,191,137,192,137,192,137,192,0.2,18,17.158130626758158,3,0.011214391196146072,0.0
422,27,36,0.1,projected_sparsity_noise,429,517.3440846618869,192,137,192,137,69,67,56,4.8771734567107305,3.3220260021059924e-15,accepted_child,135,190,136,191,137,192,137,192,137,192,0.2,18,17.158130626758158,3,0.011087190993737195,0.06
423,27,36,0.1,projected_sparsity_noise,429,517.4416758509599,192,137,192,137,69,67,56,4.873629009169535,3.208294043763538e-15,accepted_child,136,191,136,191,137,192,137,192,137,192,0.2,18,17.158130626758158,3,0.011671571504982997,0.12
413,402,36,0.1,projected_sparsity_noise,430,467.1365449401335,187,132,187,132,69,64,54,5.814440258453464,3.265737611648166e-15,frontier,130,185,132,187,132,187,132,187,132,187,,,,,,
415,401,36,0.1,projected_sparsity,430,467.1846698996584,187,132,187,132,69,64,54,5.809869861787502,3.0198163062213946e-15,frontier,123,178,132,187,132,187,132,187,132,187,,,,,,
6,1,2,0.1,snap_zero,430,518.9007698385346,187,132,187,132,69,62,56,4.87692403470023,7.669669462634123e-15,frontier,132,187,132,187,132,187,132,187,132,187,,,,,,
27,3,3,0.1,projected_sparsity_noise,429,519.1086838083176,192,137,192,137,69,67,56,4.861564961887294,2.958304406295448e-15,frontier,135,190,136,191,137,192,137,192,137,192,,,,,,
424,413,37,0.1,projected_sparsity,430,466.52337174609,187,132,187,132,69,64,54,5.834503933755791,2.5932228839191614e-15,accepted_child,120,175,124,179,132,187,132,187,132,187,0.2,17,16.83623792570383,3,0.015419605374182918,0.0
425,413,37,0.1,projected_sparsity_noise,430,466.57450721819725,187,132,187,132,69,64,54,5.836142064377554,3.0917549743886325e-15,accepted_child,129,184,132,187,132,187,132,187,132,187,0.2,17,16.83623792570383,3,0.01767273905554338,0.06
426,413,37,0.1,projected_sparsity_noise,430,466.54764585750917,187,132,187,132,69,64,54,5.833137193676631,3.291062116493198e-15,accepted_child,128,183,132,187,132,187,132,187,132,187,0.2,17,16.83623792570383,3,0.013947293391436398,0.12
427,415,37,0.1,projected_sparsity,430,466.5406166872855,187,132,187,132,69,64,54,5.830968358430286,3.965020901453999e-15,accepted_child,129,184,132,187,132,187,132,187,132,187,0.2,17,17.045064552653276,3,0.01528435064071229,0.0
428,415,37,0.1,projected_sparsity_noise,430,466.471215634238,187,132,187,132,69,64,54,5.835940814105275,2.6336857056498825e-15,accepted_child,130,185,132,187,132,187,132,187,132,187,0.2,17,17.045064552653276,3,0.01442421535215992,0.06
429,415,37,0.1,projected_sparsity_noise,430,466.5490530079174,187,132,187,132,69,64,54,5.828657293253685,2.74960360649872e-15,accepted_child,127,182,132,187,132,187,132,187,132,187,0.2,17,17.045064552653276,3,0.01593596617375445,0.12
430,6,37,0.1,projected_sparsity,430,517.3282163838928,187,132,187,132,69,62,56,4.9025309644387844,2.5161295707436203e-15,accepted_child,132,187,132,187,132,187,132,187,132,187,0.2,17,15.77299637436184,3,0.011267878205807548,0.0
431,6,37,0.1,projected_sparsity_noise,430,517.3591467696608,187,132,187,132,69,62,56,4.90105282777342,2.8622392131745446e-15,accepted_child,131,186,132,187,132,187,132,187,132,187,0.2,17,15.77299637436184,3,0.011438132119396092,0.06
432,6,37,0.1,projected_sparsity_noise,430,517.3391374414648,187,132,187,132,69,62,56,4.899544975311215,2.2879252389072057e-15,accepted_child,132,187,132,187,132,187,132,187,132,187,0.2,17,15.77299637436184,3,0.011045391796724665,0.12
433,27,37,0.1,projected_sparsity,429,517.3919807536532,192,137,192,137,69,67,56,4.875810846825483,2.9937770947938017e-15,accepted_child,136,191,136,191,137,192,137,192,137,192,0.2,18,17.158130626758158,3,0.011214391196146072,0.0
434,27,37,0.1,projected_sparsity_noise,429,517.4335663270117,192,137,192,137,69,67,56,4.87726692440451,2.549825702146409e-15,accepted_child,136,191,136,191,137,192,137,192,137,192,0.2,18,17.158130626758158,3,0.01141167698782178,0.06
435,27,37,0.1,projected_sparsity_noise,429,517.5548945771296,192,137,192,137,69,67,56,4.87993601308737,2.611970772384285e-15,accepted_child,136,191,136,191,137,192,137,192,137,192,0.2,18,17.158130626758158,3,0.011107424705465566,0.12
428,415,37,0.1,projected_sparsity_noise,430,466.471215634238,187,132,187,132,69,64,54,5.835940814105275,2.6336857056498825e-15,frontier,130,185,132,187,132,187,132,187,132,187,,,,,,
424,413,37,0.1,projected_sparsity,430,466.52337174609,187,132,187,132,69,64,54,5.834503933755791,2.5932228839191614e-15,frontier,120,175,124,179,132,187,132,187,132,187,,,,,,
6,1,2,0.1,snap_zero,430,518.9007698385346,187,132,187,132,69,62,56,4.87692403470023,7.669669462634123e-15,frontier,132,187,132,187,132,187,132,187,132,187,,,,,,
27,3,3,0.1,projected_sparsity_noise,429,519.1086838083176,192,137,192,137,69,67,56,4.861564961887294,2.958304406295448e-15,frontier,135,190,136,191,137,192,137,192,137,192,,,,,,
436,428,38,0.1,projected_sparsity,430,465.838214963308,187,132,187,132,69,64,54,5.857329537639218,2.789889240381252e-15,accepted_child,126,181,132,187,132,187,132,187,132,187,0.2,17,17.215461677524516,3,0.01454120934808402,0.0
437,428,38,0.1,projected_sparsity_noise,430,465.7447673799968,187,132,187,132,69,64,54,5.862145947050223,2.36717713998605e-15,accepted_child,126,181,132,187,132,187,132,187,132,187,0.2,17,17.215461677524516,3,0.014433806835625299,0.06
438,428,38,0.1,projected_sparsity_noise,430,465.87845602964126,187,132,187,132,69,64,54,5.856089213234574,2.8638426390116164e-15,accepted_child,128,183,132,187,132,187,132,187,132,187,0.2,17,17.215461677524516,3,0.013918850614630197,0.12
439,424,38,0.1,projected_sparsity,430,465.81596286482505,187,132,187,132,69,64,54,5.85490792599608,2.3746233428020593e-15,accepted_child,128,183,132,187,132,187,132,187,132,187,0.2,17,17.619272839953386,3,0.015402785010487575,0.0
440,424,38,0.1,projected_sparsity_noise,430,465.8318014357238,187,132,187,132,69,64,54,5.854095893243709,2.7388979035408988e-15,accepted_child,128,183,132,187,132,187,132,187,132,187,0.2,17,17.619272839953386,3,0.01578840407718803,0.06
441,424,38,0.1,projected_sparsity_noise,430,465.82108747818984,187,132,187,132,69,64,54,5.854701473756587,2.6888787872725357e-15,accepted_child,126,181,132,187,132,187,132,187,132,187,0.2,17,17.619272839953386,3,0.01623130941638012,0.12
442,6,38,0.1,projected_sparsity,430,517.3282163838928,187,132,187,132,69,62,56,4.9025309644387844,2.5161295707436203e-15,accepted_child,132,187,132,187,132,187,132,187,132,187,0.2,17,15.77299637436184,3,0.011267878205807548,0.0
443,6,38,0.1,projected_sparsity_noise,430,517.2534877839214,187,132,187,132,69,62,56,4.901423780629981,2.4259717481040173e-15,accepted_child,132,187,132,187,132,187,132,187,132,187,0.2,17,15.77299637436184,3,0.01104176241727704,0.06
444,6,38,0.1,projected_sparsity_noise,430,517.3194786040794,187,132,187,132,69,62,56,4.897091029306623,2.804825214736678e-15,accepted_child,121,176,123,178,132,187,132,187,132,187,0.2,17,15.77299637436184,3,0.012032514121407755,0.12
445,27,38,0.1,projected_sparsity,429,517.3919807536532,192,137,192,137,69,67,56,4.875810846825483,2.9937770947938017e-15,accepted_child,136,191,136,191,137,192,137,192,137,192,0.2,18,17.158130626758158,3,0.011214391196146072,0.0
446,27,38,0.1,projected_sparsity_noise,429,517.3716943110635,192,137,192,137,69,67,56,4.873565260721058,2.1586919055953206e-15,accepted_child,136,191,136,191,137,192,137,192,137,192,0.2,18,17.158130626758158,3,0.011341600664214187,0.06
447,27,38,0.1,snap_zero,430,517.4223444200603,188,133,188,133,69,64,55,4.882083745948688,2.800737738513954e-15,accepted_child:snapped_1_zeros,133,188,133,188,133,188,133,188,133,188,0.2,18,17.158130626758158,3,0.010755999202502167,0.12
437,428,38,0.1,projected_sparsity_noise,430,465.7447673799968,187,132,187,132,69,64,54,5.862145947050223,2.36717713998605e-15,frontier,126,181,132,187,132,187,132,187,132,187,,,,,,
439,424,38,0.1,projected_sparsity,430,465.81596286482505,187,132,187,132,69,64,54,5.85490792599608,2.3746233428020593e-15,frontier,128,183,132,187,132,187,132,187,132,187,,,,,,
6,1,2,0.1,snap_zero,430,518.9007698385346,187,132,187,132,69,62,56,4.87692403470023,7.669669462634123e-15,frontier,132,187,132,187,132,187,132,187,132,187,,,,,,
27,3,3,0.1,projected_sparsity_noise,429,519.1086838083176,192,137,192,137,69,67,56,4.861564961887294,2.958304406295448e-15,frontier,135,190,136,191,137,192,137,192,137,192,,,,,,
448,437,39,0.1,projected_sparsity,430,465.15287661429943,187,132,187,132,69,64,54,5.8821394625579515,2.51830943285044e-15,accepted_child,129,184,132,187,132,187,132,187,132,187,0.2,17,16.852299110588607,3,0.015198773295482144,0.0
449,437,39,0.1,projected_sparsity_noise,430,465.1972426769196,187,132,187,132,69,64,54,5.8816542048720954,2.938419616333608e-15,accepted_child,127,182,130,185,132,187,132,187,132,187,0.2,17,16.852299110588607,3,0.016180837585930922,0.06
450,437,39,0.1,snap_zero,436,465.2537943940023,183,128,183,128,69,61,53,5.882288248296263,2.5037324146302886e-15,accepted_child:snapped_6_zeros,128,183,128,183,128,183,128,183,128,183,0.2,17,16.852299110588607,3,0.015113108604229528,0.12
451,439,39,0.1,projected_sparsity,430,465.2083513427101,187,132,187,132,69,64,54,5.874956810884702,3.0438964823870417e-15,accepted_child,120,175,132,187,132,187,132,187,132,187,0.2,17,16.931318059948087,3,0.015516290178001142,0.0
452,439,39,0.1,projected_sparsity_noise,430,465.2170560602085,187,132,187,132,69,64,54,5.875082341643775,2.6185813487450057e-15,accepted_child,122,177,132,187,132,187,132,187,132,187,0.2,17,16.931318059948087,3,0.01656083827635026,0.06
453,439,39,0.1,projected_sparsity_noise,430,465.23671685342697,187,132,187,132,69,64,54,5.86952536480016,3.513086093880998e-15,accepted_child,127,182,132,187,132,187,132,187,132,187,0.2,17,16.931318059948087,3,0.01612505121492195,0.12
454,6,39,0.1,projected_sparsity,430,517.3282163838928,187,132,187,132,69,62,56,4.9025309644387844,2.5161295707436203e-15,accepted_child,132,187,132,187,132,187,132,187,132,187,0.2,17,15.77299637436184,3,0.011267878205807548,0.0
455,6,39,0.1,projected_sparsity_noise,430,517.3078451430689,187,132,187,132,69,62,56,4.900912944688902,2.8388745633279836e-15,accepted_child,129,184,132,187,132,187,132,187,132,187,0.2,17,15.77299637436184,3,0.011101441656639085,0.06
456,6,39,0.1,projected_sparsity_noise,430,517.4223578406472,187,132,187,132,69,62,56,4.898231900541346,3.589753508538613e-15,accepted_child,128,183,132,187,132,187,132,187,132,187,0.2,17,15.77299637436184,3,0.011327313455079386,0.12
457,27,39,0.1,projected_sparsity,429,517.3919807536532,192,137,192,137,69,67,56,4.875810846825483,2.9937770947938017e-15,accepted_child,136,191,136,191,137,192,137,192,137,192,0.2,18,17.158130626758158,3,0.011214391196146072,0.0
458,27,39,0.1,projected_sparsity_noise,429,517.4246164495066,192,137,192,137,69,67,56,4.875131647763973,2.782603686061963e-15,accepted_child,135,190,136,191,137,192,137,192,137,192,0.2,18,17.158130626758158,3,0.01108819699823225,0.06
459,27,39,0.1,projected_sparsity_noise,429,517.4152674226875,192,137,192,137,69,67,56,4.869185096594914,3.688956307229216e-15,accepted_child,136,191,136,191,137,192,137,192,137,192,0.2,18,17.158130626758158,3,0.010989621352293517,0.12
450,437,39,0.1,snap_zero,436,465.2537943940023,183,128,183,128,69,61,53,5.882288248296263,2.5037324146302886e-15,frontier,128,183,128,183,128,183,128,183,128,183,,,,,,
448,437,39,0.1,projected_sparsity,430,465.15287661429943,187,132,187,132,69,64,54,5.8821394625579515,2.51830943285044e-15,frontier,129,184,132,187,132,187,132,187,132,187,,,,,,
449,437,39,0.1,projected_sparsity_noise,430,465.1972426769196,187,132,187,132,69,64,54,5.8816542048720954,2.938419616333608e-15,frontier,127,182,130,185,132,187,132,187,132,187,,,,,,
27,3,3,0.1,projected_sparsity_noise,429,519.1086838083176,192,137,192,137,69,67,56,4.861564961887294,2.958304406295448e-15,frontier,135,190,136,191,137,192,137,192,137,192,,,,,,
460,450,40,0.1,projected_sparsity,436,464.5000127097044,183,128,183,128,69,61,53,5.902080161294886,2.8942676757467393e-15,accepted_child,120,175,120,175,128,183,128,183,128,183,0.2,16,17.950367637140612,3,0.015171554868266688,0.0
461,450,40,0.1,projected_sparsity_noise,436,464.4525379232721,183,128,183,128,69,61,53,5.903468651758199,2.881407270804899e-15,accepted_child,125,180,128,183,128,183,128,183,128,183,0.2,16,17.950367637140612,3,0.015406058301322809,0.06
462,450,40,0.1,projected_sparsity_noise,436,464.528738984582,183,128,183,128,69,61,53,5.9100248314175,4.0057869456509314e-15,accepted_child,128,183,128,183,128,183,128,183,128,183,0.2,16,17.950367637140612,3,0.013982835370121183,0.12
463,448,40,0.1,projected_sparsity,430,464.4695940604229,187,132,187,132,69,64,54,5.90221643166832,2.464432444154947e-15,accepted_child,124,179,132,187,132,187,132,187,132,187,0.2,17,17.611170580601982,3,0.015543174812607136,0.0
464,448,40,0.1,projected_sparsity_noise,430,464.4447515982842,187,132,187,132,69,64,54,5.904388976055767,3.366460839030614e-15,accepted_child,129,184,132,187,132,187,132,187,132,187,0.2,17,17.611170580601982,3,0.015448137252051863,0.06
465,448,40,0.1,projected_sparsity_noise,430,464.4325916204208,187,132,187,132,69,64,54,5.911652709455056,3.932875038704471e-15,accepted_child,124,179,130,185,132,187,132,187,132,187,0.2,17,17.611170580601982,3,0.01432632357430648,0.12
466,449,40,0.1,projected_sparsity,430,464.46119972374515,187,132,187,132,69,64,54,5.900454478964537,3.780753295467869e-15,accepted_child,120,175,130,185,132,187,132,187,132,187,0.2,17,17.760431016416096,3,0.01754291857367087,0.0
467,449,40,0.1,projected_sparsity_noise,430,464.4966017449792,187,132,187,132,69,64,54,5.9024661842025425,2.5702878591368353e-15,accepted_child,124,179,129,184,132,187,132,187,132,187,0.2,17,17.760431016416096,3,0.017473843592561652,0.06
468,449,40,0.1,projected_sparsity_noise,430,464.4523801024791,187,132,187,132,69,64,54,5.904589328658192,2.7143112969253782e-15,accepted_child,124,179,128,183,132,187,132,187,132,187,0.2,17,17.760431016416096,3,0.016945874579074833,0.12
469,27,40,0.1,projected_sparsity,429,517.3919807536532,192,137,192,137,69,67,56,4.875810846825483,2.9937770947938017e-15,accepted_child,136,191,136,191,137,192,137,192,137,192,0.2,18,17.158130626758158,3,0.011214391196146072,0.0
470,27,40,0.1,projected_sparsity_noise,429,517.3656104966833,192,137,192,137,69,67,56,4.877578907252322,2.6138217449113155e-15,accepted_child,136,191,136,191,137,192,137,192,137,192,0.2,18,17.158130626758158,3,0.010992660797200886,0.06
471,27,40,0.1,projected_sparsity_noise,429,517.4737723984299,192,137,192,137,69,67,56,4.8747110391570985,2.9106723515638864e-15,accepted_child,136,191,136,191,137,192,137,192,137,192,0.2,18,17.158130626758158,3,0.01141248122001345,0.12
461,450,40,0.1,projected_sparsity_noise,436,464.4525379232721,183,128,183,128,69,61,53,5.903468651758199,2.881407270804899e-15,frontier,125,180,128,183,128,183,128,183,128,183,,,,,,
450,437,39,0.1,snap_zero,436,465.2537943940023,183,128,183,128,69,61,53,5.882288248296263,2.5037324146302886e-15,frontier,128,183,128,183,128,183,128,183,128,183,,,,,,
465,448,40,0.1,projected_sparsity_noise,430,464.4325916204208,187,132,187,132,69,64,54,5.911652709455056,3.932875038704471e-15,frontier,124,179,130,185,132,187,132,187,132,187,,,,,,
27,3,3,0.1,projected_sparsity_noise,429,519.1086838083176,192,137,192,137,69,67,56,4.861564961887294,2.958304406295448e-15,frontier,135,190,136,191,137,192,137,192,137,192,,,,,,
472,461,41,0.05,projected_sparsity,436,664.5936463231549,183,128,183,128,69,61,53,5.9164493850163575,3.674839209534379e-15,accepted_child,122,177,128,183,128,183,128,183,128,183,0.2,16,51.20026044590861,3,0.013894067930327575,0.0
473,461,41,0.05,projected_sparsity_noise,436,664.5993368916779,183,128,183,128,69,61,53,5.915426892023137,2.4017037730759095e-15,accepted_child,126,181,128,183,128,183,128,183,128,183,0.2,16,51.20026044590861,3,0.014575366859381666,0.06
474,461,41,0.05,projected_sparsity_noise,436,664.6596891283132,183,128,183,128,69,61,53,5.916066464182105,2.8953352667466835e-15,accepted_child,127,182,128,183,128,183,128,183,128,183,0.2,16,51.20026044590861,3,0.013266072187566025,0.12
475,450,41,0.05,projected_sparsity,436,665.0355950141931,183,128,183,128,69,61,53,5.8939032611864945,3.205826972243237e-15,accepted_child,128,183,128,183,128,183,128,183,128,183,0.2,16,55.34267066085221,3,0.021109997825917916,0.0
476,450,41,0.05,projected_sparsity_noise,436,664.9772086706682,183,128,183,128,69,61,53,5.891821663810678,2.6202704498175315e-15,accepted_child,127,182,128,183,128,183,128,183,128,183,0.2,16,55.34267066085221,3,0.020684894293906003,0.06
477,450,41,0.05,projected_sparsity_noise,436,665.1279076233692,183,128,183,128,69,61,53,5.894719584443203,2.2965769838400626e-15,accepted_child,128,183,128,183,128,183,128,183,128,183,0.2,16,55.34267066085221,3,0.020698953412461772,0.12
478,465,41,0.05,projected_sparsity,430,664.5579135444118,187,132,187,132,69,64,54,5.9249824504344835,2.780183948032675e-15,accepted_child,126,181,130,185,132,187,132,187,132,187,0.2,17,51.00701727938539,3,0.01410392177409157,0.0
479,465,41,0.05,projected_sparsity_noise,430,664.5264506677606,187,132,187,132,69,64,54,5.924603971893146,3.0436784314291806e-15,accepted_child,116,171,132,187,132,187,132,187,132,187,0.2,17,51.00701727938539,3,0.01382778997241589,0.06
480,465,41,0.05,projected_sparsity_noise,430,664.7332605405775,187,132,187,132,69,64,54,5.924341921968788,3.0432140748480812e-15,accepted_child,126,181,132,187,132,187,132,187,132,187,0.2,17,51.00701727938539,3,0.013749735655245046,0.12
481,27,41,0.05,snap_zero,430,734.9817950920049,187,132,187,132,69,62,56,4.8636866547631525,5.993023589859242e-15,accepted_child:snapped_1_zeros,126,181,132,187,132,187,132,187,132,187,0.1,18,43.56325206848951,3,0.0035171771926914793,0.0
482,27,41,0.05,projected_sparsity_noise,429,734.981281830701,192,137,192,137,69,67,56,4.8627014765122984,2.184490508020987e-15,accepted_child,132,187,136,191,137,192,137,192,137,192,0.1,18,43.56325206848951,3,0.0034969487191286895,0.06
483,27,41,0.05,snap_zero,430,734.9391664508524,187,132,187,132,69,62,56,4.8595578660964085,1.032137158791099e-14,accepted_child:snapped_1_zeros,128,183,132,187,132,187,132,187,132,187,0.1,18,43.56325206848951,3,0.0035859448897270878,0.12
472,461,41,0.05,projected_sparsity,436,664.5936463231549,183,128,183,128,69,61,53,5.9164493850163575,3.674839209534379e-15,frontier,122,177,128,183,128,183,128,183,128,183,,,,,,
450,437,40,0.05,retau:snap_zero,436,666.1390126997209,183,128,183,128,69,61,53,5.882288248296263,2.5037324146302886e-15,frontier,128,183,128,183,128,183,128,183,128,183,,,,,,
479,465,41,0.05,projected_sparsity_noise,430,664.5264506677606,187,132,187,132,69,64,54,5.924603971893146,3.0436784314291806e-15,frontier,116,171,132,187,132,187,132,187,132,187,,,,,,
483,27,41,0.05,snap_zero,430,734.9391664508524,187,132,187,132,69,62,56,4.8595578660964085,1.032137158791099e-14,frontier,128,183,132,187,132,187,132,187,132,187,,,,,,
484,472,42,0.05,projected_sparsity,436,664.2864618369526,183,128,183,128,69,61,53,5.925818447600789,2.8787883367284462e-15,accepted_child,126,181,128,183,128,183,128,183,128,183,0.2,16,52.20875541716053,3,0.020157878331976926,0.0
485,472,42,0.05,projected_sparsity_noise,436,664.3387020195619,183,128,183,128,69,61,53,5.925760631096721,3.653077851716319e-15,accepted_child,127,182,128,183,128,183,128,183,128,183,0.2,16,52.20875541716053,3,0.025263166684106497,0.06
486,472,42,0.05,projected_sparsity_noise,436,664.1672498050077,183,128,183,128,69,61,53,5.9281716154733175,3.677396088037065e-15,accepted_child,126,181,128,183,128,183,128,183,128,183,0.2,16,52.20875541716053,3,0.01838359644032949,0.12
487,450,42,0.05,projected_sparsity,436,665.0355950141931,183,128,183,128,69,61,53,5.8939032611864945,3.205826972243237e-15,accepted_child,128,183,128,183,128,183,128,183,128,183,0.2,16,55.34267066085221,3,0.021109997825917916,0.0
488,450,42,0.05,projected_sparsity_noise,436,664.9435157565227,183,128,183,128,69,61,53,5.89577058092653,3.548124025391978e-15,accepted_child,127,182,128,183,128,183,128,183,128,183,0.2,16,55.34267066085221,3,0.021124040318201413,0.06
489,450,42,0.05,projected_sparsity_noise,436,664.9453804469815,183,128,183,128,69,61,53,5.8914539289868175,2.2846832731248367e-15,accepted_child,124,179,128,183,128,183,128,183,128,183,0.2,16,55.34267066085221,3,0.021596142983111143,0.12
490,479,42,0.05,projected_sparsity,430,664.1251008826689,187,132,187,132,69,64,54,5.933360845766951,3.2572950510178574e-15,accepted_child,127,182,132,187,132,187,132,187,132,187,0.2,17,51.507461370996545,3,0.0169004648126497,0.0
491,479,42,0.05,projected_sparsity_noise,430,664.2390883882704,187,132,187,132,69,64,54,5.931349355469297,3.3030115928996998e-15,accepted_child,130,185,132,187,132,187,132,187,132,187,0.2,17,51.507461370996545,3,0.01693878348637055,0.06
492,479,42,0.05,projected_sparsity_noise,430,664.2894758262207,187,132,187,132,69,64,54,5.9371959567274075,3.277966891235055e-15,accepted_child,122,177,132,187,132,187,132,187,132,187,0.2,17,51.507461370996545,3,0.015699307621111734,0.12
493,483,42,0.05,projected_sparsity,430,734.0012503763303,187,132,187,132,69,62,56,4.867255855638262,2.833971901309334e-15,accepted_child,123,178,126,181,132,187,132,187,132,187,0.1,17,26.92836608711806,3,0.002920797582735741,0.0
494,483,42,0.05,projected_sparsity_noise,430,733.9761266436251,187,132,187,132,69,62,56,4.867774456994208,2.3227578377951084e-15,accepted_child,122,177,126,181,132,187,132,187,132,187,0.1,17,26.92836608711806,3,0.002949348250385187,0.06
495,483,42,0.05,projected_sparsity_noise,430,733.900776682891,187,132,187,132,69,62,56,4.864628775663275,2.176831474407051e-15,accepted_child,125,180,126,181,132,187,132,187,132,187,0.1,17,26.92836608711806,3,0.0029749009136607334,0.12
486,472,42,0.05,projected_sparsity_noise,436,664.1672498050077,183,128,183,128,69,61,53,5.9281716154733175,3.677396088037065e-15,frontier,126,181,128,183,128,183,128,183,128,183,,,,,,
450,437,40,0.05,retau:snap_zero,436,666.1390126997209,183,128,183,128,69,61,53,5.882288248296263,2.5037324146302886e-15,frontier,128,183,128,183,128,183,128,183,128,183,,,,,,
490,479,42,0.05,projected_sparsity,430,664.1251008826689,187,132,187,132,69,64,54,5.933360845766951,3.2572950510178574e-15,frontier,127,182,132,187,132,187,132,187,132,187,,,,,,
483,27,41,0.05,snap_zero,430,734.9391664508524,187,132,187,132,69,62,56,4.8595578660964085,1.032137158791099e-14,frontier,128,183,132,187,132,187,132,187,132,187,,,,,,
496,486,43,0.05,projected_sparsity,436,661.0940042343741,183,128,183,128,69,61,53,5.9326564086864915,2.4585471533511705e-15,accepted_child,123,178,128,183,128,183,128,183,128,183,0.1,16,52.6731066767169,3,0.006994846167456131,0.0
497,486,43,0.05,projected_sparsity_noise,436,664.128288013989,183,128,183,128,69,61,53,5.935623043064678,3.333642233327659e-15,accepted_child,128,183,128,183,128,183,128,183,128,183,0.2,16,52.6731066767169,3,0.022991699116702086,0.06
498,486,43,0.05,projected_sparsity_noise,436,664.0066446753012,183,128,183,128,69,61,53,5.9434127359161595,3.763428172811966e-15,accepted_child,128,183,128,183,128,183,128,183,128,183,0.2,16,52.6731066767169,3,0.02348607855899357,0.12
499,450,43,0.05,projected_sparsity,436,665.0355950141931,183,128,183,128,69,61,53,5.8939032611864945,3.205826972243237e-15,accepted_child,128,183,128,183,128,183,128,183,128,183,0.2,16,55.34267066085221,3,0.021109997825917916,0.0
500,450,43,0.05,projected_sparsity_noise,436,665.0947822797754,183,128,183,128,69,61,53,5.895297271370491,2.7475927893723164e-15,accepted_child,127,182,128,183,128,183,128,183,128,183,0.2,16,55.34267066085221,3,0.02157302745348714,0.06
501,450,43,0.05,projected_sparsity_noise,436,665.2135270861709,183,128,183,128,69,61,53,5.890994599242804,3.27930768821109e-15,accepted_child,126,181,128,183,128,183,128,183,128,183,0.2,16,55.34267066085221,3,0.02186215229513595,0.12
502,490,43,0.05,projected_sparsity,430,664.0336592280057,187,132,187,132,69,64,54,5.945140646124385,3.8086231980545934e-15,accepted_child,127,182,132,187,132,187,132,187,132,187,0.2,17,51.74040145020338,3,0.02713277156282944,0.0
503,490,43,0.05,projected_sparsity_noise,430,664.0851262874105,187,132,187,132,69,64,54,5.943615048092342,3.4370158637404155e-15,accepted_child,124,179,126,181,132,187,132,187,132,187,0.2,17,51.74040145020338,3,0.021936789064453722,0.06
504,490,43,0.05,projected_sparsity_noise,430,664.0704871304825,187,132,187,132,69,64,54,5.946753902705147,2.6877026611864316e-15,accepted_child,118,173,124,179,132,187,132,187,132,187,0.2,17,51.74040145020338,3,0.06751413560727366,0.12
505,483,43,0.05,projected_sparsity,430,734.0012503763303,187,132,187,132,69,62,56,4.867255855638262,2.833971901309334e-15,accepted_child,123,178,126,181,132,187,132,187,132,187,0.1,17,26.92836608711806,3,0.002920797582735741,0.0
506,483,43,0.05,projected_sparsity_noise,430,734.0020726384871,187,132,187,132,69,62,56,4.866448115590726,2.5687296479047668e-15,accepted_child,118,173,128,183,132,187,132,187,132,187,0.1,17,26.92836608711806,3,0.0028789130517986954,0.06
507,483,43,0.05,projected_sparsity_noise,430,733.8441345220175,187,132,187,132,69,62,56,4.865671255701894,2.4709928642060378e-15,accepted_child,126,181,132,187,132,187,132,187,132,187,0.1,17,26.92836608711806,3,0.0028839701750391134,0.12
496,486,43,0.05,projected_sparsity,436,661.0940042343741,183,128,183,128,69,61,53,5.9326564086864915,2.4585471533511705e-15,frontier,123,178,128,183,128,183,128,183,128,183,,,,,,
486,472,42,0.05,projected_sparsity_noise,436,664.1672498050077,183,128,183,128,69,61,53,5.9281716154733175,3.677396088037065e-15,frontier,126,181,128,183,128,183,128,183,128,183,,,,,,
450,437,40,0.05,retau:snap_zero,436,666.1390126997209,183,128,183,128,69,61,53,5.882288248296263,2.5037324146302886e-15,frontier,128,183,128,183,128,183,128,183,128,183,,,,,,
483,27,41,0.05,snap_zero,430,734.9391664508524,187,132,187,132,69,62,56,4.8595578660964085,1.032137158791099e-14,frontier,128,183,132,187,132,187,132,187,132,187,,,,,,
508,496,44,0.05,projected_sparsity,436,661.0596656160947,183,128,183,128,69,61,53,5.952197364408001,2.9078113970402885e-15,accepted_child,127,182,128,183,128,183,128,183,128,183,0.1,16,11.002382377976302,3,0.0033115866184922674,0.0
509,496,44,0.05,projected_sparsity_noise,436,661.0851020811637,183,128,183,128,69,61,53,5.95164019134101,2.6128543905742997e-15,accepted_child,126,181,128,183,128,183,128,183,128,183,0.1,16,11.002382377976302,3,0.0033674841049345524,0.06
510,496,44,0.05,projected_sparsity_noise,436,660.841040923619,183,128,183,128,69,61,53,5.943482171992539,4.530240932093798e-15,accepted_child,124,179,128,183,128,183,128,183,128,183,0.05,16,11.002382377976302,2,0.0010071295982091006,0.12
511,486,44,0.05,projected_sparsity,436,661.0940042343741,183,128,183,128,69,61,53,5.9326564086864915,2.4585471533511705e-15,accepted_child,123,178,128,183,128,183,128,183,128,183,0.1,16,52.6731066767169,3,0.006994846167456131,0.0
512,486,44,0.05,projected_sparsity_noise,436,664.1149248219757,183,128,183,128,69,61,53,5.936544979585894,3.0207183913487658e-15,accepted_child,122,177,126,181,128,183,128,183,128,183,0.2,16,52.6731066767169,3,0.02652068528701445,0.06
513,486,44,0.05,projected_sparsity_noise,436,663.919950668035,183,128,183,128,69,61,53,5.935855345919852,3.285677023954981e-15,accepted_child,128,183,128,183,128,183,128,183,128,183,0.2,16,52.6731066767169,3,0.021065247926863984,0.12
514,450,44,0.05,projected_sparsity,436,665.0355950141931,183,128,183,128,69,61,53,5.8939032611864945,3.205826972243237e-15,accepted_child,128,183,128,183,128,183,128,183,128,183,0.2,16,55.34267066085221,3,0.021109997825917916,0.0
515,450,44,0.05,projected_sparsity_noise,436,665.0217811698803,183,128,183,128,69,61,53,5.896051116800094,3.1736809475124776e-15,accepted_child,127,182,128,183,128,183,128,183,128,183,0.2,16,55.34267066085221,3,0.020991918517993965,0.06
516,450,44,0.05,projected_sparsity_noise,436,665.2789447936135,183,128,183,128,69,61,53,5.888170367982246,3.5341243200673485e-15,accepted_child,125,180,128,183,128,183,128,183,128,183,0.2,16,55.34267066085221,3,0.019823324198059246,0.12
517,483,44,0.05,projected_sparsity,430,734.0012503763303,187,132,187,132,69,62,56,4.867255855638262,2.833971901309334e-15,accepted_child,123,178,126,181,132,187,132,187,132,187,0.1,17,26.92836608711806,3,0.002920797582735741,0.0
518,483,44,0.05,projected_sparsity_noise,430,733.9727199887415,187,132,187,132,69,62,56,4.868393407144162,2.4900552804687e-15,accepted_child,129,184,132,187,132,187,132,187,132,187,0.1,17,26.92836608711806,3,0.002871752257511673,0.06
519,483,44,0.05,projected_sparsity_noise,430,733.9781830584419,187,132,187,132,69,62,56,4.866979699572233,2.7306066302362652e-15,accepted_child,124,179,132,187,132,187,132,187,132,187,0.1,17,26.92836608711806,3,0.0030080437522348688,0.12
510,496,44,0.05,projected_sparsity_noise,436,660.841040923619,183,128,183,128,69,61,53,5.943482171992539,4.530240932093798e-15,frontier,124,179,128,183,128,183,128,183,128,183,,,,,,
496,486,43,0.05,projected_sparsity,436,661.0940042343741,183,128,183,128,69,61,53,5.9326564086864915,2.4585471533511705e-15,frontier,123,178,128,183,128,183,128,183,128,183,,,,,,
450,437,40,0.05,retau:snap_zero,436,666.1390126997209,183,128,183,128,69,61,53,5.882288248296263,2.5037324146302886e-15,frontier,128,183,128,183,128,183,128,183,128,183,,,,,,
483,27,41,0.05,snap_zero,430,734.9391664508524,187,132,187,132,69,62,56,4.8595578660964085,1.032137158791099e-14,frontier,128,183,132,187,132,187,132,187,132,187,,,,,,
520,510,45,0.05,projected_sparsity,436,660.6257613292433,183,128,183,128,69,61,53,5.950106306766156,2.4314583783904727e-14,accepted_child,126,181,128,183,128,183,128,183,128,183,0.05,16,17.039800440548962,2,0.0021362110842184858,0.0
521,510,45,0.05,projected_sparsity_noise,436,660.6295945040201,183,128,183,128,69,61,53,5.949848629918187,3.1800297526884456e-14,accepted_child,128,183,128,183,128,183,128,183,128,183,0.05,16,17.039800440548962,2,0.0021570857957433566,0.06
522,510,45,0.05,projected_sparsity_noise,436,660.6405411788155,183,128,183,128,69,61,53,5.953394078223772,2.704549677769835e-14,accepted_child,128,183,128,183,128,183,128,183,128,183,0.05,16,17.039800440548962,2,0.0022132841609559554,0.12
523,496,45,0.05,projected_sparsity,436,661.0596656160947,183,128,183,128,69,61,53,5.952197364408001,2.9078113970402885e-15,accepted_child,127,182,128,183,128,183,128,183,128,183,0.1,16,11.002382377976302,3,0.0033115866184922674,0.0
524,496,45,0.05,projected_sparsity_noise,436,661.0381465357955,183,128,183,128,69,61,53,5.951293859324319,2.7624362639123946e-15,accepted_child,126,181,128,183,128,183,128,183,128,183,0.1,16,11.002382377976302,3,0.0033513127551060705,0.06
525,496,45,0.05,projected_sparsity_noise,436,660.8307700056178,183,128,183,128,69,61,53,5.940619462381943,3.4953640923584536e-15,accepted_child,125,180,128,183,128,183,128,183,128,183,0.05,16,11.002382377976302,2,0.0009496206051347613,0.12
526,450,45,0.05,projected_sparsity,436,662.7249635953926,183,128,183,128,69,61,53,5.8877712544627885,2.308076156333065e-15,accepted_child,117,172,124,179,128,183,128,183,128,183,0.1,16,55.34267066085221,3,0.005477119362752643,0.0
527,450,45,0.05,projected_sparsity_noise,436,662.7131054646597,183,128,183,128,69,61,53,5.889127506294058,3.689945526251819e-15,accepted_child,117,172,128,183,128,183,128,183,128,183,0.1,16,55.34267066085221,3,0.005238881530671539,0.06
528,450,45,0.05,projected_sparsity_noise,436,662.7603735943209,183,128,183,128,69,61,53,5.884811855212605,2.156854366906733e-15,accepted_child,118,173,120,175,128,183,128,183,128,183,0.1,16,55.34267066085221,3,0.006060021299715666,0.12
529,483,45,0.05,projected_sparsity,430,734.0012503763303,187,132,187,132,69,62,56,4.867255855638262,2.833971901309334e-15,accepted_child,123,178,126,181,132,187,132,187,132,187,0.1,17,26.92836608711806,3,0.002920797582735741,0.0
530,483,45,0.05,projected_sparsity_noise,430,734.0214904098224,187,132,187,132,69,62,56,4.8686601090184665,2.6716953350178303e-15,accepted_child,118,173,121,176,132,187,132,187,132,187,0.1,17,26.92836608711806,3,0.002880998853122697,0.06
531,483,45,0.05,projected_sparsity_noise,430,733.905612553424,187,132,187,132,69,62,56,4.865325389802168,3.053689077830232e-15,accepted_child,118,173,131,186,132,187,132,187,132,187,0.1,17,26.92836608711806,3,0.00287587578217895,0.12
520,510,45,0.05,projected_sparsity,436,660.6257613292433,183,128,183,128,69,61,53,5.950106306766156,2.4314583783904727e-14,frontier,126,181,128,183,128,183,128,183,128,183,,,,,,
521,510,45,0.05,projected_sparsity_noise,436,660.6295945040201,183,128,183,128,69,61,53,5.949848629918187,3.1800297526884456e-14,frontier,128,183,128,183,128,183,128,183,128,183,,,,,,
450,437,40,0.05,retau:snap_zero,436,666.1390126997209,183,128,183,128,69,61,53,5.882288248296263,2.5037324146302886e-15,frontier,128,183,128,183,128,183,128,183,128,183,,,,,,
483,27,41,0.05,snap_zero,430,734.9391664508524,187,132,187,132,69,62,56,4.8595578660964085,1.032137158791099e-14,frontier,128,183,132,187,132,187,132,187,132,187,,,,,,
532,520,46,0.05,projected_sparsity,436,660.3735167889953,183,128,183,128,69,61,53,5.955575350062035,6.977157078756559e-14,accepted_child,126,181,128,183,128,183,128,183,128,183,0.05,16,18.448588232260107,2,0.0021881076085890822,0.0
533,520,46,0.05,projected_sparsity_noise,436,660.3771403530125,183,128,183,128,69,61,53,5.9553917948512805,9.250389800908078e-14,accepted_child,127,182,128,183,128,183,128,183,128,183,0.05,16,18.448588232260107,2,0.002344940795300619,0.06
534,520,46,0.05,projected_sparsity_noise,436,660.3919764819594,183,128,183,128,69,61,53,5.956968297700417,7.360144737314297e-14,accepted_child,126,181,128,183,128,183,128,183,128,183,0.05,16,18.448588232260107,2,0.002141617195344051,0.12
535,521,46,0.05,projected_sparsity,436,660.3761390983954,183,128,183,128,69,61,53,5.955285170978251,6.945315280751514e-14,accepted_child,127,182,128,183,128,183,128,183,128,183,0.05,16,18.599421581555635,2,0.0022190279383860465,0.0
536,521,46,0.05,projected_sparsity_noise,436,660.3652446247232,183,128,183,128,69,61,53,5.95536174006691,7.277989216380398e-14,accepted_child,126,181,128,183,128,183,128,183,128,183,0.05,16,18.599421581555635,2,0.0022011512165126903,0.06
537,521,46,0.05,projected_sparsity_noise,436,660.3877000039802,183,128,183,128,69,61,53,5.954233821864684,8.560815075180669e-14,accepted_child,128,183,128,183,128,183,128,183,128,183,0.05,16,18.599421581555635,2,0.002354862940237401,0.12
538,450,46,0.05,projected_sparsity,436,662.7249635953926,183,128,183,128,69,61,53,5.8877712544627885,2.308076156333065e-15,accepted_child,117,172,124,179,128,183,128,183,128,183,0.1,16,55.34267066085221,3,0.005477119362752643,0.0
539,450,46,0.05,projected_sparsity_noise,436,662.7261694893235,183,128,183,128,69,61,53,5.888382898181228,2.5188295776256056e-15,accepted_child,121,176,128,183,128,183,128,183,128,183,0.1,16,55.34267066085221,3,0.005513940371005063,0.06
540,450,46,0.05,projected_sparsity_noise,436,662.805332025032,183,128,183,128,69,61,53,5.886818059603775,2.4842919153001446e-15,accepted_child,122,177,128,183,128,183,128,183,128,183,0.1,16,55.34267066085221,3,0.005616164574843458,0.12
541,483,46,0.05,projected_sparsity,430,734.0012503763303,187,132,187,132,69,62,56,4.867255855638262,2.833971901309334e-15,accepted_child,123,178,126,181,132,187,132,187,132,187,0.1,17,26.92836608711806,3,0.002920797582735741,0.0
542,483,46,0.05,projected_sparsity_noise,430,733.9355890644456,187,132,187,132,69,62,56,4.868874744858303,1.9768547266430013e-15,accepted_child,121,176,129,184,132,187,132,187,132,187,0.1,17,26.92836608711806,3,0.002937340226938859,0.06
543,483,46,0.05,projected_sparsity_noise,430,734.0062009851977,187,132,187,132,69,62,56,4.865186234546459,2.9154795090366386e-15,accepted_child,118,173,132,187,132,187,132,187,132,187,0.1,17,26.92836608711806,3,0.0029030924774897204,0.12
536,521,46,0.05,projected_sparsity_noise,436,660.3652446247232,183,128,183,128,69,61,53,5.95536174006691,7.277989216380398e-14,frontier,126,181,128,183,128,183,128,183,128,183,,,,,,
535,521,46,0.05,projected_sparsity,436,660.3761390983954,183,128,183,128,69,61,53,5.955285170978251,6.945315280751514e-14,frontier,127,182,128,183,128,183,128,183,128,183,,,,,,
450,437,40,0.05,retau:snap_zero,436,666.1390126997209,183,128,183,128,69,61,53,5.882288248296263,2.5037324146302886e-15,frontier,128,183,128,183,128,183,128,183,128,183,,,,,,
483,27,41,0.05,snap_zero,430,734.9391664508524,187,132,187,132,69,62,56,4.8595578660964085,1.032137158791099e-14,frontier,128,183,132,187,132,187,132,187,132,187,,,,,,
544,536,47,0.05,projected_sparsity,436,660.1573649016836,183,128,183,128,69,61,53,5.961744110714299,1.8588660328280838e-14,accepted_child,128,183,128,183,128,183,128,183,128,183,0.05,16,17.425129495967283,2,0.002075652667915658,0.0
545,536,47,0.05,projected_sparsity_noise,436,660.1673524047918,183,128,183,128,69,61,53,5.961246679728251,1.8685678591262793e-14,accepted_child,128,183,128,183,128,183,128,183,128,183,0.05,16,17.425129495967283,2,0.0021459838609192844,0.06
546,536,47,0.05,projected_sparsity_noise,436,660.1880132827272,183,128,183,128,69,61,53,5.962452888045653,1.9945403963505222e-14,accepted_child,128,183,128,183,128,183,128,183,128,183,0.05,16,17.425129495967283,2,0.0022785447659188366,0.12
547,535,47,0.05,projected_sparsity,436,660.1637885672747,183,128,183,128,69,61,53,5.961646589352844,1.6830467555768494e-14,accepted_child,128,183,128,183,128,183,128,183,128,183,0.05,16,17.70733354764313,2,0.0019513495729037943,0.0
548,535,47,0.05,projected_sparsity_noise,436,660.1714029973095,183,128,183,128,69,61,53,5.961754424414354,1.719478511494205e-14,accepted_child,128,183,128,183,128,183,128,183,128,183,0.05,16,17.70733354764313,2,0.001892090921731941,0.06
549,535,47,0.05,projected_sparsity_noise,436,660.1505074978926,183,128,183,128,69,61,53,5.9629090519767445,1.7584302366070828e-14,accepted_child,128,183,128,183,128,183,128,183,128,183,0.05,16,17.70733354764313,2,0.0019422990407317175,0.12
550,450,47,0.05,projected_sparsity,436,662.7249635953926,183,128,183,128,69,61,53,5.8877712544627885,2.308076156333065e-15,accepted_child,117,172,124,179,128,183,128,183,128,183,0.1,16,55.34267066085221,3,0.005477119362752643,0.0
551,450,47,0.05,projected_sparsity_noise,436,662.7509874318883,183,128,183,128,69,61,53,5.8887912587671645,3.997833112014488e-15,accepted_child,117,172,128,183,128,183,128,183,128,183,0.1,16,55.34267066085221,3,0.005747171042274672,0.06
552,450,47,0.05,projected_sparsity_noise,436,662.828378000699,183,128,183,128,69,61,53,5.884348219055303,2.7201568670415477e-15,accepted_child,120,175,128,183,128,183,128,183,128,183,0.1,16,55.34267066085221,3,0.005565999698605488,0.12
553,483,47,0.05,projected_sparsity,430,734.0012503763303,187,132,187,132,69,62,56,4.867255855638262,2.833971901309334e-15,accepted_child,123,178,126,181,132,187,132,187,132,187,0.1,17,26.92836608711806,3,0.002920797582735741,0.0
554,483,47,0.05,projected_sparsity_noise,430,734.0449571994418,187,132,187,132,69,62,56,4.8692209518095115,2.4474735080297292e-15,accepted_child,126,181,129,184,132,187,132,187,132,187,0.1,17,26.92836608711806,3,0.002922492835614171,0.06
555,483,47,0.05,projected_sparsity_noise,430,733.9765637268993,187,132,187,132,69,62,56,4.867629128598848,3.0254657843381345e-15,accepted_child,126,181,132,187,132,187,132,187,132,187,0.1,17,26.92836608711806,3,0.0029754332260389623,0.12
549,535,47,0.05,projected_sparsity_noise,436,660.1505074978926,183,128,183,128,69,61,53,5.9629090519767445,1.7584302366070828e-14,frontier,128,183,128,183,128,183,128,183,128,183,,,,,,
544,536,47,0.05,projected_sparsity,436,660.1573649016836,183,128,183,128,69,61,53,5.961744110714299,1.8588660328280838e-14,frontier,128,183,128,183,128,183,128,183,128,183,,,,,,
450,437,40,0.05,retau:snap_zero,436,666.1390126997209,183,128,183,128,69,61,53,5.882288248296263,2.5037324146302886e-15,frontier,128,183,128,183,128,183,128,183,128,183,,,,,,
483,27,41,0.05,snap_zero,430,734.9391664508524,187,132,187,132,69,62,56,4.8595578660964085,1.032137158791099e-14,frontier,128,183,132,187,132,187,132,187,132,187,,,,,,
556,549,48,0.05,projected_sparsity,436,659.9150517970012,183,128,183,128,69,61,53,5.968345913768133,3.173119422909071e-14,accepted_child,127,182,127,182,128,183,128,183,128,183,0.05,16,18.42647407670809,2,0.0018958133558933923,0.0
557,549,48,0.05,projected_sparsity_noise,436,659.9406100742508,183,128,183,128,69,61,53,5.9684086526914,3.468479516942531e-14,accepted_child,127,182,128,183,128,183,128,183,128,183,0.05,16,18.42647407670809,2,0.0020063826192110662,0.06
558,549,48,0.05,projected_sparsity_noise,436,659.9657235913643,183,128,183,128,69,61,53,5.968733554838325,3.4588937650833e-14,accepted_child,128,183,128,183,128,183,128,183,128,183,0.05,16,18.42647407670809,2,0.0019339962057670368,0.12
559,544,48,0.05,projected_sparsity,436,659.9106280294243,183,128,183,128,69,61,53,5.9671169475741195,5.1189969094866355e-14,accepted_child,128,183,128,183,128,183,128,183,128,183,0.05,16,18.804907404906846,2,0.0019860642869459705,0.0
560,544,48,0.05,projected_sparsity_noise,436,659.9140473604954,183,128,183,128,69,61,53,5.966479832694902,5.603891312333402e-14,accepted_child,128,183,128,183,128,183,128,183,128,183,0.05,16,18.804907404906846,2,0.0020318403509712764,0.06
561,544,48,0.05,projected_sparsity_noise,436,659.9070812372263,183,128,183,128,69,61,53,5.966967008784197,3.9966901714635545e-14,accepted_child,128,183,128,183,128,183,128,183,128,183,0.05,16,18.804907404906846,2,0.0019629014164249123,0.12
562,450,48,0.05,projected_sparsity,436,662.7249635953926,183,128,183,128,69,61,53,5.8877712544627885,2.308076156333065e-15,accepted_child,117,172,124,179,128,183,128,183,128,183,0.1,16,55.34267066085221,3,0.005477119362752643,0.0
563,450,48,0.05,projected_sparsity_noise,436,662.7656604189202,183,128,183,128,69,61,53,5.887507070655766,2.2878773863195226e-15,accepted_child,117,172,124,179,128,183,128,183,128,183,0.1,16,55.34267066085221,3,0.005676758522049793,0.06
564,450,48,0.05,projected_sparsity_noise,436,662.6614194848423,183,128,183,128,69,61,53,5.886839490890474,2.3949475358005026e-15,accepted_child,120,175,128,183,128,183,128,183,128,183,0.1,16,55.34267066085221,3,0.005744128936509391,0.12
565,483,48,0.05,projected_sparsity,430,734.0012503763303,187,132,187,132,69,62,56,4.867255855638262,2.833971901309334e-15,accepted_child,123,178,126,181,132,187,132,187,132,187,0.1,17,26.92836608711806,3,0.002920797582735741,0.0
566,483,48,0.05,projected_sparsity_noise,430,734.0919919583491,187,132,187,132,69,62,56,4.865443074047667,2.6152285258094983e-15,accepted_child,125,180,132,187,132,187,132,187,132,187,0.1,17,26.92836608711806,3,0.0029722380444500845,0.06
567,483,48,0.05,projected_sparsity_noise,430,733.9418758579186,187,132,187,132,69,62,56,4.866771545146427,3.2070888643672713e-15,accepted_child,126,181,132,187,132,187,132,187,132,187,0.1,17,26.92836608711806,3,0.002869163306155855,0.12
561,544,48,0.05,projected_sparsity_noise,436,659.9070812372263,183,128,183,128,69,61,53,5.966967008784197,3.9966901714635545e-14,frontier,128,183,128,183,128,183,128,183,128,183,,,,,,
560,544,48,0.05,projected_sparsity_noise,436,659.9140473604954,183,128,183,128,69,61,53,5.966479832694902,5.603891312333402e-14,frontier,128,183,128,183,128,183,128,183,128,183,,,,,,
450,437,40,0.05,retau:snap_zero,436,666.1390126997209,183,128,183,128,69,61,53,5.882288248296263,2.5037324146302886e-15,frontier,128,183,128,183,128,183,128,183,128,183,,,,,,
483,27,41,0.05,snap_zero,430,734.9391664508524,187,132,187,132,69,62,56,4.8595578660964085,1.032137158791099e-14,frontier,128,183,132,187,132,187,132,187,132,187,,,,,,
568,561,49,0.05,projected_sparsity,436,659.6981830140714,183,128,183,128,69,61,53,5.973316314577005,1.1287229678597169e-14,accepted_child,128,183,128,183,128,183,128,183,128,183,0.05,16,17.72842508210795,2,0.0017678257403706008,0.0
569,561,49,0.05,projected_sparsity_noise,436,659.6871226237582,183,128,183,128,69,61,53,5.972115840830257,1.2499696604482724e-14,accepted_child,128,183,128,183,128,183,128,183,128,183,0.05,16,17.72842508210795,2,0.0017448035359880916,0.06
570,561,49,0.05,projected_sparsity_noise,436,659.6735299642139,183,128,183,128,69,61,53,5.975094998580026,2.6313174717490763e-14,accepted_child,128,183,128,183,128,183,128,183,128,183,0.05,16,17.72842508210795,2,0.002068958991381836,0.12
571,560,49,0.05,projected_sparsity,436,659.7041446037822,183,128,183,128,69,61,53,5.972465335775894,1.0066550470027543e-14,accepted_child,128,183,128,183,128,183,128,183,128,183,0.05,16,18.052181795863557,2,0.0019509815253303342,0.0
572,560,49,0.05,projected_sparsity_noise,436,659.7027372381223,183,128,183,128,69,61,53,5.972589593579096,1.2243974903942529e-14,accepted_child,128,183,128,183,128,183,128,183,128,183,0.05,16,18.052181795863557,2,0.0018292827040218339,0.06
573,560,49,0.05,projected_sparsity_noise,436,659.7010621298502,183,128,183,128,69,61,53,5.974067408282923,8.676718993250725e-15,accepted_child,128,183,128,183,128,183,128,183,128,183,0.05,16,18.052181795863557,2,0.0019142724825872489,0.12
574,450,49,0.05,projected_sparsity,436,663.7975848666471,183,128,183,128,69,61,53,5.88496165334293,2.2605765169641477e-15,accepted_child,124,179,128,183,128,183,128,183,128,183,0.05,16,55.34267066085221,2,0.0013860207808039306,0.0
575,450,49,0.05,projected_sparsity_noise,436,663.7968012280455,183,128,183,128,69,61,53,5.885045610014096,2.6865163709492643e-15,accepted_child,124,179,128,183,128,183,128,183,128,183,0.05,16,55.34267066085221,2,0.0012917986181696247,0.06
576,450,49,0.05,projected_sparsity_noise,436,663.8064748524545,183,128,183,128,69,61,53,5.883883777172379,2.0692124764475466e-15,accepted_child,124,179,128,183,128,183,128,183,128,183,0.05,16,55.34267066085221,2,0.001207568890094411,0.12
577,483,49,0.05,projected_sparsity,430,734.0344009180193,187,132,187,132,69,62,56,4.863371895455073,4.525705391105236e-15,accepted_child,126,181,132,187,132,187,132,187,132,187,0.05,17,26.92836608711806,2,0.0007286657228665515,0.0
578,483,49,0.05,projected_sparsity_noise,430,734.0393978958946,187,132,187,132,69,62,56,4.86377706995405,3.9108369991191855e-15,accepted_child,128,183,132,187,132,187,132,187,132,187,0.05,17,26.92836608711806,2,0.0007090913372470804,0.06
579,483,49,0.05,projected_sparsity_noise,430,734.0544807270832,187,132,187,132,69,62,56,4.86312204981451,4.446049239609911e-15,accepted_child,119,174,132,187,132,187,132,187,132,187,0.05,17,26.92836608711806,2,0.0007148299301620366,0.12
570,561,49,0.05,projected_sparsity_noise,436,659.6735299642139,183,128,183,128,69,61,53,5.975094998580026,2.6313174717490763e-14,frontier,128,183,128,183,128,183,128,183,128,183,,,,,,
569,561,49,0.05,projected_sparsity_noise,436,659.6871226237582,183,128,183,128,69,61,53,5.972115840830257,1.2499696604482724e-14,frontier,128,183,128,183,128,183,128,183,128,183,,,,,,
450,437,40,0.05,retau:snap_zero,436,666.1390126997209,183,128,183,128,69,61,53,5.882288248296263,2.5037324146302886e-15,frontier,128,183,128,183,128,183,128,183,128,183,,,,,,
483,27,41,0.05,snap_zero,430,734.9391664508524,187,132,187,132,69,62,56,4.8595578660964085,1.032137158791099e-14,frontier,128,183,132,187,132,187,132,187,132,187,,,,,,
580,570,50,0.05,projected_sparsity,436,659.439470304839,183,128,183,128,69,61,53,5.980574076082868,6.114841758582783e-14,accepted_child,127,182,128,183,128,183,128,183,128,183,0.05,16,18.146239001273848,2,0.0021520315711223404,0.0
581,570,50,0.05,projected_sparsity_noise,436,659.4162793918554,183,128,183,128,69,61,53,5.980139810430318,5.325789119005945e-14,accepted_child,127,182,128,183,128,183,128,183,128,183,0.05,16,18.146239001273848,2,0.002105474289326994,0.06
582,570,50,0.05,projected_sparsity_noise,436,659.4471896190488,183,128,183,128,69,61,53,5.97952394462128,1.1595940676602424e-13,accepted_child,126,181,128,183,128,183,128,183,128,183,0.05,16,18.146239001273848,2,0.002564809385141336,0.12
583,569,50,0.05,projected_sparsity,436,659.456345236961,183,128,183,128,69,61,53,5.977522280318988,2.140146649301753e-14,accepted_child,128,183,128,183,128,183,128,183,128,183,0.05,16,18.60713184397891,2,0.0016688743773442126,0.0
584,569,50,0.05,projected_sparsity_noise,436,659.4360497279971,183,128,183,128,69,61,53,5.977962225322996,1.4242998526027545e-14,accepted_child,128,183,128,183,128,183,128,183,128,183,0.05,16,18.60713184397891,2,0.0015111076917656962,0.06
585,569,50,0.05,projected_sparsity_noise,436,659.4281378037814,183,128,183,128,69,61,53,5.978056324104591,7.646861030553644e-15,accepted_child,126,181,128,183,128,183,128,183,128,183,0.05,16,18.60713184397891,2,0.0013538961240534889,0.12
586,450,50,0.05,projected_sparsity,436,663.7975848666471,183,128,183,128,69,61,53,5.88496165334293,2.2605765169641477e-15,accepted_child,124,179,128,183,128,183,128,183,128,183,0.05,16,55.34267066085221,2,0.0013860207808039306,0.0
587,450,50,0.05,projected_sparsity_noise,436,663.7953339462297,183,128,183,128,69,61,53,5.884441995478064,2.742176728611274e-15,accepted_child,124,179,128,183,128,183,128,183,128,183,0.05,16,55.34267066085221,2,0.0013527299692362863,0.06
588,450,50,0.05,projected_sparsity_noise,436,663.8351234228235,183,128,183,128,69,61,53,5.884602097491211,4.027143304787694e-15,accepted_child,127,182,128,183,128,183,128,183,128,183,0.05,16,55.34267066085221,2,0.0015740987699059956,0.12
589,483,50,0.05,projected_sparsity,430,734.0344009180193,187,132,187,132,69,62,56,4.863371895455073,4.525705391105236e-15,accepted_child,126,181,132,187,132,187,132,187,132,187,0.05,17,26.92836608711806,2,0.0007286657228665515,0.0
590,483,50,0.05,projected_sparsity_noise,430,734.0599877377792,187,132,187,132,69,62,56,4.862987218026011,3.8840901059664165e-15,accepted_child,126,181,132,187,132,187,132,187,132,187,0.05,17,26.92836608711806,2,0.0007296827953666678,0.06
591,483,50,0.05,projected_sparsity_noise,430,734.0261078543281,187,132,187,132,69,62,56,4.862773644388388,4.873395759675263e-15,accepted_child,121,176,132,187,132,187,132,187,132,187,0.05,17,26.92836608711806,2,0.0007085022500631769,0.12
581,570,50,0.05,projected_sparsity_noise,436,659.4162793918554,183,128,183,128,69,61,53,5.980139810430318,5.325789119005945e-14,frontier,127,182,128,183,128,183,128,183,128,183,,,,,,
585,569,50,0.05,projected_sparsity_noise,436,659.4281378037814,183,128,183,128,69,61,53,5.978056324104591,7.646861030553644e-15,frontier,126,181,128,183,128,183,128,183,128,183,,,,,,
450,437,40,0.05,retau:snap_zero,436,666.1390126997209,183,128,183,128,69,61,53,5.882288248296263,2.5037324146302886e-15,frontier,128,183,128,183,128,183,128,183,128,183,,,,,,
483,27,41,0.05,snap_zero,430,734.9391664508524,187,132,187,132,69,62,56,4.8595578660964085,1.032137158791099e-14,frontier,128,183,132,187,132,187,132,187,132,187,,,,,,
592,581,51,0.05,projected_sparsity,436,659.2121171086098,183,128,183,128,69,61,53,5.986438930688099,1.9470670861052966e-14,accepted_child,128,183,128,183,128,183,128,183,128,183,0.05,16,17.55153123920044,2,0.0018981540175656588,0.0
593,581,51,0.05,projected_sparsity_noise,436,659.2216239113496,183,128,183,128,69,61,53,5.98585683775283,1.6774645439925245e-14,accepted_child,128,183,128,183,128,183,128,183,128,183,0.05,16,17.55153123920044,2,0.0019371761973811592,0.06
594,581,51,0.05,projected_sparsity_noise,436,659.2188185059665,183,128,183,128,69,61,53,5.987841012179315,7.484436797096482e-14,accepted_child,128,183,128,183,128,183,128,183,128,183,0.05,16,17.55153123920044,2,0.002715377181967734,0.12
595,585,51,0.05,projected_sparsity,436,659.2314260895955,183,128,183,128,69,61,53,5.984167007369887,3.2581826413609597e-15,accepted_child,127,182,128,183,128,183,128,183,128,183,0.05,16,17.937781036048957,2,0.0011231319825826544,0.0
596,585,51,0.05,projected_sparsity_noise,436,659.2401832941318,183,128,183,128,69,61,53,5.983414669192591,4.656959810004902e-15,accepted_child,127,182,128,183,128,183,128,183,128,183,0.05,16,17.937781036048957,2,0.0012052343190863946,0.06
597,585,51,0.05,projected_sparsity_noise,436,659.2293928079574,183,128,183,128,69,61,53,5.983638250156302,3.682172369993135e-15,accepted_child,126,181,128,183,128,183,128,183,128,183,0.05,16,17.937781036048957,2,0.0009072748369445266,0.12
598,450,51,0.05,projected_sparsity,436,663.7975848666471,183,128,183,128,69,61,53,5.88496165334293,2.2605765169641477e-15,accepted_child,124,179,128,183,128,183,128,183,128,183,0.05,16,55.34267066085221,2,0.0013860207808039306,0.0
599,450,51,0.05,projected_sparsity_noise,436,663.8049952818169,183,128,183,128,69,61,53,5.884784460865524,3.365987206451295e-15,accepted_child,124,179,128,183,128,183,128,183,128,183,0.05,16,55.34267066085221,2,0.001429545243737442,0.06
600,450,51,0.05,projected_sparsity_noise,436,663.8045849998341,183,128,183,128,69,61,53,5.884966331425163,2.729907787765923e-15,accepted_child,126,181,128,183,128,183,128,183,128,183,0.05,16,55.34267066085221,2,0.001589261210358571,0.12
601,483,51,0.05,projected_sparsity,430,734.0344009180193,187,132,187,132,69,62,56,4.863371895455073,4.525705391105236e-15,accepted_child,126,181,132,187,132,187,132,187,132,187,0.05,17,26.92836608711806,2,0.0007286657228665515,0.0
602,483,51,0.05,projected_sparsity_noise,430,734.0144248918335,187,132,187,132,69,62,56,4.862864398234523,4.635314613446415e-15,accepted_child,131,186,132,187,132,187,132,187,132,187,0.05,17,26.92836608711806,2,0.0007389282960997851,0.06
603,483,51,0.05,projected_sparsity_noise,430,734.0665817632812,187,132,187,132,69,62,56,4.8626154466979035,4.050676483803762e-15,accepted_child,128,183,132,187,132,187,132,187,132,187,0.05,17,26.92836608711806,2,0.0007395217642179243,0.12
592,581,51,0.05,projected_sparsity,436,659.2121171086098,183,128,183,128,69,61,53,5.986438930688099,1.9470670861052966e-14,frontier,128,183,128,183,128,183,128,183,128,183,,,,,,
593,581,51,0.05,projected_sparsity_noise,436,659.2216239113496,183,128,183,128,69,61,53,5.98585683775283,1.6774645439925245e-14,frontier,128,183,128,183,128,183,128,183,128,183,,,,,,
450,437,40,0.05,retau:snap_zero,436,666.1390126997209,183,128,183,128,69,61,53,5.882288248296263,2.5037324146302886e-15,frontier,128,183,128,183,128,183,128,183,128,183,,,,,,
483,27,41,0.05,snap_zero,430,734.9391664508524,187,132,187,132,69,62,56,4.8595578660964085,1.032137158791099e-14,frontier,128,183,132,187,132,187,132,187,132,187,,,,,,
604,592,52,0.05,projected_sparsity,436,658.9710182825546,183,128,183,128,69,61,53,5.9917435625443485,3.4523811686275113e-14,accepted_child,128,183,128,183,128,183,128,183,128,183,0.05,16,18.821464504416745,2,0.0018400075321777418,0.0
605,592,52,0.05,projected_sparsity_noise,436,658.977778850124,183,128,183,128,69,61,53,5.99082048572668,4.0491505473734905e-14,accepted_child,128,183,128,183,128,183,128,183,128,183,0.05,16,18.821464504416745,2,0.0018779608890873343,0.06
606,592,52,0.05,projected_sparsity_noise,436,658.9386185301793,183,128,183,128,69,61,53,5.991946536970645,2.4870190320733173e-14,accepted_child,128,183,128,183,128,183,128,183,128,183,0.05,16,18.821464504416745,2,0.0017091889569554822,0.12
607,593,52,0.05,projected_sparsity,436,658.9748681336232,183,128,183,128,69,61,53,5.991132868393536,3.410748928763124e-14,accepted_child,128,183,128,183,128,183,128,183,128,183,0.05,16,19.016782050854115,2,0.001813970460426857,0.0
608,593,52,0.05,projected_sparsity_noise,436,658.9744282038789,183,128,183,128,69,61,53,5.991112153878308,3.673765173065523e-14,accepted_child,128,183,128,183,128,183,128,183,128,183,0.05,16,19.016782050854115,2,0.0018549030713528583,0.06
609,593,52,0.05,projected_sparsity_noise,436,658.9708572866093,183,128,183,128,69,61,53,5.99154863750594,2.575325756992502e-14,accepted_child,128,183,128,183,128,183,128,183,128,183,0.05,16,19.016782050854115,2,0.0016939746550538805,0.12
610,450,52,0.05,projected_sparsity,436,663.7975848666471,183,128,183,128,69,61,53,5.88496165334293,2.2605765169641477e-15,accepted_child,124,179,128,183,128,183,128,183,128,183,0.05,16,55.34267066085221,2,0.0013860207808039306,0.0
611,450,52,0.05,projected_sparsity_noise,436,663.8009191361078,183,128,183,128,69,61,53,5.8854392406579095,3.0616653463974458e-15,accepted_child,127,182,128,183,128,183,128,183,128,183,0.05,16,55.34267066085221,2,0.0014181454242978154,0.06
612,450,52,0.05,projected_sparsity_noise,436,663.8121477986908,183,128,183,128,69,61,53,5.885404973317219,3.4339746712477267e-15,accepted_child,124,179,128,183,128,183,128,183,128,183,0.05,16,55.34267066085221,2,0.0013130573669730829,0.12
613,483,52,0.05,projected_sparsity,430,734.0344009180193,187,132,187,132,69,62,56,4.863371895455073,4.525705391105236e-15,accepted_child,126,181,132,187,132,187,132,187,132,187,0.05,17,26.92836608711806,2,0.0007286657228665515,0.0
614,483,52,0.05,projected_sparsity_noise,430,734.0267751824035,187,132,187,132,69,62,56,4.864231264653456,4.52696916996034e-15,accepted_child,131,186,132,187,132,187,132,187,132,187,0.05,17,26.92836608711806,2,0.0007248751775779917,0.06
615,483,52,0.05,projected_sparsity_noise,430,734.0284348657699,187,132,187,132,69,62,56,4.863296134528355,4.201892744890447e-15,accepted_child,125,180,132,187,132,187,132,187,132,187,0.05,17,26.92836608711806,2,0.0007197038732893659,0.12
606,592,52,0.05,projected_sparsity_noise,436,658.9386185301793,183,128,183,128,69,61,53,5.991946536970645,2.4870190320733173e-14,frontier,128,183,128,183,128,183,128,183,128,183,,,,,,
609,593,52,0.05,projected_sparsity_noise,436,658.9708572866093,183,128,183,128,69,61,53,5.99154863750594,2.575325756992502e-14,frontier,128,183,128,183,128,183,128,183,128,183,,,,,,
450,437,40,0.05,retau:snap_zero,436,666.1390126997209,183,128,183,128,69,61,53,5.882288248296263,2.5037324146302886e-15,frontier,128,183,128,183,128,183,128,183,128,183,,,,,,
483,27,41,0.05,snap_zero,430,734.9391664508524,187,132,187,132,69,62,56,4.8595578660964085,1.032137158791099e-14,frontier,128,183,132,187,132,187,132,187,132,187,,,,,,
616,606,53,0.02,projected_sparsity,436,933.6694740478908,183,128,183,128,69,61,53,5.994402770291044,3.673211748667933e-15,accepted_child,125,180,128,183,128,183,128,183,128,183,0.05,16,102.42934321858613,2,0.0013481241033604819,0.0
617,606,53,0.02,projected_sparsity_noise,436,933.6865336751221,183,128,183,128,69,61,53,5.994823064191331,3.523853814872245e-15,accepted_child,125,180,128,183,128,183,128,183,128,183,0.05,16,102.42934321858613,2,0.00107576151653966,0.06
618,606,53,0.02,projected_sparsity_noise,436,933.7602488749965,183,128,183,128,69,61,53,5.994084433602192,4.545586461590874e-15,accepted_child,121,176,128,183,128,183,128,183,128,183,0.05,16,102.42934321858613,2,0.0010515839701843203,0.12
619,609,53,0.02,projected_sparsity,436,933.6188064067047,183,128,183,128,69,61,53,5.99395762940517,3.9972388483790136e-15,accepted_child,121,176,128,183,128,183,128,183,128,183,0.05,16,105.88815547806259,2,0.0013561765760353223,0.0
620,609,53,0.02,projected_sparsity_noise,436,933.6409899516915,183,128,183,128,69,61,53,5.9937987672498485,4.107953113991522e-15,accepted_child,121,176,128,183,128,183,128,183,128,183,0.05,16,105.88815547806259,2,0.00104784544542784,0.06
621,609,53,0.02,projected_sparsity_noise,436,933.5785358262239,183,128,183,128,69,61,53,5.994063408052644,3.671937223716489e-15,accepted_child,126,181,128,183,128,183,128,183,128,183,0.05,16,105.88815547806259,2,0.001047696929408328,0.12
622,450,53,0.02,projected_sparsity,436,946.9873387076772,183,128,183,128,69,61,53,5.891215579806589,2.5094021035473353e-15,accepted_child,127,182,128,183,128,183,128,183,128,183,0.2,16,176.9903333275537,3,0.035350056392288075,0.0
623,450,53,0.02,projected_sparsity_noise,436,946.5770539028974,183,128,183,128,69,61,53,5.890646742411689,3.2676220813794882e-15,accepted_child,128,183,128,183,128,183,128,183,128,183,0.2,16,176.9903333275537,3,0.027230302906949517,0.06
624,450,53,0.02,projected_sparsity_noise,436,946.341291218398,183,128,183,128,69,61,53,5.895892266511842,3.466430215093462e-15,accepted_child,128,183,128,183,128,183,128,183,128,183,0.2,16,176.9903333275537,3,0.028358878317941094,0.12
625,483,53,0.02,projected_sparsity,430,1031.702864490615,187,132,187,132,69,62,56,4.860286077410507,3.2125992554385746e-15,accepted_child,122,177,124,179,132,187,132,187,132,187,0.05,17,101.50055337602056,2,0.0009150396577813958,0.0
626,483,53,0.02,projected_sparsity_noise,430,1031.7747089229176,187,132,187,132,69,62,56,4.859305362398599,2.8495569406890525e-15,accepted_child,118,173,131,186,132,187,132,187,132,187,0.05,17,101.50055337602056,2,0.0009307386790242977,0.06
627,483,53,0.02,projected_sparsity_noise,430,1031.7727892279906,187,132,187,132,69,62,56,4.8588533196485,4.573010756611973e-15,accepted_child,120,175,129,184,132,187,132,187,132,187,0.05,17,101.50055337602056,2,0.0009715812823090542,0.12
621,609,53,0.02,projected_sparsity_noise,436,933.5785358262239,183,128,183,128,69,61,53,5.994063408052644,3.671937223716489e-15,frontier,126,181,128,183,128,183,128,183,128,183,,,,,,
619,609,53,0.02,projected_sparsity,436,933.6188064067047,183,128,183,128,69,61,53,5.99395762940517,3.9972388483790136e-15,frontier,121,176,128,183,128,183,128,183,128,183,,,,,,
450,437,52,0.02,retau:retau:snap_zero,436,953.1809926530582,183,128,183,128,69,61,53,5.882288248296263,2.5037324146302886e-15,frontier,128,183,128,183,128,183,128,183,128,183,,,,,,
627,483,53,0.02,projected_sparsity_noise,430,1031.7727892279906,187,132,187,132,69,62,56,4.8588533196485,4.573010756611973e-15,frontier,120,175,129,184,132,187,132,187,132,187,,,,,,
628,621,54,0.02,projected_sparsity,436,932.6801394807642,183,128,183,128,69,61,53,5.9945340373126905,4.246569131238247e-15,accepted_child,109,164,126,181,128,183,128,183,128,183,0.025,16,88.04398648923573,2,0.0009294231215137885,0.0
629,621,54,0.02,projected_sparsity_noise,436,932.6864208925996,183,128,183,128,69,61,53,5.994599108816435,9.9509892828218e-15,accepted_child,110,165,126,181,128,183,128,183,128,183,0.025,16,88.04398648923573,2,0.0013482640634965176,0.06
630,621,54,0.02,projected_sparsity_noise,436,932.6845620523118,183,128,183,128,69,61,53,5.994237310723653,4.1820980320514085e-15,accepted_child,109,164,120,175,128,183,128,183,128,183,0.025,16,88.04398648923573,2,0.0004665380363351445,0.12
631,619,54,0.02,projected_sparsity,436,932.6781632064435,183,128,183,128,69,61,53,5.994406390444797,3.05688375248001e-15,accepted_child,109,164,128,183,128,183,128,183,128,183,0.025,16,90.35690098342168,2,0.0007915113774028398,0.0
632,619,54,0.02,projected_sparsity_noise,436,932.6766593737318,183,128,183,128,69,61,53,5.994186858191617,4.9167182269717005e-15,accepted_child,110,165,128,183,128,183,128,183,128,183,0.025,16,90.35690098342168,2,0.0010210315015434057,0.06
633,619,54,0.02,projected_sparsity_noise,436,932.6693785616962,183,128,183,128,69,61,53,5.99460099899255,3.2407624069297886e-15,accepted_child,108,163,127,182,128,183,128,183,128,183,0.025,16,90.35690098342168,2,0.00037320640749268223,0.12
634,450,54,0.02,projected_sparsity,436,946.9873387076772,183,128,183,128,69,61,53,5.891215579806589,2.5094021035473353e-15,accepted_child,127,182,128,183,128,183,128,183,128,183,0.2,16,176.9903333275537,3,0.035350056392288075,0.0
635,450,54,0.02,projected_sparsity_noise,436,946.4909402671581,183,128,183,128,69,61,53,5.887842368998086,2.985981532087482e-14,accepted_child,128,183,128,183,128,183,128,183,128,183,0.2,16,176.9903333275537,3,0.11360429097496813,0.06
636,450,54,0.02,projected_sparsity_noise,436,946.8416955577734,183,128,183,128,69,61,53,5.8939647026142366,3.2927986152180128e-15,accepted_child,128,183,128,183,128,183,128,183,128,183,0.2,16,176.9903333275537,3,0.027679181368538787,0.12
637,627,54,0.02,projected_sparsity,430,1031.5192877191516,187,132,187,132,69,62,56,4.860298973813434,2.5354658572587404e-15,accepted_child,122,177,124,179,132,187,132,187,132,187,0.05,17,96.43794857120378,2,0.0009784937439031487,0.0
638,627,54,0.02,projected_sparsity_noise,430,1031.432322778247,187,132,187,132,69,62,56,4.860759650207808,3.183749569214124e-15,accepted_child,122,177,132,187,132,187,132,187,132,187,0.05,17,96.43794857120378,2,0.0009649304768361169,0.06
639,627,54,0.02,projected_sparsity_noise,430,1031.4383412997656,187,132,187,132,69,62,56,4.85964511188332,4.0542381574762736e-15,accepted_child,121,176,132,187,132,187,132,187,132,187,0.05,17,96.43794857120378,2,0.0009455141129669796,0.12
633,619,54,0.02,projected_sparsity_noise,436,932.6693785616962,183,128,183,128,69,61,53,5.99460099899255,3.2407624069297886e-15,frontier,108,163,127,182,128,183,128,183,128,183,,,,,,
632,619,54,0.02,projected_sparsity_noise,436,932.6766593737318,183,128,183,128,69,61,53,5.994186858191617,4.9167182269717005e-15,frontier,110,165,128,183,128,183,128,183,128,183,,,,,,
450,437,52,0.02,retau:retau:snap_zero,436,953.1809926530582,183,128,183,128,69,61,53,5.882288248296263,2.5037324146302886e-15,frontier,128,183,128,183,128,183,128,183,128,183,,,,,,
627,483,53,0.02,projected_sparsity_noise,430,1031.7727892279906,187,132,187,132,69,62,56,4.8588533196485,4.573010756611973e-15,frontier,120,175,129,184,132,187,132,187,132,187,,,,,,
640,633,55,0.02,projected_sparsity,436,932.601800939172,183,128,183,128,69,61,53,5.995249640332239,2.8039271220742292e-15,accepted_child,105,160,126,181,128,183,128,183,128,183,0.00625,16,23.12294618227391,2,2.0715546567424967e-05,0.0
641,633,55,0.02,projected_sparsity_noise,436,932.602662635145,183,128,183,128,69,61,53,5.995143906462356,3.406125317562286e-15,accepted_child,105,160,127,182,128,183,128,183,128,183,0.00625,16,23.12294618227391,2,2.3097433804757604e-05,0.06
642,633,55,0.02,projected_sparsity_noise,436,932.5995921755991,183,128,183,128,69,61,53,5.995177092647643,2.8127142017242633e-15,accepted_child,105,160,120,175,128,183,128,183,128,183,0.00625,16,23.12294618227391,2,2.245967295175545e-05,0.12
643,632,55,0.02,projected_sparsity,436,932.6025030199403,183,128,183,128,69,61,53,5.994785539285233,2.1897147802587043e-15,accepted_child,106,161,124,179,128,183,128,183,128,183,0.00625,16,24.449695784318525,2,1.938643519006474e-05,0.0
644,632,55,0.02,projected_sparsity_noise,436,932.6016092314298,183,128,183,128,69,61,53,5.99476926385709,3.138509628537996e-15,accepted_child,106,161,125,180,128,183,128,183,128,183,0.00625,16,24.449695784318525,2,1.947906284162795e-05,0.06
645,632,55,0.02,projected_sparsity_noise,436,932.6043031244083,183,128,183,128,69,61,53,5.994635337432919,2.375443853582105e-15,accepted_child,106,161,120,175,128,183,128,183,128,183,0.00625,16,24.449695784318525,2,2.0892196147724347e-05,0.12
646,450,55,0.02,projected_sparsity,436,946.9873387076772,183,128,183,128,69,61,53,5.891215579806589,2.5094021035473353e-15,accepted_child,127,182,128,183,128,183,128,183,128,183,0.2,16,176.9903333275537,3,0.035350056392288075,0.0
647,450,55,0.02,projected_sparsity_noise,436,946.7247474125187,183,128,183,128,69,61,53,5.889740723874447,3.2768122578791168e-15,accepted_child,128,183,128,183,128,183,128,183,128,183,0.2,16,176.9903333275537,3,0.028270853088863426,0.06
648,450,55,0.02,projected_sparsity_noise,436,947.4652312921388,183,128,183,128,69,61,53,5.887082560418744,3.0111475228101096e-15,accepted_child,128,183,128,183,128,183,128,183,128,183,0.2,16,176.9903333275537,3,0.026001989028220828,0.12
649,627,55,0.02,projected_sparsity,430,1031.5192877191516,187,132,187,132,69,62,56,4.860298973813434,2.5354658572587404e-15,accepted_child,122,177,124,179,132,187,132,187,132,187,0.05,17,96.43794857120378,2,0.0009784937439031487,0.0
650,627,55,0.02,projected_sparsity_noise,430,1031.4647628372538,187,132,187,132,69,62,56,4.860329787207836,3.0082848176654773e-15,accepted_child,122,177,132,187,132,187,132,187,132,187,0.05,17,96.43794857120378,2,0.000928478341271252,0.06
651,627,55,0.02,projected_sparsity_noise,430,1031.621317279331,187,132,187,132,69,62,56,4.8597472815433695,2.654597686819817e-15,accepted_child,118,173,132,187,132,187,132,187,132,187,0.05,17,96.43794857120378,2,0.0009685562736776216,0.12
642,633,55,0.02,projected_sparsity_noise,436,932.5995921755991,183,128,183,128,69,61,53,5.995177092647643,2.8127142017242633e-15,frontier,105,160,120,175,128,183,128,183,128,183,,,,,,
644,632,55,0.02,projected_sparsity_noise,436,932.6016092314298,183,128,183,128,69,61,53,5.99476926385709,3.138509628537996e-15,frontier,106,161,125,180,128,183,128,183,128,183,,,,,,
450,437,52,0.02,retau:retau:snap_zero,436,953.1809926530582,183,128,183,128,69,61,53,5.882288248296263,2.5037324146302886e-15,frontier,128,183,128,183,128,183,128,183,128,183,,,,,,
627,483,53,0.02,projected_sparsity_noise,430,1031.7727892279906,187,132,187,132,69,62,56,4.8588533196485,4.573010756611973e-15,frontier,120,175,129,184,132,187,132,187,132,187,,,,,,
652,642,56,0.02,projected_sparsity,436,932.56698776905,183,128,183,128,69,61,53,5.9976096157957555,3.668608762241984e-15,accepted_child,112,167,126,181,128,183,128,183,128,183,0.0125,16,11.860644895991184,2,4.0246576652132255e-05,0.0
653,642,56,0.02,projected_sparsity_noise,436,932.5729152377348,183,128,183,128,69,61,53,5.9974129361131965,3.321481783494077e-15,accepted_child,113,168,126,181,128,183,128,183,128,183,0.0125,16,11.860644895991184,2,4.26493332877761e-05,0.06
654,642,56,0.02,projected_sparsity_noise,436,932.5656673098814,183,128,183,128,69,61,53,5.9978588908559445,2.4437729930449314e-15,accepted_child,113,168,120,175,128,183,128,183,128,183,0.0125,16,11.860644895991184,2,3.937103438326525e-05,0.12
655,644,56,0.02,projected_sparsity,436,932.5448290022864,183,128,183,128,69,61,53,5.997316233927165,2.95124351706237e-15,accepted_child,109,164,128,183,128,183,128,183,128,183,0.0125,16,11.190505766425586,2,2.732306425829742e-05,0.0
656,644,56,0.02,projected_sparsity_noise,436,932.5438816610044,183,128,183,128,69,61,53,5.997057941936903,3.6130960729543056e-15,accepted_child,109,164,128,183,128,183,128,183,128,183,0.0125,16,11.190505766425586,2,2.728675176033298e-05,0.06
657,644,56,0.02,projected_sparsity_noise,436,932.562127403231,183,128,183,128,69,61,53,6.000084670275901,3.1447046378653522e-15,accepted_child,119,174,128,183,128,183,128,183,128,183,0.025,16,11.190505766425586,2,0.00010296394542480098,0.12
658,450,56,0.02,projected_sparsity,436,946.9873387076772,183,128,183,128,69,61,53,5.891215579806589,2.5094021035473353e-15,accepted_child,127,182,128,183,128,183,128,183,128,183,0.2,16,176.9903333275537,3,0.035350056392288075,0.0
659,450,56,0.02,projected_sparsity_noise,436,947.0684858693089,183,128,183,128,69,61,53,5.892467100939117,3.023293618558646e-15,accepted_child,128,183,128,183,128,183,128,183,128,183,0.2,16,176.9903333275537,3,0.02770310598993212,0.06
660,450,56,0.02,projected_sparsity_noise,436,947.3215998064464,183,128,183,128,69,61,53,5.888056822842805,3.402502771339313e-15,accepted_child,126,181,128,183,128,183,128,183,128,183,0.2,16,176.9903333275537,3,0.02406156700612678,0.12
661,627,56,0.02,projected_sparsity,430,1031.5192877191516,187,132,187,132,69,62,56,4.860298973813434,2.5354658572587404e-15,accepted_child,122,177,124,179,132,187,132,187,132,187,0.05,17,96.43794857120378,2,0.0009784937439031487,0.0
662,627,56,0.02,projected_sparsity_noise,430,1031.4803039698031,187,132,187,132,69,62,56,4.860562878814941,2.73033035736631e-15,accepted_child,120,175,132,187,132,187,132,187,132,187,0.05,17,96.43794857120378,2,0.0009624863792624831,0.06
663,627,56,0.02,projected_sparsity_noise,430,1031.6212100680189,187,132,187,132,69,62,56,4.861730678006582,3.401622547057529e-15,accepted_child,122,177,132,187,132,187,132,187,132,187,0.05,17,96.43794857120378,2,0.0009617105936676928,0.12
656,644,56,0.02,projected_sparsity_noise,436,932.5438816610044,183,128,183,128,69,61,53,5.997057941936903,3.6130960729543056e-15,frontier,109,164,128,183,128,183,128,183,128,183,,,,,,
642,633,55,0.02,projected_sparsity_noise,436,932.5995921755991,183,128,183,128,69,61,53,5.995177092647643,2.8127142017242633e-15,frontier,105,160,120,175,128,183,128,183,128,183,,,,,,
450,437,52,0.02,retau:retau:snap_zero,436,953.1809926530582,183,128,183,128,69,61,53,5.882288248296263,2.5037324146302886e-15,frontier,128,183,128,183,128,183,128,183,128,183,,,,,,
627,483,53,0.02,projected_sparsity_noise,430,1031.7727892279906,187,132,187,132,69,62,56,4.8588533196485,4.573010756611973e-15,frontier,120,175,129,184,132,187,132,187,132,187,,,,,,
664,656,57,0.02,projected_sparsity,436,932.4675190744044,183,128,183,128,69,61,53,5.99766094734676,2.7555585175935723e-15,accepted_child,106,161,122,177,128,183,128,183,128,183,0.00625,16,25.084363070607434,2,1.9807663585358956e-05,0.0
665,656,57,0.02,projected_sparsity_noise,436,932.4684635710264,183,128,183,128,69,61,53,5.997597362736598,3.525019751684999e-15,accepted_child,106,161,123,178,128,183,128,183,128,183,0.00625,16,25.084363070607434,2,1.949468474175538e-05,0.06
666,656,57,0.02,projected_sparsity_noise,436,932.4679256532577,183,128,183,128,69,61,53,5.9976941858769095,3.22123441843414e-15,accepted_child,106,161,124,179,128,183,128,183,128,183,0.00625,16,25.084363070607434,2,1.925849664994473e-05,0.12
667,642,57,0.02,projected_sparsity,436,932.56698776905,183,128,183,128,69,61,53,5.9976096157957555,3.668608762241984e-15,accepted_child,112,167,126,181,128,183,128,183,128,183,0.0125,16,11.860644895991184,2,4.0246576652132255e-05,0.0
668,642,57,0.02,projected_sparsity_noise,436,932.5665321150541,183,128,183,128,69,61,53,5.997449240882714,3.2227553896710335e-15,accepted_child,112,167,127,182,128,183,128,183,128,183,0.0125,16,11.860644895991184,2,3.7656733528262863e-05,0.06
669,642,57,0.02,projected_sparsity_noise,436,932.5584493168244,183,128,183,128,69,61,53,5.997640128261054,2.6181924851756687e-15,accepted_child,111,166,128,183,128,183,128,183,128,183,0.0125,16,11.860644895991184,2,3.731174901307461e-05,0.12
670,450,57,0.02,projected_sparsity,436,939.3711106471611,183,128,183,128,69,61,53,5.886065444525896,2.882122648817016e-15,accepted_child,128,183,128,183,128,183,128,183,128,183,0.1,16,176.9903333275537,3,0.008632842391682155,0.0
671,450,57,0.02,projected_sparsity_noise,436,939.1384617016096,183,128,183,128,69,61,53,5.887370490567856,2.495220354244732e-15,accepted_child,128,183,128,183,128,183,128,183,128,183,0.1,16,176.9903333275537,3,0.008030376884713345,0.06
672,450,57,0.02,projected_sparsity_noise,436,938.9686448510079,183,128,183,128,69,61,53,5.887768080067196,3.615922773060136e-15,accepted_child,128,183,128,183,128,183,128,183,128,183,0.1,16,176.9903333275537,3,0.0063473218911556245,0.12
673,627,57,0.02,projected_sparsity,430,1031.5192877191516,187,132,187,132,69,62,56,4.860298973813434,2.5354658572587404e-15,accepted_child,122,177,124,179,132,187,132,187,132,187,0.05,17,96.43794857120378,2,0.0009784937439031487,0.0
674,627,57,0.02,projected_sparsity_noise,430,1031.4599249524665,187,132,187,132,69,62,56,4.859625793504414,2.7449172134028767e-15,accepted_child,122,177,132,187,132,187,132,187,132,187,0.05,17,96.43794857120378,2,0.0009516635243867657,0.06
675,627,57,0.02,projected_sparsity_noise,430,1031.3379906546686,187,132,187,132,69,62,56,4.861865984468529,2.8291738561533954e-15,accepted_child,120,175,127,182,132,187,132,187,132,187,0.05,17,96.43794857120378,2,0.0009202184400424526,0.12
664,656,57,0.02,projected_sparsity,436,932.4675190744044,183,128,183,128,69,61,53,5.99766094734676,2.7555585175935723e-15,frontier,106,161,122,177,128,183,128,183,128,183,,,,,,
665,656,57,0.02,projected_sparsity_noise,436,932.4684635710264,183,128,183,128,69,61,53,5.997597362736598,3.525019751684999e-15,frontier,106,161,123,178,128,183,128,183,128,183,,,,,,
450,437,52,0.02,retau:retau:snap_zero,436,953.1809926530582,183,128,183,128,69,61,53,5.882288248296263,2.5037324146302886e-15,frontier,128,183,128,183,128,183,128,183,128,183,,,,,,
627,483,53,0.02,projected_sparsity_noise,430,1031.7727892279906,187,132,187,132,69,62,56,4.8588533196485,4.573010756611973e-15,frontier,120,175,129,184,132,187,132,187,132,187,,,,,,
676,664,58,0.02,projected_sparsity,436,932.4113123058927,183,128,183,128,69,61,53,6.000240750646338,2.920307565673096e-15,accepted_child,108,163,120,175,128,183,128,183,128,183,0.0125,16,11.170014141483675,2,2.73008384056624e-05,0.0
677,664,58,0.02,projected_sparsity_noise,436,932.4183617508752,183,128,183,128,69,61,53,6.0003107794510555,2.6435559962105266e-15,accepted_child,110,165,120,175,128,183,128,183,128,183,0.0125,16,11.170014141483675,2,2.8943382685654918e-05,0.06
678,664,58,0.02,projected_sparsity_noise,436,932.406417656272,183,128,183,128,69,61,53,6.000359661967268,3.4971357956919855e-15,accepted_child,107,162,126,181,128,183,128,183,128,183,0.0125,16,11.170014141483675,2,2.6897245490139864e-05,0.12
679,665,58,0.02,projected_sparsity,436,932.4150193746058,183,128,183,128,69,61,53,6.000159023819466,2.725255467352711e-15,accepted_child,108,163,128,183,128,183,128,183,128,183,0.0125,16,11.245418062980272,2,2.907032402241604e-05,0.0
680,665,58,0.02,projected_sparsity_noise,436,932.4161810780477,183,128,183,128,69,61,53,6.000238704467901,2.867062007469078e-15,accepted_child,110,165,128,183,128,183,128,183,128,183,0.0125,16,11.245418062980272,2,3.0456057407435282e-05,0.06
681,665,58,0.02,projected_sparsity_noise,436,932.4149024986386,183,128,183,128,69,61,53,5.999885586948195,3.1755921152751444e-15,accepted_child,108,163,128,183,128,183,128,183,128,183,0.0125,16,11.245418062980272,2,2.751123877969468e-05,0.12
682,450,58,0.02,projected_sparsity,436,939.3711106471611,183,128,183,128,69,61,53,5.886065444525896,2.882122648817016e-15,accepted_child,128,183,128,183,128,183,128,183,128,183,0.1,16,176.9903333275537,3,0.008632842391682155,0.0
683,450,58,0.02,projected_sparsity_noise,436,939.3721472186014,183,128,183,128,69,61,53,5.887468394704038,2.5950417498115468e-15,accepted_child,128,183,128,183,128,183,128,183,128,183,0.1,16,176.9903333275537,3,0.007030975282341657,0.06
684,450,58,0.02,projected_sparsity_noise,436,939.4640226566155,183,128,183,128,69,61,53,5.886536408652742,2.292273264748078e-15,accepted_child,120,175,128,183,128,183,128,183,128,183,0.1,16,176.9903333275537,3,0.007041810875637175,0.12
685,627,58,0.02,projected_sparsity,430,1031.5192877191516,187,132,187,132,69,62,56,4.860298973813434,2.5354658572587404e-15,accepted_child,122,177,124,179,132,187,132,187,132,187,0.05,17,96.43794857120378,2,0.0009784937439031487,0.0
686,627,58,0.02,projected_sparsity_noise,430,1031.5180080235134,187,132,187,132,69,62,56,4.860421974052976,3.28608848579874e-15,accepted_child,122,177,132,187,132,187,132,187,132,187,0.05,17,96.43794857120378,2,0.0009590935968264545,0.06
687,627,58,0.02,projected_sparsity_noise,430,1031.4470761285024,187,132,187,132,69,62,56,4.85939720689413,2.6597454868329344e-15,accepted_child,120,175,132,187,132,187,132,187,132,187,0.05,17,96.43794857120378,2,0.0009536348390192239,0.12
678,664,58,0.02,projected_sparsity_noise,436,932.406417656272,183,128,183,128,69,61,53,6.000359661967268,3.4971357956919855e-15,frontier,107,162,126,181,128,183,128,183,128,183,,,,,,
676,664,58,0.02,projected_sparsity,436,932.4113123058927,183,128,183,128,69,61,53,6.000240750646338,2.920307565673096e-15,frontier,108,163,120,175,128,183,128,183,128,183,,,,,,
450,437,52,0.02,retau:retau:snap_zero,436,953.1809926530582,183,128,183,128,69,61,53,5.882288248296263,2.5037324146302886e-15,frontier,128,183,128,183,128,183,128,183,128,183,,,,,,
627,483,53,0.02,projected_sparsity_noise,430,1031.7727892279906,187,132,187,132,69,62,56,4.8588533196485,4.573010756611973e-15,frontier,120,175,129,184,132,187,132,187,132,187,,,,,,
688,678,59,0.02,projected_sparsity,436,932.3329205818853,183,128,183,128,69,61,53,6.000954914494733,3.120522931395257e-15,accepted_child,106,161,122,177,128,183,128,183,128,183,0.00625,16,24.513529043589756,2,2.0893940802678988e-05,0.0
689,678,59,0.02,projected_sparsity_noise,436,932.3335988197558,183,128,183,128,69,61,53,6.000961584587248,2.3686861207085467e-15,accepted_child,106,161,120,175,128,183,128,183,128,183,0.00625,16,24.513529043589756,2,2.094095300994968e-05,0.06
690,678,59,0.02,projected_sparsity_noise,436,932.3303656065227,183,128,183,128,69,61,53,6.001191617745276,3.0218859156477276e-15,accepted_child,106,161,127,182,128,183,128,183,128,183,0.00625,16,24.513529043589756,2,1.9333823634905693e-05,0.12
691,676,59,0.02,projected_sparsity,436,932.3337134579256,183,128,183,128,69,61,53,6.000811467921658,2.3790651705838856e-15,accepted_child,106,161,118,173,128,183,128,183,128,183,0.00625,16,25.455224043947744,2,1.918189087699504e-05,0.0
692,676,59,0.02,projected_sparsity_noise,436,932.3353942303943,183,128,183,128,69,61,53,6.000813335695151,3.429687871874204e-15,accepted_child,106,161,120,175,128,183,128,183,128,183,0.00625,16,25.455224043947744,2,1.93146379115e-05,0.06
693,676,59,0.02,projected_sparsity_noise,436,932.3330981058486,183,128,183,128,69,61,53,6.000609092090069,2.8806891424489394e-15,accepted_child,106,161,122,177,128,183,128,183,128,183,0.00625,16,25.455224043947744,2,1.8203246152063737e-05,0.12
694,450,59,0.02,projected_sparsity,436,939.3711106471611,183,128,183,128,69,61,53,5.886065444525896,2.882122648817016e-15,accepted_child,128,183,128,183,128,183,128,183,128,183,0.1,16,176.9903333275537,3,0.008632842391682155,0.0
695,450,59,0.02,projected_sparsity_noise,436,939.5157522100731,183,128,183,128,69,61,53,5.886835531243697,2.5000033421994915e-15,accepted_child,128,183,128,183,128,183,128,183,128,183,0.1,16,176.9903333275537,3,0.00696627652329722,0.06
696,450,59,0.02,projected_sparsity_noise,436,939.3800758427135,183,128,183,128,69,61,53,5.882477252824374,2.655711270352736e-15,accepted_child,128,183,128,183,128,183,128,183,128,183,0.1,16,176.9903333275537,3,0.007759683526097939,0.12
697,627,59,0.02,projected_sparsity,430,1031.5192877191516,187,132,187,132,69,62,56,4.860298973813434,2.5354658572587404e-15,accepted_child,122,177,124,179,132,187,132,187,132,187,0.05,17,96.43794857120378,2,0.0009784937439031487,0.0
698,627,59,0.02,projected_sparsity_noise,430,1031.526435358494,187,132,187,132,69,62,56,4.859819749468569,3.1861953138564223e-15,accepted_child,120,175,132,187,132,187,132,187,132,187,0.05,17,96.43794857120378,2,0.0009634854165583598,0.06
699,627,59,0.02,projected_sparsity_noise,430,1031.396479105656,187,132,187,132,69,62,56,4.860605891942934,2.117556764340122e-15,accepted_child,118,173,132,187,132,187,132,187,132,187,0.05,17,96.43794857120378,2,0.0009357940516679023,0.12
690,678,59,0.02,projected_sparsity_noise,436,932.3303656065227,183,128,183,128,69,61,53,6.001191617745276,3.0218859156477276e-15,frontier,106,161,127,182,128,183,128,183,128,183,,,,,,
688,678,59,0.02,projected_sparsity,436,932.3329205818853,183,128,183,128,69,61,53,6.000954914494733,3.120522931395257e-15,frontier,106,161,122,177,128,183,128,183,128,183,,,,,,
450,437,52,0.02,retau:retau:snap_zero,436,953.1809926530582,183,128,183,128,69,61,53,5.882288248296263,2.5037324146302886e-15,frontier,128,183,128,183,128,183,128,183,128,183,,,,,,
627,483,53,0.02,projected_sparsity_noise,430,1031.7727892279906,187,132,187,132,69,62,56,4.8588533196485,4.573010756611973e-15,frontier,120,175,129,184,132,187,132,187,132,187,,,,,,
700,690,60,0.02,projected_sparsity,436,932.2739447827257,183,128,183,128,69,61,53,6.003709926716445,2.9779796572879944e-15,accepted_child,113,168,128,183,128,183,128,183,128,183,0.0125,16,11.213626989522623,2,2.8898516013229664e-05,0.0
701,690,60,0.02,projected_sparsity_noise,436,932.2680228838981,183,128,183,128,69,61,53,6.003891938808937,3.440424416929752e-15,accepted_child,111,166,128,183,128,183,128,183,128,183,0.0125,16,11.213626989522623,2,2.854951678387764e-05,0.06
702,690,60,0.02,projected_sparsity_noise,436,932.2810546519138,183,128,183,128,69,61,53,6.003441289565781,2.7605048153017284e-15,accepted_child,112,167,128,183,128,183,128,183,128,183,0.0125,16,11.213626989522623,2,2.9935235665449077e-05,0.12
703,688,60,0.02,projected_sparsity,436,932.2867781261891,183,128,183,128,69,61,53,6.003461810980006,2.5708715973152444e-15,accepted_child,109,164,120,175,128,183,128,183,128,183,0.0125,16,11.4113544743275,2,3.412412442698298e-05,0.0
704,688,60,0.02,projected_sparsity_noise,436,932.2881692230628,183,128,183,128,69,61,53,6.003621567968159,2.975065231165196e-15,accepted_child,109,164,127,182,128,183,128,183,128,183,0.0125,16,11.4113544743275,2,3.411173452831648e-05,0.06
705,688,60,0.02,projected_sparsity_noise,436,932.3005226975665,183,128,183,128,69,61,53,6.0032733735583985,3.840897940064682e-15,accepted_child,109,164,128,183,128,183,128,183,128,183,0.0125,16,11.4113544743275,2,3.44113852506523e-05,0.12
706,450,60,0.02,projected_sparsity,436,939.3711106471611,183,128,183,128,69,61,53,5.886065444525896,2.882122648817016e-15,accepted_child,128,183,128,183,128,183,128,183,128,183,0.1,16,176.9903333275537,3,0.008632842391682155,0.0
707,450,60,0.02,projected_sparsity_noise,436,939.3744659633603,183,128,183,128,69,61,53,5.88446350998313,2.573669939766255e-15,accepted_child,128,183,128,183,128,183,128,183,128,183,0.1,16,176.9903333275537,3,0.006989292687119685,0.06
708,450,60,0.02,projected_sparsity_noise,436,939.6874655664166,183,128,183,128,69,61,53,5.884105204173749,3.799082802571858e-15,accepted_child,128,183,128,183,128,183,128,183,128,183,0.1,16,176.9903333275537,3,0.007118019971856546,0.12
709,627,60,0.02,projected_sparsity,430,1031.5192877191516,187,132,187,132,69,62,56,4.860298973813434,2.5354658572587404e-15,accepted_child,122,177,124,179,132,187,132,187,132,187,0.05,17,96.43794857120378,2,0.0009784937439031487,0.0
710,627,60,0.02,projected_sparsity_noise,430,1031.549435585689,187,132,187,132,69,62,56,4.859926897097536,2.94544295793318e-15,accepted_child,118,173,132,187,132,187,132,187,132,187,0.05,17,96.43794857120378,2,0.0009692238065533889,0.06
711,627,60,0.02,projected_sparsity_noise,430,1031.4551430124516,187,132,187,132,69,62,56,4.859912064822306,2.874667260545693e-15,accepted_child,118,173,124,179,132,187,132,187,132,187,0.05,17,96.43794857120378,2,0.0009590229033611601,0.12
701,690,60,0.02,projected_sparsity_noise,436,932.2680228838981,183,128,183,128,69,61,53,6.003891938808937,3.440424416929752e-15,frontier,111,166,128,183,128,183,128,183,128,183,,,,,,
700,690,60,0.02,projected_sparsity,436,932.2739447827257,183,128,183,128,69,61,53,6.003709926716445,2.9779796572879944e-15,frontier,113,168,128,183,128,183,128,183,128,183,,,,,,
450,437,52,0.02,retau:retau:snap_zero,436,953.1809926530582,183,128,183,128,69,61,53,5.882288248296263,2.5037324146302886e-15,frontier,128,183,128,183,128,183,128,183,128,183,,,,,,
627,483,53,0.02,projected_sparsity_noise,430,1031.7727892279906,187,132,187,132,69,62,56,4.8588533196485,4.573010756611973e-15,frontier,120,175,129,184,132,187,132,187,132,187,,,,,,
712,701,61,0.02,projected_sparsity,436,932.1957291573356,183,128,183,128,69,61,53,6.004528400404821,3.4182696458762362e-15,accepted_child,106,161,123,178,128,183,128,183,128,183,0.00625,16,24.182027750009837,2,1.731784828567745e-05,0.0
713,701,61,0.02,projected_sparsity_noise,436,932.1967067871711,183,128,183,128,69,61,53,6.004505695002003,2.4691950569434658e-15,accepted_child,106,161,125,180,128,183,128,183,128,183,0.00625,16,24.182027750009837,2,1.761755606358967e-05,0.06
714,701,61,0.02,projected_sparsity_noise,436,932.1959147247632,183,128,183,128,69,61,53,6.0043900336794565,2.344783968437959e-15,accepted_child,106,161,127,182,128,183,128,183,128,183,0.00625,16,24.182027750009837,2,1.6577296882864068e-05,0.12
715,700,61,0.02,projected_sparsity,436,932.1967665743948,183,128,183,128,69,61,53,6.004320842711587,2.5680400934182252e-15,accepted_child,106,161,123,178,128,183,128,183,128,183,0.00625,16,25.175440323333408,2,2.005645120868503e-05,0.0
716,700,61,0.02,projected_sparsity_noise,436,932.1966247005622,183,128,183,128,69,61,53,6.0044424603628475,3.2084613470949833e-15,accepted_child,106,161,122,177,128,183,128,183,128,183,0.00625,16,25.175440323333408,2,1.7638852241537496e-05,0.06
717,700,61,0.02,projected_sparsity_noise,436,932.1968818902878,183,128,183,128,69,61,53,6.004151890032683,2.616727279414372e-15,accepted_child,105,160,120,175,128,183,128,183,128,183,0.00625,16,25.175440323333408,2,1.919075709596418e-05,0.12
718,450,61,0.02,projected_sparsity,436,944.6016232693238,183,128,183,128,69,61,53,5.884004878577115,7.540734468821345e-15,accepted_child,120,175,128,183,128,183,128,183,128,183,0.05,16,176.9903333275537,2,0.0017669454644871196,0.0
719,450,61,0.02,projected_sparsity_noise,436,944.616006228063,183,128,183,128,69,61,53,5.884108969469386,9.27061761991366e-15,accepted_child,120,175,128,183,128,183,128,183,128,183,0.05,16,176.9903333275537,2,0.0019007643484612164,0.06
720,450,61,0.02,projected_sparsity_noise,436,944.7041865330259,183,128,183,128,69,61,53,5.884050789093463,1.2917738936203929e-14,accepted_child,120,175,128,183,128,183,128,183,128,183,0.05,16,176.9903333275537,2,0.001957858475397194,0.12
721,627,61,0.02,projected_sparsity,430,1031.5192877191516,187,132,187,132,69,62,56,4.860298973813434,2.5354658572587404e-15,accepted_child,122,177,124,179,132,187,132,187,132,187,0.05,17,96.43794857120378,2,0.0009784937439031487,0.0
722,627,61,0.02,projected_sparsity_noise,430,1031.502052993531,187,132,187,132,69,62,56,4.860749424399996,2.991901413379329e-15,accepted_child,118,173,132,187,132,187,132,187,132,187,0.05,17,96.43794857120378,2,0.0009762169763688306,0.06
723,627,61,0.02,projected_sparsity_noise,430,1031.6799044905963,187,132,187,132,69,62,56,4.859798233135258,3.933955371805859e-15,accepted_child,118,173,132,187,132,187,132,187,132,187,0.05,17,96.43794857120378,2,0.0009709885168723585,0.12
712,701,61,0.02,projected_sparsity,436,932.1957291573356,183,128,183,128,69,61,53,6.004528400404821,3.4182696458762362e-15,frontier,106,161,123,178,128,183,128,183,128,183,,,,,,
714,701,61,0.02,projected_sparsity_noise,436,932.1959147247632,183,128,183,128,69,61,53,6.0043900336794565,2.344783968437959e-15,frontier,106,161,127,182,128,183,128,183,128,183,,,,,,
450,437,52,0.02,retau:retau:snap_zero,436,953.1809926530582,183,128,183,128,69,61,53,5.882288248296263,2.5037324146302886e-15,frontier,128,183,128,183,128,183,128,183,128,183,,,,,,
627,483,53,0.02,projected_sparsity_noise,430,1031.7727892279906,187,132,187,132,69,62,56,4.8588533196485,4.573010756611973e-15,frontier,120,175,129,184,132,187,132,187,132,187,,,,,,
724,712,62,0.02,projected_sparsity,436,932.1528308117522,183,128,183,128,69,61,53,6.007031137584217,2.4100546553543983e-15,accepted_child,108,163,128,183,128,183,128,183,128,183,0.0125,16,11.498164638574359,2,3.0071014609190763e-05,0.0
725,712,62,0.02,projected_sparsity_noise,436,932.1571690169292,183,128,183,128,69,61,53,6.007196240778892,3.865877883238825e-15,accepted_child,108,163,128,183,128,183,128,183,128,183,0.0125,16,11.498164638574359,2,3.058931671618824e-05,0.06
726,712,62,0.02,projected_sparsity_noise,436,932.1547160177669,183,128,183,128,69,61,53,6.007440218739714,3.1332595812813373e-15,accepted_child,110,165,128,183,128,183,128,183,128,183,0.0125,16,11.498164638574359,2,2.903828107588415e-05,0.12
727,714,62,0.02,projected_sparsity,436,932.1472968295411,183,128,183,128,69,61,53,6.006894640169441,2.7549799714758377e-15,accepted_child,109,164,128,183,128,183,128,183,128,183,0.0125,16,11.383763664254316,2,2.8307106145051765e-05,0.0
728,714,62,0.02,projected_sparsity_noise,436,932.1550661177663,183,128,183,128,69,61,53,6.006867436857069,2.6243050724027456e-15,accepted_child,109,164,128,183,128,183,128,183,128,183,0.0125,16,11.383763664254316,2,2.9429603478811172e-05,0.06
729,714,62,0.02,projected_sparsity_noise,436,932.1589592426734,183,128,183,128,69,61,53,6.007050048908905,2.5561150971225816e-15,accepted_child,111,166,128,183,128,183,128,183,128,183,0.0125,16,11.383763664254316,2,3.1007667157880254e-05,0.12
730,450,62,0.02,projected_sparsity,436,944.6016232693238,183,128,183,128,69,61,53,5.884004878577115,7.540734468821345e-15,accepted_child,120,175,128,183,128,183,128,183,128,183,0.05,16,176.9903333275537,2,0.0017669454644871196,0.0
731,450,62,0.02,projected_sparsity_noise,436,944.5851826176745,183,128,183,128,69,61,53,5.885457680254257,7.816043832867412e-15,accepted_child,120,175,125,180,128,183,128,183,128,183,0.05,16,176.9903333275537,2,0.0017729180072322199,0.06
732,450,62,0.02,projected_sparsity_noise,436,944.6863364915486,183,128,183,128,69,61,53,5.883155891173291,4.7113309739500086e-15,accepted_child,124,179,128,183,128,183,128,183,128,183,0.05,16,176.9903333275537,2,0.0015702185806509663,0.12
733,627,62,0.02,projected_sparsity,430,1031.5192877191516,187,132,187,132,69,62,56,4.860298973813434,2.5354658572587404e-15,accepted_child,122,177,124,179,132,187,132,187,132,187,0.05,17,96.43794857120378,2,0.0009784937439031487,0.0
734,627,62,0.02,projected_sparsity_noise,430,1031.488299639368,187,132,187,132,69,62,56,4.859579542098385,3.152854954337104e-15,accepted_child,121,176,132,187,132,187,132,187,132,187,0.05,17,96.43794857120378,2,0.0009596947507077211,0.06
735,627,62,0.02,projected_sparsity_noise,430,1031.463717563962,187,132,187,132,69,62,56,4.859531154540105,3.252161166904742e-15,accepted_child,120,175,132,187,132,187,132,187,132,187,0.05,17,96.43794857120378,2,0.0009425654001346199,0.12
727,714,62,0.02,projected_sparsity,436,932.1472968295411,183,128,183,128,69,61,53,6.006894640169441,2.7549799714758377e-15,frontier,109,164,128,183,128,183,128,183,128,183,,,,,,
728,714,62,0.02,projected_sparsity_noise,436,932.1550661177663,183,128,183,128,69,61,53,6.006867436857069,2.6243050724027456e-15,frontier,109,164,128,183,128,183,128,183,128,183,,,,,,
450,437,52,0.02,retau:retau:snap_zero,436,953.1809926530582,183,128,183,128,69,61,53,5.882288248296263,2.5037324146302886e-15,frontier,128,183,128,183,128,183,128,183,128,183,,,,,,
627,483,53,0.02,projected_sparsity_noise,430,1031.7727892279906,187,132,187,132,69,62,56,4.8588533196485,4.573010756611973e-15,frontier,120,175,129,184,132,187,132,187,132,187,,,,,,
736,727,63,0.02,projected_sparsity,436,932.1435740899817,183,128,183,128,69,61,53,6.008034426901012,2.275554217601461e-15,accepted_child,116,171,128,183,128,183,128,183,128,183,0.0125,16,26.380955912948558,2,8.363069313088344e-05,0.0
737,727,63,0.02,projected_sparsity_noise,436,932.0650375059299,183,128,183,128,69,61,53,6.007363378602089,2.7003900751511687e-15,accepted_child,106,161,122,177,128,183,128,183,128,183,0.00625,16,26.380955912948558,2,1.855238192988696e-05,0.06
738,727,63,0.02,projected_sparsity_noise,436,932.1405782328493,183,128,183,128,69,61,53,6.008209448934709,4.6992573228214835e-15,accepted_child,116,171,128,183,128,183,128,183,128,183,0.0125,16,26.380955912948558,2,7.392644353665819e-05,0.12
739,728,63,0.02,projected_sparsity,436,932.1419840184626,183,128,183,128,69,61,53,6.007960168967956,3.159330569267935e-15,accepted_child,110,165,128,183,128,183,128,183,128,183,0.0125,16,27.50708945310722,2,8.501156761562382e-05,0.0
740,728,63,0.02,projected_sparsity_noise,436,932.1445636211477,183,128,183,128,69,61,53,6.007775422103632,2.7717647351608036e-15,accepted_child,112,167,128,183,128,183,128,183,128,183,0.0125,16,27.50708945310722,2,8.347445925153634e-05,0.06
741,728,63,0.02,projected_sparsity_noise,436,932.1354594624769,183,128,183,128,69,61,53,6.007963090392014,3.917179411213975e-15,accepted_child,114,169,128,183,128,183,128,183,128,183,0.0125,16,27.50708945310722,2,7.922063615966503e-05,0.12
742,450,63,0.02,projected_sparsity,436,944.6016232693238,183,128,183,128,69,61,53,5.884004878577115,7.540734468821345e-15,accepted_child,120,175,128,183,128,183,128,183,128,183,0.05,16,176.9903333275537,2,0.0017669454644871196,0.0
743,450,63,0.02,projected_sparsity_noise,436,944.6430815331942,183,128,183,128,69,61,53,5.883666219295694,7.767837785094832e-15,accepted_child,120,175,127,182,128,183,128,183,128,183,0.05,16,176.9903333275537,2,0.0018566800709037521,0.06
744,450,63,0.02,projected_sparsity_noise,436,944.5987429361169,183,128,183,128,69,61,53,5.885837387096418,9.483273755786746e-15,accepted_child,120,175,128,183,128,183,128,183,128,183,0.05,16,176.9903333275537,2,0.0018808335269802326,0.12
745,627,63,0.02,projected_sparsity,430,1031.5192877191516,187,132,187,132,69,62,56,4.860298973813434,2.5354658572587404e-15,accepted_child,122,177,124,179,132,187,132,187,132,187,0.05,17,96.43794857120378,2,0.0009784937439031487,0.0
746,627,63,0.02,projected_sparsity_noise,430,1031.5070592986099,187,132,187,132,69,62,56,4.860155963782735,2.9827589980993428e-15,accepted_child,118,173,132,187,132,187,132,187,132,187,0.05,17,96.43794857120378,2,0.0009613120751561,0.06
747,627,63,0.02,projected_sparsity_noise,430,1031.4537334471836,187,132,187,132,69,62,56,4.861784965039516,2.64931619223826e-15,accepted_child,118,173,132,187,132,187,132,187,132,187,0.05,17,96.43794857120378,2,0.000977477500725124,0.12
737,727,63,0.02,projected_sparsity_noise,436,932.0650375059299,183,128,183,128,69,61,53,6.007363378602089,2.7003900751511687e-15,frontier,106,161,122,177,128,183,128,183,128,183,,,,,,
727,714,62,0.02,projected_sparsity,436,932.1472968295411,183,128,183,128,69,61,53,6.006894640169441,2.7549799714758377e-15,frontier,109,164,128,183,128,183,128,183,128,183,,,,,,
450,437,52,0.02,retau:retau:snap_zero,436,953.1809926530582,183,128,183,128,69,61,53,5.882288248296263,2.5037324146302886e-15,frontier,128,183,128,183,128,183,128,183,128,183,,,,,,
627,483,53,0.02,projected_sparsity_noise,430,1031.7727892279906,187,132,187,132,69,62,56,4.8588533196485,4.573010756611973e-15,frontier,120,175,129,184,132,187,132,187,132,187,,,,,,
748,737,64,0.02,projected_sparsity,436,932.0302210815287,183,128,183,128,69,61,53,6.012709638137302,2.431669859151922e-15,accepted_child,114,169,128,183,128,183,128,183,128,183,0.025,16,10.7208445583166,2,0.00010666563605667869,0.0
749,737,64,0.02,projected_sparsity_noise,436,932.035516949694,183,128,183,128,69,61,53,6.012206067915899,3.706699129889665e-15,accepted_child,112,167,128,183,128,183,128,183,128,183,0.025,16,10.7208445583166,2,0.00010305109125507346,0.06
750,737,64,0.02,projected_sparsity_noise,436,932.040545220605,183,128,183,128,69,61,53,6.012419180367928,3.2538245008512394e-15,accepted_child,112,167,124,179,128,183,128,183,128,183,0.025,16,10.7208445583166,2,0.00011083546676845389,0.12
751,727,64,0.02,projected_sparsity,436,932.1435740899817,183,128,183,128,69,61,53,6.008034426901012,2.275554217601461e-15,accepted_child,116,171,128,183,128,183,128,183,128,183,0.0125,16,26.380955912948558,2,8.363069313088344e-05,0.0
752,727,64,0.02,projected_sparsity_noise,436,932.1444379301957,183,128,183,128,69,61,53,6.0081561415814315,2.6314381835653684e-15,accepted_child,112,167,128,183,128,183,128,183,128,183,0.0125,16,26.380955912948558,2,8.32551270438546e-05,0.06
753,727,64,0.02,projected_sparsity_noise,436,932.1432522981623,183,128,183,128,69,61,53,6.007928379071257,3.607784636426709e-15,accepted_child,112,167,128,183,128,183,128,183,128,183,0.0125,16,26.380955912948558,2,8.023929223418142e-05,0.12
754,450,64,0.02,projected_sparsity,436,944.6016232693238,183,128,183,128,69,61,53,5.884004878577115,7.540734468821345e-15,accepted_child,120,175,128,183,128,183,128,183,128,183,0.05,16,176.9903333275537,2,0.0017669454644871196,0.0
755,450,64,0.02,projected_sparsity_noise,436,944.5907098816565,183,128,183,128,69,61,53,5.883123442211774,7.031490849415445e-15,accepted_child,120,175,128,183,128,183,128,183,128,183,0.05,16,176.9903333275537,2,0.0018209557094363501,0.06
756,450,64,0.02,projected_sparsity_noise,436,944.764078376141,183,128,183,128,69,61,53,5.882671724894683,1.1510688855839693e-14,accepted_child,124,179,128,183,128,183,128,183,128,183,0.05,16,176.9903333275537,2,0.0019499676951526895,0.12
757,627,64,0.02,projected_sparsity,430,1031.5192877191516,187,132,187,132,69,62,56,4.860298973813434,2.5354658572587404e-15,accepted_child,122,177,124,179,132,187,132,187,132,187,0.05,17,96.43794857120378,2,0.0009784937439031487,0.0
758,627,64,0.02,projected_sparsity_noise,430,1031.499402961731,187,132,187,132,69,62,56,4.859903745067157,2.4199747778169104e-15,accepted_child,122,177,132,187,132,187,132,187,132,187,0.05,17,96.43794857120378,2,0.0009533161857326139,0.06
759,627,64,0.02,projected_sparsity_noise,430,1031.4558575419774,187,132,187,132,69,62,56,4.861878698765895,3.961584543528045e-15,accepted_child,121,176,132,187,132,187,132,187,132,187,0.05,17,96.43794857120378,2,0.0009354155251568493,0.12
748,737,64,0.02,projected_sparsity,436,932.0302210815287,183,128,183,128,69,61,53,6.012709638137302,2.431669859151922e-15,frontier,114,169,128,183,128,183,128,183,128,183,,,,,,
749,737,64,0.02,projected_sparsity_noise,436,932.035516949694,183,128,183,128,69,61,53,6.012206067915899,3.706699129889665e-15,frontier,112,167,128,183,128,183,128,183,128,183,,,,,,
450,437,52,0.02,retau:retau:snap_zero,436,953.1809926530582,183,128,183,128,69,61,53,5.882288248296263,2.5037324146302886e-15,frontier,128,183,128,183,128,183,128,183,128,183,,,,,,
627,483,53,0.02,projected_sparsity_noise,430,1031.7727892279906,187,132,187,132,69,62,56,4.8588533196485,4.573010756611973e-15,frontier,120,175,129,184,132,187,132,187,132,187,,,,,,
