generation,rank,basin_id,parent_id,source,soft_nullity,hard_nullity,susceptibility,susceptibility_channel,death_distance,best_channel,best_amplitude,best_killability,max_abs_amplitude,residual,expansion_count,last_expanded_generation,accepted,note,probe_residual,probe_channel
0,23,0,-1,initial,35.99999999999977,36,1.0033246153628101,3,2.5079245152029053,11,1.40813534717368,0.5614743739843996,4.6079842581932136,3.6084956818628415e-15,0,-1,True,frontier,,
0,23,0,-1,initial,35.99999999999977,36,1.0033246153628101,3,2.5079245152029053,11,1.40813534717368,0.5614743739843996,4.6079842581932136,3.6084956818628415e-15,0,-1,False,full_delete_probe,1.000078845569417,3
0,23,0,-1,initial,35.99999999999977,36,1.0033246153628101,3,2.5079245152029053,11,1.40813534717368,0.5614743739843996,4.6079842581932136,3.6084956818628415e-15,1,0,True,expanded:genericity+deletion+death,,
1,23,12,0,exact_hop,35.99999999999977,36,1.0013698120413808,11,2.4102104356487275,11,1.1584286935408512,0.48063383860880626,5.404432682239159,4.366348462275261e-15,0,-1,True,pareto_kept_polished,,
1,23,13,0,exact_hop,35.99999999999977,36,1.0026994358318408,11,1.926503558407568,11,1.4711353218865943,0.763629693527596,5.475887614471666,3.136480484293364e-15,0,-1,True,pareto_kept_polished,,
0,23,0,-1,initial,35.99999999999977,36,1.0033246153628101,3,2.5079245152029057,11,1.40813534717368,0.5614743739843995,4.6079842581932136,3.6084956818628415e-15,1,0,True,pareto_kept_polished,,
1,23,15,0,off_manifold_hop,35.99999999999977,36,1.004457776635946,3,2.312358354944528,3,1.6620991513702847,0.7187896062114288,4.811782962705546,3.0882360878201606e-15,0,-1,True,pareto_kept_polished,,
1,23,12,0,exact_hop,35.99999999999977,36,1.0013698120413808,11,2.4102104356487275,11,1.1584286935408512,0.48063383860880626,5.404432682239159,4.366348462275261e-15,0,-1,True,frontier,,
1,23,13,0,exact_hop,35.99999999999977,36,1.0026994358318408,11,1.926503558407568,11,1.4711353218865943,0.763629693527596,5.475887614471666,3.136480484293364e-15,0,-1,True,frontier,,
0,23,0,-1,initial,35.99999999999977,36,1.0033246153628101,3,2.5079245152029057,11,1.40813534717368,0.5614743739843995,4.6079842581932136,3.6084956818628415e-15,1,0,True,frontier,,
1,23,15,0,off_manifold_hop,35.99999999999977,36,1.004457776635946,3,2.312358354944528,3,1.6620991513702847,0.7187896062114288,4.811782962705546,3.0882360878201606e-15,0,-1,True,frontier,,
0,23,0,-1,initial,35.99999999999977,36,1.0033246153628101,3,2.5079245152029057,11,1.40813534717368,0.5614743739843995,4.6079842581932136,3.6084956818628415e-15,2,1,True,expanded:genericity,,
1,23,12,0,exact_hop,35.99999999999977,36,1.0013698120413808,11,2.4102104356487275,11,1.1584286935408512,0.48063383860880626,5.404432682239159,4.366348462275261e-15,1,1,True,expanded:deletion,,
1,23,13,0,exact_hop,35.99999999999977,36,1.0026994358318408,11,1.926503558407568,11,1.4711353218865943,0.763629693527596,5.475887614471666,3.136480484293364e-15,1,1,True,expanded:death,,
2,23,59,13,exact_hop,35.99999999999977,36,1.0009549537889362,11,2.0930875342610604,11,1.3102234921080904,0.6259764442057361,5.716891238379286,4.044403382221639e-15,0,-1,True,pareto_kept_polished,,
2,23,47,12,off_manifold_hop,35.99999999999977,36,1.0005655138962388,11,2.1753662886735636,11,1.7896326344228057,0.8226810554805646,5.16057739734067,3.337522710446983e-15,0,-1,True,pareto_kept_polished,,
1,23,13,0,exact_hop,35.99999999999977,36,1.0026994358318408,11,1.926503558407568,11,1.4711353218865943,0.763629693527596,5.475887614471666,3.1546757805132867e-15,1,1,True,pareto_kept_polished,,
0,23,0,-1,initial,35.99999999999977,36,1.0033246153628101,3,2.5079245152029057,11,1.40813534717368,0.5614743739843995,4.6079842581932136,3.6084956818628415e-15,2,1,True,pareto_kept_polished,,
2,23,59,13,exact_hop,35.99999999999977,36,1.0009549537889362,11,2.0930875342610604,11,1.3102234921080904,0.6259764442057361,5.716891238379286,4.044403382221639e-15,0,-1,True,frontier,,
2,23,47,12,off_manifold_hop,35.99999999999977,36,1.0005655138962388,11,2.1753662886735636,11,1.7896326344228057,0.8226810554805646,5.16057739734067,3.337522710446983e-15,0,-1,True,frontier,,
1,23,13,0,exact_hop,35.99999999999977,36,1.0026994358318408,11,1.926503558407568,11,1.4711353218865943,0.763629693527596,5.475887614471666,3.1546757805132867e-15,1,1,True,frontier,,
0,23,0,-1,initial,35.99999999999977,36,1.0033246153628101,3,2.5079245152029057,11,1.40813534717368,0.5614743739843995,4.6079842581932136,3.6084956818628415e-15,2,1,True,frontier,,
2,23,47,12,off_manifold_hop,35.99999999999977,36,1.0005655138962388,11,2.1753662886735636,11,1.7896326344228057,0.8226810554805646,5.16057739734067,3.337522710446983e-15,0,-1,False,full_delete_probe,1.0002892096753,11
0,23,0,-1,initial,35.99999999999977,36,1.0033246153628101,3,2.5079245152029057,11,1.40813534717368,0.5614743739843995,4.6079842581932136,3.6084956818628415e-15,3,2,True,expanded:genericity,,
2,23,47,12,off_manifold_hop,35.99999999999977,36,1.0005655138962388,11,2.1753662886735636,11,1.7896326344228057,0.8226810554805646,5.16057739734067,3.337522710446983e-15,1,2,True,expanded:deletion,,
1,23,13,0,exact_hop,35.99999999999977,36,1.0026994358318408,11,1.926503558407568,11,1.4711353218865943,0.763629693527596,5.475887614471666,3.1546757805132867e-15,2,2,True,expanded:death,,
3,23,74,0,exact_hop,35.99999999999977,36,1.019036153042786,14,2.7107173186420073,4,2.3822854115020964,0.8788394847071527,5.313740766786223,4.116596251109316e-15,0,-1,True,pareto_kept_polished,,
2,23,47,12,off_manifold_hop,35.99999999999977,36,1.0005655138962388,11,2.1753662886735614,11,1.7896326344228057,0.8226810554805654,5.16057739734067,3.4225773843940994e-15,1,2,True,pareto_kept_polished,,
3,23,91,47,exact_hop,35.99999999999977,36,1.0006757719579962,11,1.9227818025298073,11,1.4014697224822321,0.728876110975419,5.9775933660769445,4.145709225693194e-15,0,-1,True,pareto_kept_polished,,
3,23,78,0,off_manifold_hop,35.99999999999966,36,1.0043596572358107,3,2.3560443087830247,11,1.6490045434845442,0.6999038758894607,4.248635202673135,3.5617774384853505e-15,0,-1,True,pareto_kept_polished,,
3,23,74,0,exact_hop,35.99999999999977,36,1.019036153042786,14,2.7107173186420073,4,2.3822854115020964,0.8788394847071527,5.313740766786223,4.116596251109316e-15,0,-1,True,frontier,,
2,23,47,12,off_manifold_hop,35.99999999999977,36,1.0005655138962388,11,2.1753662886735614,11,1.7896326344228057,0.8226810554805654,5.16057739734067,3.4225773843940994e-15,1,2,True,frontier,,
3,23,91,47,exact_hop,35.99999999999977,36,1.0006757719579962,11,1.9227818025298073,11,1.4014697224822321,0.728876110975419,5.9775933660769445,4.145709225693194e-15,0,-1,True,frontier,,
3,23,78,0,off_manifold_hop,35.99999999999966,36,1.0043596572358107,3,2.3560443087830247,11,1.6490045434845442,0.6999038758894607,4.248635202673135,3.5617774384853505e-15,0,-1,True,frontier,,
3,23,78,0,off_manifold_hop,35.99999999999966,36,1.0043596572358107,3,2.3560443087830247,11,1.6490045434845442,0.6999038758894607,4.248635202673135,3.5617774384853505e-15,1,3,True,expanded:genericity,,
2,23,47,12,off_manifold_hop,35.99999999999977,36,1.0005655138962388,11,2.1753662886735614,11,1.7896326344228057,0.8226810554805654,5.16057739734067,3.4225773843940994e-15,2,3,True,expanded:deletion,,
3,23,91,47,exact_hop,35.99999999999977,36,1.0006757719579962,11,1.9227818025298073,11,1.4014697224822321,0.728876110975419,5.9775933660769445,4.145709225693194e-15,1,3,True,expanded:death,,
3,23,74,0,exact_hop,35.99999999999977,36,1.019036153042786,14,2.7107173186420073,4,2.3822854115020964,0.8788394847071527,5.313740766786223,4.116596251109316e-15,1,3,True,expanded:explore,,
4,23,136,47,exact_hop,35.99999999999977,36,1.0011183175818263,11,2.0485319019108257,11,1.3725738073239204,0.6700280361968558,5.717315266200974,4.370466101405122e-15,0,-1,True,pareto_kept_polished,,
4,23,123,78,off_manifold_hop,35.99999999999966,36,0.7204128904671685,4,2.5317704445504985,3,1.7712482096564264,0.6996085342053598,5.016347816440152,3.441726650980923e-15,0,-1,True,pareto_kept_polished,,
4,23,137,47,exact_hop,35.99999999999977,36,1.0002706817040785,11,1.90207968056842,11,1.2891468930611598,0.6777565136892212,5.740918183429241,3.750530016133525e-15,0,-1,True,pareto_kept_polished,,
3,23,78,0,off_manifold_hop,35.99999999999966,36,1.0043596572358107,3,2.356044308783023,11,1.6490045434845442,0.6999038758894611,4.248635202673135,3.88135051568417e-15,1,3,True,pareto_kept_polished,,
4,23,136,47,exact_hop,35.99999999999977,36,1.0011183175818263,11,2.0485319019108257,11,1.3725738073239204,0.6700280361968558,5.717315266200974,4.370466101405122e-15,0,-1,True,frontier,,
4,23,123,78,off_manifold_hop,35.99999999999966,36,0.7204128904671685,4,2.5317704445504985,3,1.7712482096564264,0.6996085342053598,5.016347816440152,3.441726650980923e-15,0,-1,True,frontier,,
4,23,137,47,exact_hop,35.99999999999977,36,1.0002706817040785,11,1.90207968056842,11,1.2891468930611598,0.6777565136892212,5.740918183429241,3.750530016133525e-15,0,-1,True,frontier,,
3,23,78,0,off_manifold_hop,35.99999999999966,36,1.0043596572358107,3,2.356044308783023,11,1.6490045434845442,0.6999038758894611,4.248635202673135,3.88135051568417e-15,1,3,True,frontier,,
4,23,123,78,off_manifold_hop,35.99999999999966,36,0.7204128904671685,4,2.5317704445504985,3,1.7712482096564264,0.6996085342053598,5.016347816440152,3.441726650980923e-15,0,-1,False,full_delete_probe,1.0014418654182449,4
3,23,78,0,off_manifold_hop,35.99999999999966,36,1.0043596572358107,3,2.356044308783023,11,1.6490045434845442,0.6999038758894611,4.248635202673135,3.88135051568417e-15,2,4,True,expanded:genericity,,
4,23,123,78,off_manifold_hop,35.99999999999966,36,0.7204128904671685,4,2.5317704445504985,3,1.7712482096564264,0.6996085342053598,5.016347816440152,3.441726650980923e-15,1,4,True,expanded:deletion,,
4,23,137,47,exact_hop,35.99999999999977,36,1.0002706817040785,11,1.90207968056842,11,1.2891468930611598,0.6777565136892212,5.740918183429241,3.750530016133525e-15,1,4,True,expanded:death,,
5,23,197,123,exact_hop,35.99999999999966,36,1.009867458922154,20,2.763918868433096,11,1.9697215084968474,0.7126553282707281,5.3564881643683036,4.274687280956712e-15,0,-1,True,pareto_kept_polished,,
5,23,200,123,off_manifold_hop,35.99999999999966,36,0.6250260892256704,4,2.3799929407410945,3,1.4758819444166327,0.6201203033640365,4.401108718208469,3.1954357882191758e-15,0,-1,True,pareto_kept_polished,,
4,23,137,47,exact_hop,35.99999999999977,36,1.0002706817040785,11,1.9020796805684197,11,1.2891468930611598,0.6777565136892213,5.740918183429241,3.604554779878233e-15,1,4,True,pareto_kept_polished,,
3,23,78,0,off_manifold_hop,35.99999999999977,36,1.0043596572358107,3,2.3560443087830216,11,1.6490045434845442,0.6999038758894616,4.248635202673135,3.591010491463822e-15,2,4,True,pareto_kept_polished,,
5,23,197,123,exact_hop,35.99999999999966,36,1.009867458922154,20,2.763918868433096,11,1.9697215084968474,0.7126553282707281,5.3564881643683036,4.274687280956712e-15,0,-1,True,frontier,,
5,23,200,123,off_manifold_hop,35.99999999999966,36,0.6250260892256704,4,2.3799929407410945,3,1.4758819444166327,0.6201203033640365,4.401108718208469,3.1954357882191758e-15,0,-1,True,frontier,,
4,23,137,47,exact_hop,35.99999999999977,36,1.0002706817040785,11,1.9020796805684197,11,1.2891468930611598,0.6777565136892213,5.740918183429241,3.604554779878233e-15,1,4,True,frontier,,
3,23,78,0,off_manifold_hop,35.99999999999977,36,1.0043596572358107,3,2.3560443087830216,11,1.6490045434845442,0.6999038758894616,4.248635202673135,3.591010491463822e-15,2,4,True,frontier,,
5,23,197,123,exact_hop,35.99999999999966,36,1.009867458922154,20,2.763918868433096,11,1.9697215084968474,0.7126553282707281,5.3564881643683036,4.274687280956712e-15,1,5,True,expanded:genericity,,
5,23,200,123,off_manifold_hop,35.99999999999966,36,0.6250260892256704,4,2.3799929407410945,3,1.4758819444166327,0.6201203033640365,4.401108718208469,3.1954357882191758e-15,1,5,True,expanded:deletion,,
4,23,137,47,exact_hop,35.99999999999977,36,1.0002706817040785,11,1.9020796805684197,11,1.2891468930611598,0.6777565136892213,5.740918183429241,3.604554779878233e-15,2,5,True,expanded:death,,
6,23,227,197,exact_hop,35.99999999999966,36,1.0014824017968675,11,2.2031313915726196,11,1.199311052010389,0.5443665577994907,6.170645837565971,3.5355783854473e-15,0,-1,True,pareto_kept_polished,,
5,23,200,123,off_manifold_hop,35.99999999999966,36,0.6250260892256704,4,2.3799929407410976,3,1.4758819444166327,0.6201203033640357,4.401108718208469,3.114020343694632e-15,1,5,True,pareto_kept_polished,,
4,23,137,47,exact_hop,35.99999999999966,36,1.0002706817040785,11,1.9020796805684164,11,1.2891468930611598,0.6777565136892225,5.740918183429241,3.724715138619841e-15,2,5,True,pareto_kept_polished,,
3,23,78,0,off_manifold_hop,35.99999999999977,36,1.0043596572358107,3,2.356044308783024,11,1.6490045434845442,0.6999038758894609,4.248635202673135,3.831092777959493e-15,2,4,True,pareto_kept_polished,,
6,23,227,197,exact_hop,35.99999999999966,36,1.0014824017968675,11,2.2031313915726196,11,1.199311052010389,0.5443665577994907,6.170645837565971,3.5355783854473e-15,0,-1,True,frontier,,
5,23,200,123,off_manifold_hop,35.99999999999966,36,0.6250260892256704,4,2.3799929407410976,3,1.4758819444166327,0.6201203033640357,4.401108718208469,3.114020343694632e-15,1,5,True,frontier,,
4,23,137,47,exact_hop,35.99999999999966,36,1.0002706817040785,11,1.9020796805684164,11,1.2891468930611598,0.6777565136892225,5.740918183429241,3.724715138619841e-15,2,5,True,frontier,,
3,23,78,0,off_manifold_hop,35.99999999999977,36,1.0043596572358107,3,2.356044308783024,11,1.6490045434845442,0.6999038758894609,4.248635202673135,3.831092777959493e-15,2,4,True,frontier,,
5,23,200,123,off_manifold_hop,35.99999999999966,36,0.6250260892256704,4,2.3799929407410976,3,1.4758819444166327,0.6201203033640357,4.401108718208469,3.114020343694632e-15,1,5,False,full_delete_probe,0.29252772213875666,4
4,23,137,47,exact_hop,35.99999999999966,36,1.0002706817040785,11,1.9020796805684164,11,1.2891468930611598,0.6777565136892225,5.740918183429241,3.724715138619841e-15,3,6,True,expanded:genericity+death,,
5,23,200,123,off_manifold_hop,35.99999999999966,36,0.6250260892256704,4,2.3799929407410976,3,1.4758819444166327,0.6201203033640357,4.401108718208469,3.114020343694632e-15,2,6,True,expanded:deletion,,
6,23,227,197,exact_hop,35.99999999999966,36,1.0014824017968675,11,2.2031313915726196,11,1.199311052010389,0.5443665577994907,6.170645837565971,3.5355783854473e-15,1,6,True,expanded:explore,,
3,23,78,0,off_manifold_hop,35.99999999999977,36,1.0043596572358107,3,2.356044308783024,11,1.6490045434845442,0.6999038758894609,4.248635202673135,3.831092777959493e-15,3,6,True,expanded:explore,,
7,23,319,78,exact_hop,35.99999999999977,36,1.004105685783551,11,2.6633470060359214,11,1.2351226119457515,0.46374828707885346,5.519397764489562,4.435561689547539e-15,0,-1,True,pareto_kept_polished,,
5,23,200,123,off_manifold_hop,35.99999999999966,36,0.6250260892256704,4,2.3799929407410976,3,1.4758819444166327,0.6201203033640356,4.401108718208469,3.114020343694632e-15,2,6,True,pareto_kept_polished,,
4,23,137,47,exact_hop,35.99999999999977,36,1.0002706817040785,11,1.9020796805684197,11,1.2891468930611598,0.6777565136892213,5.740918183429241,3.533463594039355e-15,3,6,True,pareto_kept_polished,,
3,23,78,0,off_manifold_hop,35.99999999999977,36,1.0043596572358107,3,2.356044308783022,11,1.6490045434845442,0.6999038758894613,4.248635202673135,3.591010491463822e-15,3,6,True,pareto_kept_polished,,
7,23,319,78,exact_hop,35.99999999999977,36,1.004105685783551,11,2.6633470060359214,11,1.2351226119457515,0.46374828707885346,5.519397764489562,4.435561689547539e-15,0,-1,True,frontier,,
5,23,200,123,off_manifold_hop,35.99999999999966,36,0.6250260892256704,4,2.3799929407410976,3,1.4758819444166327,0.6201203033640356,4.401108718208469,3.114020343694632e-15,2,6,True,frontier,,
4,23,137,47,exact_hop,35.99999999999977,36,1.0002706817040785,11,1.9020796805684197,11,1.2891468930611598,0.6777565136892213,5.740918183429241,3.533463594039355e-15,3,6,True,frontier,,
3,23,78,0,off_manifold_hop,35.99999999999977,36,1.0043596572358107,3,2.356044308783022,11,1.6490045434845442,0.6999038758894613,4.248635202673135,3.591010491463822e-15,3,6,True,frontier,,
5,23,200,123,off_manifold_hop,35.99999999999966,36,0.6250260892256704,4,2.3799929407410976,3,1.4758819444166327,0.6201203033640356,4.401108718208469,3.114020343694632e-15,3,7,True,expanded:genericity+deletion,,
4,23,137,47,exact_hop,35.99999999999977,36,1.0002706817040785,11,1.9020796805684197,11,1.2891468930611598,0.6777565136892213,5.740918183429241,3.533463594039355e-15,4,7,True,expanded:death,,
7,23,319,78,exact_hop,35.99999999999977,36,1.004105685783551,11,2.6633470060359214,11,1.2351226119457515,0.46374828707885346,5.519397764489562,4.435561689547539e-15,1,7,True,expanded:explore,,
8,23,353,137,off_manifold_hop,35.00000000000318,35,1.0104928222394611,6,2.6770599511291735,6,1.6335244219081824,0.6101934404641062,6.398347351727702,4.374287466673914e-15,0,-1,True,pareto_kept_polished,,
5,23,200,123,off_manifold_hop,35.99999999999966,36,0.6250260892256704,4,2.3799929407410976,3,1.4758819444166327,0.6201203033640356,4.401108718208469,3.114020343694632e-15,3,7,True,pareto_kept_polished,,
8,23,351,137,exact_hop,35.99999999999966,36,1.000878762733381,11,1.8999986254593921,11,1.3004411925621588,0.6844432280827208,6.844711356949137,2.0742272323716118e-14,0,-1,True,pareto_kept_polished,,
3,23,78,0,off_manifold_hop,35.99999999999977,36,1.0043596572358107,3,2.356044308783024,11,1.6490045434845442,0.6999038758894609,4.248635202673135,3.831092777959493e-15,3,6,True,pareto_kept_polished,,
8,23,353,137,off_manifold_hop,35.00000000000318,35,1.0104928222394611,6,2.6770599511291735,6,1.6335244219081824,0.6101934404641062,6.398347351727702,4.374287466673914e-15,0,-1,True,frontier,,
5,23,200,123,off_manifold_hop,35.99999999999966,36,0.6250260892256704,4,2.3799929407410976,3,1.4758819444166327,0.6201203033640356,4.401108718208469,3.114020343694632e-15,3,7,True,frontier,,
8,23,351,137,exact_hop,35.99999999999966,36,1.000878762733381,11,1.8999986254593921,11,1.3004411925621588,0.6844432280827208,6.844711356949137,2.0742272323716118e-14,0,-1,True,frontier,,
3,23,78,0,off_manifold_hop,35.99999999999977,36,1.0043596572358107,3,2.356044308783024,11,1.6490045434845442,0.6999038758894609,4.248635202673135,3.831092777959493e-15,3,6,True,frontier,,
5,23,200,123,off_manifold_hop,35.99999999999966,36,0.6250260892256704,4,2.3799929407410976,3,1.4758819444166327,0.6201203033640356,4.401108718208469,3.114020343694632e-15,3,7,False,full_delete_probe,0.30991749097549975,4
8,23,353,137,off_manifold_hop,35.00000000000318,35,1.0104928222394611,6,2.6770599511291735,6,1.6335244219081824,0.6101934404641062,6.398347351727702,4.374287466673914e-15,1,8,True,expanded:genericity,,
5,23,200,123,off_manifold_hop,35.99999999999966,36,0.6250260892256704,4,2.3799929407410976,3,1.4758819444166327,0.6201203033640356,4.401108718208469,3.114020343694632e-15,4,8,True,expanded:deletion,,
8,23,351,137,exact_hop,35.99999999999966,36,1.000878762733381,11,1.8999986254593921,11,1.3004411925621588,0.6844432280827208,6.844711356949137,2.0742272323716118e-14,1,8,True,expanded:death,,
9,23,379,353,exact_hop,35.00000000001614,35,1.0104123511937695,3,3.0287908167833244,14,2.13846124126659,0.7060445473542826,7.172960337719568,4.424259312549874e-15,0,-1,True,pareto_kept_polished,,
5,23,200,123,off_manifold_hop,35.99999999999966,36,0.6250260892256704,4,2.3799929407410976,3,1.4758819444166327,0.6201203033640356,4.401108718208469,3.114020343694632e-15,4,8,True,pareto_kept_polished,,
9,23,410,351,exact_hop,36.00000000000057,36,1.0007572155546214,11,1.849298953609787,11,1.4152070320184815,0.7652667673098671,7.316623943450457,5.1049312223564605e-15,0,-1,True,pareto_kept_polished,,
3,23,78,0,off_manifold_hop,35.99999999999977,36,1.0043596572358107,3,2.356044308783022,11,1.6490045434845442,0.6999038758894613,4.248635202673135,3.591010491463822e-15,3,6,True,pareto_kept_polished,,
9,23,379,353,exact_hop,35.00000000001614,35,1.0104123511937695,3,3.0287908167833244,14,2.13846124126659,0.7060445473542826,7.172960337719568,4.424259312549874e-15,0,-1,True,frontier,,
5,23,200,123,off_manifold_hop,35.99999999999966,36,0.6250260892256704,4,2.3799929407410976,3,1.4758819444166327,0.6201203033640356,4.401108718208469,3.114020343694632e-15,4,8,True,frontier,,
9,23,410,351,exact_hop,36.00000000000057,36,1.0007572155546214,11,1.849298953609787,11,1.4152070320184815,0.7652667673098671,7.316623943450457,5.1049312223564605e-15,0,-1,True,frontier,,
3,23,78,0,off_manifold_hop,35.99999999999977,36,1.0043596572358107,3,2.356044308783022,11,1.6490045434845442,0.6999038758894613,4.248635202673135,3.591010491463822e-15,3,6,True,frontier,,
9,23,379,353,exact_hop,35.00000000001614,35,1.0104123511937695,3,3.0287908167833244,14,2.13846124126659,0.7060445473542826,7.172960337719568,4.424259312549874e-15,1,9,True,expanded:genericity,,
5,23,200,123,off_manifold_hop,35.99999999999966,36,0.6250260892256704,4,2.3799929407410976,3,1.4758819444166327,0.6201203033640356,4.401108718208469,3.114020343694632e-15,5,9,True,expanded:deletion,,
9,23,410,351,exact_hop,36.00000000000057,36,1.0007572155546214,11,1.849298953609787,11,1.4152070320184815,0.7652667673098671,7.316623943450457,5.1049312223564605e-15,1,9,True,expanded:death,,
3,23,78,0,off_manifold_hop,35.99999999999977,36,1.0043596572358107,3,2.356044308783022,11,1.6490045434845442,0.6999038758894613,4.248635202673135,3.591010491463822e-15,4,9,True,expanded:explore,,
10,23,419,379,exact_hop,34.999999999999886,35,1.008713393643519,6,2.4735574472430812,6,1.5646852101421445,0.6325647346036268,7.530722391679935,4.2139610506978486e-15,0,-1,True,pareto_kept_polished,,
5,23,200,123,off_manifold_hop,35.99999999999966,36,0.6250260892256704,4,2.3799929407410976,3,1.4758819444166327,0.6201203033640356,4.401108718208469,3.114020343694632e-15,5,9,True,pareto_kept_polished,,
9,23,410,351,exact_hop,36.00000000000057,36,1.0007572155546214,11,1.8492989536097877,11,1.4152070320184815,0.7652667673098668,7.316623943450457,4.704936020821545e-15,1,9,True,pareto_kept_polished,,
3,23,78,0,off_manifold_hop,35.99999999999977,36,1.0043596572358107,3,2.356044308783024,11,1.6490045434845442,0.6999038758894609,4.248635202673135,3.831092777959493e-15,4,9,True,pareto_kept_polished,,
10,23,419,379,exact_hop,34.999999999999886,35,1.008713393643519,6,2.4735574472430812,6,1.5646852101421445,0.6325647346036268,7.530722391679935,4.2139610506978486e-15,0,-1,True,frontier,,
5,23,200,123,off_manifold_hop,35.99999999999966,36,0.6250260892256704,4,2.3799929407410976,3,1.4758819444166327,0.6201203033640356,4.401108718208469,3.114020343694632e-15,5,9,True,frontier,,
9,23,410,351,exact_hop,36.00000000000057,36,1.0007572155546214,11,1.8492989536097877,11,1.4152070320184815,0.7652667673098668,7.316623943450457,4.704936020821545e-15,1,9,True,frontier,,
3,23,78,0,off_manifold_hop,35.99999999999977,36,1.0043596572358107,3,2.356044308783024,11,1.6490045434845442,0.6999038758894609,4.248635202673135,3.831092777959493e-15,4,9,True,frontier,,
5,23,200,123,off_manifold_hop,35.99999999999966,36,0.6250260892256704,4,2.3799929407410976,3,1.4758819444166327,0.6201203033640356,4.401108718208469,3.114020343694632e-15,5,9,False,full_delete_probe,0.30991749097549975,4
10,23,419,379,exact_hop,34.999999999999886,35,1.008713393643519,6,2.4735574472430812,6,1.5646852101421445,0.6325647346036268,7.530722391679935,4.2139610506978486e-15,1,10,True,expanded:genericity,,
5,23,200,123,off_manifold_hop,35.99999999999966,36,0.6250260892256704,4,2.3799929407410976,3,1.4758819444166327,0.6201203033640356,4.401108718208469,3.114020343694632e-15,6,10,True,expanded:deletion,,
9,23,410,351,exact_hop,36.00000000000057,36,1.0007572155546214,11,1.8492989536097877,11,1.4152070320184815,0.7652667673098668,7.316623943450457,4.704936020821545e-15,2,10,True,expanded:death,,
11,23,465,419,exact_hop,34.99999999999966,35,1.007661759461078,3,2.974042276223973,22,2.3644204012996677,0.7950190957949936,7.948900929101028,4.3470192107260995e-15,0,-1,True,pareto_kept_polished,,
5,23,200,123,off_manifold_hop,35.99999999999966,36,0.6250260892256704,4,2.3799929407410976,3,1.4758819444166327,0.6201203033640356,4.401108718208469,3.114020343694632e-15,6,10,True,pareto_kept_polished,,
9,23,410,351,exact_hop,36.00000000000057,36,1.0007572155546214,11,1.8492989536097861,11,1.4152070320184815,0.7652667673098674,7.316623943450457,5.150774689329167e-15,2,10,True,pareto_kept_polished,,
3,23,78,0,off_manifold_hop,35.99999999999977,36,1.0043596572358107,3,2.356044308783022,11,1.6490045434845442,0.6999038758894613,4.248635202673135,3.591010491463822e-15,4,9,True,pareto_kept_polished,,
11,23,465,419,exact_hop,34.99999999999966,35,1.007661759461078,3,2.974042276223973,22,2.3644204012996677,0.7950190957949936,7.948900929101028,4.3470192107260995e-15,0,-1,True,frontier,,
5,23,200,123,off_manifold_hop,35.99999999999966,36,0.6250260892256704,4,2.3799929407410976,3,1.4758819444166327,0.6201203033640356,4.401108718208469,3.114020343694632e-15,6,10,True,frontier,,
9,23,410,351,exact_hop,36.00000000000057,36,1.0007572155546214,11,1.8492989536097861,11,1.4152070320184815,0.7652667673098674,7.316623943450457,5.150774689329167e-15,2,10,True,frontier,,
3,23,78,0,off_manifold_hop,35.99999999999977,36,1.0043596572358107,3,2.356044308783022,11,1.6490045434845442,0.6999038758894613,4.248635202673135,3.591010491463822e-15,4,9,True,frontier,,
11,23,465,419,exact_hop,34.99999999999966,35,1.007661759461078,3,2.974042276223973,22,2.3644204012996677,0.7950190957949936,7.948900929101028,4.3470192107260995e-15,1,11,True,expanded:genericity,,
5,23,200,123,off_manifold_hop,35.99999999999966,36,0.6250260892256704,4,2.3799929407410976,3,1.4758819444166327,0.6201203033640356,4.401108718208469,3.114020343694632e-15,7,11,True,expanded:deletion,,
9,23,410,351,exact_hop,36.00000000000057,36,1.0007572155546214,11,1.8492989536097861,11,1.4152070320184815,0.7652667673098674,7.316623943450457,5.150774689329167e-15,3,11,True,expanded:death,,
12,23,500,465,off_manifold_hop,34.999999999999545,35,1.0069999784857013,4,2.9951011290406098,22,2.26836345169224,0.7573578834110491,7.036036280987326,4.465160304845735e-15,0,-1,True,pareto_kept_polished,,
5,23,200,123,off_manifold_hop,35.99999999999966,36,0.6250260892256704,4,2.3799929407410976,3,1.4758819444166327,0.6201203033640356,4.401108718208469,3.114020343694632e-15,7,11,True,pareto_kept_polished,,
9,23,410,351,exact_hop,36.00000000000068,36,1.0007572155546214,11,1.8492989536097872,11,1.4152070320184815,0.765266767309867,7.316623943450457,4.6857652824607306e-15,3,11,True,pareto_kept_polished,,
3,23,78,0,off_manifold_hop,35.99999999999977,36,1.0043596572358107,3,2.356044308783024,11,1.6490045434845442,0.6999038758894609,4.248635202673135,3.831092777959493e-15,4,9,True,pareto_kept_polished,,
12,23,500,465,off_manifold_hop,34.999999999999545,35,1.0069999784857013,4,2.9951011290406098,22,2.26836345169224,0.7573578834110491,7.036036280987326,4.465160304845735e-15,0,-1,True,frontier,,
5,23,200,123,off_manifold_hop,35.99999999999966,36,0.6250260892256704,4,2.3799929407410976,3,1.4758819444166327,0.6201203033640356,4.401108718208469,3.114020343694632e-15,7,11,True,frontier,,
9,23,410,351,exact_hop,36.00000000000068,36,1.0007572155546214,11,1.8492989536097872,11,1.4152070320184815,0.765266767309867,7.316623943450457,4.6857652824607306e-15,3,11,True,frontier,,
3,23,78,0,off_manifold_hop,35.99999999999977,36,1.0043596572358107,3,2.356044308783024,11,1.6490045434845442,0.6999038758894609,4.248635202673135,3.831092777959493e-15,4,9,True,frontier,,
5,23,200,123,off_manifold_hop,35.99999999999966,36,0.6250260892256704,4,2.3799929407410976,3,1.4758819444166327,0.6201203033640356,4.401108718208469,3.114020343694632e-15,7,11,False,full_delete_probe,0.30991749097549975,4
12,23,500,465,off_manifold_hop,34.999999999999545,35,1.0069999784857013,4,2.9951011290406098,22,2.26836345169224,0.7573578834110491,7.036036280987326,4.465160304845735e-15,1,12,True,expanded:genericity,,
5,23,200,123,off_manifold_hop,35.99999999999966,36,0.6250260892256704,4,2.3799929407410976,3,1.4758819444166327,0.6201203033640356,4.401108718208469,3.114020343694632e-15,8,12,True,expanded:deletion,,
9,23,410,351,exact_hop,36.00000000000068,36,1.0007572155546214,11,1.8492989536097872,11,1.4152070320184815,0.765266767309867,7.316623943450457,4.6857652824607306e-15,4,12,True,expanded:death,,
3,23,78,0,off_manifold_hop,35.99999999999977,36,1.0043596572358107,3,2.356044308783024,11,1.6490045434845442,0.6999038758894609,4.248635202673135,3.831092777959493e-15,5,12,True,expanded:explore,,
13,23,528,500,wall:amplitude_wall,35.00000000000023,35,1.0045368777288275,4,2.612729732025213,4,1.367732954875015,0.5234881121113281,7.843347833740646,4.662892336397692e-15,0,-1,True,pareto_kept_polished,,
5,23,200,123,off_manifold_hop,35.99999999999966,36,0.6250260892256704,4,2.3799929407410976,3,1.4758819444166327,0.6201203033640356,4.401108718208469,3.114020343694632e-15,8,12,True,pareto_kept_polished,,
9,23,410,351,exact_hop,36.00000000000057,36,1.0007572155546214,11,1.8492989536097861,11,1.4152070320184815,0.7652667673098674,7.316623943450457,5.120132700740948e-15,4,12,True,pareto_kept_polished,,
13,23,567,78,off_manifold_hop,35.99999999999977,36,1.003145672548604,2,2.6762674536886246,3,1.6621887215329512,0.6210846824154301,4.0700255111035935,3.700394966407198e-15,0,-1,True,pareto_kept_polished,,
13,23,528,500,wall:amplitude_wall,35.00000000000023,35,1.0045368777288275,4,2.612729732025213,4,1.367732954875015,0.5234881121113281,7.843347833740646,4.662892336397692e-15,0,-1,True,frontier,,
5,23,200,123,off_manifold_hop,35.99999999999966,36,0.6250260892256704,4,2.3799929407410976,3,1.4758819444166327,0.6201203033640356,4.401108718208469,3.114020343694632e-15,8,12,True,frontier,,
9,23,410,351,exact_hop,36.00000000000057,36,1.0007572155546214,11,1.8492989536097861,11,1.4152070320184815,0.7652667673098674,7.316623943450457,5.120132700740948e-15,4,12,True,frontier,,
13,23,567,78,off_manifold_hop,35.99999999999977,36,1.003145672548604,2,2.6762674536886246,3,1.6621887215329512,0.6210846824154301,4.0700255111035935,3.700394966407198e-15,0,-1,True,frontier,,
13,23,528,500,wall:amplitude_wall,35.00000000000023,35,1.0045368777288275,4,2.612729732025213,4,1.367732954875015,0.5234881121113281,7.843347833740646,4.662892336397692e-15,1,13,True,expanded:genericity,,
5,23,200,123,off_manifold_hop,35.99999999999966,36,0.6250260892256704,4,2.3799929407410976,3,1.4758819444166327,0.6201203033640356,4.401108718208469,3.114020343694632e-15,9,13,True,expanded:deletion,,
9,23,410,351,exact_hop,36.00000000000057,36,1.0007572155546214,11,1.8492989536097861,11,1.4152070320184815,0.7652667673098674,7.316623943450457,5.120132700740948e-15,5,13,True,expanded:death,,
14,23,573,528,exact_hop,34.99999999999977,35,1.0144278848128372,2,2.613903963780945,2,1.5649199267449334,0.5986906743434127,7.864274025150231,4.629079641338776e-15,0,-1,True,pareto_kept_polished,,
5,23,200,123,off_manifold_hop,35.99999999999966,36,0.6250260892256704,4,2.3799929407410976,3,1.4758819444166327,0.6201203033640356,4.401108718208469,3.114020343694632e-15,9,13,True,pareto_kept_polished,,
9,23,410,351,exact_hop,36.00000000000068,36,1.0007572155546214,11,1.8492989536097872,11,1.4152070320184815,0.765266767309867,7.316623943450457,4.794969037665234e-15,5,13,True,pareto_kept_polished,,
13,23,567,78,off_manifold_hop,35.99999999999977,36,1.003145672548604,2,2.6762674536886215,3,1.6621887215329512,0.6210846824154308,4.0700255111035935,3.700394966407198e-15,0,-1,True,pareto_kept_polished,,
14,23,573,528,exact_hop,34.99999999999977,35,1.0144278848128372,2,2.613903963780945,2,1.5649199267449334,0.5986906743434127,7.864274025150231,4.629079641338776e-15,0,-1,True,frontier,,
5,23,200,123,off_manifold_hop,35.99999999999966,36,0.6250260892256704,4,2.3799929407410976,3,1.4758819444166327,0.6201203033640356,4.401108718208469,3.114020343694632e-15,9,13,True,frontier,,
9,23,410,351,exact_hop,36.00000000000068,36,1.0007572155546214,11,1.8492989536097872,11,1.4152070320184815,0.765266767309867,7.316623943450457,4.794969037665234e-15,5,13,True,frontier,,
13,23,567,78,off_manifold_hop,35.99999999999977,36,1.003145672548604,2,2.6762674536886215,3,1.6621887215329512,0.6210846824154308,4.0700255111035935,3.700394966407198e-15,0,-1,True,frontier,,
5,23,200,123,off_manifold_hop,35.99999999999966,36,0.6250260892256704,4,2.3799929407410976,3,1.4758819444166327,0.6201203033640356,4.401108718208469,3.114020343694632e-15,9,13,False,full_delete_probe,0.30991749097549975,4
14,23,573,528,exact_hop,34.99999999999977,35,1.0144278848128372,2,2.613903963780945,2,1.5649199267449334,0.5986906743434127,7.864274025150231,4.629079641338776e-15,1,14,True,expanded:genericity,,
5,23,200,123,off_manifold_hop,35.99999999999966,36,0.6250260892256704,4,2.3799929407410976,3,1.4758819444166327,0.6201203033640356,4.401108718208469,3.114020343694632e-15,10,14,True,expanded:deletion,,
9,23,410,351,exact_hop,36.00000000000068,36,1.0007572155546214,11,1.8492989536097872,11,1.4152070320184815,0.765266767309867,7.316623943450457,4.794969037665234e-15,6,14,True,expanded:death,,
15,23,612,573,exact_hop,34.99999999999966,35,1.0005430271325735,2,2.1072774463652277,2,1.2910714469266682,0.612672739962929,7.745132866802488,7.71197875742777e-15,0,-1,True,pareto_kept_polished,,
5,23,200,123,off_manifold_hop,35.99999999999966,36,0.6250260892256704,4,2.3799929407410976,3,1.4758819444166327,0.6201203033640356,4.401108718208469,3.114020343694632e-15,10,14,True,pareto_kept_polished,,
9,23,410,351,exact_hop,36.00000000000057,36,1.0007572155546214,11,1.8492989536097866,11,1.4152070320184815,0.7652667673098672,7.316623943450457,5.163502309486098e-15,6,14,True,pareto_kept_polished,,
13,23,567,78,off_manifold_hop,35.99999999999977,36,1.003145672548604,2,2.6762674536886215,3,1.6621887215329512,0.6210846824154308,4.0700255111035935,3.700394966407198e-15,0,-1,True,pareto_kept_polished,,
15,23,612,573,exact_hop,34.99999999999966,35,1.0005430271325735,2,2.1072774463652277,2,1.2910714469266682,0.612672739962929,7.745132866802488,7.71197875742777e-15,0,-1,True,frontier,,
5,23,200,123,off_manifold_hop,35.99999999999966,36,0.6250260892256704,4,2.3799929407410976,3,1.4758819444166327,0.6201203033640356,4.401108718208469,3.114020343694632e-15,10,14,True,frontier,,
9,23,410,351,exact_hop,36.00000000000057,36,1.0007572155546214,11,1.8492989536097866,11,1.4152070320184815,0.7652667673098672,7.316623943450457,5.163502309486098e-15,6,14,True,frontier,,
13,23,567,78,off_manifold_hop,35.99999999999977,36,1.003145672548604,2,2.6762674536886215,3,1.6621887215329512,0.6210846824154308,4.0700255111035935,3.700394966407198e-15,0,-1,True,frontier,,
15,23,612,573,exact_hop,34.99999999999966,35,1.0005430271325735,2,2.1072774463652277,2,1.2910714469266682,0.612672739962929,7.745132866802488,7.71197875742777e-15,1,15,True,expanded:genericity,,
5,23,200,123,off_manifold_hop,35.99999999999966,36,0.6250260892256704,4,2.3799929407410976,3,1.4758819444166327,0.6201203033640356,4.401108718208469,3.114020343694632e-15,11,15,True,expanded:deletion,,
9,23,410,351,exact_hop,36.00000000000057,36,1.0007572155546214,11,1.8492989536097866,11,1.4152070320184815,0.7652667673098672,7.316623943450457,5.163502309486098e-15,7,15,True,expanded:death,,
13,23,567,78,off_manifold_hop,35.99999999999977,36,1.003145672548604,2,2.6762674536886215,3,1.6621887215329512,0.6210846824154308,4.0700255111035935,3.700394966407198e-15,1,15,True,expanded:explore,,
15,23,612,573,exact_hop,34.999999999999545,35,1.0005430271325735,2,2.107277446365226,2,1.2910714469266682,0.6126727399629295,7.745132866802488,7.527540528445818e-15,1,15,True,pareto_kept_polished,,
5,23,200,123,off_manifold_hop,35.99999999999966,36,0.6250260892256704,4,2.3799929407410976,3,1.4758819444166327,0.6201203033640356,4.401108718208469,3.114020343694632e-15,11,15,True,pareto_kept_polished,,
16,23,673,410,exact_hop,35.999999999999545,36,1.0009076586476693,11,1.8461860224152364,11,1.3247702586332066,0.7175713836789329,7.740666429831354,5.853661540301469e-15,0,-1,True,pareto_kept_polished,,
13,23,567,78,off_manifold_hop,35.99999999999977,36,1.003145672548604,2,2.6762674536886215,3,1.6621887215329512,0.6210846824154308,4.0700255111035935,3.700394966407198e-15,1,15,True,pareto_kept_polished,,
15,23,612,573,exact_hop,34.999999999999545,35,1.0005430271325735,2,2.107277446365226,2,1.2910714469266682,0.6126727399629295,7.745132866802488,7.527540528445818e-15,1,15,True,frontier,,
5,23,200,123,off_manifold_hop,35.99999999999966,36,0.6250260892256704,4,2.3799929407410976,3,1.4758819444166327,0.6201203033640356,4.401108718208469,3.114020343694632e-15,11,15,True,frontier,,
16,23,673,410,exact_hop,35.999999999999545,36,1.0009076586476693,11,1.8461860224152364,11,1.3247702586332066,0.7175713836789329,7.740666429831354,5.853661540301469e-15,0,-1,True,frontier,,
13,23,567,78,off_manifold_hop,35.99999999999977,36,1.003145672548604,2,2.6762674536886215,3,1.6621887215329512,0.6210846824154308,4.0700255111035935,3.700394966407198e-15,1,15,True,frontier,,
5,23,200,123,off_manifold_hop,35.99999999999966,36,0.6250260892256704,4,2.3799929407410976,3,1.4758819444166327,0.6201203033640356,4.401108718208469,3.114020343694632e-15,11,15,False,full_delete_probe,0.30991749097549975,4
15,23,612,573,exact_hop,34.999999999999545,35,1.0005430271325735,2,2.107277446365226,2,1.2910714469266682,0.6126727399629295,7.745132866802488,7.527540528445818e-15,2,16,True,expanded:genericity,,
5,23,200,123,off_manifold_hop,35.99999999999966,36,0.6250260892256704,4,2.3799929407410976,3,1.4758819444166327,0.6201203033640356,4.401108718208469,3.114020343694632e-15,12,16,True,expanded:deletion,,
16,23,673,410,exact_hop,35.999999999999545,36,1.0009076586476693,11,1.8461860224152364,11,1.3247702586332066,0.7175713836789329,7.740666429831354,5.853661540301469e-15,1,16,True,expanded:death,,
17,23,699,612,exact_hop,34.99999999999966,35,1.0008312940479922,2,2.1764475657279667,2,1.357744557447405,0.6238351793204233,7.530312896661818,4.225559179039529e-15,0,-1,True,pareto_kept_polished,,
5,23,200,123,off_manifold_hop,35.99999999999966,36,0.6250260892256704,4,2.3799929407410976,3,1.4758819444166327,0.6201203033640356,4.401108718208469,3.114020343694632e-15,12,16,True,pareto_kept_polished,,
16,23,673,410,exact_hop,35.999999999999545,36,1.0009076586476693,11,1.8461860224152375,11,1.3247702586332066,0.7175713836789325,7.740666429831354,5.843652534449585e-15,1,16,True,pareto_kept_polished,,
13,23,567,78,off_manifold_hop,35.99999999999977,36,1.003145672548604,2,2.6762674536886215,3,1.6621887215329512,0.6210846824154308,4.0700255111035935,3.700394966407198e-15,1,15,True,pareto_kept_polished,,
17,23,699,612,exact_hop,34.99999999999966,35,1.0008312940479922,2,2.1764475657279667,2,1.357744557447405,0.6238351793204233,7.530312896661818,4.225559179039529e-15,0,-1,True,frontier,,
5,23,200,123,off_manifold_hop,35.99999999999966,36,0.6250260892256704,4,2.3799929407410976,3,1.4758819444166327,0.6201203033640356,4.401108718208469,3.114020343694632e-15,12,16,True,frontier,,
16,23,673,410,exact_hop,35.999999999999545,36,1.0009076586476693,11,1.8461860224152375,11,1.3247702586332066,0.7175713836789325,7.740666429831354,5.843652534449585e-15,1,16,True,frontier,,
13,23,567,78,off_manifold_hop,35.99999999999977,36,1.003145672548604,2,2.6762674536886215,3,1.6621887215329512,0.6210846824154308,4.0700255111035935,3.700394966407198e-15,1,15,True,frontier,,
17,23,699,612,exact_hop,34.99999999999966,35,1.0008312940479922,2,2.1764475657279667,2,1.357744557447405,0.6238351793204233,7.530312896661818,4.225559179039529e-15,1,17,True,expanded:genericity,,
5,23,200,123,off_manifold_hop,35.99999999999966,36,0.6250260892256704,4,2.3799929407410976,3,1.4758819444166327,0.6201203033640356,4.401108718208469,3.114020343694632e-15,13,17,True,expanded:deletion,,
16,23,673,410,exact_hop,35.999999999999545,36,1.0009076586476693,11,1.8461860224152375,11,1.3247702586332066,0.7175713836789325,7.740666429831354,5.843652534449585e-15,2,17,True,expanded:death,,
18,23,737,699,exact_hop,34.99999999999966,35,1.0022121999085873,2,2.408765974371939,6,1.3975696523782817,0.5802015086761111,7.454719117633684,5.704466242069455e-15,0,-1,True,pareto_kept_polished,,
5,23,200,123,off_manifold_hop,35.99999999999966,36,0.6250260892256704,4,2.3799929407410976,3,1.4758819444166327,0.6201203033640356,4.401108718208469,3.114020343694632e-15,13,17,True,pareto_kept_polished,,
16,23,673,410,exact_hop,35.999999999999545,36,1.0009076586476693,11,1.8461860224152358,11,1.3247702586332066,0.7175713836789331,7.740666429831354,5.852616831235213e-15,2,17,True,pareto_kept_polished,,
13,23,567,78,off_manifold_hop,35.99999999999977,36,1.003145672548604,2,2.6762674536886215,3,1.6621887215329512,0.6210846824154308,4.0700255111035935,3.700394966407198e-15,1,15,True,pareto_kept_polished,,
18,23,737,699,exact_hop,34.99999999999966,35,1.0022121999085873,2,2.408765974371939,6,1.3975696523782817,0.5802015086761111,7.454719117633684,5.704466242069455e-15,0,-1,True,frontier,,
5,23,200,123,off_manifold_hop,35.99999999999966,36,0.6250260892256704,4,2.3799929407410976,3,1.4758819444166327,0.6201203033640356,4.401108718208469,3.114020343694632e-15,13,17,True,frontier,,
16,23,673,410,exact_hop,35.999999999999545,36,1.0009076586476693,11,1.8461860224152358,11,1.3247702586332066,0.7175713836789331,7.740666429831354,5.852616831235213e-15,2,17,True,frontier,,
13,23,567,78,off_manifold_hop,35.99999999999977,36,1.003145672548604,2,2.6762674536886215,3,1.6621887215329512,0.6210846824154308,4.0700255111035935,3.700394966407198e-15,1,15,True,frontier,,
5,23,200,123,off_manifold_hop,35.99999999999966,36,0.6250260892256704,4,2.3799929407410976,3,1.4758819444166327,0.6201203033640356,4.401108718208469,3.114020343694632e-15,13,17,False,full_delete_probe,0.30991749097549975,4
18,23,737,699,exact_hop,34.99999999999966,35,1.0022121999085873,2,2.408765974371939,6,1.3975696523782817,0.5802015086761111,7.454719117633684,5.704466242069455e-15,1,18,True,expanded:genericity,,
5,23,200,123,off_manifold_hop,35.99999999999966,36,0.6250260892256704,4,2.3799929407410976,3,1.4758819444166327,0.6201203033640356,4.401108718208469,3.114020343694632e-15,14,18,True,expanded:deletion,,
16,23,673,410,exact_hop,35.999999999999545,36,1.0009076586476693,11,1.8461860224152358,11,1.3247702586332066,0.7175713836789331,7.740666429831354,5.852616831235213e-15,3,18,True,expanded:death,,
13,23,567,78,off_manifold_hop,35.99999999999977,36,1.003145672548604,2,2.6762674536886215,3,1.6621887215329512,0.6210846824154308,4.0700255111035935,3.700394966407198e-15,2,18,True,expanded:explore,,
19,23,773,737,off_manifold_hop,34.999999999999545,35,1.0046611969640444,2,2.2945625991915475,6,2.0047224947199243,0.8736839410815187,7.683298800066047,5.1294305668319166e-15,0,-1,True,pareto_kept_polished,,
5,23,200,123,off_manifold_hop,35.99999999999966,36,0.6250260892256704,4,2.3799929407410976,3,1.4758819444166327,0.6201203033640356,4.401108718208469,3.114020343694632e-15,14,18,True,pareto_kept_polished,,
16,23,673,410,exact_hop,35.999999999999545,36,1.0009076586476693,11,1.8461860224152367,11,1.3247702586332066,0.7175713836789328,7.740666429831354,5.8354980685138695e-15,3,18,True,pareto_kept_polished,,
13,23,567,78,off_manifold_hop,35.99999999999977,36,1.003145672548604,2,2.6762674536886215,3,1.6621887215329512,0.6210846824154308,4.0700255111035935,3.700394966407198e-15,2,18,True,pareto_kept_polished,,
19,23,773,737,off_manifold_hop,34.999999999999545,35,1.0046611969640444,2,2.2945625991915475,6,2.0047224947199243,0.8736839410815187,7.683298800066047,5.1294305668319166e-15,0,-1,True,frontier,,
5,23,200,123,off_manifold_hop,35.99999999999966,36,0.6250260892256704,4,2.3799929407410976,3,1.4758819444166327,0.6201203033640356,4.401108718208469,3.114020343694632e-15,14,18,True,frontier,,
16,23,673,410,exact_hop,35.999999999999545,36,1.0009076586476693,11,1.8461860224152367,11,1.3247702586332066,0.7175713836789328,7.740666429831354,5.8354980685138695e-15,3,18,True,frontier,,
13,23,567,78,off_manifold_hop,35.99999999999977,36,1.003145672548604,2,2.6762674536886215,3,1.6621887215329512,0.6210846824154308,4.0700255111035935,3.700394966407198e-15,2,18,True,frontier,,
19,23,773,737,off_manifold_hop,34.999999999999545,35,1.0046611969640444,2,2.2945625991915475,6,2.0047224947199243,0.8736839410815187,7.683298800066047,5.1294305668319166e-15,1,19,True,expanded:genericity,,
5,23,200,123,off_manifold_hop,35.99999999999966,36,0.6250260892256704,4,2.3799929407410976,3,1.4758819444166327,0.6201203033640356,4.401108718208469,3.114020343694632e-15,15,19,True,expanded:deletion,,
16,23,673,410,exact_hop,35.999999999999545,36,1.0009076586476693,11,1.8461860224152367,11,1.3247702586332066,0.7175713836789328,7.740666429831354,5.8354980685138695e-15,4,19,True,expanded:death,,
20,23,818,773,exact_hop,34.99999999999841,35,1.00147737197213,6,2.2333072605024404,6,1.3054819915975335,0.5845509996254754,7.901864202534952,8.726948297419143e-14,0,-1,True,pareto_kept_polished,,
5,23,200,123,off_manifold_hop,35.99999999999966,36,0.6250260892256704,4,2.3799929407410976,3,1.4758819444166327,0.6201203033640356,4.401108718208469,3.114020343694632e-15,15,19,True,pareto_kept_polished,,
20,23,844,673,exact_hop,35.999999999999545,36,1.0013549706976042,11,1.8324517015349564,11,1.4863855711819915,0.8111458380796165,7.794621726752158,6.038603777289352e-15,0,-1,True,pareto_kept_polished,,
13,23,567,78,off_manifold_hop,35.99999999999977,36,1.003145672548604,2,2.6762674536886215,3,1.6621887215329512,0.6210846824154308,4.0700255111035935,3.700394966407198e-15,2,18,True,pareto_kept_polished,,
20,23,818,773,exact_hop,34.99999999999841,35,1.00147737197213,6,2.2333072605024404,6,1.3054819915975335,0.5845509996254754,7.901864202534952,8.726948297419143e-14,0,-1,True,frontier,,
5,23,200,123,off_manifold_hop,35.99999999999966,36,0.6250260892256704,4,2.3799929407410976,3,1.4758819444166327,0.6201203033640356,4.401108718208469,3.114020343694632e-15,15,19,True,frontier,,
20,23,844,673,exact_hop,35.999999999999545,36,1.0013549706976042,11,1.8324517015349564,11,1.4863855711819915,0.8111458380796165,7.794621726752158,6.038603777289352e-15,0,-1,True,frontier,,
13,23,567,78,off_manifold_hop,35.99999999999977,36,1.003145672548604,2,2.6762674536886215,3,1.6621887215329512,0.6210846824154308,4.0700255111035935,3.700394966407198e-15,2,18,True,frontier,,
5,23,200,123,off_manifold_hop,35.99999999999966,36,0.6250260892256704,4,2.3799929407410976,3,1.4758819444166327,0.6201203033640356,4.401108718208469,3.114020343694632e-15,15,19,False,full_delete_probe,0.30991749097549975,4
20,23,818,773,exact_hop,34.99999999999841,35,1.00147737197213,6,2.2333072605024404,6,1.3054819915975335,0.5845509996254754,7.901864202534952,8.726948297419143e-14,1,20,True,expanded:genericity,,
5,23,200,123,off_manifold_hop,35.99999999999966,36,0.6250260892256704,4,2.3799929407410976,3,1.4758819444166327,0.6201203033640356,4.401108718208469,3.114020343694632e-15,16,20,True,expanded:deletion,,
20,23,844,673,exact_hop,35.999999999999545,36,1.0013549706976042,11,1.8324517015349564,11,1.4863855711819915,0.8111458380796165,7.794621726752158,6.038603777289352e-15,1,20,True,expanded:death,,
20,23,818,773,exact_hop,34.99999999999818,35,1.00147737197213,6,2.2333072605024364,6,1.3054819915975335,0.5845509996254764,7.901864202534952,8.728778932104811e-14,1,20,True,pareto_kept_polished,,
5,23,200,123,off_manifold_hop,35.99999999999966,36,0.6250260892256704,4,2.3799929407410976,3,1.4758819444166327,0.6201203033640356,4.401108718208469,3.114020343694632e-15,16,20,True,pareto_kept_polished,,
20,23,844,673,exact_hop,35.999999999999545,36,1.0013549706976042,11,1.832451701534953,11,1.4863855711819915,0.811145838079618,7.794621726752158,6.0990803026253966e-15,1,20,True,pareto_kept_polished,,
13,23,567,78,off_manifold_hop,35.99999999999977,36,1.003145672548604,2,2.6762674536886215,3,1.6621887215329512,0.6210846824154308,4.0700255111035935,3.700394966407198e-15,2,18,True,pareto_kept_polished,,
20,23,818,773,exact_hop,34.99999999999818,35,1.00147737197213,6,2.2333072605024364,6,1.3054819915975335,0.5845509996254764,7.901864202534952,8.728778932104811e-14,1,20,True,frontier,,
5,23,200,123,off_manifold_hop,35.99999999999966,36,0.6250260892256704,4,2.3799929407410976,3,1.4758819444166327,0.6201203033640356,4.401108718208469,3.114020343694632e-15,16,20,True,frontier,,
20,23,844,673,exact_hop,35.999999999999545,36,1.0013549706976042,11,1.832451701534953,11,1.4863855711819915,0.811145838079618,7.794621726752158,6.0990803026253966e-15,1,20,True,frontier,,
13,23,567,78,off_manifold_hop,35.99999999999977,36,1.003145672548604,2,2.6762674536886215,3,1.6621887215329512,0.6210846824154308,4.0700255111035935,3.700394966407198e-15,2,18,True,frontier,,
20,23,818,773,exact_hop,34.99999999999818,35,1.00147737197213,6,2.2333072605024364,6,1.3054819915975335,0.5845509996254764,7.901864202534952,8.728778932104811e-14,2,21,True,expanded:genericity,,
5,23,200,123,off_manifold_hop,35.99999999999966,36,0.6250260892256704,4,2.3799929407410976,3,1.4758819444166327,0.6201203033640356,4.401108718208469,3.114020343694632e-15,17,21,True,expanded:deletion,,
20,23,844,673,exact_hop,35.999999999999545,36,1.0013549706976042,11,1.832451701534953,11,1.4863855711819915,0.811145838079618,7.794621726752158,6.0990803026253966e-15,2,21,True,expanded:death,,
13,23,567,78,off_manifold_hop,35.99999999999977,36,1.003145672548604,2,2.6762674536886215,3,1.6621887215329512,0.6210846824154308,4.0700255111035935,3.700394966407198e-15,3,21,True,expanded:explore,,
20,23,818,773,exact_hop,34.999999999998295,35,1.00147737197213,6,2.2333072605024347,6,1.3054819915975335,0.5845509996254769,7.901864202534952,8.737294724837657e-14,2,21,True,pareto_kept_polished,,
5,23,200,123,off_manifold_hop,35.99999999999966,36,0.6250260892256704,4,2.3799929407410976,3,1.4758819444166327,0.6201203033640356,4.401108718208469,3.114020343694632e-15,17,21,True,pareto_kept_polished,,
20,23,844,673,exact_hop,35.999999999999545,36,1.0013549706976042,11,1.8324517015349586,11,1.4863855711819915,0.8111458380796156,7.794621726752158,6.101613861387864e-15,2,21,True,pareto_kept_polished,,
13,23,567,78,off_manifold_hop,35.99999999999977,36,1.003145672548604,2,2.6762674536886215,3,1.6621887215329512,0.6210846824154308,4.0700255111035935,3.700394966407198e-15,3,21,True,pareto_kept_polished,,
20,23,818,773,exact_hop,34.999999999998295,35,1.00147737197213,6,2.2333072605024347,6,1.3054819915975335,0.5845509996254769,7.901864202534952,8.737294724837657e-14,2,21,True,frontier,,
5,23,200,123,off_manifold_hop,35.99999999999966,36,0.6250260892256704,4,2.3799929407410976,3,1.4758819444166327,0.6201203033640356,4.401108718208469,3.114020343694632e-15,17,21,True,frontier,,
20,23,844,673,exact_hop,35.999999999999545,36,1.0013549706976042,11,1.8324517015349586,11,1.4863855711819915,0.8111458380796156,7.794621726752158,6.101613861387864e-15,2,21,True,frontier,,
13,23,567,78,off_manifold_hop,35.99999999999977,36,1.003145672548604,2,2.6762674536886215,3,1.6621887215329512,0.6210846824154308,4.0700255111035935,3.700394966407198e-15,3,21,True,frontier,,
5,23,200,123,off_manifold_hop,35.99999999999966,36,0.6250260892256704,4,2.3799929407410976,3,1.4758819444166327,0.6201203033640356,4.401108718208469,3.114020343694632e-15,17,21,False,full_delete_probe,0.30991749097549975,4
20,23,818,773,exact_hop,34.999999999998295,35,1.00147737197213,6,2.2333072605024347,6,1.3054819915975335,0.5845509996254769,7.901864202534952,8.737294724837657e-14,3,22,True,expanded:genericity,,
5,23,200,123,off_manifold_hop,35.99999999999966,36,0.6250260892256704,4,2.3799929407410976,3,1.4758819444166327,0.6201203033640356,4.401108718208469,3.114020343694632e-15,18,22,True,expanded:deletion,,
20,23,844,673,exact_hop,35.999999999999545,36,1.0013549706976042,11,1.8324517015349586,11,1.4863855711819915,0.8111458380796156,7.794621726752158,6.101613861387864e-15,3,22,True,expanded:death,,
23,23,920,818,off_manifold_hop,34.99999999999943,35,1.0021782323722763,6,3.014794614289366,2,1.2059330002862645,0.400005026733976,7.589897913430733,2.6701879860043383e-14,0,-1,True,pareto_kept_polished,,
5,23,200,123,off_manifold_hop,35.99999999999966,36,0.6250260892256704,4,2.3799929407410976,3,1.4758819444166327,0.6201203033640356,4.401108718208469,3.114020343694632e-15,18,22,True,pareto_kept_polished,,
20,23,844,673,exact_hop,35.999999999999545,36,1.0013549706976042,11,1.832451701534958,11,1.4863855711819915,0.8111458380796158,7.794621726752158,6.101613861387864e-15,3,22,True,pareto_kept_polished,,
13,23,567,78,off_manifold_hop,35.99999999999977,36,1.003145672548604,2,2.6762674536886215,3,1.6621887215329512,0.6210846824154308,4.0700255111035935,3.700394966407198e-15,3,21,True,pareto_kept_polished,,
23,23,920,818,off_manifold_hop,34.99999999999943,35,1.0021782323722763,6,3.014794614289366,2,1.2059330002862645,0.400005026733976,7.589897913430733,2.6701879860043383e-14,0,-1,True,frontier,,
5,23,200,123,off_manifold_hop,35.99999999999966,36,0.6250260892256704,4,2.3799929407410976,3,1.4758819444166327,0.6201203033640356,4.401108718208469,3.114020343694632e-15,18,22,True,frontier,,
20,23,844,673,exact_hop,35.999999999999545,36,1.0013549706976042,11,1.832451701534958,11,1.4863855711819915,0.8111458380796158,7.794621726752158,6.101613861387864e-15,3,22,True,frontier,,
13,23,567,78,off_manifold_hop,35.99999999999977,36,1.003145672548604,2,2.6762674536886215,3,1.6621887215329512,0.6210846824154308,4.0700255111035935,3.700394966407198e-15,3,21,True,frontier,,
23,23,920,818,off_manifold_hop,34.99999999999943,35,1.0021782323722763,6,3.014794614289366,2,1.2059330002862645,0.400005026733976,7.589897913430733,2.6701879860043383e-14,1,23,True,expanded:genericity,,
5,23,200,123,off_manifold_hop,35.99999999999966,36,0.6250260892256704,4,2.3799929407410976,3,1.4758819444166327,0.6201203033640356,4.401108718208469,3.114020343694632e-15,19,23,True,expanded:deletion,,
20,23,844,673,exact_hop,35.999999999999545,36,1.0013549706976042,11,1.832451701534958,11,1.4863855711819915,0.8111458380796158,7.794621726752158,6.101613861387864e-15,4,23,True,expanded:death,,
24,23,951,920,exact_hop,34.999999999999545,35,1.0015608909755045,2,2.598866724589641,2,1.1972517193159697,0.46068223044604756,7.809186077270021,4.7322382258700095e-15,0,-1,True,pareto_kept_polished,,
24,23,970,200,off_manifold_hop,35.99999999999966,36,0.6035945595265015,4,2.481578119986594,3,1.6360382208356052,0.6592733098583428,5.023409209001884,4.117694152877562e-15,0,-1,True,pareto_kept_polished,,
20,23,844,673,exact_hop,35.999999999999545,36,1.0013549706976042,11,1.832451701534958,11,1.4863855711819915,0.8111458380796158,7.794621726752158,6.101613861387864e-15,4,23,True,pareto_kept_polished,,
13,23,567,78,off_manifold_hop,35.99999999999977,36,1.003145672548604,2,2.6762674536886215,3,1.6621887215329512,0.6210846824154308,4.0700255111035935,3.700394966407198e-15,3,21,True,pareto_kept_polished,,
24,23,951,920,exact_hop,34.999999999999545,35,1.0015608909755045,2,2.598866724589641,2,1.1972517193159697,0.46068223044604756,7.809186077270021,4.7322382258700095e-15,0,-1,True,frontier,,
24,23,970,200,off_manifold_hop,35.99999999999966,36,0.6035945595265015,4,2.481578119986594,3,1.6360382208356052,0.6592733098583428,5.023409209001884,4.117694152877562e-15,0,-1,True,frontier,,
20,23,844,673,exact_hop,35.999999999999545,36,1.0013549706976042,11,1.832451701534958,11,1.4863855711819915,0.8111458380796158,7.794621726752158,6.101613861387864e-15,4,23,True,frontier,,
13,23,567,78,off_manifold_hop,35.99999999999977,36,1.003145672548604,2,2.6762674536886215,3,1.6621887215329512,0.6210846824154308,4.0700255111035935,3.700394966407198e-15,3,21,True,frontier,,
24,23,970,200,off_manifold_hop,35.99999999999966,36,0.6035945595265015,4,2.481578119986594,3,1.6360382208356052,0.6592733098583428,5.023409209001884,4.117694152877562e-15,0,-1,False,full_delete_probe,1.000160204015726,4
24,23,951,920,exact_hop,34.999999999999545,35,1.0015608909755045,2,2.598866724589641,2,1.1972517193159697,0.46068223044604756,7.809186077270021,4.7322382258700095e-15,1,24,True,expanded:genericity,,
24,23,970,200,off_manifold_hop,35.99999999999966,36,0.6035945595265015,4,2.481578119986594,3,1.6360382208356052,0.6592733098583428,5.023409209001884,4.117694152877562e-15,1,24,True,expanded:deletion,,
20,23,844,673,exact_hop,35.999999999999545,36,1.0013549706976042,11,1.832451701534958,11,1.4863855711819915,0.8111458380796158,7.794621726752158,6.101613861387864e-15,5,24,True,expanded:death,,
13,23,567,78,off_manifold_hop,35.99999999999977,36,1.003145672548604,2,2.6762674536886215,3,1.6621887215329512,0.6210846824154308,4.0700255111035935,3.700394966407198e-15,4,24,True,expanded:explore,,
25,23,985,951,exact_hop,34.999999999999545,35,1.000579074087304,2,2.3840015748991137,2,1.1640215222396328,0.48826373878922125,7.720100488377586,5.9031566229241694e-15,0,-1,True,pareto_kept_polished,,
24,23,970,200,off_manifold_hop,35.99999999999966,36,0.6035945595265015,4,2.481578119986593,3,1.6360382208356052,0.659273309858343,5.023409209001884,4.0410386339949306e-15,1,24,True,pareto_kept_polished,,
20,23,844,673,exact_hop,35.999999999999545,36,1.0013549706976042,11,1.832451701534958,11,1.4863855711819915,0.8111458380796158,7.794621726752158,6.101613861387864e-15,5,24,True,pareto_kept_polished,,
13,23,567,78,off_manifold_hop,35.99999999999977,36,1.003145672548604,2,2.6762674536886215,3,1.6621887215329512,0.6210846824154308,4.0700255111035935,3.700394966407198e-15,4,24,True,pareto_kept_polished,,
25,23,985,951,exact_hop,34.999999999999545,35,1.000579074087304,2,2.3840015748991137,2,1.1640215222396328,0.48826373878922125,7.720100488377586,5.9031566229241694e-15,0,-1,True,frontier,,
24,23,970,200,off_manifold_hop,35.99999999999966,36,0.6035945595265015,4,2.481578119986593,3,1.6360382208356052,0.659273309858343,5.023409209001884,4.0410386339949306e-15,1,24,True,frontier,,
20,23,844,673,exact_hop,35.999999999999545,36,1.0013549706976042,11,1.832451701534958,11,1.4863855711819915,0.8111458380796158,7.794621726752158,6.101613861387864e-15,5,24,True,frontier,,
13,23,567,78,off_manifold_hop,35.99999999999977,36,1.003145672548604,2,2.6762674536886215,3,1.6621887215329512,0.6210846824154308,4.0700255111035935,3.700394966407198e-15,4,24,True,frontier,,
25,23,985,951,exact_hop,34.999999999999545,35,1.000579074087304,2,2.3840015748991137,2,1.1640215222396328,0.48826373878922125,7.720100488377586,5.9031566229241694e-15,1,25,True,expanded:genericity,,
24,23,970,200,off_manifold_hop,35.99999999999966,36,0.6035945595265015,4,2.481578119986593,3,1.6360382208356052,0.659273309858343,5.023409209001884,4.0410386339949306e-15,2,25,True,expanded:deletion,,
20,23,844,673,exact_hop,35.999999999999545,36,1.0013549706976042,11,1.832451701534958,11,1.4863855711819915,0.8111458380796158,7.794621726752158,6.101613861387864e-15,6,25,True,expanded:death,,
26,23,1029,985,wall:amplitude_wall,34.999999999999545,35,1.0129090344258112,14,3.6969418756820813,9,2.955016290015801,0.7993137001837779,7.675930875640915,4.677030884294433e-15,0,-1,True,pareto_kept_polished,,
24,23,970,200,off_manifold_hop,35.99999999999966,36,0.6035945595265015,4,2.4815781199865943,3,1.6360382208356052,0.6592733098583425,5.023409209001884,4.0410386339949306e-15,2,25,True,pareto_kept_polished,,
20,23,844,673,exact_hop,35.999999999999545,36,1.0013549706976042,11,1.832451701534958,11,1.4863855711819915,0.8111458380796158,7.794621726752158,6.101613861387864e-15,6,25,True,pareto_kept_polished,,
13,23,567,78,off_manifold_hop,35.99999999999977,36,1.003145672548604,2,2.6762674536886215,3,1.6621887215329512,0.6210846824154308,4.0700255111035935,3.700394966407198e-15,4,24,True,pareto_kept_polished,,
26,23,1029,985,wall:amplitude_wall,34.999999999999545,35,1.0129090344258112,14,3.6969418756820813,9,2.955016290015801,0.7993137001837779,7.675930875640915,4.677030884294433e-15,0,-1,True,frontier,,
24,23,970,200,off_manifold_hop,35.99999999999966,36,0.6035945595265015,4,2.4815781199865943,3,1.6360382208356052,0.6592733098583425,5.023409209001884,4.0410386339949306e-15,2,25,True,frontier,,
20,23,844,673,exact_hop,35.999999999999545,36,1.0013549706976042,11,1.832451701534958,11,1.4863855711819915,0.8111458380796158,7.794621726752158,6.101613861387864e-15,6,25,True,frontier,,
13,23,567,78,off_manifold_hop,35.99999999999977,36,1.003145672548604,2,2.6762674536886215,3,1.6621887215329512,0.6210846824154308,4.0700255111035935,3.700394966407198e-15,4,24,True,frontier,,
24,23,970,200,off_manifold_hop,35.99999999999966,36,0.6035945595265015,4,2.4815781199865943,3,1.6360382208356052,0.6592733098583425,5.023409209001884,4.0410386339949306e-15,2,25,False,full_delete_probe,1.0000993684418802,4
26,23,1029,985,wall:amplitude_wall,34.999999999999545,35,1.0129090344258112,14,3.6969418756820813,9,2.955016290015801,0.7993137001837779,7.675930875640915,4.677030884294433e-15,1,26,True,expanded:genericity,,
24,23,970,200,off_manifold_hop,35.99999999999966,36,0.6035945595265015,4,2.4815781199865943,3,1.6360382208356052,0.6592733098583425,5.023409209001884,4.0410386339949306e-15,3,26,True,expanded:deletion,,
20,23,844,673,exact_hop,35.999999999999545,36,1.0013549706976042,11,1.832451701534958,11,1.4863855711819915,0.8111458380796158,7.794621726752158,6.101613861387864e-15,7,26,True,expanded:death,,
27,23,1062,1029,off_manifold_hop,34.99999999999932,35,1.001777905244182,2,2.2429086535488696,2,1.3621957161087026,0.6073344600785912,7.844933135989976,7.336428445514234e-14,0,-1,True,pareto_kept_polished,,
24,23,970,200,off_manifold_hop,35.99999999999966,36,0.6035945595265015,4,2.4815781199865943,3,1.6360382208356052,0.6592733098583425,5.023409209001884,4.0410386339949306e-15,3,26,True,pareto_kept_polished,,
20,23,844,673,exact_hop,35.999999999999545,36,1.0013549706976042,11,1.832451701534958,11,1.4863855711819915,0.8111458380796158,7.794621726752158,6.101613861387864e-15,7,26,True,pareto_kept_polished,,
13,23,567,78,off_manifold_hop,35.99999999999977,36,1.003145672548604,2,2.6762674536886215,3,1.6621887215329512,0.6210846824154308,4.0700255111035935,3.700394966407198e-15,4,24,True,pareto_kept_polished,,
27,23,1062,1029,off_manifold_hop,34.99999999999932,35,1.001777905244182,2,2.2429086535488696,2,1.3621957161087026,0.6073344600785912,7.844933135989976,7.336428445514234e-14,0,-1,True,frontier,,
24,23,970,200,off_manifold_hop,35.99999999999966,36,0.6035945595265015,4,2.4815781199865943,3,1.6360382208356052,0.6592733098583425,5.023409209001884,4.0410386339949306e-15,3,26,True,frontier,,
20,23,844,673,exact_hop,35.999999999999545,36,1.0013549706976042,11,1.832451701534958,11,1.4863855711819915,0.8111458380796158,7.794621726752158,6.101613861387864e-15,7,26,True,frontier,,
13,23,567,78,off_manifold_hop,35.99999999999977,36,1.003145672548604,2,2.6762674536886215,3,1.6621887215329512,0.6210846824154308,4.0700255111035935,3.700394966407198e-15,4,24,True,frontier,,
27,23,1062,1029,off_manifold_hop,34.99999999999932,35,1.001777905244182,2,2.2429086535488696,2,1.3621957161087026,0.6073344600785912,7.844933135989976,7.336428445514234e-14,1,27,True,expanded:genericity,,
24,23,970,200,off_manifold_hop,35.99999999999966,36,0.6035945595265015,4,2.4815781199865943,3,1.6360382208356052,0.6592733098583425,5.023409209001884,4.0410386339949306e-15,4,27,True,expanded:deletion,,
20,23,844,673,exact_hop,35.999999999999545,36,1.0013549706976042,11,1.832451701534958,11,1.4863855711819915,0.8111458380796158,7.794621726752158,6.101613861387864e-15,8,27,True,expanded:death,,
13,23,567,78,off_manifold_hop,35.99999999999977,36,1.003145672548604,2,2.6762674536886215,3,1.6621887215329512,0.6210846824154308,4.0700255111035935,3.700394966407198e-15,5,27,True,expanded:explore,,
27,23,1062,1029,off_manifold_hop,34.99999999999932,35,1.001777905244182,2,2.2429086535488696,2,1.3621957161087026,0.6073344600785912,7.844933135989976,7.336887940954585e-14,1,27,True,pareto_kept_polished,,
24,23,970,200,off_manifold_hop,35.99999999999966,36,0.6035945595265015,4,2.4815781199865943,3,1.6360382208356052,0.6592733098583425,5.023409209001884,4.0410386339949306e-15,4,27,True,pareto_kept_polished,,
20,23,844,673,exact_hop,35.999999999999545,36,1.0013549706976042,11,1.832451701534958,11,1.4863855711819915,0.8111458380796158,7.794621726752158,6.101613861387864e-15,8,27,True,pareto_kept_polished,,
13,23,567,78,off_manifold_hop,35.99999999999977,36,1.003145672548604,2,2.6762674536886215,3,1.6621887215329512,0.6210846824154308,4.0700255111035935,3.700394966407198e-15,5,27,True,pareto_kept_polished,,
27,23,1062,1029,off_manifold_hop,34.99999999999932,35,1.001777905244182,2,2.2429086535488696,2,1.3621957161087026,0.6073344600785912,7.844933135989976,7.336887940954585e-14,1,27,True,frontier,,
24,23,970,200,off_manifold_hop,35.99999999999966,36,0.6035945595265015,4,2.4815781199865943,3,1.6360382208356052,0.6592733098583425,5.023409209001884,4.0410386339949306e-15,4,27,True,frontier,,
20,23,844,673,exact_hop,35.999999999999545,36,1.0013549706976042,11,1.832451701534958,11,1.4863855711819915,0.8111458380796158,7.794621726752158,6.101613861387864e-15,8,27,True,frontier,,
13,23,567,78,off_manifold_hop,35.99999999999977,36,1.003145672548604,2,2.6762674536886215,3,1.6621887215329512,0.6210846824154308,4.0700255111035935,3.700394966407198e-15,5,27,True,frontier,,
24,23,970,200,off_manifold_hop,35.99999999999966,36,0.6035945595265015,4,2.4815781199865943,3,1.6360382208356052,0.6592733098583425,5.023409209001884,4.0410386339949306e-15,4,27,False,full_delete_probe,1.0000453255722714,4
27,23,1062,1029,off_manifold_hop,34.99999999999932,35,1.001777905244182,2,2.2429086535488696,2,1.3621957161087026,0.6073344600785912,7.844933135989976,7.336887940954585e-14,2,28,True,expanded:genericity,,
24,23,970,200,off_manifold_hop,35.99999999999966,36,0.6035945595265015,4,2.4815781199865943,3,1.6360382208356052,0.6592733098583425,5.023409209001884,4.0410386339949306e-15,5,28,True,expanded:deletion,,
20,23,844,673,exact_hop,35.999999999999545,36,1.0013549706976042,11,1.832451701534958,11,1.4863855711819915,0.8111458380796158,7.794621726752158,6.101613861387864e-15,9,28,True,expanded:death,,
29,23,1134,1062,exact_hop,34.99999999999943,35,1.0011514158436952,2,2.1703078381489873,2,1.2812088456872974,0.5903350774330774,7.4733555505389075,6.455595117445333e-15,0,-1,True,pareto_kept_polished,,
24,23,970,200,off_manifold_hop,35.99999999999966,36,0.6035945595265015,4,2.4815781199865943,3,1.6360382208356052,0.6592733098583425,5.023409209001884,4.0410386339949306e-15,5,28,True,pareto_kept_polished,,
20,23,844,673,exact_hop,35.999999999999545,36,1.0013549706976042,11,1.832451701534958,11,1.4863855711819915,0.8111458380796158,7.794621726752158,6.101613861387864e-15,9,28,True,pareto_kept_polished,,
13,23,567,78,off_manifold_hop,35.99999999999977,36,1.003145672548604,2,2.6762674536886215,3,1.6621887215329512,0.6210846824154308,4.0700255111035935,3.700394966407198e-15,5,27,True,pareto_kept_polished,,
29,23,1134,1062,exact_hop,34.99999999999943,35,1.0011514158436952,2,2.1703078381489873,2,1.2812088456872974,0.5903350774330774,7.4733555505389075,6.455595117445333e-15,0,-1,True,frontier,,
24,23,970,200,off_manifold_hop,35.99999999999966,36,0.6035945595265015,4,2.4815781199865943,3,1.6360382208356052,0.6592733098583425,5.023409209001884,4.0410386339949306e-15,5,28,True,frontier,,
20,23,844,673,exact_hop,35.999999999999545,36,1.0013549706976042,11,1.832451701534958,11,1.4863855711819915,0.8111458380796158,7.794621726752158,6.101613861387864e-15,9,28,True,frontier,,
13,23,567,78,off_manifold_hop,35.99999999999977,36,1.003145672548604,2,2.6762674536886215,3,1.6621887215329512,0.6210846824154308,4.0700255111035935,3.700394966407198e-15,5,27,True,frontier,,
29,23,1134,1062,exact_hop,34.99999999999943,35,1.0011514158436952,2,2.1703078381489873,2,1.2812088456872974,0.5903350774330774,7.4733555505389075,6.455595117445333e-15,1,29,True,expanded:genericity,,
24,23,970,200,off_manifold_hop,35.99999999999966,36,0.6035945595265015,4,2.4815781199865943,3,1.6360382208356052,0.6592733098583425,5.023409209001884,4.0410386339949306e-15,6,29,True,expanded:deletion,,
20,23,844,673,exact_hop,35.999999999999545,36,1.0013549706976042,11,1.832451701534958,11,1.4863855711819915,0.8111458380796158,7.794621726752158,6.101613861387864e-15,10,29,True,expanded:death,,
30,23,1169,1134,exact_hop,34.999999999999545,35,1.002945294585145,6,2.410359528728482,2,1.3495045869098476,0.5598768859273625,7.866936339309195,5.766187678470708e-15,0,-1,True,pareto_kept_polished,,
24,23,970,200,off_manifold_hop,35.99999999999966,36,0.6035945595265015,4,2.4815781199865943,3,1.6360382208356052,0.6592733098583425,5.023409209001884,4.0410386339949306e-15,6,29,True,pareto_kept_polished,,
20,23,844,673,exact_hop,35.999999999999545,36,1.0013549706976042,11,1.832451701534958,11,1.4863855711819915,0.8111458380796158,7.794621726752158,6.101613861387864e-15,10,29,True,pareto_kept_polished,,
13,23,567,78,off_manifold_hop,35.99999999999977,36,1.003145672548604,2,2.6762674536886215,3,1.6621887215329512,0.6210846824154308,4.0700255111035935,3.700394966407198e-15,5,27,True,pareto_kept_polished,,
30,23,1169,1134,exact_hop,34.999999999999545,35,1.002945294585145,6,2.410359528728482,2,1.3495045869098476,0.5598768859273625,7.866936339309195,5.766187678470708e-15,0,-1,True,frontier,,
24,23,970,200,off_manifold_hop,35.99999999999966,36,0.6035945595265015,4,2.4815781199865943,3,1.6360382208356052,0.6592733098583425,5.023409209001884,4.0410386339949306e-15,6,29,True,frontier,,
20,23,844,673,exact_hop,35.999999999999545,36,1.0013549706976042,11,1.832451701534958,11,1.4863855711819915,0.8111458380796158,7.794621726752158,6.101613861387864e-15,10,29,True,frontier,,
13,23,567,78,off_manifold_hop,35.99999999999977,36,1.003145672548604,2,2.6762674536886215,3,1.6621887215329512,0.6210846824154308,4.0700255111035935,3.700394966407198e-15,5,27,True,frontier,,
24,23,970,200,off_manifold_hop,35.99999999999966,36,0.6035945595265015,4,2.4815781199865943,3,1.6360382208356052,0.6592733098583425,5.023409209001884,4.0410386339949306e-15,6,29,False,full_delete_probe,1.0000628753835732,4
30,23,1169,1134,exact_hop,34.999999999999545,35,1.002945294585145,6,2.410359528728482,2,1.3495045869098476,0.5598768859273625,7.866936339309195,5.766187678470708e-15,1,30,True,expanded:genericity,,
24,23,970,200,off_manifold_hop,35.99999999999966,36,0.6035945595265015,4,2.4815781199865943,3,1.6360382208356052,0.6592733098583425,5.023409209001884,4.0410386339949306e-15,7,30,True,expanded:deletion,,
20,23,844,673,exact_hop,35.999999999999545,36,1.0013549706976042,11,1.832451701534958,11,1.4863855711819915,0.8111458380796158,7.794621726752158,6.101613861387864e-15,11,30,True,expanded:death,,
13,23,567,78,off_manifold_hop,35.99999999999977,36,1.003145672548604,2,2.6762674536886215,3,1.6621887215329512,0.6210846824154308,4.0700255111035935,3.700394966407198e-15,6,30,True,expanded:explore,,
31,23,1197,1169,wall:amplitude_wall,34.999999999999545,35,1.0149098369799034,9,3.2698103809660832,8,2.5739744761273413,0.7871938052159607,7.755324652333894,7.107534496221436e-15,0,-1,True,pareto_kept_polished,,
24,23,970,200,off_manifold_hop,35.99999999999966,36,0.6035945595265015,4,2.4815781199865943,3,1.6360382208356052,0.6592733098583425,5.023409209001884,4.0410386339949306e-15,7,30,True,pareto_kept_polished,,
20,23,844,673,exact_hop,35.999999999999545,36,1.0013549706976042,11,1.832451701534958,11,1.4863855711819915,0.8111458380796158,7.794621726752158,6.101613861387864e-15,11,30,True,pareto_kept_polished,,
13,23,567,78,off_manifold_hop,35.99999999999977,36,1.003145672548604,2,2.6762674536886215,3,1.6621887215329512,0.6210846824154308,4.0700255111035935,3.700394966407198e-15,6,30,True,pareto_kept_polished,,
31,23,1197,1169,wall:amplitude_wall,34.999999999999545,35,1.0149098369799034,9,3.2698103809660832,8,2.5739744761273413,0.7871938052159607,7.755324652333894,7.107534496221436e-15,0,-1,True,frontier,,
24,23,970,200,off_manifold_hop,35.99999999999966,36,0.6035945595265015,4,2.4815781199865943,3,1.6360382208356052,0.6592733098583425,5.023409209001884,4.0410386339949306e-15,7,30,True,frontier,,
20,23,844,673,exact_hop,35.999999999999545,36,1.0013549706976042,11,1.832451701534958,11,1.4863855711819915,0.8111458380796158,7.794621726752158,6.101613861387864e-15,11,30,True,frontier,,
13,23,567,78,off_manifold_hop,35.99999999999977,36,1.003145672548604,2,2.6762674536886215,3,1.6621887215329512,0.6210846824154308,4.0700255111035935,3.700394966407198e-15,6,30,True,frontier,,
31,23,1197,1169,wall:amplitude_wall,34.999999999999545,35,1.0149098369799034,9,3.2698103809660832,8,2.5739744761273413,0.7871938052159607,7.755324652333894,7.107534496221436e-15,1,31,True,expanded:genericity,,
24,23,970,200,off_manifold_hop,35.99999999999966,36,0.6035945595265015,4,2.4815781199865943,3,1.6360382208356052,0.6592733098583425,5.023409209001884,4.0410386339949306e-15,8,31,True,expanded:deletion,,
20,23,844,673,exact_hop,35.999999999999545,36,1.0013549706976042,11,1.832451701534958,11,1.4863855711819915,0.8111458380796158,7.794621726752158,6.101613861387864e-15,12,31,True,expanded:death,,
32,23,1240,1197,off_manifold_hop,34.999999999999204,35,1.0033537480245065,6,2.719281442657497,2,1.2214999102880308,0.4491995168746801,7.8800590154407555,4.662752189428488e-14,0,-1,True,pareto_kept_polished,,
24,23,970,200,off_manifold_hop,35.99999999999966,36,0.6035945595265015,4,2.4815781199865943,3,1.6360382208356052,0.6592733098583425,5.023409209001884,4.0410386339949306e-15,8,31,True,pareto_kept_polished,,
20,23,844,673,exact_hop,35.999999999999545,36,1.0013549706976042,11,1.832451701534958,11,1.4863855711819915,0.8111458380796158,7.794621726752158,6.101613861387864e-15,12,31,True,pareto_kept_polished,,
13,23,567,78,off_manifold_hop,35.99999999999977,36,1.003145672548604,2,2.6762674536886215,3,1.6621887215329512,0.6210846824154308,4.0700255111035935,3.700394966407198e-15,6,30,True,pareto_kept_polished,,
32,23,1240,1197,off_manifold_hop,34.999999999999204,35,1.0033537480245065,6,2.719281442657497,2,1.2214999102880308,0.4491995168746801,7.8800590154407555,4.662752189428488e-14,0,-1,True,frontier,,
24,23,970,200,off_manifold_hop,35.99999999999966,36,0.6035945595265015,4,2.4815781199865943,3,1.6360382208356052,0.6592733098583425,5.023409209001884,4.0410386339949306e-15,8,31,True,frontier,,
20,23,844,673,exact_hop,35.999999999999545,36,1.0013549706976042,11,1.832451701534958,11,1.4863855711819915,0.8111458380796158,7.794621726752158,6.101613861387864e-15,12,31,True,frontier,,
13,23,567,78,off_manifold_hop,35.99999999999977,36,1.003145672548604,2,2.6762674536886215,3,1.6621887215329512,0.6210846824154308,4.0700255111035935,3.700394966407198e-15,6,30,True,frontier,,
24,23,970,200,off_manifold_hop,35.99999999999966,36,0.6035945595265015,4,2.4815781199865943,3,1.6360382208356052,0.6592733098583425,5.023409209001884,4.0410386339949306e-15,8,31,False,full_delete_probe,1.0012442040477976,4
32,23,1240,1197,off_manifold_hop,34.999999999999204,35,1.0033537480245065,6,2.719281442657497,2,1.2214999102880308,0.4491995168746801,7.8800590154407555,4.662752189428488e-14,1,32,True,expanded:genericity,,
24,23,970,200,off_manifold_hop,35.99999999999966,36,0.6035945595265015,4,2.4815781199865943,3,1.6360382208356052,0.6592733098583425,5.023409209001884,4.0410386339949306e-15,9,32,True,expanded:deletion,,
20,23,844,673,exact_hop,35.999999999999545,36,1.0013549706976042,11,1.832451701534958,11,1.4863855711819915,0.8111458380796158,7.794621726752158,6.101613861387864e-15,13,32,True,expanded:death,,
33,23,1268,1240,exact_hop,34.99999999999943,35,1.0025308792919392,2,1.873550068519754,2,1.4319109248684712,0.7642768394227056,7.583248911570406,5.836910940654641e-15,0,-1,True,pareto_kept_polished,,
24,23,970,200,off_manifold_hop,35.99999999999966,36,0.6035945595265015,4,2.4815781199865943,3,1.6360382208356052,0.6592733098583425,5.023409209001884,4.0410386339949306e-15,9,32,True,pareto_kept_polished,,
20,23,844,673,exact_hop,35.999999999999545,36,1.0013549706976042,11,1.832451701534958,11,1.4863855711819915,0.8111458380796158,7.794621726752158,6.101613861387864e-15,13,32,True,pareto_kept_polished,,
13,23,567,78,off_manifold_hop,35.99999999999977,36,1.003145672548604,2,2.6762674536886215,3,1.6621887215329512,0.6210846824154308,4.0700255111035935,3.700394966407198e-15,6,30,True,pareto_kept_polished,,
33,23,1268,1240,exact_hop,34.99999999999943,35,1.0025308792919392,2,1.873550068519754,2,1.4319109248684712,0.7642768394227056,7.583248911570406,5.836910940654641e-15,0,-1,True,frontier,,
24,23,970,200,off_manifold_hop,35.99999999999966,36,0.6035945595265015,4,2.4815781199865943,3,1.6360382208356052,0.6592733098583425,5.023409209001884,4.0410386339949306e-15,9,32,True,frontier,,
20,23,844,673,exact_hop,35.999999999999545,36,1.0013549706976042,11,1.832451701534958,11,1.4863855711819915,0.8111458380796158,7.794621726752158,6.101613861387864e-15,13,32,True,frontier,,
13,23,567,78,off_manifold_hop,35.99999999999977,36,1.003145672548604,2,2.6762674536886215,3,1.6621887215329512,0.6210846824154308,4.0700255111035935,3.700394966407198e-15,6,30,True,frontier,,
33,23,1268,1240,exact_hop,34.99999999999943,35,1.0025308792919392,2,1.873550068519754,2,1.4319109248684712,0.7642768394227056,7.583248911570406,5.836910940654641e-15,1,33,True,expanded:genericity,,
24,23,970,200,off_manifold_hop,35.99999999999966,36,0.6035945595265015,4,2.4815781199865943,3,1.6360382208356052,0.6592733098583425,5.023409209001884,4.0410386339949306e-15,10,33,True,expanded:deletion,,
20,23,844,673,exact_hop,35.999999999999545,36,1.0013549706976042,11,1.832451701534958,11,1.4863855711819915,0.8111458380796158,7.794621726752158,6.101613861387864e-15,14,33,True,expanded:death,,
13,23,567,78,off_manifold_hop,35.99999999999977,36,1.003145672548604,2,2.6762674536886215,3,1.6621887215329512,0.6210846824154308,4.0700255111035935,3.700394966407198e-15,7,33,True,expanded:explore,,
34,23,1299,1268,off_manifold_hop,34.99999999999977,35,1.0024610798418223,6,2.5951868415034323,2,1.2378986165837877,0.4769978780667113,7.132422542959122,5.71829763037353e-15,0,-1,True,pareto_kept_polished,,
24,23,970,200,off_manifold_hop,35.99999999999966,36,0.6035945595265015,4,2.4815781199865943,3,1.6360382208356052,0.6592733098583425,5.023409209001884,4.0410386339949306e-15,10,33,True,pareto_kept_polished,,
34,23,1320,844,exact_hop,35.99999999999966,36,1.0014136727533087,11,1.8281057563953167,11,1.3650364674439919,0.7466944746870602,7.982263499731297,6.1194616124858584e-15,0,-1,True,pareto_kept_polished,,
13,23,567,78,off_manifold_hop,35.99999999999977,36,1.003145672548604,2,2.6762674536886215,3,1.6621887215329512,0.6210846824154308,4.0700255111035935,3.700394966407198e-15,7,33,True,pareto_kept_polished,,
34,23,1299,1268,off_manifold_hop,34.99999999999977,35,1.0024610798418223,6,2.5951868415034323,2,1.2378986165837877,0.4769978780667113,7.132422542959122,5.71829763037353e-15,0,-1,True,frontier,,
24,23,970,200,off_manifold_hop,35.99999999999966,36,0.6035945595265015,4,2.4815781199865943,3,1.6360382208356052,0.6592733098583425,5.023409209001884,4.0410386339949306e-15,10,33,True,frontier,,
34,23,1320,844,exact_hop,35.99999999999966,36,1.0014136727533087,11,1.8281057563953167,11,1.3650364674439919,0.7466944746870602,7.982263499731297,6.1194616124858584e-15,0,-1,True,frontier,,
13,23,567,78,off_manifold_hop,35.99999999999977,36,1.003145672548604,2,2.6762674536886215,3,1.6621887215329512,0.6210846824154308,4.0700255111035935,3.700394966407198e-15,7,33,True,frontier,,
24,23,970,200,off_manifold_hop,35.99999999999966,36,0.6035945595265015,4,2.4815781199865943,3,1.6360382208356052,0.6592733098583425,5.023409209001884,4.0410386339949306e-15,10,33,False,full_delete_probe,1.0000621219352037,4
34,23,1299,1268,off_manifold_hop,34.99999999999977,35,1.0024610798418223,6,2.5951868415034323,2,1.2378986165837877,0.4769978780667113,7.132422542959122,5.71829763037353e-15,1,34,True,expanded:genericity,,
24,23,970,200,off_manifold_hop,35.99999999999966,36,0.6035945595265015,4,2.4815781199865943,3,1.6360382208356052,0.6592733098583425,5.023409209001884,4.0410386339949306e-15,11,34,True,expanded:deletion,,
34,23,1320,844,exact_hop,35.99999999999966,36,1.0014136727533087,11,1.8281057563953167,11,1.3650364674439919,0.7466944746870602,7.982263499731297,6.1194616124858584e-15,1,34,True,expanded:death,,
35,23,1341,1299,exact_hop,34.99999999999977,35,1.0028044205721414,2,2.177716440016521,2,1.3455026589969041,0.6178502555579258,7.580582012075148,6.4810996052601975e-15,0,-1,True,pareto_kept_polished,,
24,23,970,200,off_manifold_hop,35.99999999999966,36,0.6035945595265015,4,2.4815781199865943,3,1.6360382208356052,0.6592733098583425,5.023409209001884,4.0410386339949306e-15,11,34,True,pareto_kept_polished,,
34,23,1320,844,exact_hop,35.99999999999966,36,1.0014136727533087,11,1.8281057563953171,11,1.3650364674439919,0.7466944746870601,7.982263499731297,6.175700970035656e-15,1,34,True,pareto_kept_polished,,
13,23,567,78,off_manifold_hop,35.99999999999977,36,1.003145672548604,2,2.6762674536886215,3,1.6621887215329512,0.6210846824154308,4.0700255111035935,3.700394966407198e-15,7,33,True,pareto_kept_polished,,
35,23,1341,1299,exact_hop,34.99999999999977,35,1.0028044205721414,2,2.177716440016521,2,1.3455026589969041,0.6178502555579258,7.580582012075148,6.4810996052601975e-15,0,-1,True,frontier,,
24,23,970,200,off_manifold_hop,35.99999999999966,36,0.6035945595265015,4,2.4815781199865943,3,1.6360382208356052,0.6592733098583425,5.023409209001884,4.0410386339949306e-15,11,34,True,frontier,,
34,23,1320,844,exact_hop,35.99999999999966,36,1.0014136727533087,11,1.8281057563953171,11,1.3650364674439919,0.7466944746870601,7.982263499731297,6.175700970035656e-15,1,34,True,frontier,,
13,23,567,78,off_manifold_hop,35.99999999999977,36,1.003145672548604,2,2.6762674536886215,3,1.6621887215329512,0.6210846824154308,4.0700255111035935,3.700394966407198e-15,7,33,True,frontier,,
35,23,1341,1299,exact_hop,34.99999999999977,35,1.0028044205721414,2,2.177716440016521,2,1.3455026589969041,0.6178502555579258,7.580582012075148,6.4810996052601975e-15,1,35,True,expanded:genericity,,
24,23,970,200,off_manifold_hop,35.99999999999966,36,0.6035945595265015,4,2.4815781199865943,3,1.6360382208356052,0.6592733098583425,5.023409209001884,4.0410386339949306e-15,12,35,True,expanded:deletion,,
34,23,1320,844,exact_hop,35.99999999999966,36,1.0014136727533087,11,1.8281057563953171,11,1.3650364674439919,0.7466944746870601,7.982263499731297,6.175700970035656e-15,2,35,True,expanded:death,,
36,23,1370,1341,exact_hop,34.999999999999545,35,1.0055812671854831,6,2.2946949652733077,2,1.7012231699121423,0.7413722501934018,7.382196587172499,5.555161705504661e-15,0,-1,True,pareto_kept_polished,,
24,23,970,200,off_manifold_hop,35.99999999999966,36,0.6035945595265015,4,2.4815781199865943,3,1.6360382208356052,0.6592733098583425,5.023409209001884,4.0410386339949306e-15,12,35,True,pareto_kept_polished,,
34,23,1320,844,exact_hop,35.99999999999977,36,1.0014136727533087,11,1.8281057563953167,11,1.3650364674439919,0.7466944746870602,7.982263499731297,6.193511992508291e-15,2,35,True,pareto_kept_polished,,
13,23,567,78,off_manifold_hop,35.99999999999977,36,1.003145672548604,2,2.6762674536886215,3,1.6621887215329512,0.6210846824154308,4.0700255111035935,3.700394966407198e-15,7,33,True,pareto_kept_polished,,
36,23,1370,1341,exact_hop,34.999999999999545,35,1.0055812671854831,6,2.2946949652733077,2,1.7012231699121423,0.7413722501934018,7.382196587172499,5.555161705504661e-15,0,-1,True,frontier,,
24,23,970,200,off_manifold_hop,35.99999999999966,36,0.6035945595265015,4,2.4815781199865943,3,1.6360382208356052,0.6592733098583425,5.023409209001884,4.0410386339949306e-15,12,35,True,frontier,,
34,23,1320,844,exact_hop,35.99999999999977,36,1.0014136727533087,11,1.8281057563953167,11,1.3650364674439919,0.7466944746870602,7.982263499731297,6.193511992508291e-15,2,35,True,frontier,,
13,23,567,78,off_manifold_hop,35.99999999999977,36,1.003145672548604,2,2.6762674536886215,3,1.6621887215329512,0.6210846824154308,4.0700255111035935,3.700394966407198e-15,7,33,True,frontier,,
24,23,970,200,off_manifold_hop,35.99999999999966,36,0.6035945595265015,4,2.4815781199865943,3,1.6360382208356052,0.6592733098583425,5.023409209001884,4.0410386339949306e-15,12,35,False,full_delete_probe,1.000225233245859,4
36,23,1370,1341,exact_hop,34.999999999999545,35,1.0055812671854831,6,2.2946949652733077,2,1.7012231699121423,0.7413722501934018,7.382196587172499,5.555161705504661e-15,1,36,True,expanded:genericity,,
24,23,970,200,off_manifold_hop,35.99999999999966,36,0.6035945595265015,4,2.4815781199865943,3,1.6360382208356052,0.6592733098583425,5.023409209001884,4.0410386339949306e-15,13,36,True,expanded:deletion,,
34,23,1320,844,exact_hop,35.99999999999977,36,1.0014136727533087,11,1.8281057563953167,11,1.3650364674439919,0.7466944746870602,7.982263499731297,6.193511992508291e-15,3,36,True,expanded:death,,
13,23,567,78,off_manifold_hop,35.99999999999977,36,1.003145672548604,2,2.6762674536886215,3,1.6621887215329512,0.6210846824154308,4.0700255111035935,3.700394966407198e-15,8,36,True,expanded:explore,,
37,23,1402,1370,exact_hop,34.99999999999966,35,1.0037192819630172,2,2.5711935888289577,2,1.1973607371165826,0.4656828417427398,7.5805807077283855,5.793050747159812e-15,0,-1,True,pareto_kept_polished,,
24,23,970,200,off_manifold_hop,35.99999999999966,36,0.6035945595265015,4,2.4815781199865943,3,1.6360382208356052,0.6592733098583425,5.023409209001884,4.0410386339949306e-15,13,36,True,pareto_kept_polished,,
34,23,1320,844,exact_hop,35.99999999999966,36,1.0014136727533087,11,1.8281057563953174,11,1.3650364674439919,0.74669447468706,7.982263499731297,6.17759934583312e-15,3,36,True,pareto_kept_polished,,
13,23,567,78,off_manifold_hop,35.99999999999977,36,1.003145672548604,2,2.6762674536886215,3,1.6621887215329512,0.6210846824154308,4.0700255111035935,3.700394966407198e-15,8,36,True,pareto_kept_polished,,
37,23,1402,1370,exact_hop,34.99999999999966,35,1.0037192819630172,2,2.5711935888289577,2,1.1973607371165826,0.4656828417427398,7.5805807077283855,5.793050747159812e-15,0,-1,True,frontier,,
24,23,970,200,off_manifold_hop,35.99999999999966,36,0.6035945595265015,4,2.4815781199865943,3,1.6360382208356052,0.6592733098583425,5.023409209001884,4.0410386339949306e-15,13,36,True,frontier,,
34,23,1320,844,exact_hop,35.99999999999966,36,1.0014136727533087,11,1.8281057563953174,11,1.3650364674439919,0.74669447468706,7.982263499731297,6.17759934583312e-15,3,36,True,frontier,,
13,23,567,78,off_manifold_hop,35.99999999999977,36,1.003145672548604,2,2.6762674536886215,3,1.6621887215329512,0.6210846824154308,4.0700255111035935,3.700394966407198e-15,8,36,True,frontier,,
37,23,1402,1370,exact_hop,34.99999999999966,35,1.0037192819630172,2,2.5711935888289577,2,1.1973607371165826,0.4656828417427398,7.5805807077283855,5.793050747159812e-15,1,37,True,expanded:genericity,,
24,23,970,200,off_manifold_hop,35.99999999999966,36,0.6035945595265015,4,2.4815781199865943,3,1.6360382208356052,0.6592733098583425,5.023409209001884,4.0410386339949306e-15,14,37,True,expanded:deletion,,
34,23,1320,844,exact_hop,35.99999999999966,36,1.0014136727533087,11,1.8281057563953174,11,1.3650364674439919,0.74669447468706,7.982263499731297,6.17759934583312e-15,4,37,True,expanded:death,,
38,23,1448,1402,off_manifold_hop,34.999999999999545,35,1.0025836225807503,6,2.1788952501941816,2,1.2761607905129124,0.5856916666366507,7.937924532148226,6.644104431244289e-15,0,-1,True,pareto_kept_polished,,
24,23,970,200,off_manifold_hop,35.99999999999966,36,0.6035945595265015,4,2.4815781199865943,3,1.6360382208356052,0.6592733098583425,5.023409209001884,4.0410386339949306e-15,14,37,True,pareto_kept_polished,,
34,23,1320,844,exact_hop,35.99999999999966,36,1.0014136727533087,11,1.828105756395319,11,1.3650364674439919,0.7466944746870593,7.982263499731297,6.213398464834945e-15,4,37,True,pareto_kept_polished,,
13,23,567,78,off_manifold_hop,35.99999999999977,36,1.003145672548604,2,2.6762674536886215,3,1.6621887215329512,0.6210846824154308,4.0700255111035935,3.700394966407198e-15,8,36,True,pareto_kept_polished,,
38,23,1448,1402,off_manifold_hop,34.999999999999545,35,1.0025836225807503,6,2.1788952501941816,2,1.2761607905129124,0.5856916666366507,7.937924532148226,6.644104431244289e-15,0,-1,True,frontier,,
24,23,970,200,off_manifold_hop,35.99999999999966,36,0.6035945595265015,4,2.4815781199865943,3,1.6360382208356052,0.6592733098583425,5.023409209001884,4.0410386339949306e-15,14,37,True,frontier,,
34,23,1320,844,exact_hop,35.99999999999966,36,1.0014136727533087,11,1.828105756395319,11,1.3650364674439919,0.7466944746870593,7.982263499731297,6.213398464834945e-15,4,37,True,frontier,,
13,23,567,78,off_manifold_hop,35.99999999999977,36,1.003145672548604,2,2.6762674536886215,3,1.6621887215329512,0.6210846824154308,4.0700255111035935,3.700394966407198e-15,8,36,True,frontier,,
24,23,970,200,off_manifold_hop,35.99999999999966,36,0.6035945595265015,4,2.4815781199865943,3,1.6360382208356052,0.6592733098583425,5.023409209001884,4.0410386339949306e-15,14,37,False,full_delete_probe,1.0019766685873204,4
38,23,1448,1402,off_manifold_hop,34.999999999999545,35,1.0025836225807503,6,2.1788952501941816,2,1.2761607905129124,0.5856916666366507,7.937924532148226,6.644104431244289e-15,1,38,True,expanded:genericity,,
24,23,970,200,off_manifold_hop,35.99999999999966,36,0.6035945595265015,4,2.4815781199865943,3,1.6360382208356052,0.6592733098583425,5.023409209001884,4.0410386339949306e-15,15,38,True,expanded:deletion,,
34,23,1320,844,exact_hop,35.99999999999966,36,1.0014136727533087,11,1.828105756395319,11,1.3650364674439919,0.7466944746870593,7.982263499731297,6.213398464834945e-15,5,38,True,expanded:death,,
39,23,1472,1448,off_manifold_hop,34.999999999998295,35,1.0021451833758872,2,2.1518527213299063,2,1.5563230919807036,0.7232479604918555,7.889200029217462,9.230540274370246e-14,0,-1,True,pareto_kept_polished,,
24,23,970,200,off_manifold_hop,35.99999999999966,36,0.6035945595265015,4,2.4815781199865943,3,1.6360382208356052,0.6592733098583425,5.023409209001884,4.0410386339949306e-15,15,38,True,pareto_kept_polished,,
34,23,1320,844,exact_hop,35.99999999999966,36,1.0014136727533087,11,1.8281057563953171,11,1.3650364674439919,0.7466944746870601,7.982263499731297,6.185747233885803e-15,5,38,True,pareto_kept_polished,,
13,23,567,78,off_manifold_hop,35.99999999999977,36,1.003145672548604,2,2.6762674536886215,3,1.6621887215329512,0.6210846824154308,4.0700255111035935,3.700394966407198e-15,8,36,True,pareto_kept_polished,,
39,23,1472,1448,off_manifold_hop,34.999999999998295,35,1.0021451833758872,2,2.1518527213299063,2,1.5563230919807036,0.7232479604918555,7.889200029217462,9.230540274370246e-14,0,-1,True,frontier,,
24,23,970,200,off_manifold_hop,35.99999999999966,36,0.6035945595265015,4,2.4815781199865943,3,1.6360382208356052,0.6592733098583425,5.023409209001884,4.0410386339949306e-15,15,38,True,frontier,,
34,23,1320,844,exact_hop,35.99999999999966,36,1.0014136727533087,11,1.8281057563953171,11,1.3650364674439919,0.7466944746870601,7.982263499731297,6.185747233885803e-15,5,38,True,frontier,,
13,23,567,78,off_manifold_hop,35.99999999999977,36,1.003145672548604,2,2.6762674536886215,3,1.6621887215329512,0.6210846824154308,4.0700255111035935,3.700394966407198e-15,8,36,True,frontier,,
39,23,1472,1448,off_manifold_hop,34.999999999998295,35,1.0021451833758872,2,2.1518527213299063,2,1.5563230919807036,0.7232479604918555,7.889200029217462,9.230540274370246e-14,1,39,True,expanded:genericity,,
24,23,970,200,off_manifold_hop,35.99999999999966,36,0.6035945595265015,4,2.4815781199865943,3,1.6360382208356052,0.6592733098583425,5.023409209001884,4.0410386339949306e-15,16,39,True,expanded:deletion,,
34,23,1320,844,exact_hop,35.99999999999966,36,1.0014136727533087,11,1.8281057563953171,11,1.3650364674439919,0.7466944746870601,7.982263499731297,6.185747233885803e-15,6,39,True,expanded:death,,
13,23,567,78,off_manifold_hop,35.99999999999977,36,1.003145672548604,2,2.6762674536886215,3,1.6621887215329512,0.6210846824154308,4.0700255111035935,3.700394966407198e-15,9,39,True,expanded:explore,,
40,23,1495,1472,off_manifold_hop,35.0,35,1.0043504452113161,2,1.9706026877796932,2,1.6065798928039037,0.8152733692929551,7.915239664042766,5.7502602321391025e-15,0,-1,True,pareto_kept_polished,,
24,23,970,200,off_manifold_hop,35.99999999999966,36,0.6035945595265015,4,2.4815781199865943,3,1.6360382208356052,0.6592733098583425,5.023409209001884,4.0410386339949306e-15,16,39,True,pareto_kept_polished,,
34,23,1320,844,exact_hop,35.99999999999966,36,1.0014136727533087,11,1.8281057563953167,11,1.3650364674439919,0.7466944746870602,7.982263499731297,6.254754841939654e-15,6,39,True,pareto_kept_polished,,
13,23,567,78,off_manifold_hop,35.99999999999977,36,1.003145672548604,2,2.6762674536886215,3,1.6621887215329512,0.6210846824154308,4.0700255111035935,3.700394966407198e-15,9,39,True,pareto_kept_polished,,
40,23,1495,1472,off_manifold_hop,35.0,35,1.0043504452113161,2,1.9706026877796932,2,1.6065798928039037,0.8152733692929551,7.915239664042766,5.7502602321391025e-15,0,-1,True,frontier,,
24,23,970,200,off_manifold_hop,35.99999999999966,36,0.6035945595265015,4,2.4815781199865943,3,1.6360382208356052,0.6592733098583425,5.023409209001884,4.0410386339949306e-15,16,39,True,frontier,,
34,23,1320,844,exact_hop,35.99999999999966,36,1.0014136727533087,11,1.8281057563953167,11,1.3650364674439919,0.7466944746870602,7.982263499731297,6.254754841939654e-15,6,39,True,frontier,,
13,23,567,78,off_manifold_hop,35.99999999999977,36,1.003145672548604,2,2.6762674536886215,3,1.6621887215329512,0.6210846824154308,4.0700255111035935,3.700394966407198e-15,9,39,True,frontier,,
24,23,970,200,off_manifold_hop,35.99999999999966,36,0.6035945595265015,4,2.4815781199865943,3,1.6360382208356052,0.6592733098583425,5.023409209001884,4.0410386339949306e-15,16,39,False,full_delete_probe,1.000068560190897,4
40,23,1495,1472,off_manifold_hop,35.0,35,1.0043504452113161,2,1.9706026877796932,2,1.6065798928039037,0.8152733692929551,7.915239664042766,5.7502602321391025e-15,1,40,True,expanded:genericity,,
24,23,970,200,off_manifold_hop,35.99999999999966,36,0.6035945595265015,4,2.4815781199865943,3,1.6360382208356052,0.6592733098583425,5.023409209001884,4.0410386339949306e-15,17,40,True,expanded:deletion,,
34,23,1320,844,exact_hop,35.99999999999966,36,1.0014136727533087,11,1.8281057563953167,11,1.3650364674439919,0.7466944746870602,7.982263499731297,6.254754841939654e-15,7,40,True,expanded:death,,
41,23,1536,1495,off_manifold_hop,34.999999999999545,35,1.0021045054742295,2,1.9415030503642579,2,1.4962968048731193,0.7706899067670223,7.594071209240111,7.777436148095977e-15,0,-1,True,pareto_kept_polished,,
24,23,970,200,off_manifold_hop,35.99999999999966,36,0.6035945595265015,4,2.4815781199865943,3,1.6360382208356052,0.6592733098583425,5.023409209001884,4.0410386339949306e-15,17,40,True,pareto_kept_polished,,
34,23,1320,844,exact_hop,35.99999999999966,36,1.0014136727533087,11,1.8281057563953163,11,1.3650364674439919,0.7466944746870604,7.982263499731297,6.2015838994530206e-15,7,40,True,pareto_kept_polished,,
13,23,567,78,off_manifold_hop,35.99999999999977,36,1.003145672548604,2,2.6762674536886215,3,1.6621887215329512,0.6210846824154308,4.0700255111035935,3.700394966407198e-15,9,39,True,pareto_kept_polished,,
41,23,1536,1495,off_manifold_hop,34.999999999999545,35,1.0021045054742295,2,1.9415030503642579,2,1.4962968048731193,0.7706899067670223,7.594071209240111,7.777436148095977e-15,0,-1,True,frontier,,
24,23,970,200,off_manifold_hop,35.99999999999966,36,0.6035945595265015,4,2.4815781199865943,3,1.6360382208356052,0.6592733098583425,5.023409209001884,4.0410386339949306e-15,17,40,True,frontier,,
34,23,1320,844,exact_hop,35.99999999999966,36,1.0014136727533087,11,1.8281057563953163,11,1.3650364674439919,0.7466944746870604,7.982263499731297,6.2015838994530206e-15,7,40,True,frontier,,
13,23,567,78,off_manifold_hop,35.99999999999977,36,1.003145672548604,2,2.6762674536886215,3,1.6621887215329512,0.6210846824154308,4.0700255111035935,3.700394966407198e-15,9,39,True,frontier,,
41,23,1536,1495,off_manifold_hop,34.999999999999545,35,1.0021045054742295,2,1.9415030503642579,2,1.4962968048731193,0.7706899067670223,7.594071209240111,7.777436148095977e-15,1,41,True,expanded:genericity,,
24,23,970,200,off_manifold_hop,35.99999999999966,36,0.6035945595265015,4,2.4815781199865943,3,1.6360382208356052,0.6592733098583425,5.023409209001884,4.0410386339949306e-15,18,41,True,expanded:deletion,,
34,23,1320,844,exact_hop,35.99999999999966,36,1.0014136727533087,11,1.8281057563953163,11,1.3650364674439919,0.7466944746870604,7.982263499731297,6.2015838994530206e-15,8,41,True,expanded:death,,
41,23,1536,1495,off_manifold_hop,34.999999999999545,35,1.0021045054742295,2,1.9415030503642596,2,1.4962968048731193,0.7706899067670216,7.594071209240111,7.86756941336883e-15,1,41,True,pareto_kept_polished,,
24,23,970,200,off_manifold_hop,35.99999999999966,36,0.6035945595265015,4,2.4815781199865943,3,1.6360382208356052,0.6592733098583425,5.023409209001884,4.0410386339949306e-15,18,41,True,pareto_kept_polished,,
34,23,1320,844,exact_hop,35.99999999999966,36,1.0014136727533087,11,1.8281057563953187,11,1.3650364674439919,0.7466944746870594,7.982263499731297,6.263802909385146e-15,8,41,True,pareto_kept_polished,,
13,23,567,78,off_manifold_hop,35.99999999999977,36,1.003145672548604,2,2.6762674536886215,3,1.6621887215329512,0.6210846824154308,4.0700255111035935,3.700394966407198e-15,9,39,True,pareto_kept_polished,,
41,23,1536,1495,off_manifold_hop,34.999999999999545,35,1.0021045054742295,2,1.9415030503642596,2,1.4962968048731193,0.7706899067670216,7.594071209240111,7.86756941336883e-15,1,41,True,frontier,,
24,23,970,200,off_manifold_hop,35.99999999999966,36,0.6035945595265015,4,2.4815781199865943,3,1.6360382208356052,0.6592733098583425,5.023409209001884,4.0410386339949306e-15,18,41,True,frontier,,
34,23,1320,844,exact_hop,35.99999999999966,36,1.0014136727533087,11,1.8281057563953187,11,1.3650364674439919,0.7466944746870594,7.982263499731297,6.263802909385146e-15,8,41,True,frontier,,
13,23,567,78,off_manifold_hop,35.99999999999977,36,1.003145672548604,2,2.6762674536886215,3,1.6621887215329512,0.6210846824154308,4.0700255111035935,3.700394966407198e-15,9,39,True,frontier,,
24,23,970,200,off_manifold_hop,35.99999999999966,36,0.6035945595265015,4,2.4815781199865943,3,1.6360382208356052,0.6592733098583425,5.023409209001884,4.0410386339949306e-15,18,41,False,full_delete_probe,1.0063613780720646,4
41,23,1536,1495,off_manifold_hop,34.999999999999545,35,1.0021045054742295,2,1.9415030503642596,2,1.4962968048731193,0.7706899067670216,7.594071209240111,7.86756941336883e-15,2,42,True,expanded:genericity,,
24,23,970,200,off_manifold_hop,35.99999999999966,36,0.6035945595265015,4,2.4815781199865943,3,1.6360382208356052,0.6592733098583425,5.023409209001884,4.0410386339949306e-15,19,42,True,expanded:deletion,,
34,23,1320,844,exact_hop,35.99999999999966,36,1.0014136727533087,11,1.8281057563953187,11,1.3650364674439919,0.7466944746870594,7.982263499731297,6.263802909385146e-15,9,42,True,expanded:death,,
13,23,567,78,off_manifold_hop,35.99999999999977,36,1.003145672548604,2,2.6762674536886215,3,1.6621887215329512,0.6210846824154308,4.0700255111035935,3.700394966407198e-15,10,42,True,expanded:explore,,
41,23,1536,1495,off_manifold_hop,34.99999999999966,35,1.0021045054742295,2,1.9415030503642587,2,1.4962968048731193,0.770689906767022,7.594071209240111,7.79876623325936e-15,2,42,True,pareto_kept_polished,,
24,23,970,200,off_manifold_hop,35.99999999999966,36,0.6035945595265015,4,2.4815781199865943,3,1.6360382208356052,0.6592733098583425,5.023409209001884,4.0410386339949306e-15,19,42,True,pareto_kept_polished,,
34,23,1320,844,exact_hop,35.99999999999966,36,1.0014136727533087,11,1.8281057563953165,11,1.3650364674439919,0.7466944746870603,7.982263499731297,6.2427138970378156e-15,9,42,True,pareto_kept_polished,,
13,23,567,78,off_manifold_hop,35.99999999999977,36,1.003145672548604,2,2.6762674536886215,3,1.6621887215329512,0.6210846824154308,4.0700255111035935,3.700394966407198e-15,10,42,True,pareto_kept_polished,,
41,23,1536,1495,off_manifold_hop,34.99999999999966,35,1.0021045054742295,2,1.9415030503642587,2,1.4962968048731193,0.770689906767022,7.594071209240111,7.79876623325936e-15,2,42,True,frontier,,
24,23,970,200,off_manifold_hop,35.99999999999966,36,0.6035945595265015,4,2.4815781199865943,3,1.6360382208356052,0.6592733098583425,5.023409209001884,4.0410386339949306e-15,19,42,True,frontier,,
34,23,1320,844,exact_hop,35.99999999999966,36,1.0014136727533087,11,1.8281057563953165,11,1.3650364674439919,0.7466944746870603,7.982263499731297,6.2427138970378156e-15,9,42,True,frontier,,
13,23,567,78,off_manifold_hop,35.99999999999977,36,1.003145672548604,2,2.6762674536886215,3,1.6621887215329512,0.6210846824154308,4.0700255111035935,3.700394966407198e-15,10,42,True,frontier,,
41,23,1536,1495,off_manifold_hop,34.99999999999966,35,1.0021045054742295,2,1.9415030503642587,2,1.4962968048731193,0.770689906767022,7.594071209240111,7.79876623325936e-15,3,43,True,expanded:genericity,,
24,23,970,200,off_manifold_hop,35.99999999999966,36,0.6035945595265015,4,2.4815781199865943,3,1.6360382208356052,0.6592733098583425,5.023409209001884,4.0410386339949306e-15,20,43,True,expanded:deletion,,
34,23,1320,844,exact_hop,35.99999999999966,36,1.0014136727533087,11,1.8281057563953165,11,1.3650364674439919,0.7466944746870603,7.982263499731297,6.2427138970378156e-15,10,43,True,expanded:death,,
44,23,1630,1536,off_manifold_hop,34.99999999999977,35,0.8692989076676516,22,2.373498218818998,6,1.4620897511267505,0.6160062558859872,7.807646896337136,5.203724410113225e-15,0,-1,True,pareto_kept_polished,,
24,23,970,200,off_manifold_hop,35.99999999999966,36,0.6035945595265015,4,2.4815781199865943,3,1.6360382208356052,0.6592733098583425,5.023409209001884,4.0410386339949306e-15,20,43,True,pareto_kept_polished,,
34,23,1320,844,exact_hop,35.99999999999966,36,1.0014136727533087,11,1.8281057563953187,11,1.3650364674439919,0.7466944746870594,7.982263499731297,6.276837834524422e-15,10,43,True,pareto_kept_polished,,
13,23,567,78,off_manifold_hop,35.99999999999977,36,1.003145672548604,2,2.6762674536886215,3,1.6621887215329512,0.6210846824154308,4.0700255111035935,3.700394966407198e-15,10,42,True,pareto_kept_polished,,
44,23,1630,1536,off_manifold_hop,34.99999999999977,35,0.8692989076676516,22,2.373498218818998,6,1.4620897511267505,0.6160062558859872,7.807646896337136,5.203724410113225e-15,0,-1,True,frontier,,
24,23,970,200,off_manifold_hop,35.99999999999966,36,0.6035945595265015,4,2.4815781199865943,3,1.6360382208356052,0.6592733098583425,5.023409209001884,4.0410386339949306e-15,20,43,True,frontier,,
34,23,1320,844,exact_hop,35.99999999999966,36,1.0014136727533087,11,1.8281057563953187,11,1.3650364674439919,0.7466944746870594,7.982263499731297,6.276837834524422e-15,10,43,True,frontier,,
13,23,567,78,off_manifold_hop,35.99999999999977,36,1.003145672548604,2,2.6762674536886215,3,1.6621887215329512,0.6210846824154308,4.0700255111035935,3.700394966407198e-15,10,42,True,frontier,,
24,23,970,200,off_manifold_hop,35.99999999999966,36,0.6035945595265015,4,2.4815781199865943,3,1.6360382208356052,0.6592733098583425,5.023409209001884,4.0410386339949306e-15,20,43,False,full_delete_probe,1.00047932042489,4
44,23,1630,1536,off_manifold_hop,34.99999999999977,35,0.8692989076676516,22,2.373498218818998,6,1.4620897511267505,0.6160062558859872,7.807646896337136,5.203724410113225e-15,1,44,True,expanded:genericity,,
24,23,970,200,off_manifold_hop,35.99999999999966,36,0.6035945595265015,4,2.4815781199865943,3,1.6360382208356052,0.6592733098583425,5.023409209001884,4.0410386339949306e-15,21,44,True,expanded:deletion,,
34,23,1320,844,exact_hop,35.99999999999966,36,1.0014136727533087,11,1.8281057563953187,11,1.3650364674439919,0.7466944746870594,7.982263499731297,6.276837834524422e-15,11,44,True,expanded:death,,
45,23,1659,1630,off_manifold_hop,34.999999999999545,35,0.9978439198614156,22,2.211822841710829,2,1.5488223715509286,0.7002470280815644,7.676607176833214,5.649341608594711e-15,0,-1,True,pareto_kept_polished,,
24,23,970,200,off_manifold_hop,35.99999999999966,36,0.6035945595265015,4,2.4815781199865943,3,1.6360382208356052,0.6592733098583425,5.023409209001884,4.0410386339949306e-15,21,44,True,pareto_kept_polished,,
34,23,1320,844,exact_hop,35.99999999999966,36,1.0014136727533087,11,1.8281057563953176,11,1.3650364674439919,0.7466944746870599,7.982263499731297,6.251933419756462e-15,11,44,True,pareto_kept_polished,,
13,23,567,78,off_manifold_hop,35.99999999999977,36,1.003145672548604,2,2.6762674536886215,3,1.6621887215329512,0.6210846824154308,4.0700255111035935,3.700394966407198e-15,10,42,True,pareto_kept_polished,,
45,23,1659,1630,off_manifold_hop,34.999999999999545,35,0.9978439198614156,22,2.211822841710829,2,1.5488223715509286,0.7002470280815644,7.676607176833214,5.649341608594711e-15,0,-1,True,frontier,,
24,23,970,200,off_manifold_hop,35.99999999999966,36,0.6035945595265015,4,2.4815781199865943,3,1.6360382208356052,0.6592733098583425,5.023409209001884,4.0410386339949306e-15,21,44,True,frontier,,
34,23,1320,844,exact_hop,35.99999999999966,36,1.0014136727533087,11,1.8281057563953176,11,1.3650364674439919,0.7466944746870599,7.982263499731297,6.251933419756462e-15,11,44,True,frontier,,
13,23,567,78,off_manifold_hop,35.99999999999977,36,1.003145672548604,2,2.6762674536886215,3,1.6621887215329512,0.6210846824154308,4.0700255111035935,3.700394966407198e-15,10,42,True,frontier,,
45,23,1659,1630,off_manifold_hop,34.999999999999545,35,0.9978439198614156,22,2.211822841710829,2,1.5488223715509286,0.7002470280815644,7.676607176833214,5.649341608594711e-15,1,45,True,expanded:genericity,,
24,23,970,200,off_manifold_hop,35.99999999999966,36,0.6035945595265015,4,2.4815781199865943,3,1.6360382208356052,0.6592733098583425,5.023409209001884,4.0410386339949306e-15,22,45,True,expanded:deletion,,
34,23,1320,844,exact_hop,35.99999999999966,36,1.0014136727533087,11,1.8281057563953176,11,1.3650364674439919,0.7466944746870599,7.982263499731297,6.251933419756462e-15,12,45,True,expanded:death,,
13,23,567,78,off_manifold_hop,35.99999999999977,36,1.003145672548604,2,2.6762674536886215,3,1.6621887215329512,0.6210846824154308,4.0700255111035935,3.700394966407198e-15,11,45,True,expanded:explore,,
46,23,1685,1659,wall:amplitude_wall,34.999999999999545,35,1.0119653214041937,15,2.901267372841301,22,2.2027371381800314,0.7592327266351955,7.978171816907249,5.863217504165605e-15,0,-1,True,pareto_kept_polished,,
24,23,970,200,off_manifold_hop,35.99999999999966,36,0.6035945595265015,4,2.4815781199865943,3,1.6360382208356052,0.6592733098583425,5.023409209001884,4.0410386339949306e-15,22,45,True,pareto_kept_polished,,
34,23,1320,844,exact_hop,35.99999999999966,36,1.0014136727533087,11,1.8281057563953167,11,1.3650364674439919,0.7466944746870602,7.982263499731297,6.288444501302047e-15,12,45,True,pareto_kept_polished,,
13,23,567,78,off_manifold_hop,35.99999999999977,36,1.003145672548604,2,2.6762674536886215,3,1.6621887215329512,0.6210846824154308,4.0700255111035935,3.700394966407198e-15,11,45,True,pareto_kept_polished,,
46,23,1685,1659,wall:amplitude_wall,34.999999999999545,35,1.0119653214041937,15,2.901267372841301,22,2.2027371381800314,0.7592327266351955,7.978171816907249,5.863217504165605e-15,0,-1,True,frontier,,
24,23,970,200,off_manifold_hop,35.99999999999966,36,0.6035945595265015,4,2.4815781199865943,3,1.6360382208356052,0.6592733098583425,5.023409209001884,4.0410386339949306e-15,22,45,True,frontier,,
34,23,1320,844,exact_hop,35.99999999999966,36,1.0014136727533087,11,1.8281057563953167,11,1.3650364674439919,0.7466944746870602,7.982263499731297,6.288444501302047e-15,12,45,True,frontier,,
13,23,567,78,off_manifold_hop,35.99999999999977,36,1.003145672548604,2,2.6762674536886215,3,1.6621887215329512,0.6210846824154308,4.0700255111035935,3.700394966407198e-15,11,45,True,frontier,,
24,23,970,200,off_manifold_hop,35.99999999999966,36,0.6035945595265015,4,2.4815781199865943,3,1.6360382208356052,0.6592733098583425,5.023409209001884,4.0410386339949306e-15,22,45,False,full_delete_probe,1.0017283992094925,4
46,23,1685,1659,wall:amplitude_wall,34.999999999999545,35,1.0119653214041937,15,2.901267372841301,22,2.2027371381800314,0.7592327266351955,7.978171816907249,5.863217504165605e-15,1,46,True,expanded:genericity,,
24,23,970,200,off_manifold_hop,35.99999999999966,36,0.6035945595265015,4,2.4815781199865943,3,1.6360382208356052,0.6592733098583425,5.023409209001884,4.0410386339949306e-15,23,46,True,expanded:deletion,,
34,23,1320,844,exact_hop,35.99999999999966,36,1.0014136727533087,11,1.8281057563953167,11,1.3650364674439919,0.7466944746870602,7.982263499731297,6.288444501302047e-15,13,46,True,expanded:death,,
47,23,1725,1685,off_manifold_hop,34.999999999999545,35,1.0021012629678998,2,2.3682264394826884,2,1.2838077609498864,0.5420967098189814,7.703559355577098,2.5257458293512955e-14,0,-1,True,pareto_kept_polished,,
24,23,970,200,off_manifold_hop,35.99999999999966,36,0.6035945595265015,4,2.4815781199865943,3,1.6360382208356052,0.6592733098583425,5.023409209001884,4.0410386339949306e-15,23,46,True,pareto_kept_polished,,
34,23,1320,844,exact_hop,35.99999999999966,36,1.0014136727533087,11,1.828105756395319,11,1.3650364674439919,0.7466944746870593,7.982263499731297,6.267651584636867e-15,13,46,True,pareto_kept_polished,,
13,23,567,78,off_manifold_hop,35.99999999999977,36,1.003145672548604,2,2.6762674536886215,3,1.6621887215329512,0.6210846824154308,4.0700255111035935,3.700394966407198e-15,11,45,True,pareto_kept_polished,,
47,23,1725,1685,off_manifold_hop,34.999999999999545,35,1.0021012629678998,2,2.3682264394826884,2,1.2838077609498864,0.5420967098189814,7.703559355577098,2.5257458293512955e-14,0,-1,True,frontier,,
24,23,970,200,off_manifold_hop,35.99999999999966,36,0.6035945595265015,4,2.4815781199865943,3,1.6360382208356052,0.6592733098583425,5.023409209001884,4.0410386339949306e-15,23,46,True,frontier,,
34,23,1320,844,exact_hop,35.99999999999966,36,1.0014136727533087,11,1.828105756395319,11,1.3650364674439919,0.7466944746870593,7.982263499731297,6.267651584636867e-15,13,46,True,frontier,,
13,23,567,78,off_manifold_hop,35.99999999999977,36,1.003145672548604,2,2.6762674536886215,3,1.6621887215329512,0.6210846824154308,4.0700255111035935,3.700394966407198e-15,11,45,True,frontier,,
47,23,1725,1685,off_manifold_hop,34.999999999999545,35,1.0021012629678998,2,2.3682264394826884,2,1.2838077609498864,0.5420967098189814,7.703559355577098,2.5257458293512955e-14,1,47,True,expanded:genericity,,
24,23,970,200,off_manifold_hop,35.99999999999966,36,0.6035945595265015,4,2.4815781199865943,3,1.6360382208356052,0.6592733098583425,5.023409209001884,4.0410386339949306e-15,24,47,True,expanded:deletion,,
34,23,1320,844,exact_hop,35.99999999999966,36,1.0014136727533087,11,1.828105756395319,11,1.3650364674439919,0.7466944746870593,7.982263499731297,6.267651584636867e-15,14,47,True,expanded:death,,
48,23,1752,1725,wall:amplitude_wall,34.99999999999966,35,1.0171517524337177,14,2.9985064244148347,22,2.477561595208004,0.8262652282599346,7.885668134788604,5.4636227681718e-15,0,-1,True,pareto_kept_polished,,
24,23,970,200,off_manifold_hop,35.99999999999966,36,0.6035945595265015,4,2.4815781199865943,3,1.6360382208356052,0.6592733098583425,5.023409209001884,4.0410386339949306e-15,24,47,True,pareto_kept_polished,,
34,23,1320,844,exact_hop,35.99999999999966,36,1.0014136727533087,11,1.8281057563953185,11,1.3650364674439919,0.7466944746870595,7.982263499731297,6.384588539287947e-15,14,47,True,pareto_kept_polished,,
13,23,567,78,off_manifold_hop,35.99999999999977,36,1.003145672548604,2,2.6762674536886215,3,1.6621887215329512,0.6210846824154308,4.0700255111035935,3.700394966407198e-15,11,45,True,pareto_kept_polished,,
48,23,1752,1725,wall:amplitude_wall,34.99999999999966,35,1.0171517524337177,14,2.9985064244148347,22,2.477561595208004,0.8262652282599346,7.885668134788604,5.4636227681718e-15,0,-1,True,frontier,,
24,23,970,200,off_manifold_hop,35.99999999999966,36,0.6035945595265015,4,2.4815781199865943,3,1.6360382208356052,0.6592733098583425,5.023409209001884,4.0410386339949306e-15,24,47,True,frontier,,
34,23,1320,844,exact_hop,35.99999999999966,36,1.0014136727533087,11,1.8281057563953185,11,1.3650364674439919,0.7466944746870595,7.982263499731297,6.384588539287947e-15,14,47,True,frontier,,
13,23,567,78,off_manifold_hop,35.99999999999977,36,1.003145672548604,2,2.6762674536886215,3,1.6621887215329512,0.6210846824154308,4.0700255111035935,3.700394966407198e-15,11,45,True,frontier,,
24,23,970,200,off_manifold_hop,35.99999999999966,36,0.6035945595265015,4,2.4815781199865943,3,1.6360382208356052,0.6592733098583425,5.023409209001884,4.0410386339949306e-15,24,47,False,full_delete_probe,1.0140176469218651,4
48,23,1752,1725,wall:amplitude_wall,34.99999999999966,35,1.0171517524337177,14,2.9985064244148347,22,2.477561595208004,0.8262652282599346,7.885668134788604,5.4636227681718e-15,1,48,True,expanded:genericity,,
24,23,970,200,off_manifold_hop,35.99999999999966,36,0.6035945595265015,4,2.4815781199865943,3,1.6360382208356052,0.6592733098583425,5.023409209001884,4.0410386339949306e-15,25,48,True,expanded:deletion,,
34,23,1320,844,exact_hop,35.99999999999966,36,1.0014136727533087,11,1.8281057563953185,11,1.3650364674439919,0.7466944746870595,7.982263499731297,6.384588539287947e-15,15,48,True,expanded:death,,
13,23,567,78,off_manifold_hop,35.99999999999977,36,1.003145672548604,2,2.6762674536886215,3,1.6621887215329512,0.6210846824154308,4.0700255111035935,3.700394966407198e-15,12,48,True,expanded:explore,,
49,23,1781,1752,off_manifold_hop,34.99999999999943,35,1.0008303124527254,6,2.0471042480984174,2,1.4504974960521402,0.7085606399378668,7.558610179208908,2.7973190496153324e-14,0,-1,True,pareto_kept_polished,,
49,23,1796,970,off_manifold_hop,35.99999999999966,36,0.5982153646345381,4,2.265380518017223,13,1.8288712594844698,0.807313051798111,5.981211254364792,3.63821098727308e-15,0,-1,True,pareto_kept_polished,,
34,23,1320,844,exact_hop,35.99999999999966,36,1.0014136727533087,11,1.8281057563953171,11,1.3650364674439919,0.7466944746870601,7.982263499731297,6.282123174545112e-15,15,48,True,pareto_kept_polished,,
13,23,567,78,off_manifold_hop,35.99999999999977,36,1.003145672548604,2,2.6762674536886215,3,1.6621887215329512,0.6210846824154308,4.0700255111035935,3.700394966407198e-15,12,48,True,pareto_kept_polished,,
49,23,1781,1752,off_manifold_hop,34.99999999999943,35,1.0008303124527254,6,2.0471042480984174,2,1.4504974960521402,0.7085606399378668,7.558610179208908,2.7973190496153324e-14,0,-1,True,frontier,,
49,23,1796,970,off_manifold_hop,35.99999999999966,36,0.5982153646345381,4,2.265380518017223,13,1.8288712594844698,0.807313051798111,5.981211254364792,3.63821098727308e-15,0,-1,True,frontier,,
34,23,1320,844,exact_hop,35.99999999999966,36,1.0014136727533087,11,1.8281057563953171,11,1.3650364674439919,0.7466944746870601,7.982263499731297,6.282123174545112e-15,15,48,True,frontier,,
13,23,567,78,off_manifold_hop,35.99999999999977,36,1.003145672548604,2,2.6762674536886215,3,1.6621887215329512,0.6210846824154308,4.0700255111035935,3.700394966407198e-15,12,48,True,frontier,,
49,23,1781,1752,off_manifold_hop,34.99999999999943,35,1.0008303124527254,6,2.0471042480984174,2,1.4504974960521402,0.7085606399378668,7.558610179208908,2.7973190496153324e-14,1,49,True,expanded:genericity,,
49,23,1796,970,off_manifold_hop,35.99999999999966,36,0.5982153646345381,4,2.265380518017223,13,1.8288712594844698,0.807313051798111,5.981211254364792,3.63821098727308e-15,1,49,True,expanded:deletion,,
34,23,1320,844,exact_hop,35.99999999999966,36,1.0014136727533087,11,1.8281057563953171,11,1.3650364674439919,0.7466944746870601,7.982263499731297,6.282123174545112e-15,16,49,True,expanded:death,,
49,23,1781,1752,off_manifold_hop,34.99999999999943,35,1.0008303124527254,6,2.0471042480984156,2,1.4504974960521402,0.7085606399378674,7.558610179208908,2.7803188480084057e-14,1,49,True,pareto_kept_polished,,
49,23,1796,970,off_manifold_hop,35.99999999999966,36,0.5982153646345381,4,2.2653805180172206,13,1.8288712594844698,0.8073130517981117,5.981211254364792,3.3519112863432596e-15,1,49,True,pareto_kept_polished,,
34,23,1320,844,exact_hop,35.99999999999966,36,1.0014136727533087,11,1.8281057563953185,11,1.3650364674439919,0.7466944746870595,7.982263499731297,6.411539257927021e-15,16,49,True,pareto_kept_polished,,
13,23,567,78,off_manifold_hop,35.99999999999977,36,1.003145672548604,2,2.6762674536886215,3,1.6621887215329512,0.6210846824154308,4.0700255111035935,3.700394966407198e-15,12,48,True,pareto_kept_polished,,
49,23,1781,1752,off_manifold_hop,34.99999999999943,35,1.0008303124527254,6,2.0471042480984156,2,1.4504974960521402,0.7085606399378674,7.558610179208908,2.7803188480084057e-14,1,49,True,frontier,,
49,23,1796,970,off_manifold_hop,35.99999999999966,36,0.5982153646345381,4,2.2653805180172206,13,1.8288712594844698,0.8073130517981117,5.981211254364792,3.3519112863432596e-15,1,49,True,frontier,,
34,23,1320,844,exact_hop,35.99999999999966,36,1.0014136727533087,11,1.8281057563953185,11,1.3650364674439919,0.7466944746870595,7.982263499731297,6.411539257927021e-15,16,49,True,frontier,,
13,23,567,78,off_manifold_hop,35.99999999999977,36,1.003145672548604,2,2.6762674536886215,3,1.6621887215329512,0.6210846824154308,4.0700255111035935,3.700394966407198e-15,12,48,True,frontier,,
49,23,1796,970,off_manifold_hop,35.99999999999966,36,0.5982153646345381,4,2.2653805180172206,13,1.8288712594844698,0.8073130517981117,5.981211254364792,3.3519112863432596e-15,1,49,False,full_delete_probe,0.3548064375909842,4
49,23,1781,1752,off_manifold_hop,34.99999999999943,35,1.0008303124527254,6,2.0471042480984156,2,1.4504974960521402,0.7085606399378674,7.558610179208908,2.7803188480084057e-14,2,50,True,expanded:genericity,,
49,23,1796,970,off_manifold_hop,35.99999999999966,36,0.5982153646345381,4,2.2653805180172206,13,1.8288712594844698,0.8073130517981117,5.981211254364792,3.3519112863432596e-15,2,50,True,expanded:deletion,,
34,23,1320,844,exact_hop,35.99999999999966,36,1.0014136727533087,11,1.8281057563953185,11,1.3650364674439919,0.7466944746870595,7.982263499731297,6.411539257927021e-15,17,50,True,expanded:death,,
51,23,1848,1781,exact_hop,35.00000000001751,35,1.0022245791071847,2,1.856154591720339,2,1.4414202347314529,0.7765625994521835,7.814788604870231,5.090499094870832e-15,0,-1,True,pareto_kept_polished,,
49,23,1796,970,off_manifold_hop,35.99999999999966,36,0.5982153646345381,4,2.2653805180172233,13,1.8288712594844698,0.8073130517981109,5.981211254364792,3.742762245184049e-15,2,50,True,pareto_kept_polished,,
34,23,1320,844,exact_hop,35.99999999999966,36,1.0014136727533087,11,1.8281057563953143,11,1.3650364674439919,0.7466944746870612,7.982263499731297,6.374553048438818e-15,17,50,True,pareto_kept_polished,,
13,23,567,78,off_manifold_hop,35.99999999999977,36,1.003145672548604,2,2.6762674536886215,3,1.6621887215329512,0.6210846824154308,4.0700255111035935,3.700394966407198e-15,12,48,True,pareto_kept_polished,,
51,23,1848,1781,exact_hop,35.00000000001751,35,1.0022245791071847,2,1.856154591720339,2,1.4414202347314529,0.7765625994521835,7.814788604870231,5.090499094870832e-15,0,-1,True,frontier,,
49,23,1796,970,off_manifold_hop,35.99999999999966,36,0.5982153646345381,4,2.2653805180172233,13,1.8288712594844698,0.8073130517981109,5.981211254364792,3.742762245184049e-15,2,50,True,frontier,,
34,23,1320,844,exact_hop,35.99999999999966,36,1.0014136727533087,11,1.8281057563953143,11,1.3650364674439919,0.7466944746870612,7.982263499731297,6.374553048438818e-15,17,50,True,frontier,,
13,23,567,78,off_manifold_hop,35.99999999999977,36,1.003145672548604,2,2.6762674536886215,3,1.6621887215329512,0.6210846824154308,4.0700255111035935,3.700394966407198e-15,12,48,True,frontier,,
51,23,1848,1781,exact_hop,35.00000000001751,35,1.0022245791071847,2,1.856154591720339,2,1.4414202347314529,0.7765625994521835,7.814788604870231,5.090499094870832e-15,1,51,True,expanded:genericity,,
49,23,1796,970,off_manifold_hop,35.99999999999966,36,0.5982153646345381,4,2.2653805180172233,13,1.8288712594844698,0.8073130517981109,5.981211254364792,3.742762245184049e-15,3,51,True,expanded:deletion,,
34,23,1320,844,exact_hop,35.99999999999966,36,1.0014136727533087,11,1.8281057563953143,11,1.3650364674439919,0.7466944746870612,7.982263499731297,6.374553048438818e-15,18,51,True,expanded:death,,
13,23,567,78,off_manifold_hop,35.99999999999977,36,1.003145672548604,2,2.6762674536886215,3,1.6621887215329512,0.6210846824154308,4.0700255111035935,3.700394966407198e-15,13,51,True,expanded:explore,,
52,23,1873,1848,exact_hop,34.99999999999977,35,1.0017673352341534,2,1.9623859737933937,2,1.257244014224744,0.6406711172086225,7.953548092253569,6.4989641436331125e-15,0,-1,True,pareto_kept_polished,,
49,23,1796,970,off_manifold_hop,35.99999999999966,36,0.5982153646345381,4,2.265380518017222,13,1.8288712594844698,0.8073130517981114,5.981211254364792,3.395280585230131e-15,3,51,True,pareto_kept_polished,,
34,23,1320,844,exact_hop,35.99999999999966,36,1.0014136727533087,11,1.8281057563953151,11,1.3650364674439919,0.7466944746870608,7.982263499731297,6.471566872000967e-15,18,51,True,pareto_kept_polished,,
13,23,567,78,off_manifold_hop,35.99999999999977,36,1.003145672548604,2,2.6762674536886215,3,1.6621887215329512,0.6210846824154308,4.0700255111035935,3.700394966407198e-15,13,51,True,pareto_kept_polished,,
52,23,1873,1848,exact_hop,34.99999999999977,35,1.0017673352341534,2,1.9623859737933937,2,1.257244014224744,0.6406711172086225,7.953548092253569,6.4989641436331125e-15,0,-1,True,frontier,,
49,23,1796,970,off_manifold_hop,35.99999999999966,36,0.5982153646345381,4,2.265380518017222,13,1.8288712594844698,0.8073130517981114,5.981211254364792,3.395280585230131e-15,3,51,True,frontier,,
34,23,1320,844,exact_hop,35.99999999999966,36,1.0014136727533087,11,1.8281057563953151,11,1.3650364674439919,0.7466944746870608,7.982263499731297,6.471566872000967e-15,18,51,True,frontier,,
13,23,567,78,off_manifold_hop,35.99999999999977,36,1.003145672548604,2,2.6762674536886215,3,1.6621887215329512,0.6210846824154308,4.0700255111035935,3.700394966407198e-15,13,51,True,frontier,,
49,23,1796,970,off_manifold_hop,35.99999999999966,36,0.5982153646345381,4,2.265380518017222,13,1.8288712594844698,0.8073130517981114,5.981211254364792,3.395280585230131e-15,3,51,False,full_delete_probe,0.3094668596103014,4
52,23,1873,1848,exact_hop,34.99999999999977,35,1.0017673352341534,2,1.9623859737933937,2,1.257244014224744,0.6406711172086225,7.953548092253569,6.4989641436331125e-15,1,52,True,expanded:genericity,,
49,23,1796,970,off_manifold_hop,35.99999999999966,36,0.5982153646345381,4,2.265380518017222,13,1.8288712594844698,0.8073130517981114,5.981211254364792,3.395280585230131e-15,4,52,True,expanded:deletion,,
34,23,1320,844,exact_hop,35.99999999999966,36,1.0014136727533087,11,1.8281057563953151,11,1.3650364674439919,0.7466944746870608,7.982263499731297,6.471566872000967e-15,19,52,True,expanded:death,,
53,23,1913,1873,off_manifold_hop,34.99999999999977,35,1.0017345794112829,2,2.2532897539210945,2,1.1469599270238675,0.509015729125812,7.879710791129493,4.8298149860997575e-15,0,-1,True,pareto_kept_polished,,
49,23,1796,970,off_manifold_hop,35.99999999999977,36,0.5982153646345381,4,2.265380518017222,13,1.8288712594844698,0.8073130517981113,5.981211254364792,3.395280585230131e-15,4,52,True,pareto_kept_polished,,
34,23,1320,844,exact_hop,35.99999999999966,36,1.0014136727533087,11,1.8281057563953163,11,1.3650364674439919,0.7466944746870604,7.982263499731297,6.401989761053117e-15,19,52,True,pareto_kept_polished,,
13,23,567,78,off_manifold_hop,35.99999999999977,36,1.003145672548604,2,2.6762674536886215,3,1.6621887215329512,0.6210846824154308,4.0700255111035935,3.700394966407198e-15,13,51,True,pareto_kept_polished,,
53,23,1913,1873,off_manifold_hop,34.99999999999977,35,1.0017345794112829,2,2.2532897539210945,2,1.1469599270238675,0.509015729125812,7.879710791129493,4.8298149860997575e-15,0,-1,True,frontier,,
49,23,1796,970,off_manifold_hop,35.99999999999977,36,0.5982153646345381,4,2.265380518017222,13,1.8288712594844698,0.8073130517981113,5.981211254364792,3.395280585230131e-15,4,52,True,frontier,,
34,23,1320,844,exact_hop,35.99999999999966,36,1.0014136727533087,11,1.8281057563953163,11,1.3650364674439919,0.7466944746870604,7.982263499731297,6.401989761053117e-15,19,52,True,frontier,,
13,23,567,78,off_manifold_hop,35.99999999999977,36,1.003145672548604,2,2.6762674536886215,3,1.6621887215329512,0.6210846824154308,4.0700255111035935,3.700394966407198e-15,13,51,True,frontier,,
53,23,1913,1873,off_manifold_hop,34.99999999999977,35,1.0017345794112829,2,2.2532897539210945,2,1.1469599270238675,0.509015729125812,7.879710791129493,4.8298149860997575e-15,1,53,True,expanded:genericity,,
49,23,1796,970,off_manifold_hop,35.99999999999977,36,0.5982153646345381,4,2.265380518017222,13,1.8288712594844698,0.8073130517981113,5.981211254364792,3.395280585230131e-15,5,53,True,expanded:deletion,,
34,23,1320,844,exact_hop,35.99999999999966,36,1.0014136727533087,11,1.8281057563953163,11,1.3650364674439919,0.7466944746870604,7.982263499731297,6.401989761053117e-15,20,53,True,expanded:death,,
53,23,1913,1873,off_manifold_hop,34.99999999999977,35,1.0017345794112829,2,2.253289753921097,2,1.1469599270238675,0.5090157291258114,7.879710791129493,4.561220547640645e-15,1,53,True,pareto_kept_polished,,
49,23,1796,970,off_manifold_hop,35.99999999999977,36,0.5982153646345381,4,2.265380518017222,13,1.8288712594844698,0.8073130517981113,5.981211254364792,3.395280585230131e-15,5,53,True,pareto_kept_polished,,
34,23,1320,844,exact_hop,35.99999999999966,36,1.0014136727533087,11,1.8281057563953176,11,1.3650364674439919,0.7466944746870599,7.982263499731297,6.549005138836657e-15,20,53,True,pareto_kept_polished,,
13,23,567,78,off_manifold_hop,35.99999999999977,36,1.003145672548604,2,2.6762674536886215,3,1.6621887215329512,0.6210846824154308,4.0700255111035935,3.700394966407198e-15,13,51,True,pareto_kept_polished,,
53,23,1913,1873,off_manifold_hop,34.99999999999977,35,1.0017345794112829,2,2.253289753921097,2,1.1469599270238675,0.5090157291258114,7.879710791129493,4.561220547640645e-15,1,53,True,frontier,,
49,23,1796,970,off_manifold_hop,35.99999999999977,36,0.5982153646345381,4,2.265380518017222,13,1.8288712594844698,0.8073130517981113,5.981211254364792,3.395280585230131e-15,5,53,True,frontier,,
34,23,1320,844,exact_hop,35.99999999999966,36,1.0014136727533087,11,1.8281057563953176,11,1.3650364674439919,0.7466944746870599,7.982263499731297,6.549005138836657e-15,20,53,True,frontier,,
13,23,567,78,off_manifold_hop,35.99999999999977,36,1.003145672548604,2,2.6762674536886215,3,1.6621887215329512,0.6210846824154308,4.0700255111035935,3.700394966407198e-15,13,51,True,frontier,,
49,23,1796,970,off_manifold_hop,35.99999999999977,36,0.5982153646345381,4,2.265380518017222,13,1.8288712594844698,0.8073130517981113,5.981211254364792,3.395280585230131e-15,5,53,False,full_delete_probe,0.33547088524145363,4
53,23,1913,1873,off_manifold_hop,34.99999999999977,35,1.0017345794112829,2,2.253289753921097,2,1.1469599270238675,0.5090157291258114,7.879710791129493,4.561220547640645e-15,2,54,True,expanded:genericity,,
49,23,1796,970,off_manifold_hop,35.99999999999977,36,0.5982153646345381,4,2.265380518017222,13,1.8288712594844698,0.8073130517981113,5.981211254364792,3.395280585230131e-15,6,54,True,expanded:deletion,,
34,23,1320,844,exact_hop,35.99999999999966,36,1.0014136727533087,11,1.8281057563953176,11,1.3650364674439919,0.7466944746870599,7.982263499731297,6.549005138836657e-15,21,54,True,expanded:death,,
13,23,567,78,off_manifold_hop,35.99999999999977,36,1.003145672548604,2,2.6762674536886215,3,1.6621887215329512,0.6210846824154308,4.0700255111035935,3.700394966407198e-15,14,54,True,expanded:explore,,
55,23,1966,1913,off_manifold_hop,34.999999999999545,35,1.0033547953769948,2,2.1036577320944665,2,1.2890260245558711,0.6127546344112152,7.765915844540814,5.328186186544988e-15,0,-1,True,pareto_kept_polished,,
49,23,1796,970,off_manifold_hop,35.99999999999977,36,0.5982153646345381,4,2.265380518017222,13,1.8288712594844698,0.8073130517981113,5.981211254364792,3.395280585230131e-15,6,54,True,pareto_kept_polished,,
34,23,1320,844,exact_hop,35.99999999999966,36,1.0014136727533087,11,1.8281057563953156,11,1.3650364674439919,0.7466944746870606,7.982263499731297,6.461957063732749e-15,21,54,True,pareto_kept_polished,,
13,23,567,78,off_manifold_hop,35.99999999999977,36,1.003145672548604,2,2.6762674536886215,3,1.6621887215329512,0.6210846824154308,4.0700255111035935,3.700394966407198e-15,14,54,True,pareto_kept_polished,,
55,23,1966,1913,off_manifold_hop,34.999999999999545,35,1.0033547953769948,2,2.1036577320944665,2,1.2890260245558711,0.6127546344112152,7.765915844540814,5.328186186544988e-15,0,-1,True,frontier,,
49,23,1796,970,off_manifold_hop,35.99999999999977,36,0.5982153646345381,4,2.265380518017222,13,1.8288712594844698,0.8073130517981113,5.981211254364792,3.395280585230131e-15,6,54,True,frontier,,
34,23,1320,844,exact_hop,35.99999999999966,36,1.0014136727533087,11,1.8281057563953156,11,1.3650364674439919,0.7466944746870606,7.982263499731297,6.461957063732749e-15,21,54,True,frontier,,
13,23,567,78,off_manifold_hop,35.99999999999977,36,1.003145672548604,2,2.6762674536886215,3,1.6621887215329512,0.6210846824154308,4.0700255111035935,3.700394966407198e-15,14,54,True,frontier,,
55,23,1966,1913,off_manifold_hop,34.999999999999545,35,1.0033547953769948,2,2.1036577320944665,2,1.2890260245558711,0.6127546344112152,7.765915844540814,5.328186186544988e-15,1,55,True,expanded:genericity,,
49,23,1796,970,off_manifold_hop,35.99999999999977,36,0.5982153646345381,4,2.265380518017222,13,1.8288712594844698,0.8073130517981113,5.981211254364792,3.395280585230131e-15,7,55,True,expanded:deletion,,
34,23,1320,844,exact_hop,35.99999999999966,36,1.0014136727533087,11,1.8281057563953156,11,1.3650364674439919,0.7466944746870606,7.982263499731297,6.461957063732749e-15,22,55,True,expanded:death,,
56,23,2005,1966,wall:continuation_stalled,34.999999999999545,35,1.0094848896276583,11,3.292461888887436,22,2.440010458365157,0.7410899626812892,7.9961280312235585,5.868153544458661e-15,0,-1,True,pareto_kept_polished,,
49,23,1796,970,off_manifold_hop,35.99999999999977,36,0.5982153646345381,4,2.265380518017222,13,1.8288712594844698,0.8073130517981113,5.981211254364792,3.395280585230131e-15,7,55,True,pareto_kept_polished,,
34,23,1320,844,exact_hop,35.99999999999977,36,1.0014136727533087,11,1.8281057563953176,11,1.3650364674439919,0.7466944746870599,7.982263499731297,6.5760217536080285e-15,22,55,True,pareto_kept_polished,,
13,23,567,78,off_manifold_hop,35.99999999999977,36,1.003145672548604,2,2.6762674536886215,3,1.6621887215329512,0.6210846824154308,4.0700255111035935,3.700394966407198e-15,14,54,True,pareto_kept_polished,,
56,23,2005,1966,wall:continuation_stalled,34.999999999999545,35,1.0094848896276583,11,3.292461888887436,22,2.440010458365157,0.7410899626812892,7.9961280312235585,5.868153544458661e-15,0,-1,True,frontier,,
49,23,1796,970,off_manifold_hop,35.99999999999977,36,0.5982153646345381,4,2.265380518017222,13,1.8288712594844698,0.8073130517981113,5.981211254364792,3.395280585230131e-15,7,55,True,frontier,,
34,23,1320,844,exact_hop,35.99999999999977,36,1.0014136727533087,11,1.8281057563953176,11,1.3650364674439919,0.7466944746870599,7.982263499731297,6.5760217536080285e-15,22,55,True,frontier,,
13,23,567,78,off_manifold_hop,35.99999999999977,36,1.003145672548604,2,2.6762674536886215,3,1.6621887215329512,0.6210846824154308,4.0700255111035935,3.700394966407198e-15,14,54,True,frontier,,
49,23,1796,970,off_manifold_hop,35.99999999999977,36,0.5982153646345381,4,2.265380518017222,13,1.8288712594844698,0.8073130517981113,5.981211254364792,3.395280585230131e-15,7,55,False,full_delete_probe,0.33547088524145363,4
56,23,2005,1966,wall:continuation_stalled,34.999999999999545,35,1.0094848896276583,11,3.292461888887436,22,2.440010458365157,0.7410899626812892,7.9961280312235585,5.868153544458661e-15,1,56,True,expanded:genericity,,
49,23,1796,970,off_manifold_hop,35.99999999999977,36,0.5982153646345381,4,2.265380518017222,13,1.8288712594844698,0.8073130517981113,5.981211254364792,3.395280585230131e-15,8,56,True,expanded:deletion,,
34,23,1320,844,exact_hop,35.99999999999977,36,1.0014136727533087,11,1.8281057563953176,11,1.3650364674439919,0.7466944746870599,7.982263499731297,6.5760217536080285e-15,23,56,True,expanded:death,,
57,23,2028,2005,off_manifold_hop,34.000000000000455,34,1.0050020165917954,12,3.406139730186567,18,2.552034859855458,0.7492454984269461,7.971103119270773,4.020657357629255e-14,0,-1,True,pareto_kept_polished,,
49,23,1796,970,off_manifold_hop,35.99999999999977,36,0.5982153646345381,4,2.265380518017222,13,1.8288712594844698,0.8073130517981113,5.981211254364792,3.395280585230131e-15,8,56,True,pareto_kept_polished,,
34,23,1320,844,exact_hop,35.99999999999966,36,1.0014136727533087,11,1.8281057563953174,11,1.3650364674439919,0.74669447468706,7.982263499731297,6.541654993363191e-15,23,56,True,pareto_kept_polished,,
13,23,567,78,off_manifold_hop,35.99999999999977,36,1.003145672548604,2,2.6762674536886215,3,1.6621887215329512,0.6210846824154308,4.0700255111035935,3.700394966407198e-15,14,54,True,pareto_kept_polished,,
57,23,2028,2005,off_manifold_hop,34.000000000000455,34,1.0050020165917954,12,3.406139730186567,18,2.552034859855458,0.7492454984269461,7.971103119270773,4.020657357629255e-14,0,-1,True,frontier,,
49,23,1796,970,off_manifold_hop,35.99999999999977,36,0.5982153646345381,4,2.265380518017222,13,1.8288712594844698,0.8073130517981113,5.981211254364792,3.395280585230131e-15,8,56,True,frontier,,
34,23,1320,844,exact_hop,35.99999999999966,36,1.0014136727533087,11,1.8281057563953174,11,1.3650364674439919,0.74669447468706,7.982263499731297,6.541654993363191e-15,23,56,True,frontier,,
13,23,567,78,off_manifold_hop,35.99999999999977,36,1.003145672548604,2,2.6762674536886215,3,1.6621887215329512,0.6210846824154308,4.0700255111035935,3.700394966407198e-15,14,54,True,frontier,,
57,23,2028,2005,off_manifold_hop,34.000000000000455,34,1.0050020165917954,12,3.406139730186567,18,2.552034859855458,0.7492454984269461,7.971103119270773,4.020657357629255e-14,1,57,True,expanded:genericity,,
49,23,1796,970,off_manifold_hop,35.99999999999977,36,0.5982153646345381,4,2.265380518017222,13,1.8288712594844698,0.8073130517981113,5.981211254364792,3.395280585230131e-15,9,57,True,expanded:deletion,,
34,23,1320,844,exact_hop,35.99999999999966,36,1.0014136727533087,11,1.8281057563953174,11,1.3650364674439919,0.74669447468706,7.982263499731297,6.541654993363191e-15,24,57,True,expanded:death,,
13,23,567,78,off_manifold_hop,35.99999999999977,36,1.003145672548604,2,2.6762674536886215,3,1.6621887215329512,0.6210846824154308,4.0700255111035935,3.700394966407198e-15,15,57,True,expanded:explore,,
58,23,2058,2028,wall:continuation_stalled,34.00000000000057,34,1.00861628245069,12,3.273233467275445,18,1.9989098598581343,0.6106835579687432,7.99985085029343,5.099386536098251e-15,0,-1,True,pareto_kept_polished,,
49,23,1796,970,off_manifold_hop,35.99999999999977,36,0.5982153646345381,4,2.265380518017222,13,1.8288712594844698,0.8073130517981113,5.981211254364792,3.395280585230131e-15,9,57,True,pareto_kept_polished,,
34,23,1320,844,exact_hop,35.99999999999966,36,1.0014136727533087,11,1.8281057563953156,11,1.3650364674439919,0.7466944746870606,7.982263499731297,6.617007935555357e-15,24,57,True,pareto_kept_polished,,
13,23,567,78,off_manifold_hop,35.99999999999977,36,1.003145672548604,2,2.6762674536886215,3,1.6621887215329512,0.6210846824154308,4.0700255111035935,3.700394966407198e-15,15,57,True,pareto_kept_polished,,
58,23,2058,2028,wall:continuation_stalled,34.00000000000057,34,1.00861628245069,12,3.273233467275445,18,1.9989098598581343,0.6106835579687432,7.99985085029343,5.099386536098251e-15,0,-1,True,frontier,,
49,23,1796,970,off_manifold_hop,35.99999999999977,36,0.5982153646345381,4,2.265380518017222,13,1.8288712594844698,0.8073130517981113,5.981211254364792,3.395280585230131e-15,9,57,True,frontier,,
34,23,1320,844,exact_hop,35.99999999999966,36,1.0014136727533087,11,1.8281057563953156,11,1.3650364674439919,0.7466944746870606,7.982263499731297,6.617007935555357e-15,24,57,True,frontier,,
13,23,567,78,off_manifold_hop,35.99999999999977,36,1.003145672548604,2,2.6762674536886215,3,1.6621887215329512,0.6210846824154308,4.0700255111035935,3.700394966407198e-15,15,57,True,frontier,,
49,23,1796,970,off_manifold_hop,35.99999999999977,36,0.5982153646345381,4,2.265380518017222,13,1.8288712594844698,0.8073130517981113,5.981211254364792,3.395280585230131e-15,9,57,False,full_delete_probe,0.33547088524145363,4
58,23,2058,2028,wall:continuation_stalled,34.00000000000057,34,1.00861628245069,12,3.273233467275445,18,1.9989098598581343,0.6106835579687432,7.99985085029343,5.099386536098251e-15,1,58,True,expanded:genericity,,
49,23,1796,970,off_manifold_hop,35.99999999999977,36,0.5982153646345381,4,2.265380518017222,13,1.8288712594844698,0.8073130517981113,5.981211254364792,3.395280585230131e-15,10,58,True,expanded:deletion,,
34,23,1320,844,exact_hop,35.99999999999966,36,1.0014136727533087,11,1.8281057563953156,11,1.3650364674439919,0.7466944746870606,7.982263499731297,6.617007935555357e-15,25,58,True,expanded:death,,
59,23,2106,2058,off_manifold_hop,33.999999999999545,34,1.00741179828852,2,2.78214711960971,2,1.4401966993772972,0.5176565571339496,7.373819307075132,5.01658418151383e-15,0,-1,True,pareto_kept_polished,,
49,23,1796,970,off_manifold_hop,35.99999999999977,36,0.5982153646345381,4,2.265380518017222,13,1.8288712594844698,0.8073130517981113,5.981211254364792,3.395280585230131e-15,10,58,True,pareto_kept_polished,,
34,23,1320,844,exact_hop,35.99999999999966,36,1.0014136727533087,11,1.8281057563953198,11,1.3650364674439919,0.746694474687059,7.982263499731297,6.566286176506234e-15,25,58,True,pareto_kept_polished,,
13,23,567,78,off_manifold_hop,35.99999999999977,36,1.003145672548604,2,2.6762674536886215,3,1.6621887215329512,0.6210846824154308,4.0700255111035935,3.700394966407198e-15,15,57,True,pareto_kept_polished,,
59,23,2106,2058,off_manifold_hop,33.999999999999545,34,1.00741179828852,2,2.78214711960971,2,1.4401966993772972,0.5176565571339496,7.373819307075132,5.01658418151383e-15,0,-1,True,frontier,,
49,23,1796,970,off_manifold_hop,35.99999999999977,36,0.5982153646345381,4,2.265380518017222,13,1.8288712594844698,0.8073130517981113,5.981211254364792,3.395280585230131e-15,10,58,True,frontier,,
34,23,1320,844,exact_hop,35.99999999999966,36,1.0014136727533087,11,1.8281057563953198,11,1.3650364674439919,0.746694474687059,7.982263499731297,6.566286176506234e-15,25,58,True,frontier,,
13,23,567,78,off_manifold_hop,35.99999999999977,36,1.003145672548604,2,2.6762674536886215,3,1.6621887215329512,0.6210846824154308,4.0700255111035935,3.700394966407198e-15,15,57,True,frontier,,
59,23,2106,2058,off_manifold_hop,33.999999999999545,34,1.00741179828852,2,2.78214711960971,2,1.4401966993772972,0.5176565571339496,7.373819307075132,5.01658418151383e-15,1,59,True,expanded:genericity,,
49,23,1796,970,off_manifold_hop,35.99999999999977,36,0.5982153646345381,4,2.265380518017222,13,1.8288712594844698,0.8073130517981113,5.981211254364792,3.395280585230131e-15,11,59,True,expanded:deletion,,
34,23,1320,844,exact_hop,35.99999999999966,36,1.0014136727533087,11,1.8281057563953198,11,1.3650364674439919,0.746694474687059,7.982263499731297,6.566286176506234e-15,26,59,True,expanded:death,,
60,23,2137,2106,off_manifold_hop,33.99999999999966,34,1.0111201435302841,2,2.412564986717278,2,1.484379155447376,0.6152701227199425,7.08699871077228,5.5209332186354795e-15,0,-1,True,pareto_kept_polished,,
49,23,1796,970,off_manifold_hop,35.99999999999977,36,0.5982153646345381,4,2.265380518017222,13,1.8288712594844698,0.8073130517981113,5.981211254364792,3.395280585230131e-15,11,59,True,pareto_kept_polished,,
34,23,1320,844,exact_hop,35.99999999999966,36,1.0014136727533087,11,1.8281057563953147,11,1.3650364674439919,0.7466944746870611,7.982263499731297,6.653686174649773e-15,26,59,True,pareto_kept_polished,,
13,23,567,78,off_manifold_hop,35.99999999999977,36,1.003145672548604,2,2.6762674536886215,3,1.6621887215329512,0.6210846824154308,4.0700255111035935,3.700394966407198e-15,15,57,True,pareto_kept_polished,,
60,23,2137,2106,off_manifold_hop,33.99999999999966,34,1.0111201435302841,2,2.412564986717278,2,1.484379155447376,0.6152701227199425,7.08699871077228,5.5209332186354795e-15,0,-1,True,frontier,,
49,23,1796,970,off_manifold_hop,35.99999999999977,36,0.5982153646345381,4,2.265380518017222,13,1.8288712594844698,0.8073130517981113,5.981211254364792,3.395280585230131e-15,11,59,True,frontier,,
34,23,1320,844,exact_hop,35.99999999999966,36,1.0014136727533087,11,1.8281057563953147,11,1.3650364674439919,0.7466944746870611,7.982263499731297,6.653686174649773e-15,26,59,True,frontier,,
13,23,567,78,off_manifold_hop,35.99999999999977,36,1.003145672548604,2,2.6762674536886215,3,1.6621887215329512,0.6210846824154308,4.0700255111035935,3.700394966407198e-15,15,57,True,frontier,,
49,23,1796,970,off_manifold_hop,35.99999999999977,36,0.5982153646345381,4,2.265380518017222,13,1.8288712594844698,0.8073130517981113,5.981211254364792,3.395280585230131e-15,11,59,False,full_delete_probe,0.33547088524145363,4
60,23,2137,2106,off_manifold_hop,33.99999999999966,34,1.0111201435302841,2,2.412564986717278,2,1.484379155447376,0.6152701227199425,7.08699871077228,5.5209332186354795e-15,1,60,True,expanded:genericity,,
49,23,1796,970,off_manifold_hop,35.99999999999977,36,0.5982153646345381,4,2.265380518017222,13,1.8288712594844698,0.8073130517981113,5.981211254364792,3.395280585230131e-15,12,60,True,expanded:deletion,,
34,23,1320,844,exact_hop,35.99999999999966,36,1.0014136727533087,11,1.8281057563953147,11,1.3650364674439919,0.7466944746870611,7.982263499731297,6.653686174649773e-15,27,60,True,expanded:death,,
13,23,567,78,off_manifold_hop,35.99999999999977,36,1.003145672548604,2,2.6762674536886215,3,1.6621887215329512,0.6210846824154308,4.0700255111035935,3.700394966407198e-15,16,60,True,expanded:explore,,
61,23,2173,2137,off_manifold_hop,33.999999999999545,34,1.0054189984088795,3,2.562267402380082,3,2.186180562461827,0.8532210808407783,6.738294513607008,5.229199568089753e-15,0,-1,True,pareto_kept_polished,,
49,23,1796,970,off_manifold_hop,35.99999999999977,36,0.5982153646345381,4,2.265380518017222,13,1.8288712594844698,0.8073130517981113,5.981211254364792,3.395280585230131e-15,12,60,True,pareto_kept_polished,,
34,23,1320,844,exact_hop,35.99999999999977,36,1.0014136727533087,11,1.8281057563953163,11,1.3650364674439919,0.7466944746870604,7.982263499731297,6.607580506354719e-15,27,60,True,pareto_kept_polished,,
13,23,567,78,off_manifold_hop,35.99999999999977,36,1.003145672548604,2,2.6762674536886215,3,1.6621887215329512,0.6210846824154308,4.0700255111035935,3.700394966407198e-15,16,60,True,pareto_kept_polished,,
61,23,2173,2137,off_manifold_hop,33.999999999999545,34,1.0054189984088795,3,2.562267402380082,3,2.186180562461827,0.8532210808407783,6.738294513607008,5.229199568089753e-15,0,-1,True,frontier,,
49,23,1796,970,off_manifold_hop,35.99999999999977,36,0.5982153646345381,4,2.265380518017222,13,1.8288712594844698,0.8073130517981113,5.981211254364792,3.395280585230131e-15,12,60,True,frontier,,
34,23,1320,844,exact_hop,35.99999999999977,36,1.0014136727533087,11,1.8281057563953163,11,1.3650364674439919,0.7466944746870604,7.982263499731297,6.607580506354719e-15,27,60,True,frontier,,
13,23,567,78,off_manifold_hop,35.99999999999977,36,1.003145672548604,2,2.6762674536886215,3,1.6621887215329512,0.6210846824154308,4.0700255111035935,3.700394966407198e-15,16,60,True,frontier,,
61,23,2173,2137,off_manifold_hop,33.999999999999545,34,1.0054189984088795,3,2.562267402380082,3,2.186180562461827,0.8532210808407783,6.738294513607008,5.229199568089753e-15,1,61,True,expanded:genericity,,
49,23,1796,970,off_manifold_hop,35.99999999999977,36,0.5982153646345381,4,2.265380518017222,13,1.8288712594844698,0.8073130517981113,5.981211254364792,3.395280585230131e-15,13,61,True,expanded:deletion,,
34,23,1320,844,exact_hop,35.99999999999977,36,1.0014136727533087,11,1.8281057563953163,11,1.3650364674439919,0.7466944746870604,7.982263499731297,6.607580506354719e-15,28,61,True,expanded:death,,
62,23,2220,2173,exact_hop,33.99999999999966,34,1.0022563683162404,3,2.577793856728235,2,2.2296148477495583,0.8649313993553429,7.3570755580286775,5.649673335751609e-15,0,-1,True,pareto_kept_polished,,
49,23,1796,970,off_manifold_hop,35.99999999999977,36,0.5982153646345381,4,2.265380518017222,13,1.8288712594844698,0.8073130517981113,5.981211254364792,3.395280585230131e-15,13,61,True,pareto_kept_polished,,
34,23,1320,844,exact_hop,35.99999999999966,36,1.0014136727533087,11,1.8281057563953167,11,1.3650364674439919,0.7466944746870602,7.982263499731297,6.713755586206594e-15,28,61,True,pareto_kept_polished,,
13,23,567,78,off_manifold_hop,35.99999999999977,36,1.003145672548604,2,2.6762674536886215,3,1.6621887215329512,0.6210846824154308,4.0700255111035935,3.700394966407198e-15,16,60,True,pareto_kept_polished,,
62,23,2220,2173,exact_hop,33.99999999999966,34,1.0022563683162404,3,2.577793856728235,2,2.2296148477495583,0.8649313993553429,7.3570755580286775,5.649673335751609e-15,0,-1,True,frontier,,
49,23,1796,970,off_manifold_hop,35.99999999999977,36,0.5982153646345381,4,2.265380518017222,13,1.8288712594844698,0.8073130517981113,5.981211254364792,3.395280585230131e-15,13,61,True,frontier,,
34,23,1320,844,exact_hop,35.99999999999966,36,1.0014136727533087,11,1.8281057563953167,11,1.3650364674439919,0.7466944746870602,7.982263499731297,6.713755586206594e-15,28,61,True,frontier,,
13,23,567,78,off_manifold_hop,35.99999999999977,36,1.003145672548604,2,2.6762674536886215,3,1.6621887215329512,0.6210846824154308,4.0700255111035935,3.700394966407198e-15,16,60,True,frontier,,
49,23,1796,970,off_manifold_hop,35.99999999999977,36,0.5982153646345381,4,2.265380518017222,13,1.8288712594844698,0.8073130517981113,5.981211254364792,3.395280585230131e-15,13,61,False,full_delete_probe,0.33547088524145363,4
62,23,2220,2173,exact_hop,33.99999999999966,34,1.0022563683162404,3,2.577793856728235,2,2.2296148477495583,0.8649313993553429,7.3570755580286775,5.649673335751609e-15,1,62,True,expanded:genericity,,
49,23,1796,970,off_manifold_hop,35.99999999999977,36,0.5982153646345381,4,2.265380518017222,13,1.8288712594844698,0.8073130517981113,5.981211254364792,3.395280585230131e-15,14,62,True,expanded:deletion,,
34,23,1320,844,exact_hop,35.99999999999966,36,1.0014136727533087,11,1.8281057563953167,11,1.3650364674439919,0.7466944746870602,7.982263499731297,6.713755586206594e-15,29,62,True,expanded:death,,
63,23,2254,2220,off_manifold_hop,33.99999999999966,34,1.0083171611875141,3,2.2470523024750118,3,1.5435789990245894,0.6869350559060939,7.237444504687904,5.509355138556409e-15,0,-1,True,pareto_kept_polished,,
49,23,1796,970,off_manifold_hop,35.99999999999977,36,0.5982153646345381,4,2.265380518017222,13,1.8288712594844698,0.8073130517981113,5.981211254364792,3.395280585230131e-15,14,62,True,pareto_kept_polished,,
34,23,1320,844,exact_hop,35.99999999999966,36,1.0014136727533087,11,1.828105756395319,11,1.3650364674439919,0.7466944746870593,7.982263499731297,6.643147616279358e-15,29,62,True,pareto_kept_polished,,
13,23,567,78,off_manifold_hop,35.99999999999977,36,1.003145672548604,2,2.6762674536886215,3,1.6621887215329512,0.6210846824154308,4.0700255111035935,3.700394966407198e-15,16,60,True,pareto_kept_polished,,
63,23,2254,2220,off_manifold_hop,33.99999999999966,34,1.0083171611875141,3,2.2470523024750118,3,1.5435789990245894,0.6869350559060939,7.237444504687904,5.509355138556409e-15,0,-1,True,frontier,,
49,23,1796,970,off_manifold_hop,35.99999999999977,36,0.5982153646345381,4,2.265380518017222,13,1.8288712594844698,0.8073130517981113,5.981211254364792,3.395280585230131e-15,14,62,True,frontier,,
34,23,1320,844,exact_hop,35.99999999999966,36,1.0014136727533087,11,1.828105756395319,11,1.3650364674439919,0.7466944746870593,7.982263499731297,6.643147616279358e-15,29,62,True,frontier,,
13,23,567,78,off_manifold_hop,35.99999999999977,36,1.003145672548604,2,2.6762674536886215,3,1.6621887215329512,0.6210846824154308,4.0700255111035935,3.700394966407198e-15,16,60,True,frontier,,
63,23,2254,2220,off_manifold_hop,33.99999999999966,34,1.0083171611875141,3,2.2470523024750118,3,1.5435789990245894,0.6869350559060939,7.237444504687904,5.509355138556409e-15,1,63,True,expanded:genericity,,
49,23,1796,970,off_manifold_hop,35.99999999999977,36,0.5982153646345381,4,2.265380518017222,13,1.8288712594844698,0.8073130517981113,5.981211254364792,3.395280585230131e-15,15,63,True,expanded:deletion,,
34,23,1320,844,exact_hop,35.99999999999966,36,1.0014136727533087,11,1.828105756395319,11,1.3650364674439919,0.7466944746870593,7.982263499731297,6.643147616279358e-15,30,63,True,expanded:death,,
13,23,567,78,off_manifold_hop,35.99999999999977,36,1.003145672548604,2,2.6762674536886215,3,1.6621887215329512,0.6210846824154308,4.0700255111035935,3.700394966407198e-15,17,63,True,expanded:explore,,
64,23,2278,2254,exact_hop,33.99999999999966,34,1.0035682403987378,3,2.112130869679626,3,1.2553645313288133,0.594359255550879,7.592582827661731,6.193320691907683e-15,0,-1,True,pareto_kept_polished,,
49,23,1796,970,off_manifold_hop,35.99999999999977,36,0.5982153646345381,4,2.265380518017222,13,1.8288712594844698,0.8073130517981113,5.981211254364792,3.395280585230131e-15,15,63,True,pareto_kept_polished,,
34,23,1320,844,exact_hop,35.99999999999966,36,1.0014136727533087,11,1.8281057563953191,11,1.3650364674439919,0.7466944746870592,7.982263499731297,6.6461649629672425e-15,30,63,True,pareto_kept_polished,,
13,23,567,78,off_manifold_hop,35.99999999999977,36,1.003145672548604,2,2.6762674536886215,3,1.6621887215329512,0.6210846824154308,4.0700255111035935,3.700394966407198e-15,17,63,True,pareto_kept_polished,,
64,23,2278,2254,exact_hop,33.99999999999966,34,1.0035682403987378,3,2.112130869679626,3,1.2553645313288133,0.594359255550879,7.592582827661731,6.193320691907683e-15,0,-1,True,frontier,,
49,23,1796,970,off_manifold_hop,35.99999999999977,36,0.5982153646345381,4,2.265380518017222,13,1.8288712594844698,0.8073130517981113,5.981211254364792,3.395280585230131e-15,15,63,True,frontier,,
34,23,1320,844,exact_hop,35.99999999999966,36,1.0014136727533087,11,1.8281057563953191,11,1.3650364674439919,0.7466944746870592,7.982263499731297,6.6461649629672425e-15,30,63,True,frontier,,
13,23,567,78,off_manifold_hop,35.99999999999977,36,1.003145672548604,2,2.6762674536886215,3,1.6621887215329512,0.6210846824154308,4.0700255111035935,3.700394966407198e-15,17,63,True,frontier,,
49,23,1796,970,off_manifold_hop,35.99999999999977,36,0.5982153646345381,4,2.265380518017222,13,1.8288712594844698,0.8073130517981113,5.981211254364792,3.395280585230131e-15,15,63,False,full_delete_probe,0.33547088524145363,4
64,23,2278,2254,exact_hop,33.99999999999966,34,1.0035682403987378,3,2.112130869679626,3,1.2553645313288133,0.594359255550879,7.592582827661731,6.193320691907683e-15,1,64,True,expanded:genericity,,
49,23,1796,970,off_manifold_hop,35.99999999999977,36,0.5982153646345381,4,2.265380518017222,13,1.8288712594844698,0.8073130517981113,5.981211254364792,3.395280585230131e-15,16,64,True,expanded:deletion,,
34,23,1320,844,exact_hop,35.99999999999966,36,1.0014136727533087,11,1.8281057563953191,11,1.3650364674439919,0.7466944746870592,7.982263499731297,6.6461649629672425e-15,31,64,True,expanded:death,,
65,23,2316,2278,off_manifold_hop,33.999999999999545,34,1.0054089031057543,4,2.1371542579943004,3,1.4784086373623635,0.691765057123128,7.871987375798635,6.417238967459339e-15,0,-1,True,pareto_kept_polished,,
49,23,1796,970,off_manifold_hop,35.99999999999977,36,0.5982153646345381,4,2.265380518017222,13,1.8288712594844698,0.8073130517981113,5.981211254364792,3.395280585230131e-15,16,64,True,pareto_kept_polished,,
34,23,1320,844,exact_hop,35.99999999999966,36,1.0014136727533087,11,1.8281057563953174,11,1.3650364674439919,0.74669447468706,7.982263499731297,6.6578520902811985e-15,31,64,True,pareto_kept_polished,,
13,23,567,78,off_manifold_hop,35.99999999999977,36,1.003145672548604,2,2.6762674536886215,3,1.6621887215329512,0.6210846824154308,4.0700255111035935,3.700394966407198e-15,17,63,True,pareto_kept_polished,,
65,23,2316,2278,off_manifold_hop,33.999999999999545,34,1.0054089031057543,4,2.1371542579943004,3,1.4784086373623635,0.691765057123128,7.871987375798635,6.417238967459339e-15,0,-1,True,frontier,,
49,23,1796,970,off_manifold_hop,35.99999999999977,36,0.5982153646345381,4,2.265380518017222,13,1.8288712594844698,0.8073130517981113,5.981211254364792,3.395280585230131e-15,16,64,True,frontier,,
34,23,1320,844,exact_hop,35.99999999999966,36,1.0014136727533087,11,1.8281057563953174,11,1.3650364674439919,0.74669447468706,7.982263499731297,6.6578520902811985e-15,31,64,True,frontier,,
13,23,567,78,off_manifold_hop,35.99999999999977,36,1.003145672548604,2,2.6762674536886215,3,1.6621887215329512,0.6210846824154308,4.0700255111035935,3.700394966407198e-15,17,63,True,frontier,,
65,23,2316,2278,off_manifold_hop,33.999999999999545,34,1.0054089031057543,4,2.1371542579943004,3,1.4784086373623635,0.691765057123128,7.871987375798635,6.417238967459339e-15,1,65,True,expanded:genericity,,
49,23,1796,970,off_manifold_hop,35.99999999999977,36,0.5982153646345381,4,2.265380518017222,13,1.8288712594844698,0.8073130517981113,5.981211254364792,3.395280585230131e-15,17,65,True,expanded:deletion,,
34,23,1320,844,exact_hop,35.99999999999966,36,1.0014136727533087,11,1.8281057563953174,11,1.3650364674439919,0.74669447468706,7.982263499731297,6.6578520902811985e-15,32,65,True,expanded:death,,
66,23,2342,2316,off_manifold_hop,33.999999999999545,34,1.000882652539965,3,2.0075470927523336,3,1.5367340855442895,0.7654784742496065,7.870602657803778,6.738600039759123e-15,0,-1,True,pareto_kept_polished,,
49,23,1796,970,off_manifold_hop,35.99999999999977,36,0.5982153646345381,4,2.265380518017222,13,1.8288712594844698,0.8073130517981113,5.981211254364792,3.395280585230131e-15,17,65,True,pareto_kept_polished,,
34,23,1320,844,exact_hop,35.99999999999966,36,1.0014136727533087,11,1.8281057563953156,11,1.3650364674439919,0.7466944746870606,7.982263499731297,6.671222690708572e-15,32,65,True,pareto_kept_polished,,
13,23,567,78,off_manifold_hop,35.99999999999977,36,1.003145672548604,2,2.6762674536886215,3,1.6621887215329512,0.6210846824154308,4.0700255111035935,3.700394966407198e-15,17,63,True,pareto_kept_polished,,
66,23,2342,2316,off_manifold_hop,33.999999999999545,34,1.000882652539965,3,2.0075470927523336,3,1.5367340855442895,0.7654784742496065,7.870602657803778,6.738600039759123e-15,0,-1,True,frontier,,
49,23,1796,970,off_manifold_hop,35.99999999999977,36,0.5982153646345381,4,2.265380518017222,13,1.8288712594844698,0.8073130517981113,5.981211254364792,3.395280585230131e-15,17,65,True,frontier,,
34,23,1320,844,exact_hop,35.99999999999966,36,1.0014136727533087,11,1.8281057563953156,11,1.3650364674439919,0.7466944746870606,7.982263499731297,6.671222690708572e-15,32,65,True,frontier,,
13,23,567,78,off_manifold_hop,35.99999999999977,36,1.003145672548604,2,2.6762674536886215,3,1.6621887215329512,0.6210846824154308,4.0700255111035935,3.700394966407198e-15,17,63,True,frontier,,
49,23,1796,970,off_manifold_hop,35.99999999999977,36,0.5982153646345381,4,2.265380518017222,13,1.8288712594844698,0.8073130517981113,5.981211254364792,3.395280585230131e-15,17,65,False,full_delete_probe,0.33547088524145363,4
66,23,2342,2316,off_manifold_hop,33.999999999999545,34,1.000882652539965,3,2.0075470927523336,3,1.5367340855442895,0.7654784742496065,7.870602657803778,6.738600039759123e-15,1,66,True,expanded:genericity,,
49,23,1796,970,off_manifold_hop,35.99999999999977,36,0.5982153646345381,4,2.265380518017222,13,1.8288712594844698,0.8073130517981113,5.981211254364792,3.395280585230131e-15,18,66,True,expanded:deletion,,
34,23,1320,844,exact_hop,35.99999999999966,36,1.0014136727533087,11,1.8281057563953156,11,1.3650364674439919,0.7466944746870606,7.982263499731297,6.671222690708572e-15,33,66,True,expanded:death,,
13,23,567,78,off_manifold_hop,35.99999999999977,36,1.003145672548604,2,2.6762674536886215,3,1.6621887215329512,0.6210846824154308,4.0700255111035935,3.700394966407198e-15,18,66,True,expanded:explore,,
66,23,2342,2316,off_manifold_hop,33.999999999999545,34,1.000882652539965,3,2.0075470927523305,3,1.5367340855442895,0.7654784742496076,7.870602657803778,6.811312567432642e-15,1,66,True,pareto_kept_polished,,
49,23,1796,970,off_manifold_hop,35.99999999999977,36,0.5982153646345381,4,2.265380518017222,13,1.8288712594844698,0.8073130517981113,5.981211254364792,3.395280585230131e-15,18,66,True,pareto_kept_polished,,
34,23,1320,844,exact_hop,35.99999999999966,36,1.0014136727533087,11,1.8281057563953167,11,1.3650364674439919,0.7466944746870602,7.982263499731297,6.701047842528222e-15,33,66,True,pareto_kept_polished,,
13,23,567,78,off_manifold_hop,35.99999999999977,36,1.003145672548604,2,2.6762674536886215,3,1.6621887215329512,0.6210846824154308,4.0700255111035935,3.700394966407198e-15,18,66,True,pareto_kept_polished,,
66,23,2342,2316,off_manifold_hop,33.999999999999545,34,1.000882652539965,3,2.0075470927523305,3,1.5367340855442895,0.7654784742496076,7.870602657803778,6.811312567432642e-15,1,66,True,frontier,,
49,23,1796,970,off_manifold_hop,35.99999999999977,36,0.5982153646345381,4,2.265380518017222,13,1.8288712594844698,0.8073130517981113,5.981211254364792,3.395280585230131e-15,18,66,True,frontier,,
34,23,1320,844,exact_hop,35.99999999999966,36,1.0014136727533087,11,1.8281057563953167,11,1.3650364674439919,0.7466944746870602,7.982263499731297,6.701047842528222e-15,33,66,True,frontier,,
13,23,567,78,off_manifold_hop,35.99999999999977,36,1.003145672548604,2,2.6762674536886215,3,1.6621887215329512,0.6210846824154308,4.0700255111035935,3.700394966407198e-15,18,66,True,frontier,,
66,23,2342,2316,off_manifold_hop,33.999999999999545,34,1.000882652539965,3,2.0075470927523305,3,1.5367340855442895,0.7654784742496076,7.870602657803778,6.811312567432642e-15,2,67,True,expanded:genericity,,
49,23,1796,970,off_manifold_hop,35.99999999999977,36,0.5982153646345381,4,2.265380518017222,13,1.8288712594844698,0.8073130517981113,5.981211254364792,3.395280585230131e-15,19,67,True,expanded:deletion,,
34,23,1320,844,exact_hop,35.99999999999966,36,1.0014136727533087,11,1.8281057563953167,11,1.3650364674439919,0.7466944746870602,7.982263499731297,6.701047842528222e-15,34,67,True,expanded:death,,
66,23,2342,2316,off_manifold_hop,33.999999999999545,34,1.000882652539965,3,2.007547092752332,3,1.5367340855442895,0.7654784742496071,7.870602657803778,7.296017185400548e-15,2,67,True,pareto_kept_polished,,
49,23,1796,970,off_manifold_hop,35.99999999999977,36,0.5982153646345381,4,2.265380518017222,13,1.8288712594844698,0.8073130517981113,5.981211254364792,3.395280585230131e-15,19,67,True,pareto_kept_polished,,
34,23,1320,844,exact_hop,35.99999999999966,36,1.0014136727533087,11,1.8281057563953156,11,1.3650364674439919,0.7466944746870606,7.982263499731297,6.688313704643992e-15,34,67,True,pareto_kept_polished,,
13,23,567,78,off_manifold_hop,35.99999999999977,36,1.003145672548604,2,2.6762674536886215,3,1.6621887215329512,0.6210846824154308,4.0700255111035935,3.700394966407198e-15,18,66,True,pareto_kept_polished,,
66,23,2342,2316,off_manifold_hop,33.999999999999545,34,1.000882652539965,3,2.007547092752332,3,1.5367340855442895,0.7654784742496071,7.870602657803778,7.296017185400548e-15,2,67,True,frontier,,
49,23,1796,970,off_manifold_hop,35.99999999999977,36,0.5982153646345381,4,2.265380518017222,13,1.8288712594844698,0.8073130517981113,5.981211254364792,3.395280585230131e-15,19,67,True,frontier,,
34,23,1320,844,exact_hop,35.99999999999966,36,1.0014136727533087,11,1.8281057563953156,11,1.3650364674439919,0.7466944746870606,7.982263499731297,6.688313704643992e-15,34,67,True,frontier,,
13,23,567,78,off_manifold_hop,35.99999999999977,36,1.003145672548604,2,2.6762674536886215,3,1.6621887215329512,0.6210846824154308,4.0700255111035935,3.700394966407198e-15,18,66,True,frontier,,
49,23,1796,970,off_manifold_hop,35.99999999999977,36,0.5982153646345381,4,2.265380518017222,13,1.8288712594844698,0.8073130517981113,5.981211254364792,3.395280585230131e-15,19,67,False,full_delete_probe,0.33547088524145363,4
66,23,2342,2316,off_manifold_hop,33.999999999999545,34,1.000882652539965,3,2.007547092752332,3,1.5367340855442895,0.7654784742496071,7.870602657803778,7.296017185400548e-15,3,68,True,expanded:genericity,,
49,23,1796,970,off_manifold_hop,35.99999999999977,36,0.5982153646345381,4,2.265380518017222,13,1.8288712594844698,0.8073130517981113,5.981211254364792,3.395280585230131e-15,20,68,True,expanded:deletion,,
34,23,1320,844,exact_hop,35.99999999999966,36,1.0014136727533087,11,1.8281057563953156,11,1.3650364674439919,0.7466944746870606,7.982263499731297,6.688313704643992e-15,35,68,True,expanded:death,,
66,23,2342,2316,off_manifold_hop,33.999999999999545,34,1.000882652539965,3,2.0075470927523287,3,1.5367340855442895,0.7654784742496084,7.870602657803778,6.8751877531651324e-15,3,68,True,pareto_kept_polished,,
49,23,1796,970,off_manifold_hop,35.99999999999977,36,0.5982153646345381,4,2.265380518017222,13,1.8288712594844698,0.8073130517981113,5.981211254364792,3.395280585230131e-15,20,68,True,pareto_kept_polished,,
34,23,1320,844,exact_hop,35.99999999999977,36,1.0014136727533087,11,1.828105756395319,11,1.3650364674439919,0.7466944746870593,7.982263499731297,6.725901104082908e-15,35,68,True,pareto_kept_polished,,
13,23,567,78,off_manifold_hop,35.99999999999977,36,1.003145672548604,2,2.6762674536886215,3,1.6621887215329512,0.6210846824154308,4.0700255111035935,3.700394966407198e-15,18,66,True,pareto_kept_polished,,
66,23,2342,2316,off_manifold_hop,33.999999999999545,34,1.000882652539965,3,2.0075470927523287,3,1.5367340855442895,0.7654784742496084,7.870602657803778,6.8751877531651324e-15,3,68,True,frontier,,
49,23,1796,970,off_manifold_hop,35.99999999999977,36,0.5982153646345381,4,2.265380518017222,13,1.8288712594844698,0.8073130517981113,5.981211254364792,3.395280585230131e-15,20,68,True,frontier,,
34,23,1320,844,exact_hop,35.99999999999977,36,1.0014136727533087,11,1.828105756395319,11,1.3650364674439919,0.7466944746870593,7.982263499731297,6.725901104082908e-15,35,68,True,frontier,,
13,23,567,78,off_manifold_hop,35.99999999999977,36,1.003145672548604,2,2.6762674536886215,3,1.6621887215329512,0.6210846824154308,4.0700255111035935,3.700394966407198e-15,18,66,True,frontier,,
66,23,2342,2316,off_manifold_hop,33.999999999999545,34,1.000882652539965,3,2.0075470927523287,3,1.5367340855442895,0.7654784742496084,7.870602657803778,6.8751877531651324e-15,4,69,True,expanded:genericity,,
49,23,1796,970,off_manifold_hop,35.99999999999977,36,0.5982153646345381,4,2.265380518017222,13,1.8288712594844698,0.8073130517981113,5.981211254364792,3.395280585230131e-15,21,69,True,expanded:deletion,,
34,23,1320,844,exact_hop,35.99999999999977,36,1.0014136727533087,11,1.828105756395319,11,1.3650364674439919,0.7466944746870593,7.982263499731297,6.725901104082908e-15,36,69,True,expanded:death,,
13,23,567,78,off_manifold_hop,35.99999999999977,36,1.003145672548604,2,2.6762674536886215,3,1.6621887215329512,0.6210846824154308,4.0700255111035935,3.700394966407198e-15,19,69,True,expanded:explore,,
66,23,2342,2316,off_manifold_hop,33.999999999999545,34,1.000882652539965,3,2.007547092752328,3,1.5367340855442895,0.7654784742496087,7.870602657803778,6.8751877531651324e-15,4,69,True,pareto_kept_polished,,
49,23,1796,970,off_manifold_hop,35.99999999999977,36,0.5982153646345381,4,2.265380518017222,13,1.8288712594844698,0.8073130517981113,5.981211254364792,3.395280585230131e-15,21,69,True,pareto_kept_polished,,
34,23,1320,844,exact_hop,35.99999999999966,36,1.0014136727533087,11,1.8281057563953171,11,1.3650364674439919,0.7466944746870601,7.982263499731297,6.694962373637724e-15,36,69,True,pareto_kept_polished,,
13,23,567,78,off_manifold_hop,35.99999999999977,36,1.003145672548604,2,2.6762674536886215,3,1.6621887215329512,0.6210846824154308,4.0700255111035935,3.700394966407198e-15,19,69,True,pareto_kept_polished,,
66,23,2342,2316,off_manifold_hop,33.999999999999545,34,1.000882652539965,3,2.007547092752328,3,1.5367340855442895,0.7654784742496087,7.870602657803778,6.8751877531651324e-15,4,69,True,frontier,,
49,23,1796,970,off_manifold_hop,35.99999999999977,36,0.5982153646345381,4,2.265380518017222,13,1.8288712594844698,0.8073130517981113,5.981211254364792,3.395280585230131e-15,21,69,True,frontier,,
34,23,1320,844,exact_hop,35.99999999999966,36,1.0014136727533087,11,1.8281057563953171,11,1.3650364674439919,0.7466944746870601,7.982263499731297,6.694962373637724e-15,36,69,True,frontier,,
13,23,567,78,off_manifold_hop,35.99999999999977,36,1.003145672548604,2,2.6762674536886215,3,1.6621887215329512,0.6210846824154308,4.0700255111035935,3.700394966407198e-15,19,69,True,frontier,,
49,23,1796,970,off_manifold_hop,35.99999999999977,36,0.5982153646345381,4,2.265380518017222,13,1.8288712594844698,0.8073130517981113,5.981211254364792,3.395280585230131e-15,21,69,False,full_delete_probe,0.33547088524145363,4
66,23,2342,2316,off_manifold_hop,33.999999999999545,34,1.000882652539965,3,2.007547092752328,3,1.5367340855442895,0.7654784742496087,7.870602657803778,6.8751877531651324e-15,5,70,True,expanded:genericity,,
49,23,1796,970,off_manifold_hop,35.99999999999977,36,0.5982153646345381,4,2.265380518017222,13,1.8288712594844698,0.8073130517981113,5.981211254364792,3.395280585230131e-15,22,70,True,expanded:deletion,,
34,23,1320,844,exact_hop,35.99999999999966,36,1.0014136727533087,11,1.8281057563953171,11,1.3650364674439919,0.7466944746870601,7.982263499731297,6.694962373637724e-15,37,70,True,expanded:death,,
66,23,2342,2316,off_manifold_hop,33.999999999999545,34,1.000882652539965,3,2.007547092752328,3,1.5367340855442895,0.7654784742496087,7.870602657803778,6.8751877531651324e-15,5,70,True,pareto_kept_polished,,
49,23,1796,970,off_manifold_hop,35.99999999999977,36,0.5982153646345381,4,2.265380518017222,13,1.8288712594844698,0.8073130517981113,5.981211254364792,3.395280585230131e-15,22,70,True,pareto_kept_polished,,
34,23,1320,844,exact_hop,35.99999999999966,36,1.0014136727533087,11,1.828105756395319,11,1.3650364674439919,0.7466944746870593,7.982263499731297,6.742853526853998e-15,37,70,True,pareto_kept_polished,,
13,23,567,78,off_manifold_hop,35.99999999999977,36,1.003145672548604,2,2.6762674536886215,3,1.6621887215329512,0.6210846824154308,4.0700255111035935,3.700394966407198e-15,19,69,True,pareto_kept_polished,,
66,23,2342,2316,off_manifold_hop,33.999999999999545,34,1.000882652539965,3,2.007547092752328,3,1.5367340855442895,0.7654784742496087,7.870602657803778,6.8751877531651324e-15,5,70,True,frontier,,
49,23,1796,970,off_manifold_hop,35.99999999999977,36,0.5982153646345381,4,2.265380518017222,13,1.8288712594844698,0.8073130517981113,5.981211254364792,3.395280585230131e-15,22,70,True,frontier,,
34,23,1320,844,exact_hop,35.99999999999966,36,1.0014136727533087,11,1.828105756395319,11,1.3650364674439919,0.7466944746870593,7.982263499731297,6.742853526853998e-15,37,70,True,frontier,,
13,23,567,78,off_manifold_hop,35.99999999999977,36,1.003145672548604,2,2.6762674536886215,3,1.6621887215329512,0.6210846824154308,4.0700255111035935,3.700394966407198e-15,19,69,True,frontier,,
66,23,2342,2316,off_manifold_hop,33.999999999999545,34,1.000882652539965,3,2.007547092752328,3,1.5367340855442895,0.7654784742496087,7.870602657803778,6.8751877531651324e-15,6,71,True,expanded:genericity,,
49,23,1796,970,off_manifold_hop,35.99999999999977,36,0.5982153646345381,4,2.265380518017222,13,1.8288712594844698,0.8073130517981113,5.981211254364792,3.395280585230131e-15,23,71,True,expanded:deletion,,
34,23,1320,844,exact_hop,35.99999999999966,36,1.0014136727533087,11,1.828105756395319,11,1.3650364674439919,0.7466944746870593,7.982263499731297,6.742853526853998e-15,38,71,True,expanded:death,,
66,23,2342,2316,off_manifold_hop,33.999999999999545,34,1.000882652539965,3,2.007547092752328,3,1.5367340855442895,0.7654784742496087,7.870602657803778,6.8751877531651324e-15,6,71,True,pareto_kept_polished,,
49,23,1796,970,off_manifold_hop,35.99999999999977,36,0.5982153646345381,4,2.265380518017222,13,1.8288712594844698,0.8073130517981113,5.981211254364792,3.395280585230131e-15,23,71,True,pareto_kept_polished,,
34,23,1320,844,exact_hop,35.99999999999966,36,1.0014136727533087,11,1.8281057563953171,11,1.3650364674439919,0.7466944746870601,7.982263499731297,6.735083163952043e-15,38,71,True,pareto_kept_polished,,
13,23,567,78,off_manifold_hop,35.99999999999977,36,1.003145672548604,2,2.6762674536886215,3,1.6621887215329512,0.6210846824154308,4.0700255111035935,3.700394966407198e-15,19,69,True,pareto_kept_polished,,
66,23,2342,2316,off_manifold_hop,33.999999999999545,34,1.000882652539965,3,2.007547092752328,3,1.5367340855442895,0.7654784742496087,7.870602657803778,6.8751877531651324e-15,6,71,True,frontier,,
49,23,1796,970,off_manifold_hop,35.99999999999977,36,0.5982153646345381,4,2.265380518017222,13,1.8288712594844698,0.8073130517981113,5.981211254364792,3.395280585230131e-15,23,71,True,frontier,,
34,23,1320,844,exact_hop,35.99999999999966,36,1.0014136727533087,11,1.8281057563953171,11,1.3650364674439919,0.7466944746870601,7.982263499731297,6.735083163952043e-15,38,71,True,frontier,,
13,23,567,78,off_manifold_hop,35.99999999999977,36,1.003145672548604,2,2.6762674536886215,3,1.6621887215329512,0.6210846824154308,4.0700255111035935,3.700394966407198e-15,19,69,True,frontier,,
49,23,1796,970,off_manifold_hop,35.99999999999977,36,0.5982153646345381,4,2.265380518017222,13,1.8288712594844698,0.8073130517981113,5.981211254364792,3.395280585230131e-15,23,71,False,full_delete_probe,0.33547088524145363,4
66,23,2342,2316,off_manifold_hop,33.999999999999545,34,1.000882652539965,3,2.007547092752328,3,1.5367340855442895,0.7654784742496087,7.870602657803778,6.8751877531651324e-15,7,72,True,expanded:genericity,,
49,23,1796,970,off_manifold_hop,35.99999999999977,36,0.5982153646345381,4,2.265380518017222,13,1.8288712594844698,0.8073130517981113,5.981211254364792,3.395280585230131e-15,24,72,True,expanded:deletion,,
34,23,1320,844,exact_hop,35.99999999999966,36,1.0014136727533087,11,1.8281057563953171,11,1.3650364674439919,0.7466944746870601,7.982263499731297,6.735083163952043e-15,39,72,True,expanded:death,,
13,23,567,78,off_manifold_hop,35.99999999999977,36,1.003145672548604,2,2.6762674536886215,3,1.6621887215329512,0.6210846824154308,4.0700255111035935,3.700394966407198e-15,20,72,True,expanded:explore,,
66,23,2342,2316,off_manifold_hop,33.999999999999545,34,1.000882652539965,3,2.007547092752328,3,1.5367340855442895,0.7654784742496087,7.870602657803778,6.8751877531651324e-15,7,72,True,pareto_kept_polished,,
49,23,1796,970,off_manifold_hop,35.99999999999977,36,0.5982153646345381,4,2.265380518017222,13,1.8288712594844698,0.8073130517981113,5.981211254364792,3.395280585230131e-15,24,72,True,pareto_kept_polished,,
34,23,1320,844,exact_hop,35.99999999999977,36,1.0014136727533087,11,1.8281057563953187,11,1.3650364674439919,0.7466944746870594,7.982263499731297,6.7494484706014034e-15,39,72,True,pareto_kept_polished,,
13,23,567,78,off_manifold_hop,35.99999999999977,36,1.003145672548604,2,2.6762674536886215,3,1.6621887215329512,0.6210846824154308,4.0700255111035935,3.700394966407198e-15,20,72,True,pareto_kept_polished,,
66,23,2342,2316,off_manifold_hop,33.999999999999545,34,1.000882652539965,3,2.007547092752328,3,1.5367340855442895,0.7654784742496087,7.870602657803778,6.8751877531651324e-15,7,72,True,frontier,,
49,23,1796,970,off_manifold_hop,35.99999999999977,36,0.5982153646345381,4,2.265380518017222,13,1.8288712594844698,0.8073130517981113,5.981211254364792,3.395280585230131e-15,24,72,True,frontier,,
34,23,1320,844,exact_hop,35.99999999999977,36,1.0014136727533087,11,1.8281057563953187,11,1.3650364674439919,0.7466944746870594,7.982263499731297,6.7494484706014034e-15,39,72,True,frontier,,
13,23,567,78,off_manifold_hop,35.99999999999977,36,1.003145672548604,2,2.6762674536886215,3,1.6621887215329512,0.6210846824154308,4.0700255111035935,3.700394966407198e-15,20,72,True,frontier,,
66,23,2342,2316,off_manifold_hop,33.999999999999545,34,1.000882652539965,3,2.007547092752328,3,1.5367340855442895,0.7654784742496087,7.870602657803778,6.8751877531651324e-15,8,73,True,expanded:genericity,,
49,23,1796,970,off_manifold_hop,35.99999999999977,36,0.5982153646345381,4,2.265380518017222,13,1.8288712594844698,0.8073130517981113,5.981211254364792,3.395280585230131e-15,25,73,True,expanded:deletion,,
34,23,1320,844,exact_hop,35.99999999999977,36,1.0014136727533087,11,1.8281057563953187,11,1.3650364674439919,0.7466944746870594,7.982263499731297,6.7494484706014034e-15,40,73,True,expanded:death,,
66,23,2342,2316,off_manifold_hop,33.999999999999545,34,1.000882652539965,3,2.007547092752328,3,1.5367340855442895,0.7654784742496087,7.870602657803778,6.8751877531651324e-15,8,73,True,pareto_kept_polished,,
49,23,1796,970,off_manifold_hop,35.99999999999977,36,0.5982153646345381,4,2.265380518017222,13,1.8288712594844698,0.8073130517981113,5.981211254364792,3.395280585230131e-15,25,73,True,pareto_kept_polished,,
34,23,1320,844,exact_hop,35.99999999999966,36,1.0014136727533087,11,1.828105756395319,11,1.3650364674439919,0.7466944746870593,7.982263499731297,6.7573831207189745e-15,40,73,True,pareto_kept_polished,,
13,23,567,78,off_manifold_hop,35.99999999999977,36,1.003145672548604,2,2.6762674536886215,3,1.6621887215329512,0.6210846824154308,4.0700255111035935,3.700394966407198e-15,20,72,True,pareto_kept_polished,,
66,23,2342,2316,off_manifold_hop,33.999999999999545,34,1.000882652539965,3,2.007547092752328,3,1.5367340855442895,0.7654784742496087,7.870602657803778,6.8751877531651324e-15,8,73,True,frontier,,
49,23,1796,970,off_manifold_hop,35.99999999999977,36,0.5982153646345381,4,2.265380518017222,13,1.8288712594844698,0.8073130517981113,5.981211254364792,3.395280585230131e-15,25,73,True,frontier,,
34,23,1320,844,exact_hop,35.99999999999966,36,1.0014136727533087,11,1.828105756395319,11,1.3650364674439919,0.7466944746870593,7.982263499731297,6.7573831207189745e-15,40,73,True,frontier,,
13,23,567,78,off_manifold_hop,35.99999999999977,36,1.003145672548604,2,2.6762674536886215,3,1.6621887215329512,0.6210846824154308,4.0700255111035935,3.700394966407198e-15,20,72,True,frontier,,
49,23,1796,970,off_manifold_hop,35.99999999999977,36,0.5982153646345381,4,2.265380518017222,13,1.8288712594844698,0.8073130517981113,5.981211254364792,3.395280585230131e-15,25,73,False,full_delete_probe,0.33547088524145363,4
66,23,2342,2316,off_manifold_hop,33.999999999999545,34,1.000882652539965,3,2.007547092752328,3,1.5367340855442895,0.7654784742496087,7.870602657803778,6.8751877531651324e-15,9,74,True,expanded:genericity,,
49,23,1796,970,off_manifold_hop,35.99999999999977,36,0.5982153646345381,4,2.265380518017222,13,1.8288712594844698,0.8073130517981113,5.981211254364792,3.395280585230131e-15,26,74,True,expanded:deletion,,
34,23,1320,844,exact_hop,35.99999999999966,36,1.0014136727533087,11,1.828105756395319,11,1.3650364674439919,0.7466944746870593,7.982263499731297,6.7573831207189745e-15,41,74,True,expanded:death,,
66,23,2342,2316,off_manifold_hop,33.999999999999545,34,1.000882652539965,3,2.007547092752328,3,1.5367340855442895,0.7654784742496087,7.870602657803778,6.8751877531651324e-15,9,74,True,pareto_kept_polished,,
75,23,2636,1796,off_manifold_hop,35.99999999999977,36,0.5733955550022423,4,2.383621312920412,11,1.8229630169365938,0.7647871778353501,5.796095317653158,4.1217967389830035e-15,0,-1,True,pareto_kept_polished,,
75,23,2641,1320,exact_hop,35.99999999999966,36,1.0015145613841718,11,1.822156438679072,11,1.428496128349695,0.7839591036350582,7.956356151212415,8.491424261948177e-15,0,-1,True,pareto_kept_polished,,
13,23,567,78,off_manifold_hop,35.99999999999977,36,1.003145672548604,2,2.6762674536886215,3,1.6621887215329512,0.6210846824154308,4.0700255111035935,3.700394966407198e-15,20,72,True,pareto_kept_polished,,
66,23,2342,2316,off_manifold_hop,33.999999999999545,34,1.000882652539965,3,2.007547092752328,3,1.5367340855442895,0.7654784742496087,7.870602657803778,6.8751877531651324e-15,9,74,True,frontier,,
75,23,2636,1796,off_manifold_hop,35.99999999999977,36,0.5733955550022423,4,2.383621312920412,11,1.8229630169365938,0.7647871778353501,5.796095317653158,4.1217967389830035e-15,0,-1,True,frontier,,
75,23,2641,1320,exact_hop,35.99999999999966,36,1.0015145613841718,11,1.822156438679072,11,1.428496128349695,0.7839591036350582,7.956356151212415,8.491424261948177e-15,0,-1,True,frontier,,
13,23,567,78,off_manifold_hop,35.99999999999977,36,1.003145672548604,2,2.6762674536886215,3,1.6621887215329512,0.6210846824154308,4.0700255111035935,3.700394966407198e-15,20,72,True,frontier,,
66,23,2342,2316,off_manifold_hop,33.999999999999545,34,1.000882652539965,3,2.007547092752328,3,1.5367340855442895,0.7654784742496087,7.870602657803778,6.8751877531651324e-15,10,75,True,expanded:genericity,,
75,23,2636,1796,off_manifold_hop,35.99999999999977,36,0.5733955550022423,4,2.383621312920412,11,1.8229630169365938,0.7647871778353501,5.796095317653158,4.1217967389830035e-15,1,75,True,expanded:deletion,,
75,23,2641,1320,exact_hop,35.99999999999966,36,1.0015145613841718,11,1.822156438679072,11,1.428496128349695,0.7839591036350582,7.956356151212415,8.491424261948177e-15,1,75,True,expanded:death,,
13,23,567,78,off_manifold_hop,35.99999999999977,36,1.003145672548604,2,2.6762674536886215,3,1.6621887215329512,0.6210846824154308,4.0700255111035935,3.700394966407198e-15,21,75,True,expanded:explore,,
66,23,2342,2316,off_manifold_hop,33.999999999999545,34,1.000882652539965,3,2.007547092752328,3,1.5367340855442895,0.7654784742496087,7.870602657803778,6.8751877531651324e-15,10,75,True,pareto_kept_polished,,
75,23,2636,1796,off_manifold_hop,35.99999999999966,36,0.5733955550022423,4,2.3836213129204147,11,1.8229630169365938,0.7647871778353492,5.796095317653158,4.13700906992734e-15,1,75,True,pareto_kept_polished,,
75,23,2641,1320,exact_hop,35.99999999999966,36,1.0015145613841718,11,1.822156438679074,11,1.428496128349695,0.7839591036350573,7.956356151212415,8.491424261948177e-15,1,75,True,pareto_kept_polished,,
13,23,567,78,off_manifold_hop,35.99999999999977,36,1.003145672548604,2,2.6762674536886215,3,1.6621887215329512,0.6210846824154308,4.0700255111035935,3.700394966407198e-15,21,75,True,pareto_kept_polished,,
66,23,2342,2316,off_manifold_hop,33.999999999999545,34,1.000882652539965,3,2.007547092752328,3,1.5367340855442895,0.7654784742496087,7.870602657803778,6.8751877531651324e-15,10,75,True,frontier,,
75,23,2636,1796,off_manifold_hop,35.99999999999966,36,0.5733955550022423,4,2.3836213129204147,11,1.8229630169365938,0.7647871778353492,5.796095317653158,4.13700906992734e-15,1,75,True,frontier,,
75,23,2641,1320,exact_hop,35.99999999999966,36,1.0015145613841718,11,1.822156438679074,11,1.428496128349695,0.7839591036350573,7.956356151212415,8.491424261948177e-15,1,75,True,frontier,,
13,23,567,78,off_manifold_hop,35.99999999999977,36,1.003145672548604,2,2.6762674536886215,3,1.6621887215329512,0.6210846824154308,4.0700255111035935,3.700394966407198e-15,21,75,True,frontier,,
75,23,2636,1796,off_manifold_hop,35.99999999999966,36,0.5733955550022423,4,2.3836213129204147,11,1.8229630169365938,0.7647871778353492,5.796095317653158,4.13700906992734e-15,1,75,False,full_delete_probe,0.3082015675502733,4
66,23,2342,2316,off_manifold_hop,33.999999999999545,34,1.000882652539965,3,2.007547092752328,3,1.5367340855442895,0.7654784742496087,7.870602657803778,6.8751877531651324e-15,11,76,True,expanded:genericity,,
75,23,2636,1796,off_manifold_hop,35.99999999999966,36,0.5733955550022423,4,2.3836213129204147,11,1.8229630169365938,0.7647871778353492,5.796095317653158,4.13700906992734e-15,2,76,True,expanded:deletion,,
75,23,2641,1320,exact_hop,35.99999999999966,36,1.0015145613841718,11,1.822156438679074,11,1.428496128349695,0.7839591036350573,7.956356151212415,8.491424261948177e-15,2,76,True,expanded:death,,
77,23,2690,2342,off_manifold_hop,33.999999999999545,34,1.0083583730407153,3,2.232835552147843,3,1.6754452222232947,0.7503666002682665,7.982041985207294,5.394652795660386e-15,0,-1,True,pareto_kept_polished,,
75,23,2636,1796,off_manifold_hop,35.99999999999977,36,0.5733955550022423,4,2.3836213129204156,11,1.8229630169365938,0.764787177835349,5.796095317653158,4.092692694942322e-15,2,76,True,pareto_kept_polished,,
75,23,2641,1320,exact_hop,35.99999999999966,36,1.0015145613841718,11,1.822156438679074,11,1.428496128349695,0.7839591036350573,7.956356151212415,8.491424261948177e-15,2,76,True,pareto_kept_polished,,
13,23,567,78,off_manifold_hop,35.99999999999977,36,1.003145672548604,2,2.6762674536886215,3,1.6621887215329512,0.6210846824154308,4.0700255111035935,3.700394966407198e-15,21,75,True,pareto_kept_polished,,
77,23,2690,2342,off_manifold_hop,33.999999999999545,34,1.0083583730407153,3,2.232835552147843,3,1.6754452222232947,0.7503666002682665,7.982041985207294,5.394652795660386e-15,0,-1,True,frontier,,
75,23,2636,1796,off_manifold_hop,35.99999999999977,36,0.5733955550022423,4,2.3836213129204156,11,1.8229630169365938,0.764787177835349,5.796095317653158,4.092692694942322e-15,2,76,True,frontier,,
75,23,2641,1320,exact_hop,35.99999999999966,36,1.0015145613841718,11,1.822156438679074,11,1.428496128349695,0.7839591036350573,7.956356151212415,8.491424261948177e-15,2,76,True,frontier,,
13,23,567,78,off_manifold_hop,35.99999999999977,36,1.003145672548604,2,2.6762674536886215,3,1.6621887215329512,0.6210846824154308,4.0700255111035935,3.700394966407198e-15,21,75,True,frontier,,
77,23,2690,2342,off_manifold_hop,33.999999999999545,34,1.0083583730407153,3,2.232835552147843,3,1.6754452222232947,0.7503666002682665,7.982041985207294,5.394652795660386e-15,1,77,True,expanded:genericity,,
75,23,2636,1796,off_manifold_hop,35.99999999999977,36,0.5733955550022423,4,2.3836213129204156,11,1.8229630169365938,0.764787177835349,5.796095317653158,4.092692694942322e-15,3,77,True,expanded:deletion,,
75,23,2641,1320,exact_hop,35.99999999999966,36,1.0015145613841718,11,1.822156438679074,11,1.428496128349695,0.7839591036350573,7.956356151212415,8.491424261948177e-15,3,77,True,expanded:death,,
78,23,2714,2690,off_manifold_hop,33.99999999999932,34,1.0138599855187833,4,2.3712532168348543,3,1.9181281929665281,0.8089090525417791,7.564491915598605,5.484154849692359e-14,0,-1,True,pareto_kept_polished,,
75,23,2636,1796,off_manifold_hop,35.99999999999977,36,0.5733955550022423,4,2.383621312920411,11,1.8229630169365938,0.7647871778353503,5.796095317653158,4.16772733011775e-15,3,77,True,pareto_kept_polished,,
75,23,2641,1320,exact_hop,35.99999999999966,36,1.0015145613841718,11,1.822156438679074,11,1.428496128349695,0.7839591036350573,7.956356151212415,8.491424261948177e-15,3,77,True,pareto_kept_polished,,
13,23,567,78,off_manifold_hop,35.99999999999977,36,1.003145672548604,2,2.6762674536886215,3,1.6621887215329512,0.6210846824154308,4.0700255111035935,3.700394966407198e-15,21,75,True,pareto_kept_polished,,
78,23,2714,2690,off_manifold_hop,33.99999999999932,34,1.0138599855187833,4,2.3712532168348543,3,1.9181281929665281,0.8089090525417791,7.564491915598605,5.484154849692359e-14,0,-1,True,frontier,,
75,23,2636,1796,off_manifold_hop,35.99999999999977,36,0.5733955550022423,4,2.383621312920411,11,1.8229630169365938,0.7647871778353503,5.796095317653158,4.16772733011775e-15,3,77,True,frontier,,
75,23,2641,1320,exact_hop,35.99999999999966,36,1.0015145613841718,11,1.822156438679074,11,1.428496128349695,0.7839591036350573,7.956356151212415,8.491424261948177e-15,3,77,True,frontier,,
13,23,567,78,off_manifold_hop,35.99999999999977,36,1.003145672548604,2,2.6762674536886215,3,1.6621887215329512,0.6210846824154308,4.0700255111035935,3.700394966407198e-15,21,75,True,frontier,,
75,23,2636,1796,off_manifold_hop,35.99999999999977,36,0.5733955550022423,4,2.383621312920411,11,1.8229630169365938,0.7647871778353503,5.796095317653158,4.16772733011775e-15,3,77,False,full_delete_probe,0.31478234303847263,4
78,23,2714,2690,off_manifold_hop,33.99999999999932,34,1.0138599855187833,4,2.3712532168348543,3,1.9181281929665281,0.8089090525417791,7.564491915598605,5.484154849692359e-14,1,78,True,expanded:genericity,,
75,23,2636,1796,off_manifold_hop,35.99999999999977,36,0.5733955550022423,4,2.383621312920411,11,1.8229630169365938,0.7647871778353503,5.796095317653158,4.16772733011775e-15,4,78,True,expanded:deletion,,
75,23,2641,1320,exact_hop,35.99999999999966,36,1.0015145613841718,11,1.822156438679074,11,1.428496128349695,0.7839591036350573,7.956356151212415,8.491424261948177e-15,4,78,True,expanded:death,,
13,23,567,78,off_manifold_hop,35.99999999999977,36,1.003145672548604,2,2.6762674536886215,3,1.6621887215329512,0.6210846824154308,4.0700255111035935,3.700394966407198e-15,22,78,True,expanded:explore,,
79,23,2742,2714,exact_hop,33.99999999999966,34,1.0042019806214453,3,1.977211850767536,3,1.5479145968688865,0.7828774626593503,7.598672447722018,6.445462566367502e-15,0,-1,True,pareto_kept_polished,,
75,23,2636,1796,off_manifold_hop,35.99999999999977,36,0.5733955550022423,4,2.3836213129204165,11,1.8229630169365938,0.7647871778353487,5.796095317653158,4.132630391066978e-15,4,78,True,pareto_kept_polished,,
75,23,2641,1320,exact_hop,35.99999999999966,36,1.0015145613841718,11,1.822156438679074,11,1.428496128349695,0.7839591036350573,7.956356151212415,8.491424261948177e-15,4,78,True,pareto_kept_polished,,
13,23,567,78,off_manifold_hop,35.99999999999977,36,1.003145672548604,2,2.6762674536886215,3,1.6621887215329512,0.6210846824154308,4.0700255111035935,3.700394966407198e-15,22,78,True,pareto_kept_polished,,
79,23,2742,2714,exact_hop,33.99999999999966,34,1.0042019806214453,3,1.977211850767536,3,1.5479145968688865,0.7828774626593503,7.598672447722018,6.445462566367502e-15,0,-1,True,frontier,,
75,23,2636,1796,off_manifold_hop,35.99999999999977,36,0.5733955550022423,4,2.3836213129204165,11,1.8229630169365938,0.7647871778353487,5.796095317653158,4.132630391066978e-15,4,78,True,frontier,,
75,23,2641,1320,exact_hop,35.99999999999966,36,1.0015145613841718,11,1.822156438679074,11,1.428496128349695,0.7839591036350573,7.956356151212415,8.491424261948177e-15,4,78,True,frontier,,
13,23,567,78,off_manifold_hop,35.99999999999977,36,1.003145672548604,2,2.6762674536886215,3,1.6621887215329512,0.6210846824154308,4.0700255111035935,3.700394966407198e-15,22,78,True,frontier,,
79,23,2742,2714,exact_hop,33.99999999999966,34,1.0042019806214453,3,1.977211850767536,3,1.5479145968688865,0.7828774626593503,7.598672447722018,6.445462566367502e-15,1,79,True,expanded:genericity,,
75,23,2636,1796,off_manifold_hop,35.99999999999977,36,0.5733955550022423,4,2.3836213129204165,11,1.8229630169365938,0.7647871778353487,5.796095317653158,4.132630391066978e-15,5,79,True,expanded:deletion,,
75,23,2641,1320,exact_hop,35.99999999999966,36,1.0015145613841718,11,1.822156438679074,11,1.428496128349695,0.7839591036350573,7.956356151212415,8.491424261948177e-15,5,79,True,expanded:death,,
80,23,2793,2742,off_manifold_hop,33.99999999999909,34,1.0029581785609751,3,2.307080322595016,3,1.394595025512311,0.6044848165250107,7.858478050973875,6.912665862524801e-14,0,-1,True,pareto_kept_polished,,
75,23,2636,1796,off_manifold_hop,35.99999999999977,36,0.5733955550022423,4,2.3836213129204142,11,1.8229630169365938,0.7647871778353494,5.796095317653158,4.2110126787820115e-15,5,79,True,pareto_kept_polished,,
75,23,2641,1320,exact_hop,35.99999999999966,36,1.0015145613841718,11,1.822156438679074,11,1.428496128349695,0.7839591036350573,7.956356151212415,8.491424261948177e-15,5,79,True,pareto_kept_polished,,
13,23,567,78,off_manifold_hop,35.99999999999977,36,1.003145672548604,2,2.6762674536886215,3,1.6621887215329512,0.6210846824154308,4.0700255111035935,3.700394966407198e-15,22,78,True,pareto_kept_polished,,
80,23,2793,2742,off_manifold_hop,33.99999999999909,34,1.0029581785609751,3,2.307080322595016,3,1.394595025512311,0.6044848165250107,7.858478050973875,6.912665862524801e-14,0,-1,True,frontier,,
75,23,2636,1796,off_manifold_hop,35.99999999999977,36,0.5733955550022423,4,2.3836213129204142,11,1.8229630169365938,0.7647871778353494,5.796095317653158,4.2110126787820115e-15,5,79,True,frontier,,
75,23,2641,1320,exact_hop,35.99999999999966,36,1.0015145613841718,11,1.822156438679074,11,1.428496128349695,0.7839591036350573,7.956356151212415,8.491424261948177e-15,5,79,True,frontier,,
13,23,567,78,off_manifold_hop,35.99999999999977,36,1.003145672548604,2,2.6762674536886215,3,1.6621887215329512,0.6210846824154308,4.0700255111035935,3.700394966407198e-15,22,78,True,frontier,,
75,23,2636,1796,off_manifold_hop,35.99999999999977,36,0.5733955550022423,4,2.3836213129204142,11,1.8229630169365938,0.7647871778353494,5.796095317653158,4.2110126787820115e-15,5,79,False,full_delete_probe,0.2929315157458043,4
80,23,2793,2742,off_manifold_hop,33.99999999999909,34,1.0029581785609751,3,2.307080322595016,3,1.394595025512311,0.6044848165250107,7.858478050973875,6.912665862524801e-14,1,80,True,expanded:genericity,,
75,23,2636,1796,off_manifold_hop,35.99999999999977,36,0.5733955550022423,4,2.3836213129204142,11,1.8229630169365938,0.7647871778353494,5.796095317653158,4.2110126787820115e-15,6,80,True,expanded:deletion,,
75,23,2641,1320,exact_hop,35.99999999999966,36,1.0015145613841718,11,1.822156438679074,11,1.428496128349695,0.7839591036350573,7.956356151212415,8.491424261948177e-15,6,80,True,expanded:death,,
81,23,2822,2793,exact_hop,33.999999999999545,34,1.0018832441244763,3,2.000111668653781,3,1.4324679773070847,0.7161940004436046,7.502613072183381,6.304572955924281e-15,0,-1,True,pareto_kept_polished,,
75,23,2636,1796,off_manifold_hop,35.99999999999966,36,0.5733955550022423,4,2.3836213129204116,11,1.8229630169365938,0.7647871778353502,5.796095317653158,4.166001525479846e-15,6,80,True,pareto_kept_polished,,
75,23,2641,1320,exact_hop,35.99999999999966,36,1.0015145613841718,11,1.822156438679074,11,1.428496128349695,0.7839591036350573,7.956356151212415,8.491424261948177e-15,6,80,True,pareto_kept_polished,,
13,23,567,78,off_manifold_hop,35.99999999999977,36,1.003145672548604,2,2.6762674536886215,3,1.6621887215329512,0.6210846824154308,4.0700255111035935,3.700394966407198e-15,22,78,True,pareto_kept_polished,,
81,23,2822,2793,exact_hop,33.999999999999545,34,1.0018832441244763,3,2.000111668653781,3,1.4324679773070847,0.7161940004436046,7.502613072183381,6.304572955924281e-15,0,-1,True,frontier,,
75,23,2636,1796,off_manifold_hop,35.99999999999966,36,0.5733955550022423,4,2.3836213129204116,11,1.8229630169365938,0.7647871778353502,5.796095317653158,4.166001525479846e-15,6,80,True,frontier,,
75,23,2641,1320,exact_hop,35.99999999999966,36,1.0015145613841718,11,1.822156438679074,11,1.428496128349695,0.7839591036350573,7.956356151212415,8.491424261948177e-15,6,80,True,frontier,,
13,23,567,78,off_manifold_hop,35.99999999999977,36,1.003145672548604,2,2.6762674536886215,3,1.6621887215329512,0.6210846824154308,4.0700255111035935,3.700394966407198e-15,22,78,True,frontier,,
81,23,2822,2793,exact_hop,33.999999999999545,34,1.0018832441244763,3,2.000111668653781,3,1.4324679773070847,0.7161940004436046,7.502613072183381,6.304572955924281e-15,1,81,True,expanded:genericity,,
75,23,2636,1796,off_manifold_hop,35.99999999999966,36,0.5733955550022423,4,2.3836213129204116,11,1.8229630169365938,0.7647871778353502,5.796095317653158,4.166001525479846e-15,7,81,True,expanded:deletion,,
75,23,2641,1320,exact_hop,35.99999999999966,36,1.0015145613841718,11,1.822156438679074,11,1.428496128349695,0.7839591036350573,7.956356151212415,8.491424261948177e-15,7,81,True,expanded:death,,
13,23,567,78,off_manifold_hop,35.99999999999977,36,1.003145672548604,2,2.6762674536886215,3,1.6621887215329512,0.6210846824154308,4.0700255111035935,3.700394966407198e-15,23,81,True,expanded:explore,,
82,23,2857,2822,wall:amplitude_wall,33.999999999999545,34,1.0026491040908132,4,2.8436048558776514,4,2.343126199881623,0.8239985225227222,7.401544263699618,4.873014901313017e-15,0,-1,True,pareto_kept_polished,,
75,23,2636,1796,off_manifold_hop,35.99999999999966,36,0.5733955550022423,4,2.3836213129204102,11,1.8229630169365938,0.7647871778353507,5.796095317653158,4.1744912615370634e-15,7,81,True,pareto_kept_polished,,
75,23,2641,1320,exact_hop,35.99999999999966,36,1.0015145613841718,11,1.822156438679074,11,1.428496128349695,0.7839591036350573,7.956356151212415,8.491424261948177e-15,7,81,True,pareto_kept_polished,,
13,23,567,78,off_manifold_hop,35.99999999999977,36,1.003145672548604,2,2.6762674536886215,3,1.6621887215329512,0.6210846824154308,4.0700255111035935,3.700394966407198e-15,23,81,True,pareto_kept_polished,,
82,23,2857,2822,wall:amplitude_wall,33.999999999999545,34,1.0026491040908132,4,2.8436048558776514,4,2.343126199881623,0.8239985225227222,7.401544263699618,4.873014901313017e-15,0,-1,True,frontier,,
75,23,2636,1796,off_manifold_hop,35.99999999999966,36,0.5733955550022423,4,2.3836213129204102,11,1.8229630169365938,0.7647871778353507,5.796095317653158,4.1744912615370634e-15,7,81,True,frontier,,
75,23,2641,1320,exact_hop,35.99999999999966,36,1.0015145613841718,11,1.822156438679074,11,1.428496128349695,0.7839591036350573,7.956356151212415,8.491424261948177e-15,7,81,True,frontier,,
13,23,567,78,off_manifold_hop,35.99999999999977,36,1.003145672548604,2,2.6762674536886215,3,1.6621887215329512,0.6210846824154308,4.0700255111035935,3.700394966407198e-15,23,81,True,frontier,,
75,23,2636,1796,off_manifold_hop,35.99999999999966,36,0.5733955550022423,4,2.3836213129204102,11,1.8229630169365938,0.7647871778353507,5.796095317653158,4.1744912615370634e-15,7,81,False,full_delete_probe,0.29713761402337296,4
82,23,2857,2822,wall:amplitude_wall,33.999999999999545,34,1.0026491040908132,4,2.8436048558776514,4,2.343126199881623,0.8239985225227222,7.401544263699618,4.873014901313017e-15,1,82,True,expanded:genericity,,
75,23,2636,1796,off_manifold_hop,35.99999999999966,36,0.5733955550022423,4,2.3836213129204102,11,1.8229630169365938,0.7647871778353507,5.796095317653158,4.1744912615370634e-15,8,82,True,expanded:deletion,,
75,23,2641,1320,exact_hop,35.99999999999966,36,1.0015145613841718,11,1.822156438679074,11,1.428496128349695,0.7839591036350573,7.956356151212415,8.491424261948177e-15,8,82,True,expanded:death,,
83,23,2905,2857,off_manifold_hop,33.99999999999932,34,1.0024072020618688,3,2.14810415684211,3,1.2951722513112,0.6029373609216463,7.166788728067905,3.104553948183172e-14,0,-1,True,pareto_kept_polished,,
75,23,2636,1796,off_manifold_hop,35.99999999999977,36,0.5733955550022423,4,2.3836213129204156,11,1.8229630169365938,0.7647871778353489,5.796095317653158,4.166001525479846e-15,8,82,True,pareto_kept_polished,,
75,23,2641,1320,exact_hop,35.99999999999966,36,1.0015145613841718,11,1.822156438679074,11,1.428496128349695,0.7839591036350573,7.956356151212415,8.491424261948177e-15,8,82,True,pareto_kept_polished,,
13,23,567,78,off_manifold_hop,35.99999999999977,36,1.003145672548604,2,2.6762674536886215,3,1.6621887215329512,0.6210846824154308,4.0700255111035935,3.700394966407198e-15,23,81,True,pareto_kept_polished,,
83,23,2905,2857,off_manifold_hop,33.99999999999932,34,1.0024072020618688,3,2.14810415684211,3,1.2951722513112,0.6029373609216463,7.166788728067905,3.104553948183172e-14,0,-1,True,frontier,,
75,23,2636,1796,off_manifold_hop,35.99999999999977,36,0.5733955550022423,4,2.3836213129204156,11,1.8229630169365938,0.7647871778353489,5.796095317653158,4.166001525479846e-15,8,82,True,frontier,,
75,23,2641,1320,exact_hop,35.99999999999966,36,1.0015145613841718,11,1.822156438679074,11,1.428496128349695,0.7839591036350573,7.956356151212415,8.491424261948177e-15,8,82,True,frontier,,
13,23,567,78,off_manifold_hop,35.99999999999977,36,1.003145672548604,2,2.6762674536886215,3,1.6621887215329512,0.6210846824154308,4.0700255111035935,3.700394966407198e-15,23,81,True,frontier,,
83,23,2905,2857,off_manifold_hop,33.99999999999932,34,1.0024072020618688,3,2.14810415684211,3,1.2951722513112,0.6029373609216463,7.166788728067905,3.104553948183172e-14,1,83,True,expanded:genericity,,
75,23,2636,1796,off_manifold_hop,35.99999999999977,36,0.5733955550022423,4,2.3836213129204156,11,1.8229630169365938,0.7647871778353489,5.796095317653158,4.166001525479846e-15,9,83,True,expanded:deletion,,
75,23,2641,1320,exact_hop,35.99999999999966,36,1.0015145613841718,11,1.822156438679074,11,1.428496128349695,0.7839591036350573,7.956356151212415,8.491424261948177e-15,9,83,True,expanded:death,,
84,23,2933,2905,exact_hop,33.999999999999545,34,1.0063642510497517,3,2.2099309765514237,3,1.3152974557584896,0.5951758085272866,7.8406762154783385,6.367425813807233e-15,0,-1,True,pareto_kept_polished,,
84,23,2951,2636,off_manifold_hop,35.99999999999977,36,0.5691058736902748,4,2.634362372339177,11,1.6066207756323128,0.609870833451708,5.883148507021376,4.142723047120637e-15,0,-1,True,pareto_kept_polished,,
75,23,2641,1320,exact_hop,35.99999999999966,36,1.0015145613841718,11,1.822156438679074,11,1.428496128349695,0.7839591036350573,7.956356151212415,8.491424261948177e-15,9,83,True,pareto_kept_polished,,
13,23,567,78,off_manifold_hop,35.99999999999977,36,1.003145672548604,2,2.6762674536886215,3,1.6621887215329512,0.6210846824154308,4.0700255111035935,3.700394966407198e-15,23,81,True,pareto_kept_polished,,
84,23,2933,2905,exact_hop,33.999999999999545,34,1.0063642510497517,3,2.2099309765514237,3,1.3152974557584896,0.5951758085272866,7.8406762154783385,6.367425813807233e-15,0,-1,True,frontier,,
84,23,2951,2636,off_manifold_hop,35.99999999999977,36,0.5691058736902748,4,2.634362372339177,11,1.6066207756323128,0.609870833451708,5.883148507021376,4.142723047120637e-15,0,-1,True,frontier,,
75,23,2641,1320,exact_hop,35.99999999999966,36,1.0015145613841718,11,1.822156438679074,11,1.428496128349695,0.7839591036350573,7.956356151212415,8.491424261948177e-15,9,83,True,frontier,,
13,23,567,78,off_manifold_hop,35.99999999999977,36,1.003145672548604,2,2.6762674536886215,3,1.6621887215329512,0.6210846824154308,4.0700255111035935,3.700394966407198e-15,23,81,True,frontier,,
84,23,2951,2636,off_manifold_hop,35.99999999999977,36,0.5691058736902748,4,2.634362372339177,11,1.6066207756323128,0.609870833451708,5.883148507021376,4.142723047120637e-15,0,-1,False,full_delete_probe,0.31065832956346745,4
84,23,2933,2905,exact_hop,33.999999999999545,34,1.0063642510497517,3,2.2099309765514237,3,1.3152974557584896,0.5951758085272866,7.8406762154783385,6.367425813807233e-15,1,84,True,expanded:genericity,,
84,23,2951,2636,off_manifold_hop,35.99999999999977,36,0.5691058736902748,4,2.634362372339177,11,1.6066207756323128,0.609870833451708,5.883148507021376,4.142723047120637e-15,1,84,True,expanded:deletion,,
75,23,2641,1320,exact_hop,35.99999999999966,36,1.0015145613841718,11,1.822156438679074,11,1.428496128349695,0.7839591036350573,7.956356151212415,8.491424261948177e-15,10,84,True,expanded:death,,
13,23,567,78,off_manifold_hop,35.99999999999977,36,1.003145672548604,2,2.6762674536886215,3,1.6621887215329512,0.6210846824154308,4.0700255111035935,3.700394966407198e-15,24,84,True,expanded:explore,,
85,23,2967,2933,off_manifold_hop,33.99999999999932,34,1.0068732585535607,3,2.052021463135569,3,1.6207806783553365,0.7898458702662496,7.652073331583954,6.2334570228029394e-15,0,-1,True,pareto_kept_polished,,
84,23,2951,2636,off_manifold_hop,35.99999999999977,36,0.5691058736902748,4,2.6343623723391745,11,1.6066207756323128,0.6098708334517087,5.883148507021376,3.894998139573494e-15,1,84,True,pareto_kept_polished,,
75,23,2641,1320,exact_hop,35.99999999999966,36,1.0015145613841718,11,1.822156438679074,11,1.428496128349695,0.7839591036350573,7.956356151212415,8.491424261948177e-15,10,84,True,pareto_kept_polished,,
13,23,567,78,off_manifold_hop,35.99999999999977,36,1.003145672548604,2,2.6762674536886215,3,1.6621887215329512,0.6210846824154308,4.0700255111035935,3.700394966407198e-15,24,84,True,pareto_kept_polished,,
85,23,2967,2933,off_manifold_hop,33.99999999999932,34,1.0068732585535607,3,2.052021463135569,3,1.6207806783553365,0.7898458702662496,7.652073331583954,6.2334570228029394e-15,0,-1,True,frontier,,
84,23,2951,2636,off_manifold_hop,35.99999999999977,36,0.5691058736902748,4,2.6343623723391745,11,1.6066207756323128,0.6098708334517087,5.883148507021376,3.894998139573494e-15,1,84,True,frontier,,
75,23,2641,1320,exact_hop,35.99999999999966,36,1.0015145613841718,11,1.822156438679074,11,1.428496128349695,0.7839591036350573,7.956356151212415,8.491424261948177e-15,10,84,True,frontier,,
13,23,567,78,off_manifold_hop,35.99999999999977,36,1.003145672548604,2,2.6762674536886215,3,1.6621887215329512,0.6210846824154308,4.0700255111035935,3.700394966407198e-15,24,84,True,frontier,,
85,23,2967,2933,off_manifold_hop,33.99999999999932,34,1.0068732585535607,3,2.052021463135569,3,1.6207806783553365,0.7898458702662496,7.652073331583954,6.2334570228029394e-15,1,85,True,expanded:genericity,,
84,23,2951,2636,off_manifold_hop,35.99999999999977,36,0.5691058736902748,4,2.6343623723391745,11,1.6066207756323128,0.6098708334517087,5.883148507021376,3.894998139573494e-15,2,85,True,expanded:deletion,,
75,23,2641,1320,exact_hop,35.99999999999966,36,1.0015145613841718,11,1.822156438679074,11,1.428496128349695,0.7839591036350573,7.956356151212415,8.491424261948177e-15,11,85,True,expanded:death,,
86,23,3012,2967,exact_hop,33.99999999999943,34,1.004387117595029,3,2.0858340329499256,3,1.2790042304269822,0.6131860014855205,7.709855548205964,6.29770462711967e-15,0,-1,True,pareto_kept_polished,,
84,23,2951,2636,off_manifold_hop,35.99999999999966,36,0.5691058736902748,4,2.6343623723391802,11,1.6066207756323128,0.6098708334517073,5.883148507021376,4.16504179457306e-15,2,85,True,pareto_kept_polished,,
75,23,2641,1320,exact_hop,35.99999999999966,36,1.0015145613841718,11,1.822156438679074,11,1.428496128349695,0.7839591036350573,7.956356151212415,8.491424261948177e-15,11,85,True,pareto_kept_polished,,
13,23,567,78,off_manifold_hop,35.99999999999977,36,1.003145672548604,2,2.6762674536886215,3,1.6621887215329512,0.6210846824154308,4.0700255111035935,3.700394966407198e-15,24,84,True,pareto_kept_polished,,
86,23,3012,2967,exact_hop,33.99999999999943,34,1.004387117595029,3,2.0858340329499256,3,1.2790042304269822,0.6131860014855205,7.709855548205964,6.29770462711967e-15,0,-1,True,frontier,,
84,23,2951,2636,off_manifold_hop,35.99999999999966,36,0.5691058736902748,4,2.6343623723391802,11,1.6066207756323128,0.6098708334517073,5.883148507021376,4.16504179457306e-15,2,85,True,frontier,,
75,23,2641,1320,exact_hop,35.99999999999966,36,1.0015145613841718,11,1.822156438679074,11,1.428496128349695,0.7839591036350573,7.956356151212415,8.491424261948177e-15,11,85,True,frontier,,
13,23,567,78,off_manifold_hop,35.99999999999977,36,1.003145672548604,2,2.6762674536886215,3,1.6621887215329512,0.6210846824154308,4.0700255111035935,3.700394966407198e-15,24,84,True,frontier,,
84,23,2951,2636,off_manifold_hop,35.99999999999966,36,0.5691058736902748,4,2.6343623723391802,11,1.6066207756323128,0.6098708334517073,5.883148507021376,4.16504179457306e-15,2,85,False,full_delete_probe,0.3202261000278443,4
86,23,3012,2967,exact_hop,33.99999999999943,34,1.004387117595029,3,2.0858340329499256,3,1.2790042304269822,0.6131860014855205,7.709855548205964,6.29770462711967e-15,1,86,True,expanded:genericity,,
84,23,2951,2636,off_manifold_hop,35.99999999999966,36,0.5691058736902748,4,2.6343623723391802,11,1.6066207756323128,0.6098708334517073,5.883148507021376,4.16504179457306e-15,3,86,True,expanded:deletion,,
75,23,2641,1320,exact_hop,35.99999999999966,36,1.0015145613841718,11,1.822156438679074,11,1.428496128349695,0.7839591036350573,7.956356151212415,8.491424261948177e-15,12,86,True,expanded:death,,
87,23,3039,3012,off_manifold_hop,33.999999999999545,34,1.0061947402143738,3,1.9945662377660538,3,1.379556046072085,0.6916571733497354,7.931143336070647,5.523867726875074e-15,0,-1,True,pareto_kept_polished,,
84,23,2951,2636,off_manifold_hop,35.99999999999966,36,0.5691058736902748,4,2.634362372339181,11,1.6066207756323128,0.6098708334517071,5.883148507021376,3.9104430303998814e-15,3,86,True,pareto_kept_polished,,
75,23,2641,1320,exact_hop,35.99999999999966,36,1.0015145613841718,11,1.822156438679074,11,1.428496128349695,0.7839591036350573,7.956356151212415,8.491424261948177e-15,12,86,True,pareto_kept_polished,,
13,23,567,78,off_manifold_hop,35.99999999999977,36,1.003145672548604,2,2.6762674536886215,3,1.6621887215329512,0.6210846824154308,4.0700255111035935,3.700394966407198e-15,24,84,True,pareto_kept_polished,,
87,23,3039,3012,off_manifold_hop,33.999999999999545,34,1.0061947402143738,3,1.9945662377660538,3,1.379556046072085,0.6916571733497354,7.931143336070647,5.523867726875074e-15,0,-1,True,frontier,,
84,23,2951,2636,off_manifold_hop,35.99999999999966,36,0.5691058736902748,4,2.634362372339181,11,1.6066207756323128,0.6098708334517071,5.883148507021376,3.9104430303998814e-15,3,86,True,frontier,,
75,23,2641,1320,exact_hop,35.99999999999966,36,1.0015145613841718,11,1.822156438679074,11,1.428496128349695,0.7839591036350573,7.956356151212415,8.491424261948177e-15,12,86,True,frontier,,
13,23,567,78,off_manifold_hop,35.99999999999977,36,1.003145672548604,2,2.6762674536886215,3,1.6621887215329512,0.6210846824154308,4.0700255111035935,3.700394966407198e-15,24,84,True,frontier,,
87,23,3039,3012,off_manifold_hop,33.999999999999545,34,1.0061947402143738,3,1.9945662377660538,3,1.379556046072085,0.6916571733497354,7.931143336070647,5.523867726875074e-15,1,87,True,expanded:genericity,,
84,23,2951,2636,off_manifold_hop,35.99999999999966,36,0.5691058736902748,4,2.634362372339181,11,1.6066207756323128,0.6098708334517071,5.883148507021376,3.9104430303998814e-15,4,87,True,expanded:deletion,,
75,23,2641,1320,exact_hop,35.99999999999966,36,1.0015145613841718,11,1.822156438679074,11,1.428496128349695,0.7839591036350573,7.956356151212415,8.491424261948177e-15,13,87,True,expanded:death,,
13,23,567,78,off_manifold_hop,35.99999999999977,36,1.003145672548604,2,2.6762674536886215,3,1.6621887215329512,0.6210846824154308,4.0700255111035935,3.700394966407198e-15,25,87,True,expanded:explore,,
88,23,3060,3039,wall:continuation_stalled,33.999999999999545,34,1.0179933532807717,14,3.8383409237438344,14,2.9663385071403003,0.7728178830574013,7.995489548095741,6.5129426783487406e-15,0,-1,True,pareto_kept_polished,,
84,23,2951,2636,off_manifold_hop,35.99999999999966,36,0.5691058736902748,4,2.6343623723391807,11,1.6066207756323128,0.6098708334517072,5.883148507021376,4.1856483347034585e-15,4,87,True,pareto_kept_polished,,
75,23,2641,1320,exact_hop,35.99999999999966,36,1.0015145613841718,11,1.822156438679074,11,1.428496128349695,0.7839591036350573,7.956356151212415,8.491424261948177e-15,13,87,True,pareto_kept_polished,,
13,23,567,78,off_manifold_hop,35.99999999999977,36,1.003145672548604,2,2.6762674536886215,3,1.6621887215329512,0.6210846824154308,4.0700255111035935,3.700394966407198e-15,25,87,True,pareto_kept_polished,,
88,23,3060,3039,wall:continuation_stalled,33.999999999999545,34,1.0179933532807717,14,3.8383409237438344,14,2.9663385071403003,0.7728178830574013,7.995489548095741,6.5129426783487406e-15,0,-1,True,frontier,,
84,23,2951,2636,off_manifold_hop,35.99999999999966,36,0.5691058736902748,4,2.6343623723391807,11,1.6066207756323128,0.6098708334517072,5.883148507021376,4.1856483347034585e-15,4,87,True,frontier,,
75,23,2641,1320,exact_hop,35.99999999999966,36,1.0015145613841718,11,1.822156438679074,11,1.428496128349695,0.7839591036350573,7.956356151212415,8.491424261948177e-15,13,87,True,frontier,,
13,23,567,78,off_manifold_hop,35.99999999999977,36,1.003145672548604,2,2.6762674536886215,3,1.6621887215329512,0.6210846824154308,4.0700255111035935,3.700394966407198e-15,25,87,True,frontier,,
84,23,2951,2636,off_manifold_hop,35.99999999999966,36,0.5691058736902748,4,2.6343623723391807,11,1.6066207756323128,0.6098708334517072,5.883148507021376,4.1856483347034585e-15,4,87,False,full_delete_probe,0.2968387849896548,4
88,23,3060,3039,wall:continuation_stalled,33.999999999999545,34,1.0179933532807717,14,3.8383409237438344,14,2.9663385071403003,0.7728178830574013,7.995489548095741,6.5129426783487406e-15,1,88,True,expanded:genericity,,
84,23,2951,2636,off_manifold_hop,35.99999999999966,36,0.5691058736902748,4,2.6343623723391807,11,1.6066207756323128,0.6098708334517072,5.883148507021376,4.1856483347034585e-15,5,88,True,expanded:deletion,,
75,23,2641,1320,exact_hop,35.99999999999966,36,1.0015145613841718,11,1.822156438679074,11,1.428496128349695,0.7839591036350573,7.956356151212415,8.491424261948177e-15,14,88,True,expanded:death,,
89,23,3100,3060,off_manifold_hop,33.99999999999943,34,1.002032907482337,3,2.126874761517021,3,1.2200680173345446,0.5736435635092662,7.89451864897362,6.324171595522153e-15,0,-1,True,pareto_kept_polished,,
84,23,2951,2636,off_manifold_hop,35.99999999999966,36,0.5691058736902748,4,2.6343623723391802,11,1.6066207756323128,0.6098708334517073,5.883148507021376,3.9340797652562775e-15,5,88,True,pareto_kept_polished,,
75,23,2641,1320,exact_hop,35.99999999999966,36,1.0015145613841718,11,1.822156438679074,11,1.428496128349695,0.7839591036350573,7.956356151212415,8.491424261948177e-15,14,88,True,pareto_kept_polished,,
13,23,567,78,off_manifold_hop,35.99999999999977,36,1.003145672548604,2,2.6762674536886215,3,1.6621887215329512,0.6210846824154308,4.0700255111035935,3.700394966407198e-15,25,87,True,pareto_kept_polished,,
89,23,3100,3060,off_manifold_hop,33.99999999999943,34,1.002032907482337,3,2.126874761517021,3,1.2200680173345446,0.5736435635092662,7.89451864897362,6.324171595522153e-15,0,-1,True,frontier,,
84,23,2951,2636,off_manifold_hop,35.99999999999966,36,0.5691058736902748,4,2.6343623723391802,11,1.6066207756323128,0.6098708334517073,5.883148507021376,3.9340797652562775e-15,5,88,True,frontier,,
75,23,2641,1320,exact_hop,35.99999999999966,36,1.0015145613841718,11,1.822156438679074,11,1.428496128349695,0.7839591036350573,7.956356151212415,8.491424261948177e-15,14,88,True,frontier,,
13,23,567,78,off_manifold_hop,35.99999999999977,36,1.003145672548604,2,2.6762674536886215,3,1.6621887215329512,0.6210846824154308,4.0700255111035935,3.700394966407198e-15,25,87,True,frontier,,
89,23,3100,3060,off_manifold_hop,33.99999999999943,34,1.002032907482337,3,2.126874761517021,3,1.2200680173345446,0.5736435635092662,7.89451864897362,6.324171595522153e-15,1,89,True,expanded:genericity,,
84,23,2951,2636,off_manifold_hop,35.99999999999966,36,0.5691058736902748,4,2.6343623723391802,11,1.6066207756323128,0.6098708334517073,5.883148507021376,3.9340797652562775e-15,6,89,True,expanded:deletion,,
75,23,2641,1320,exact_hop,35.99999999999966,36,1.0015145613841718,11,1.822156438679074,11,1.428496128349695,0.7839591036350573,7.956356151212415,8.491424261948177e-15,15,89,True,expanded:death,,
90,23,3121,3100,wall:continuation_stalled,33.999999999999545,34,1.0299077510097885,18,3.605781846039451,14,2.2343306639415115,0.619652202862931,7.996342919725269,6.157547119795021e-15,0,-1,True,pareto_kept_polished,,
84,23,2951,2636,off_manifold_hop,35.99999999999966,36,0.5691058736902748,4,2.634362372339181,11,1.6066207756323128,0.6098708334517071,5.883148507021376,3.9340797652562775e-15,6,89,True,pareto_kept_polished,,
75,23,2641,1320,exact_hop,35.99999999999966,36,1.0015145613841718,11,1.822156438679074,11,1.428496128349695,0.7839591036350573,7.956356151212415,8.491424261948177e-15,15,89,True,pareto_kept_polished,,
13,23,567,78,off_manifold_hop,35.99999999999977,36,1.003145672548604,2,2.6762674536886215,3,1.6621887215329512,0.6210846824154308,4.0700255111035935,3.700394966407198e-15,25,87,True,pareto_kept_polished,,
90,23,3121,3100,wall:continuation_stalled,33.999999999999545,34,1.0299077510097885,18,3.605781846039451,14,2.2343306639415115,0.619652202862931,7.996342919725269,6.157547119795021e-15,0,-1,True,frontier,,
84,23,2951,2636,off_manifold_hop,35.99999999999966,36,0.5691058736902748,4,2.634362372339181,11,1.6066207756323128,0.6098708334517071,5.883148507021376,3.9340797652562775e-15,6,89,True,frontier,,
75,23,2641,1320,exact_hop,35.99999999999966,36,1.0015145613841718,11,1.822156438679074,11,1.428496128349695,0.7839591036350573,7.956356151212415,8.491424261948177e-15,15,89,True,frontier,,
13,23,567,78,off_manifold_hop,35.99999999999977,36,1.003145672548604,2,2.6762674536886215,3,1.6621887215329512,0.6210846824154308,4.0700255111035935,3.700394966407198e-15,25,87,True,frontier,,
84,23,2951,2636,off_manifold_hop,35.99999999999966,36,0.5691058736902748,4,2.634362372339181,11,1.6066207756323128,0.6098708334517071,5.883148507021376,3.9340797652562775e-15,6,89,False,full_delete_probe,0.3462397237097501,4
90,23,3121,3100,wall:continuation_stalled,33.999999999999545,34,1.0299077510097885,18,3.605781846039451,14,2.2343306639415115,0.619652202862931,7.996342919725269,6.157547119795021e-15,1,90,True,expanded:genericity,,
84,23,2951,2636,off_manifold_hop,35.99999999999966,36,0.5691058736902748,4,2.634362372339181,11,1.6066207756323128,0.6098708334517071,5.883148507021376,3.9340797652562775e-15,7,90,True,expanded:deletion,,
75,23,2641,1320,exact_hop,35.99999999999966,36,1.0015145613841718,11,1.822156438679074,11,1.428496128349695,0.7839591036350573,7.956356151212415,8.491424261948177e-15,16,90,True,expanded:death,,
13,23,567,78,off_manifold_hop,35.99999999999977,36,1.003145672548604,2,2.6762674536886215,3,1.6621887215329512,0.6210846824154308,4.0700255111035935,3.700394966407198e-15,26,90,True,expanded:explore,,
91,23,3162,2951,off_manifold_hop,34.000000000015234,34,1.0030560687761279,20,2.8749432201432756,19,2.1559936705221565,0.7499256525889616,6.1918585373272705,4.124002918641714e-15,0,-1,True,pareto_kept_polished,,
84,23,2951,2636,off_manifold_hop,35.99999999999966,36,0.5691058736902748,4,2.634362372339181,11,1.6066207756323128,0.6098708334517071,5.883148507021376,3.9340797652562775e-15,7,90,True,pareto_kept_polished,,
75,23,2641,1320,exact_hop,35.99999999999966,36,1.0015145613841718,11,1.822156438679074,11,1.428496128349695,0.7839591036350573,7.956356151212415,8.491424261948177e-15,16,90,True,pareto_kept_polished,,
13,23,567,78,off_manifold_hop,35.99999999999977,36,1.003145672548604,2,2.6762674536886215,3,1.6621887215329512,0.6210846824154308,4.0700255111035935,3.700394966407198e-15,26,90,True,pareto_kept_polished,,
91,23,3162,2951,off_manifold_hop,34.000000000015234,34,1.0030560687761279,20,2.8749432201432756,19,2.1559936705221565,0.7499256525889616,6.1918585373272705,4.124002918641714e-15,0,-1,True,frontier,,
84,23,2951,2636,off_manifold_hop,35.99999999999966,36,0.5691058736902748,4,2.634362372339181,11,1.6066207756323128,0.6098708334517071,5.883148507021376,3.9340797652562775e-15,7,90,True,frontier,,
75,23,2641,1320,exact_hop,35.99999999999966,36,1.0015145613841718,11,1.822156438679074,11,1.428496128349695,0.7839591036350573,7.956356151212415,8.491424261948177e-15,16,90,True,frontier,,
13,23,567,78,off_manifold_hop,35.99999999999977,36,1.003145672548604,2,2.6762674536886215,3,1.6621887215329512,0.6210846824154308,4.0700255111035935,3.700394966407198e-15,26,90,True,frontier,,
91,23,3162,2951,off_manifold_hop,34.000000000015234,34,1.0030560687761279,20,2.8749432201432756,19,2.1559936705221565,0.7499256525889616,6.1918585373272705,4.124002918641714e-15,1,91,True,expanded:genericity,,
84,23,2951,2636,off_manifold_hop,35.99999999999966,36,0.5691058736902748,4,2.634362372339181,11,1.6066207756323128,0.6098708334517071,5.883148507021376,3.9340797652562775e-15,8,91,True,expanded:deletion,,
75,23,2641,1320,exact_hop,35.99999999999966,36,1.0015145613841718,11,1.822156438679074,11,1.428496128349695,0.7839591036350573,7.956356151212415,8.491424261948177e-15,17,91,True,expanded:death,,
92,23,3195,3162,exact_hop,34.00000000000023,34,0.9930896099802389,3,2.370043512415969,11,1.4215441509853677,0.5997966465756055,7.627727171557741,4.645861763828685e-15,0,-1,True,pareto_kept_polished,,
84,23,2951,2636,off_manifold_hop,35.99999999999966,36,0.5691058736902748,4,2.634362372339181,11,1.6066207756323128,0.6098708334517071,5.883148507021376,3.9340797652562775e-15,8,91,True,pareto_kept_polished,,
75,23,2641,1320,exact_hop,35.99999999999966,36,1.0015145613841718,11,1.822156438679074,11,1.428496128349695,0.7839591036350573,7.956356151212415,8.491424261948177e-15,17,91,True,pareto_kept_polished,,
13,23,567,78,off_manifold_hop,35.99999999999977,36,1.003145672548604,2,2.6762674536886215,3,1.6621887215329512,0.6210846824154308,4.0700255111035935,3.700394966407198e-15,26,90,True,pareto_kept_polished,,
92,23,3195,3162,exact_hop,34.00000000000023,34,0.9930896099802389,3,2.370043512415969,11,1.4215441509853677,0.5997966465756055,7.627727171557741,4.645861763828685e-15,0,-1,True,frontier,,
84,23,2951,2636,off_manifold_hop,35.99999999999966,36,0.5691058736902748,4,2.634362372339181,11,1.6066207756323128,0.6098708334517071,5.883148507021376,3.9340797652562775e-15,8,91,True,frontier,,
75,23,2641,1320,exact_hop,35.99999999999966,36,1.0015145613841718,11,1.822156438679074,11,1.428496128349695,0.7839591036350573,7.956356151212415,8.491424261948177e-15,17,91,True,frontier,,
13,23,567,78,off_manifold_hop,35.99999999999977,36,1.003145672548604,2,2.6762674536886215,3,1.6621887215329512,0.6210846824154308,4.0700255111035935,3.700394966407198e-15,26,90,True,frontier,,
84,23,2951,2636,off_manifold_hop,35.99999999999966,36,0.5691058736902748,4,2.634362372339181,11,1.6066207756323128,0.6098708334517071,5.883148507021376,3.9340797652562775e-15,8,91,False,full_delete_probe,0.3462397237097501,4
92,23,3195,3162,exact_hop,34.00000000000023,34,0.9930896099802389,3,2.370043512415969,11,1.4215441509853677,0.5997966465756055,7.627727171557741,4.645861763828685e-15,1,92,True,expanded:genericity,,
84,23,2951,2636,off_manifold_hop,35.99999999999966,36,0.5691058736902748,4,2.634362372339181,11,1.6066207756323128,0.6098708334517071,5.883148507021376,3.9340797652562775e-15,9,92,True,expanded:deletion,,
75,23,2641,1320,exact_hop,35.99999999999966,36,1.0015145613841718,11,1.822156438679074,11,1.428496128349695,0.7839591036350573,7.956356151212415,8.491424261948177e-15,18,92,True,expanded:death,,
93,23,3230,3195,off_manifold_hop,34.00000000000807,34,1.0018461173221291,11,2.2058054711139796,11,1.4092315619373397,0.638873908144605,7.083808420077568,4.224795382510373e-15,0,-1,True,pareto_kept_polished,,
84,23,2951,2636,off_manifold_hop,35.99999999999966,36,0.5691058736902748,4,2.634362372339181,11,1.6066207756323128,0.6098708334517071,5.883148507021376,3.9340797652562775e-15,9,92,True,pareto_kept_polished,,
75,23,2641,1320,exact_hop,35.99999999999966,36,1.0015145613841718,11,1.822156438679074,11,1.428496128349695,0.7839591036350573,7.956356151212415,8.491424261948177e-15,18,92,True,pareto_kept_polished,,
13,23,567,78,off_manifold_hop,35.99999999999977,36,1.003145672548604,2,2.6762674536886215,3,1.6621887215329512,0.6210846824154308,4.0700255111035935,3.700394966407198e-15,26,90,True,pareto_kept_polished,,
93,23,3230,3195,off_manifold_hop,34.00000000000807,34,1.0018461173221291,11,2.2058054711139796,11,1.4092315619373397,0.638873908144605,7.083808420077568,4.224795382510373e-15,0,-1,True,frontier,,
84,23,2951,2636,off_manifold_hop,35.99999999999966,36,0.5691058736902748,4,2.634362372339181,11,1.6066207756323128,0.6098708334517071,5.883148507021376,3.9340797652562775e-15,9,92,True,frontier,,
75,23,2641,1320,exact_hop,35.99999999999966,36,1.0015145613841718,11,1.822156438679074,11,1.428496128349695,0.7839591036350573,7.956356151212415,8.491424261948177e-15,18,92,True,frontier,,
13,23,567,78,off_manifold_hop,35.99999999999977,36,1.003145672548604,2,2.6762674536886215,3,1.6621887215329512,0.6210846824154308,4.0700255111035935,3.700394966407198e-15,26,90,True,frontier,,
93,23,3230,3195,off_manifold_hop,34.00000000000807,34,1.0018461173221291,11,2.2058054711139796,11,1.4092315619373397,0.638873908144605,7.083808420077568,4.224795382510373e-15,1,93,True,expanded:genericity,,
84,23,2951,2636,off_manifold_hop,35.99999999999966,36,0.5691058736902748,4,2.634362372339181,11,1.6066207756323128,0.6098708334517071,5.883148507021376,3.9340797652562775e-15,10,93,True,expanded:deletion,,
75,23,2641,1320,exact_hop,35.99999999999966,36,1.0015145613841718,11,1.822156438679074,11,1.428496128349695,0.7839591036350573,7.956356151212415,8.491424261948177e-15,19,93,True,expanded:death,,
13,23,567,78,off_manifold_hop,35.99999999999977,36,1.003145672548604,2,2.6762674536886215,3,1.6621887215329512,0.6210846824154308,4.0700255111035935,3.700394966407198e-15,27,93,True,expanded:explore,,
94,23,3278,2951,off_manifold_hop,34.00000000001069,34,1.0093954206747442,2,2.6269386743995313,11,1.9984059201092295,0.760735657662822,5.571103159348135,4.51731140487124e-15,0,-1,True,pareto_kept_polished,,
84,23,2951,2636,off_manifold_hop,35.99999999999966,36,0.5691058736902748,4,2.634362372339181,11,1.6066207756323128,0.6098708334517071,5.883148507021376,3.9340797652562775e-15,10,93,True,pareto_kept_polished,,
75,23,2641,1320,exact_hop,35.99999999999966,36,1.0015145613841718,11,1.822156438679074,11,1.428496128349695,0.7839591036350573,7.956356151212415,8.491424261948177e-15,19,93,True,pareto_kept_polished,,
13,23,567,78,off_manifold_hop,35.99999999999977,36,1.003145672548604,2,2.6762674536886215,3,1.6621887215329512,0.6210846824154308,4.0700255111035935,3.700394966407198e-15,27,93,True,pareto_kept_polished,,
94,23,3278,2951,off_manifold_hop,34.00000000001069,34,1.0093954206747442,2,2.6269386743995313,11,1.9984059201092295,0.760735657662822,5.571103159348135,4.51731140487124e-15,0,-1,True,frontier,,
84,23,2951,2636,off_manifold_hop,35.99999999999966,36,0.5691058736902748,4,2.634362372339181,11,1.6066207756323128,0.6098708334517071,5.883148507021376,3.9340797652562775e-15,10,93,True,frontier,,
75,23,2641,1320,exact_hop,35.99999999999966,36,1.0015145613841718,11,1.822156438679074,11,1.428496128349695,0.7839591036350573,7.956356151212415,8.491424261948177e-15,19,93,True,frontier,,
13,23,567,78,off_manifold_hop,35.99999999999977,36,1.003145672548604,2,2.6762674536886215,3,1.6621887215329512,0.6210846824154308,4.0700255111035935,3.700394966407198e-15,27,93,True,frontier,,
84,23,2951,2636,off_manifold_hop,35.99999999999966,36,0.5691058736902748,4,2.634362372339181,11,1.6066207756323128,0.6098708334517071,5.883148507021376,3.9340797652562775e-15,10,93,False,full_delete_probe,0.3462397237097501,4
94,23,3278,2951,off_manifold_hop,34.00000000001069,34,1.0093954206747442,2,2.6269386743995313,11,1.9984059201092295,0.760735657662822,5.571103159348135,4.51731140487124e-15,1,94,True,expanded:genericity,,
84,23,2951,2636,off_manifold_hop,35.99999999999966,36,0.5691058736902748,4,2.634362372339181,11,1.6066207756323128,0.6098708334517071,5.883148507021376,3.9340797652562775e-15,11,94,True,expanded:deletion,,
75,23,2641,1320,exact_hop,35.99999999999966,36,1.0015145613841718,11,1.822156438679074,11,1.428496128349695,0.7839591036350573,7.956356151212415,8.491424261948177e-15,20,94,True,expanded:death,,
95,23,3311,3278,exact_hop,34.0,34,1.0017582345279235,11,1.9611167664872902,11,1.500540989525837,0.7651461734293229,5.54586052792874,4.215383429985157e-15,0,-1,True,pareto_kept_polished,,
95,23,3328,2951,off_manifold_hop,35.99999999999977,36,0.5622937929425809,4,2.3207697761275212,11,1.8077634418135493,0.778949924464294,5.941252868791458,3.921894923537895e-15,0,-1,True,pareto_kept_polished,,
75,23,2641,1320,exact_hop,35.99999999999966,36,1.0015145613841718,11,1.822156438679074,11,1.428496128349695,0.7839591036350573,7.956356151212415,8.491424261948177e-15,20,94,True,pareto_kept_polished,,
13,23,567,78,off_manifold_hop,35.99999999999977,36,1.003145672548604,2,2.6762674536886215,3,1.6621887215329512,0.6210846824154308,4.0700255111035935,3.700394966407198e-15,27,93,True,pareto_kept_polished,,
95,23,3311,3278,exact_hop,34.0,34,1.0017582345279235,11,1.9611167664872902,11,1.500540989525837,0.7651461734293229,5.54586052792874,4.215383429985157e-15,0,-1,True,frontier,,
95,23,3328,2951,off_manifold_hop,35.99999999999977,36,0.5622937929425809,4,2.3207697761275212,11,1.8077634418135493,0.778949924464294,5.941252868791458,3.921894923537895e-15,0,-1,True,frontier,,
75,23,2641,1320,exact_hop,35.99999999999966,36,1.0015145613841718,11,1.822156438679074,11,1.428496128349695,0.7839591036350573,7.956356151212415,8.491424261948177e-15,20,94,True,frontier,,
13,23,567,78,off_manifold_hop,35.99999999999977,36,1.003145672548604,2,2.6762674536886215,3,1.6621887215329512,0.6210846824154308,4.0700255111035935,3.700394966407198e-15,27,93,True,frontier,,
95,23,3311,3278,exact_hop,34.0,34,1.0017582345279235,11,1.9611167664872902,11,1.500540989525837,0.7651461734293229,5.54586052792874,4.215383429985157e-15,1,95,True,expanded:genericity,,
95,23,3328,2951,off_manifold_hop,35.99999999999977,36,0.5622937929425809,4,2.3207697761275212,11,1.8077634418135493,0.778949924464294,5.941252868791458,3.921894923537895e-15,1,95,True,expanded:deletion,,
75,23,2641,1320,exact_hop,35.99999999999966,36,1.0015145613841718,11,1.822156438679074,11,1.428496128349695,0.7839591036350573,7.956356151212415,8.491424261948177e-15,21,95,True,expanded:death,,
96,23,3348,3311,exact_hop,34.0,34,1.0041416562283845,16,2.6535867359073673,16,1.6926812951220231,0.6378842915580175,5.65053440684558,4.226681907890336e-15,0,-1,True,pareto_kept_polished,,
95,23,3328,2951,off_manifold_hop,35.99999999999977,36,0.5622937929425809,4,2.3207697761275234,11,1.8077634418135493,0.7789499244642933,5.941252868791458,3.985093021432233e-15,1,95,True,pareto_kept_polished,,
75,23,2641,1320,exact_hop,35.99999999999966,36,1.0015145613841718,11,1.822156438679074,11,1.428496128349695,0.7839591036350573,7.956356151212415,8.491424261948177e-15,21,95,True,pareto_kept_polished,,
13,23,567,78,off_manifold_hop,35.99999999999977,36,1.003145672548604,2,2.6762674536886215,3,1.6621887215329512,0.6210846824154308,4.0700255111035935,3.700394966407198e-15,27,93,True,pareto_kept_polished,,
96,23,3348,3311,exact_hop,34.0,34,1.0041416562283845,16,2.6535867359073673,16,1.6926812951220231,0.6378842915580175,5.65053440684558,4.226681907890336e-15,0,-1,True,frontier,,
95,23,3328,2951,off_manifold_hop,35.99999999999977,36,0.5622937929425809,4,2.3207697761275234,11,1.8077634418135493,0.7789499244642933,5.941252868791458,3.985093021432233e-15,1,95,True,frontier,,
75,23,2641,1320,exact_hop,35.99999999999966,36,1.0015145613841718,11,1.822156438679074,11,1.428496128349695,0.7839591036350573,7.956356151212415,8.491424261948177e-15,21,95,True,frontier,,
13,23,567,78,off_manifold_hop,35.99999999999977,36,1.003145672548604,2,2.6762674536886215,3,1.6621887215329512,0.6210846824154308,4.0700255111035935,3.700394966407198e-15,27,93,True,frontier,,
95,23,3328,2951,off_manifold_hop,35.99999999999977,36,0.5622937929425809,4,2.3207697761275234,11,1.8077634418135493,0.7789499244642933,5.941252868791458,3.985093021432233e-15,1,95,False,full_delete_probe,0.2946727841482076,4
96,23,3348,3311,exact_hop,34.0,34,1.0041416562283845,16,2.6535867359073673,16,1.6926812951220231,0.6378842915580175,5.65053440684558,4.226681907890336e-15,1,96,True,expanded:genericity,,
95,23,3328,2951,off_manifold_hop,35.99999999999977,36,0.5622937929425809,4,2.3207697761275234,11,1.8077634418135493,0.7789499244642933,5.941252868791458,3.985093021432233e-15,2,96,True,expanded:deletion,,
75,23,2641,1320,exact_hop,35.99999999999966,36,1.0015145613841718,11,1.822156438679074,11,1.428496128349695,0.7839591036350573,7.956356151212415,8.491424261948177e-15,22,96,True,expanded:death,,
13,23,567,78,off_manifold_hop,35.99999999999977,36,1.003145672548604,2,2.6762674536886215,3,1.6621887215329512,0.6210846824154308,4.0700255111035935,3.700394966407198e-15,28,96,True,expanded:explore,,
97,23,3388,3348,exact_hop,34.000000000007276,34,1.0007434824651043,11,2.03970217895258,11,1.238408208617635,0.6071514858377891,6.97090544562911,3.944327861128034e-15,0,-1,True,pareto_kept_polished,,
95,23,3328,2951,off_manifold_hop,35.99999999999977,36,0.5622937929425809,4,2.3207697761275212,11,1.8077634418135493,0.778949924464294,5.941252868791458,3.921894923537895e-15,2,96,True,pareto_kept_polished,,
75,23,2641,1320,exact_hop,35.99999999999966,36,1.0015145613841718,11,1.822156438679074,11,1.428496128349695,0.7839591036350573,7.956356151212415,8.491424261948177e-15,22,96,True,pareto_kept_polished,,
13,23,567,78,off_manifold_hop,35.99999999999977,36,1.003145672548604,2,2.6762674536886215,3,1.6621887215329512,0.6210846824154308,4.0700255111035935,3.700394966407198e-15,28,96,True,pareto_kept_polished,,
97,23,3388,3348,exact_hop,34.000000000007276,34,1.0007434824651043,11,2.03970217895258,11,1.238408208617635,0.6071514858377891,6.97090544562911,3.944327861128034e-15,0,-1,True,frontier,,
95,23,3328,2951,off_manifold_hop,35.99999999999977,36,0.5622937929425809,4,2.3207697761275212,11,1.8077634418135493,0.778949924464294,5.941252868791458,3.921894923537895e-15,2,96,True,frontier,,
75,23,2641,1320,exact_hop,35.99999999999966,36,1.0015145613841718,11,1.822156438679074,11,1.428496128349695,0.7839591036350573,7.956356151212415,8.491424261948177e-15,22,96,True,frontier,,
13,23,567,78,off_manifold_hop,35.99999999999977,36,1.003145672548604,2,2.6762674536886215,3,1.6621887215329512,0.6210846824154308,4.0700255111035935,3.700394966407198e-15,28,96,True,frontier,,
97,23,3388,3348,exact_hop,34.000000000007276,34,1.0007434824651043,11,2.03970217895258,11,1.238408208617635,0.6071514858377891,6.97090544562911,3.944327861128034e-15,1,97,True,expanded:genericity,,
95,23,3328,2951,off_manifold_hop,35.99999999999977,36,0.5622937929425809,4,2.3207697761275212,11,1.8077634418135493,0.778949924464294,5.941252868791458,3.921894923537895e-15,3,97,True,expanded:deletion,,
75,23,2641,1320,exact_hop,35.99999999999966,36,1.0015145613841718,11,1.822156438679074,11,1.428496128349695,0.7839591036350573,7.956356151212415,8.491424261948177e-15,23,97,True,expanded:death,,
98,23,3441,3388,exact_hop,34.000000000000455,34,1.0040870591442055,11,2.2648364973758572,11,1.510422497396807,0.6669013410667177,7.014060092824963,5.058952216874072e-15,0,-1,True,pareto_kept_polished,,
95,23,3328,2951,off_manifold_hop,35.99999999999977,36,0.5622937929425809,4,2.3207697761275234,11,1.8077634418135493,0.7789499244642933,5.941252868791458,3.985093021432233e-15,3,97,True,pareto_kept_polished,,
75,23,2641,1320,exact_hop,35.99999999999966,36,1.0015145613841718,11,1.822156438679074,11,1.428496128349695,0.7839591036350573,7.956356151212415,8.491424261948177e-15,23,97,True,pareto_kept_polished,,
13,23,567,78,off_manifold_hop,35.99999999999977,36,1.003145672548604,2,2.6762674536886215,3,1.6621887215329512,0.6210846824154308,4.0700255111035935,3.700394966407198e-15,28,96,True,pareto_kept_polished,,
98,23,3441,3388,exact_hop,34.000000000000455,34,1.0040870591442055,11,2.2648364973758572,11,1.510422497396807,0.6669013410667177,7.014060092824963,5.058952216874072e-15,0,-1,True,frontier,,
95,23,3328,2951,off_manifold_hop,35.99999999999977,36,0.5622937929425809,4,2.3207697761275234,11,1.8077634418135493,0.7789499244642933,5.941252868791458,3.985093021432233e-15,3,97,True,frontier,,
75,23,2641,1320,exact_hop,35.99999999999966,36,1.0015145613841718,11,1.822156438679074,11,1.428496128349695,0.7839591036350573,7.956356151212415,8.491424261948177e-15,23,97,True,frontier,,
13,23,567,78,off_manifold_hop,35.99999999999977,36,1.003145672548604,2,2.6762674536886215,3,1.6621887215329512,0.6210846824154308,4.0700255111035935,3.700394966407198e-15,28,96,True,frontier,,
95,23,3328,2951,off_manifold_hop,35.99999999999977,36,0.5622937929425809,4,2.3207697761275234,11,1.8077634418135493,0.7789499244642933,5.941252868791458,3.985093021432233e-15,3,97,False,full_delete_probe,0.2946727841482076,4
98,23,3441,3388,exact_hop,34.000000000000455,34,1.0040870591442055,11,2.2648364973758572,11,1.510422497396807,0.6669013410667177,7.014060092824963,5.058952216874072e-15,1,98,True,expanded:genericity,,
95,23,3328,2951,off_manifold_hop,35.99999999999977,36,0.5622937929425809,4,2.3207697761275234,11,1.8077634418135493,0.7789499244642933,5.941252868791458,3.985093021432233e-15,4,98,True,expanded:deletion,,
75,23,2641,1320,exact_hop,35.99999999999966,36,1.0015145613841718,11,1.822156438679074,11,1.428496128349695,0.7839591036350573,7.956356151212415,8.491424261948177e-15,24,98,True,expanded:death,,
99,23,3479,3441,exact_hop,34.00000000000023,34,1.0019793493829967,11,2.3194016453917543,16,1.9859573252541418,0.8562369217939859,7.276943433798084,5.399809564539693e-15,0,-1,True,pareto_kept_polished,,
95,23,3328,2951,off_manifold_hop,35.99999999999977,36,0.5622937929425809,4,2.3207697761275212,11,1.8077634418135493,0.778949924464294,5.941252868791458,3.921894923537895e-15,4,98,True,pareto_kept_polished,,
75,23,2641,1320,exact_hop,35.99999999999966,36,1.0015145613841718,11,1.822156438679074,11,1.428496128349695,0.7839591036350573,7.956356151212415,8.491424261948177e-15,24,98,True,pareto_kept_polished,,
13,23,567,78,off_manifold_hop,35.99999999999977,36,1.003145672548604,2,2.6762674536886215,3,1.6621887215329512,0.6210846824154308,4.0700255111035935,3.700394966407198e-15,28,96,True,pareto_kept_polished,,
99,23,3479,3441,exact_hop,34.00000000000023,34,1.0019793493829967,11,2.3194016453917543,16,1.9859573252541418,0.8562369217939859,7.276943433798084,5.399809564539693e-15,0,-1,True,frontier,,
95,23,3328,2951,off_manifold_hop,35.99999999999977,36,0.5622937929425809,4,2.3207697761275212,11,1.8077634418135493,0.778949924464294,5.941252868791458,3.921894923537895e-15,4,98,True,frontier,,
75,23,2641,1320,exact_hop,35.99999999999966,36,1.0015145613841718,11,1.822156438679074,11,1.428496128349695,0.7839591036350573,7.956356151212415,8.491424261948177e-15,24,98,True,frontier,,
13,23,567,78,off_manifold_hop,35.99999999999977,36,1.003145672548604,2,2.6762674536886215,3,1.6621887215329512,0.6210846824154308,4.0700255111035935,3.700394966407198e-15,28,96,True,frontier,,
99,23,3479,3441,exact_hop,34.00000000000023,34,1.0019793493829967,11,2.3194016453917543,16,1.9859573252541418,0.8562369217939859,7.276943433798084,5.399809564539693e-15,1,99,True,expanded:genericity,,
95,23,3328,2951,off_manifold_hop,35.99999999999977,36,0.5622937929425809,4,2.3207697761275212,11,1.8077634418135493,0.778949924464294,5.941252868791458,3.921894923537895e-15,5,99,True,expanded:deletion,,
75,23,2641,1320,exact_hop,35.99999999999966,36,1.0015145613841718,11,1.822156438679074,11,1.428496128349695,0.7839591036350573,7.956356151212415,8.491424261948177e-15,25,99,True,expanded:death,,
13,23,567,78,off_manifold_hop,35.99999999999977,36,1.003145672548604,2,2.6762674536886215,3,1.6621887215329512,0.6210846824154308,4.0700255111035935,3.700394966407198e-15,29,99,True,expanded:explore,,
100,23,3515,3479,wall:amplitude_wall,34.00000000000023,34,1.001429776526905,11,2.5857243672486425,11,1.1435740058186086,0.44226446573477446,7.10711534899955,5.180714400000584e-15,0,-1,True,pareto_kept_polished,,
95,23,3328,2951,off_manifold_hop,35.99999999999977,36,0.5622937929425809,4,2.3207697761275234,11,1.8077634418135493,0.7789499244642933,5.941252868791458,3.985093021432233e-15,5,99,True,pareto_kept_polished,,
75,23,2641,1320,exact_hop,35.99999999999966,36,1.0015145613841718,11,1.822156438679074,11,1.428496128349695,0.7839591036350573,7.956356151212415,8.491424261948177e-15,25,99,True,pareto_kept_polished,,
13,23,567,78,off_manifold_hop,35.99999999999977,36,1.003145672548604,2,2.6762674536886215,3,1.6621887215329512,0.6210846824154308,4.0700255111035935,3.700394966407198e-15,29,99,True,pareto_kept_polished,,
100,23,3515,3479,wall:amplitude_wall,34.00000000000023,34,1.001429776526905,11,2.5857243672486425,11,1.1435740058186086,0.44226446573477446,7.10711534899955,5.180714400000584e-15,0,-1,True,frontier,,
95,23,3328,2951,off_manifold_hop,35.99999999999977,36,0.5622937929425809,4,2.3207697761275234,11,1.8077634418135493,0.7789499244642933,5.941252868791458,3.985093021432233e-15,5,99,True,frontier,,
75,23,2641,1320,exact_hop,35.99999999999966,36,1.0015145613841718,11,1.822156438679074,11,1.428496128349695,0.7839591036350573,7.956356151212415,8.491424261948177e-15,25,99,True,frontier,,
13,23,567,78,off_manifold_hop,35.99999999999977,36,1.003145672548604,2,2.6762674536886215,3,1.6621887215329512,0.6210846824154308,4.0700255111035935,3.700394966407198e-15,29,99,True,frontier,,
95,23,3328,2951,off_manifold_hop,35.99999999999977,36,0.5622937929425809,4,2.3207697761275234,11,1.8077634418135493,0.7789499244642933,5.941252868791458,3.985093021432233e-15,5,99,False,full_delete_probe,0.2946727841482076,4
100,23,3515,3479,wall:amplitude_wall,34.00000000000023,34,1.001429776526905,11,2.5857243672486425,11,1.1435740058186086,0.44226446573477446,7.10711534899955,5.180714400000584e-15,1,100,True,expanded:genericity,,
95,23,3328,2951,off_manifold_hop,35.99999999999977,36,0.5622937929425809,4,2.3207697761275234,11,1.8077634418135493,0.7789499244642933,5.941252868791458,3.985093021432233e-15,6,100,True,expanded:deletion,,
75,23,2641,1320,exact_hop,35.99999999999966,36,1.0015145613841718,11,1.822156438679074,11,1.428496128349695,0.7839591036350573,7.956356151212415,8.491424261948177e-15,26,100,True,expanded:death,,
101,23,3568,3515,exact_hop,34.0000000001761,34,1.0006549650018663,11,2.3729001208855105,11,1.2537394369452943,0.5283574415586562,7.983228003925521,5.724282855084868e-15,0,-1,True,pareto_kept_polished,,
95,23,3328,2951,off_manifold_hop,35.99999999999977,36,0.5622937929425809,4,2.3207697761275212,11,1.8077634418135493,0.778949924464294,5.941252868791458,3.921894923537895e-15,6,100,True,pareto_kept_polished,,
75,23,2641,1320,exact_hop,35.99999999999966,36,1.0015145613841718,11,1.822156438679074,11,1.428496128349695,0.7839591036350573,7.956356151212415,8.491424261948177e-15,26,100,True,pareto_kept_polished,,
13,23,567,78,off_manifold_hop,35.99999999999977,36,1.003145672548604,2,2.6762674536886215,3,1.6621887215329512,0.6210846824154308,4.0700255111035935,3.700394966407198e-15,29,99,True,pareto_kept_polished,,
101,23,3568,3515,exact_hop,34.0000000001761,34,1.0006549650018663,11,2.3729001208855105,11,1.2537394369452943,0.5283574415586562,7.983228003925521,5.724282855084868e-15,0,-1,True,frontier,,
95,23,3328,2951,off_manifold_hop,35.99999999999977,36,0.5622937929425809,4,2.3207697761275212,11,1.8077634418135493,0.778949924464294,5.941252868791458,3.921894923537895e-15,6,100,True,frontier,,
75,23,2641,1320,exact_hop,35.99999999999966,36,1.0015145613841718,11,1.822156438679074,11,1.428496128349695,0.7839591036350573,7.956356151212415,8.491424261948177e-15,26,100,True,frontier,,
13,23,567,78,off_manifold_hop,35.99999999999977,36,1.003145672548604,2,2.6762674536886215,3,1.6621887215329512,0.6210846824154308,4.0700255111035935,3.700394966407198e-15,29,99,True,frontier,,
101,23,3568,3515,exact_hop,34.0000000001761,34,1.0006549650018663,11,2.3729001208855105,11,1.2537394369452943,0.5283574415586562,7.983228003925521,5.724282855084868e-15,1,101,True,expanded:genericity,,
95,23,3328,2951,off_manifold_hop,35.99999999999977,36,0.5622937929425809,4,2.3207697761275212,11,1.8077634418135493,0.778949924464294,5.941252868791458,3.921894923537895e-15,7,101,True,expanded:deletion,,
75,23,2641,1320,exact_hop,35.99999999999966,36,1.0015145613841718,11,1.822156438679074,11,1.428496128349695,0.7839591036350573,7.956356151212415,8.491424261948177e-15,27,101,True,expanded:death,,
102,23,3598,3568,wall:amplitude_wall,34.00000000116313,34,1.0026213356109608,13,3.1083377170922875,14,2.220479659697119,0.7143624219102805,7.969567976156619,5.027712245472546e-15,0,-1,True,pareto_kept_polished,,
95,23,3328,2951,off_manifold_hop,35.99999999999977,36,0.5622937929425809,4,2.3207697761275234,11,1.8077634418135493,0.7789499244642933,5.941252868791458,3.985093021432233e-15,7,101,True,pareto_kept_polished,,
75,23,2641,1320,exact_hop,35.99999999999966,36,1.0015145613841718,11,1.822156438679074,11,1.428496128349695,0.7839591036350573,7.956356151212415,8.491424261948177e-15,27,101,True,pareto_kept_polished,,
13,23,567,78,off_manifold_hop,35.99999999999977,36,1.003145672548604,2,2.6762674536886215,3,1.6621887215329512,0.6210846824154308,4.0700255111035935,3.700394966407198e-15,29,99,True,pareto_kept_polished,,
102,23,3598,3568,wall:amplitude_wall,34.00000000116313,34,1.0026213356109608,13,3.1083377170922875,14,2.220479659697119,0.7143624219102805,7.969567976156619,5.027712245472546e-15,0,-1,True,frontier,,
95,23,3328,2951,off_manifold_hop,35.99999999999977,36,0.5622937929425809,4,2.3207697761275234,11,1.8077634418135493,0.7789499244642933,5.941252868791458,3.985093021432233e-15,7,101,True,frontier,,
75,23,2641,1320,exact_hop,35.99999999999966,36,1.0015145613841718,11,1.822156438679074,11,1.428496128349695,0.7839591036350573,7.956356151212415,8.491424261948177e-15,27,101,True,frontier,,
13,23,567,78,off_manifold_hop,35.99999999999977,36,1.003145672548604,2,2.6762674536886215,3,1.6621887215329512,0.6210846824154308,4.0700255111035935,3.700394966407198e-15,29,99,True,frontier,,
95,23,3328,2951,off_manifold_hop,35.99999999999977,36,0.5622937929425809,4,2.3207697761275234,11,1.8077634418135493,0.7789499244642933,5.941252868791458,3.985093021432233e-15,7,101,False,full_delete_probe,0.2946727841482076,4
102,23,3598,3568,wall:amplitude_wall,34.00000000116313,34,1.0026213356109608,13,3.1083377170922875,14,2.220479659697119,0.7143624219102805,7.969567976156619,5.027712245472546e-15,1,102,True,expanded:genericity,,
95,23,3328,2951,off_manifold_hop,35.99999999999977,36,0.5622937929425809,4,2.3207697761275234,11,1.8077634418135493,0.7789499244642933,5.941252868791458,3.985093021432233e-15,8,102,True,expanded:deletion,,
75,23,2641,1320,exact_hop,35.99999999999966,36,1.0015145613841718,11,1.822156438679074,11,1.428496128349695,0.7839591036350573,7.956356151212415,8.491424261948177e-15,28,102,True,expanded:death,,
13,23,567,78,off_manifold_hop,35.99999999999977,36,1.003145672548604,2,2.6762674536886215,3,1.6621887215329512,0.6210846824154308,4.0700255111035935,3.700394966407198e-15,30,102,True,expanded:explore,,
103,23,3632,3598,off_manifold_hop,34.00000000000057,34,0.758694102915033,4,3.1707429430431424,14,2.2866099038169443,0.7211590295687467,7.757807983080809,4.34620122023974e-15,0,-1,True,pareto_kept_polished,,
95,23,3328,2951,off_manifold_hop,35.99999999999977,36,0.5622937929425809,4,2.3207697761275212,11,1.8077634418135493,0.778949924464294,5.941252868791458,3.921894923537895e-15,8,102,True,pareto_kept_polished,,
75,23,2641,1320,exact_hop,35.99999999999966,36,1.0015145613841718,11,1.822156438679074,11,1.428496128349695,0.7839591036350573,7.956356151212415,8.491424261948177e-15,28,102,True,pareto_kept_polished,,
13,23,567,78,off_manifold_hop,35.99999999999977,36,1.003145672548604,2,2.6762674536886215,3,1.6621887215329512,0.6210846824154308,4.0700255111035935,3.700394966407198e-15,30,102,True,pareto_kept_polished,,
103,23,3632,3598,off_manifold_hop,34.00000000000057,34,0.758694102915033,4,3.1707429430431424,14,2.2866099038169443,0.7211590295687467,7.757807983080809,4.34620122023974e-15,0,-1,True,frontier,,
95,23,3328,2951,off_manifold_hop,35.99999999999977,36,0.5622937929425809,4,2.3207697761275212,11,1.8077634418135493,0.778949924464294,5.941252868791458,3.921894923537895e-15,8,102,True,frontier,,
75,23,2641,1320,exact_hop,35.99999999999966,36,1.0015145613841718,11,1.822156438679074,11,1.428496128349695,0.7839591036350573,7.956356151212415,8.491424261948177e-15,28,102,True,frontier,,
13,23,567,78,off_manifold_hop,35.99999999999977,36,1.003145672548604,2,2.6762674536886215,3,1.6621887215329512,0.6210846824154308,4.0700255111035935,3.700394966407198e-15,30,102,True,frontier,,
103,23,3632,3598,off_manifold_hop,34.00000000000057,34,0.758694102915033,4,3.1707429430431424,14,2.2866099038169443,0.7211590295687467,7.757807983080809,4.34620122023974e-15,1,103,True,expanded:genericity,,
95,23,3328,2951,off_manifold_hop,35.99999999999977,36,0.5622937929425809,4,2.3207697761275212,11,1.8077634418135493,0.778949924464294,5.941252868791458,3.921894923537895e-15,9,103,True,expanded:deletion,,
75,23,2641,1320,exact_hop,35.99999999999966,36,1.0015145613841718,11,1.822156438679074,11,1.428496128349695,0.7839591036350573,7.956356151212415,8.491424261948177e-15,29,103,True,expanded:death,,
104,23,3675,3632,exact_hop,33.99999999999977,34,1.004669826275718,11,2.281513134765653,11,1.373725384542192,0.6021115388771561,7.780774981491261,4.326118508202518e-15,0,-1,True,pareto_kept_polished,,
95,23,3328,2951,off_manifold_hop,35.99999999999977,36,0.5622937929425809,4,2.3207697761275234,11,1.8077634418135493,0.7789499244642933,5.941252868791458,3.985093021432233e-15,9,103,True,pareto_kept_polished,,
75,23,2641,1320,exact_hop,35.99999999999966,36,1.0015145613841718,11,1.822156438679074,11,1.428496128349695,0.7839591036350573,7.956356151212415,8.491424261948177e-15,29,103,True,pareto_kept_polished,,
13,23,567,78,off_manifold_hop,35.99999999999977,36,1.003145672548604,2,2.6762674536886215,3,1.6621887215329512,0.6210846824154308,4.0700255111035935,3.700394966407198e-15,30,102,True,pareto_kept_polished,,
104,23,3675,3632,exact_hop,33.99999999999977,34,1.004669826275718,11,2.281513134765653,11,1.373725384542192,0.6021115388771561,7.780774981491261,4.326118508202518e-15,0,-1,True,frontier,,
95,23,3328,2951,off_manifold_hop,35.99999999999977,36,0.5622937929425809,4,2.3207697761275234,11,1.8077634418135493,0.7789499244642933,5.941252868791458,3.985093021432233e-15,9,103,True,frontier,,
75,23,2641,1320,exact_hop,35.99999999999966,36,1.0015145613841718,11,1.822156438679074,11,1.428496128349695,0.7839591036350573,7.956356151212415,8.491424261948177e-15,29,103,True,frontier,,
13,23,567,78,off_manifold_hop,35.99999999999977,36,1.003145672548604,2,2.6762674536886215,3,1.6621887215329512,0.6210846824154308,4.0700255111035935,3.700394966407198e-15,30,102,True,frontier,,
95,23,3328,2951,off_manifold_hop,35.99999999999977,36,0.5622937929425809,4,2.3207697761275234,11,1.8077634418135493,0.7789499244642933,5.941252868791458,3.985093021432233e-15,9,103,False,full_delete_probe,0.2946727841482076,4
104,23,3675,3632,exact_hop,33.99999999999977,34,1.004669826275718,11,2.281513134765653,11,1.373725384542192,0.6021115388771561,7.780774981491261,4.326118508202518e-15,1,104,True,expanded:genericity,,
95,23,3328,2951,off_manifold_hop,35.99999999999977,36,0.5622937929425809,4,2.3207697761275234,11,1.8077634418135493,0.7789499244642933,5.941252868791458,3.985093021432233e-15,10,104,True,expanded:deletion,,
75,23,2641,1320,exact_hop,35.99999999999966,36,1.0015145613841718,11,1.822156438679074,11,1.428496128349695,0.7839591036350573,7.956356151212415,8.491424261948177e-15,30,104,True,expanded:death,,
105,23,3706,3675,exact_hop,34.000000000000455,34,1.003714976100718,16,2.7612398950095387,16,1.3933407184158255,0.5046069053739397,7.992643230365165,4.7030615766512185e-15,0,-1,True,pareto_kept_polished,,
95,23,3328,2951,off_manifold_hop,35.99999999999977,36,0.5622937929425809,4,2.3207697761275212,11,1.8077634418135493,0.778949924464294,5.941252868791458,3.921894923537895e-15,10,104,True,pareto_kept_polished,,
75,23,2641,1320,exact_hop,35.99999999999966,36,1.0015145613841718,11,1.822156438679074,11,1.428496128349695,0.7839591036350573,7.956356151212415,8.491424261948177e-15,30,104,True,pareto_kept_polished,,
13,23,567,78,off_manifold_hop,35.99999999999977,36,1.003145672548604,2,2.6762674536886215,3,1.6621887215329512,0.6210846824154308,4.0700255111035935,3.700394966407198e-15,30,102,True,pareto_kept_polished,,
105,23,3706,3675,exact_hop,34.000000000000455,34,1.003714976100718,16,2.7612398950095387,16,1.3933407184158255,0.5046069053739397,7.992643230365165,4.7030615766512185e-15,0,-1,True,frontier,,
95,23,3328,2951,off_manifold_hop,35.99999999999977,36,0.5622937929425809,4,2.3207697761275212,11,1.8077634418135493,0.778949924464294,5.941252868791458,3.921894923537895e-15,10,104,True,frontier,,
75,23,2641,1320,exact_hop,35.99999999999966,36,1.0015145613841718,11,1.822156438679074,11,1.428496128349695,0.7839591036350573,7.956356151212415,8.491424261948177e-15,30,104,True,frontier,,
13,23,567,78,off_manifold_hop,35.99999999999977,36,1.003145672548604,2,2.6762674536886215,3,1.6621887215329512,0.6210846824154308,4.0700255111035935,3.700394966407198e-15,30,102,True,frontier,,
105,23,3706,3675,exact_hop,34.000000000000455,34,1.003714976100718,16,2.7612398950095387,16,1.3933407184158255,0.5046069053739397,7.992643230365165,4.7030615766512185e-15,1,105,True,expanded:genericity,,
95,23,3328,2951,off_manifold_hop,35.99999999999977,36,0.5622937929425809,4,2.3207697761275212,11,1.8077634418135493,0.778949924464294,5.941252868791458,3.921894923537895e-15,11,105,True,expanded:deletion,,
75,23,2641,1320,exact_hop,35.99999999999966,36,1.0015145613841718,11,1.822156438679074,11,1.428496128349695,0.7839591036350573,7.956356151212415,8.491424261948177e-15,31,105,True,expanded:death,,
13,23,567,78,off_manifold_hop,35.99999999999977,36,1.003145672548604,2,2.6762674536886215,3,1.6621887215329512,0.6210846824154308,4.0700255111035935,3.700394966407198e-15,31,105,True,expanded:explore,,
106,23,3739,3706,exact_hop,34.0,34,1.0071633546620324,14,2.589447564562729,11,1.2943389869958493,0.4998513986956982,7.752621306868061,4.86258943646671e-15,0,-1,True,pareto_kept_polished,,
95,23,3328,2951,off_manifold_hop,35.99999999999977,36,0.5622937929425809,4,2.3207697761275234,11,1.8077634418135493,0.7789499244642933,5.941252868791458,3.985093021432233e-15,11,105,True,pareto_kept_polished,,
75,23,2641,1320,exact_hop,35.99999999999966,36,1.0015145613841718,11,1.822156438679074,11,1.428496128349695,0.7839591036350573,7.956356151212415,8.491424261948177e-15,31,105,True,pareto_kept_polished,,
13,23,567,78,off_manifold_hop,35.99999999999977,36,1.003145672548604,2,2.6762674536886215,3,1.6621887215329512,0.6210846824154308,4.0700255111035935,3.700394966407198e-15,31,105,True,pareto_kept_polished,,
106,23,3739,3706,exact_hop,34.0,34,1.0071633546620324,14,2.589447564562729,11,1.2943389869958493,0.4998513986956982,7.752621306868061,4.86258943646671e-15,0,-1,True,frontier,,
95,23,3328,2951,off_manifold_hop,35.99999999999977,36,0.5622937929425809,4,2.3207697761275234,11,1.8077634418135493,0.7789499244642933,5.941252868791458,3.985093021432233e-15,11,105,True,frontier,,
75,23,2641,1320,exact_hop,35.99999999999966,36,1.0015145613841718,11,1.822156438679074,11,1.428496128349695,0.7839591036350573,7.956356151212415,8.491424261948177e-15,31,105,True,frontier,,
13,23,567,78,off_manifold_hop,35.99999999999977,36,1.003145672548604,2,2.6762674536886215,3,1.6621887215329512,0.6210846824154308,4.0700255111035935,3.700394966407198e-15,31,105,True,frontier,,
95,23,3328,2951,off_manifold_hop,35.99999999999977,36,0.5622937929425809,4,2.3207697761275234,11,1.8077634418135493,0.7789499244642933,5.941252868791458,3.985093021432233e-15,11,105,False,full_delete_probe,0.2946727841482076,4
106,23,3739,3706,exact_hop,34.0,34,1.0071633546620324,14,2.589447564562729,11,1.2943389869958493,0.4998513986956982,7.752621306868061,4.86258943646671e-15,1,106,True,expanded:genericity,,
95,23,3328,2951,off_manifold_hop,35.99999999999977,36,0.5622937929425809,4,2.3207697761275234,11,1.8077634418135493,0.7789499244642933,5.941252868791458,3.985093021432233e-15,12,106,True,expanded:deletion,,
75,23,2641,1320,exact_hop,35.99999999999966,36,1.0015145613841718,11,1.822156438679074,11,1.428496128349695,0.7839591036350573,7.956356151212415,8.491424261948177e-15,32,106,True,expanded:death,,
107,23,3787,3739,off_manifold_hop,33.99999999999977,34,0.7817178620309974,4,2.8598012202714114,14,1.5667095166266176,0.5478386069357394,7.896311194130746,5.6743174806165776e-15,0,-1,True,pareto_kept_polished,,
95,23,3328,2951,off_manifold_hop,35.99999999999977,36,0.5622937929425809,4,2.3207697761275212,11,1.8077634418135493,0.778949924464294,5.941252868791458,3.921894923537895e-15,12,106,True,pareto_kept_polished,,
75,23,2641,1320,exact_hop,35.99999999999966,36,1.0015145613841718,11,1.822156438679074,11,1.428496128349695,0.7839591036350573,7.956356151212415,8.491424261948177e-15,32,106,True,pareto_kept_polished,,
13,23,567,78,off_manifold_hop,35.99999999999977,36,1.003145672548604,2,2.6762674536886215,3,1.6621887215329512,0.6210846824154308,4.0700255111035935,3.700394966407198e-15,31,105,True,pareto_kept_polished,,
107,23,3787,3739,off_manifold_hop,33.99999999999977,34,0.7817178620309974,4,2.8598012202714114,14,1.5667095166266176,0.5478386069357394,7.896311194130746,5.6743174806165776e-15,0,-1,True,frontier,,
95,23,3328,2951,off_manifold_hop,35.99999999999977,36,0.5622937929425809,4,2.3207697761275212,11,1.8077634418135493,0.778949924464294,5.941252868791458,3.921894923537895e-15,12,106,True,frontier,,
75,23,2641,1320,exact_hop,35.99999999999966,36,1.0015145613841718,11,1.822156438679074,11,1.428496128349695,0.7839591036350573,7.956356151212415,8.491424261948177e-15,32,106,True,frontier,,
13,23,567,78,off_manifold_hop,35.99999999999977,36,1.003145672548604,2,2.6762674536886215,3,1.6621887215329512,0.6210846824154308,4.0700255111035935,3.700394966407198e-15,31,105,True,frontier,,
107,23,3787,3739,off_manifold_hop,33.99999999999977,34,0.7817178620309974,4,2.8598012202714114,14,1.5667095166266176,0.5478386069357394,7.896311194130746,5.6743174806165776e-15,1,107,True,expanded:genericity,,
95,23,3328,2951,off_manifold_hop,35.99999999999977,36,0.5622937929425809,4,2.3207697761275212,11,1.8077634418135493,0.778949924464294,5.941252868791458,3.921894923537895e-15,13,107,True,expanded:deletion,,
75,23,2641,1320,exact_hop,35.99999999999966,36,1.0015145613841718,11,1.822156438679074,11,1.428496128349695,0.7839591036350573,7.956356151212415,8.491424261948177e-15,33,107,True,expanded:death,,
108,23,3815,3787,off_manifold_hop,33.99999999999977,34,1.005759566222412,11,2.3621718776715888,11,1.6435025497397497,0.6957590873360845,7.561466172016139,4.844152957359289e-15,0,-1,True,pareto_kept_polished,,
95,23,3328,2951,off_manifold_hop,35.99999999999977,36,0.5622937929425809,4,2.3207697761275234,11,1.8077634418135493,0.7789499244642933,5.941252868791458,3.985093021432233e-15,13,107,True,pareto_kept_polished,,
75,23,2641,1320,exact_hop,35.99999999999966,36,1.0015145613841718,11,1.822156438679074,11,1.428496128349695,0.7839591036350573,7.956356151212415,8.491424261948177e-15,33,107,True,pareto_kept_polished,,
13,23,567,78,off_manifold_hop,35.99999999999977,36,1.003145672548604,2,2.6762674536886215,3,1.6621887215329512,0.6210846824154308,4.0700255111035935,3.700394966407198e-15,31,105,True,pareto_kept_polished,,
108,23,3815,3787,off_manifold_hop,33.99999999999977,34,1.005759566222412,11,2.3621718776715888,11,1.6435025497397497,0.6957590873360845,7.561466172016139,4.844152957359289e-15,0,-1,True,frontier,,
95,23,3328,2951,off_manifold_hop,35.99999999999977,36,0.5622937929425809,4,2.3207697761275234,11,1.8077634418135493,0.7789499244642933,5.941252868791458,3.985093021432233e-15,13,107,True,frontier,,
75,23,2641,1320,exact_hop,35.99999999999966,36,1.0015145613841718,11,1.822156438679074,11,1.428496128349695,0.7839591036350573,7.956356151212415,8.491424261948177e-15,33,107,True,frontier,,
13,23,567,78,off_manifold_hop,35.99999999999977,36,1.003145672548604,2,2.6762674536886215,3,1.6621887215329512,0.6210846824154308,4.0700255111035935,3.700394966407198e-15,31,105,True,frontier,,
95,23,3328,2951,off_manifold_hop,35.99999999999977,36,0.5622937929425809,4,2.3207697761275234,11,1.8077634418135493,0.7789499244642933,5.941252868791458,3.985093021432233e-15,13,107,False,full_delete_probe,0.2946727841482076,4
108,23,3815,3787,off_manifold_hop,33.99999999999977,34,1.005759566222412,11,2.3621718776715888,11,1.6435025497397497,0.6957590873360845,7.561466172016139,4.844152957359289e-15,1,108,True,expanded:genericity,,
95,23,3328,2951,off_manifold_hop,35.99999999999977,36,0.5622937929425809,4,2.3207697761275234,11,1.8077634418135493,0.7789499244642933,5.941252868791458,3.985093021432233e-15,14,108,True,expanded:deletion,,
75,23,2641,1320,exact_hop,35.99999999999966,36,1.0015145613841718,11,1.822156438679074,11,1.428496128349695,0.7839591036350573,7.956356151212415,8.491424261948177e-15,34,108,True,expanded:death,,
13,23,567,78,off_manifold_hop,35.99999999999977,36,1.003145672548604,2,2.6762674536886215,3,1.6621887215329512,0.6210846824154308,4.0700255111035935,3.700394966407198e-15,32,108,True,expanded:explore,,
109,23,3843,3815,off_manifold_hop,33.999999999999886,34,1.0036475387817783,11,2.241408238573583,11,1.5549677828085828,0.6937459031551315,7.4462111603426315,5.216671845593213e-15,0,-1,True,pareto_kept_polished,,
109,23,3859,3328,off_manifold_hop,35.99999999999977,36,0.5493075388020543,4,2.4653954282316928,3,1.443762491632664,0.5856109227346965,5.762999458122189,3.8117569055744785e-15,0,-1,True,pareto_kept_polished,,
75,23,2641,1320,exact_hop,35.99999999999966,36,1.0015145613841718,11,1.822156438679074,11,1.428496128349695,0.7839591036350573,7.956356151212415,8.491424261948177e-15,34,108,True,pareto_kept_polished,,
13,23,567,78,off_manifold_hop,35.99999999999977,36,1.003145672548604,2,2.6762674536886215,3,1.6621887215329512,0.6210846824154308,4.0700255111035935,3.700394966407198e-15,32,108,True,pareto_kept_polished,,
109,23,3843,3815,off_manifold_hop,33.999999999999886,34,1.0036475387817783,11,2.241408238573583,11,1.5549677828085828,0.6937459031551315,7.4462111603426315,5.216671845593213e-15,0,-1,True,frontier,,
109,23,3859,3328,off_manifold_hop,35.99999999999977,36,0.5493075388020543,4,2.4653954282316928,3,1.443762491632664,0.5856109227346965,5.762999458122189,3.8117569055744785e-15,0,-1,True,frontier,,
75,23,2641,1320,exact_hop,35.99999999999966,36,1.0015145613841718,11,1.822156438679074,11,1.428496128349695,0.7839591036350573,7.956356151212415,8.491424261948177e-15,34,108,True,frontier,,
13,23,567,78,off_manifold_hop,35.99999999999977,36,1.003145672548604,2,2.6762674536886215,3,1.6621887215329512,0.6210846824154308,4.0700255111035935,3.700394966407198e-15,32,108,True,frontier,,
109,23,3843,3815,off_manifold_hop,33.999999999999886,34,1.0036475387817783,11,2.241408238573583,11,1.5549677828085828,0.6937459031551315,7.4462111603426315,5.216671845593213e-15,1,109,True,expanded:genericity,,
109,23,3859,3328,off_manifold_hop,35.99999999999977,36,0.5493075388020543,4,2.4653954282316928,3,1.443762491632664,0.5856109227346965,5.762999458122189,3.8117569055744785e-15,1,109,True,expanded:deletion,,
75,23,2641,1320,exact_hop,35.99999999999966,36,1.0015145613841718,11,1.822156438679074,11,1.428496128349695,0.7839591036350573,7.956356151212415,8.491424261948177e-15,35,109,True,expanded:death,,
110,23,3892,3843,exact_hop,33.99999999999966,34,1.0043387246129545,16,3.18322375089229,16,1.514144162911687,0.47566375517500364,7.501400280339615,6.475899682285144e-15,0,-1,True,pareto_kept_polished,,
109,23,3859,3328,off_manifold_hop,35.99999999999977,36,0.5493075388020543,4,2.4653954282316928,3,1.443762491632664,0.5856109227346965,5.762999458122189,4.09134619726723e-15,1,109,True,pareto_kept_polished,,
75,23,2641,1320,exact_hop,35.99999999999966,36,1.0015145613841718,11,1.822156438679074,11,1.428496128349695,0.7839591036350573,7.956356151212415,8.491424261948177e-15,35,109,True,pareto_kept_polished,,
13,23,567,78,off_manifold_hop,35.99999999999977,36,1.003145672548604,2,2.6762674536886215,3,1.6621887215329512,0.6210846824154308,4.0700255111035935,3.700394966407198e-15,32,108,True,pareto_kept_polished,,
110,23,3892,3843,exact_hop,33.99999999999966,34,1.0043387246129545,16,3.18322375089229,16,1.514144162911687,0.47566375517500364,7.501400280339615,6.475899682285144e-15,0,-1,True,frontier,,
109,23,3859,3328,off_manifold_hop,35.99999999999977,36,0.5493075388020543,4,2.4653954282316928,3,1.443762491632664,0.5856109227346965,5.762999458122189,4.09134619726723e-15,1,109,True,frontier,,
75,23,2641,1320,exact_hop,35.99999999999966,36,1.0015145613841718,11,1.822156438679074,11,1.428496128349695,0.7839591036350573,7.956356151212415,8.491424261948177e-15,35,109,True,frontier,,
13,23,567,78,off_manifold_hop,35.99999999999977,36,1.003145672548604,2,2.6762674536886215,3,1.6621887215329512,0.6210846824154308,4.0700255111035935,3.700394966407198e-15,32,108,True,frontier,,
109,23,3859,3328,off_manifold_hop,35.99999999999977,36,0.5493075388020543,4,2.4653954282316928,3,1.443762491632664,0.5856109227346965,5.762999458122189,4.09134619726723e-15,1,109,False,full_delete_probe,0.30862570916588417,4
110,23,3892,3843,exact_hop,33.99999999999966,34,1.0043387246129545,16,3.18322375089229,16,1.514144162911687,0.47566375517500364,7.501400280339615,6.475899682285144e-15,1,110,True,expanded:genericity,,
109,23,3859,3328,off_manifold_hop,35.99999999999977,36,0.5493075388020543,4,2.4653954282316928,3,1.443762491632664,0.5856109227346965,5.762999458122189,4.09134619726723e-15,2,110,True,expanded:deletion,,
75,23,2641,1320,exact_hop,35.99999999999966,36,1.0015145613841718,11,1.822156438679074,11,1.428496128349695,0.7839591036350573,7.956356151212415,8.491424261948177e-15,36,110,True,expanded:death,,
111,23,3924,3892,exact_hop,34.000000000011596,34,1.0049187751901674,11,2.0183798882462205,11,1.5919445796457588,0.7887239606955292,7.683118329094412,5.109541796236058e-15,0,-1,True,pareto_kept_polished,,
109,23,3859,3328,off_manifold_hop,35.99999999999977,36,0.5493075388020543,4,2.4653954282316928,3,1.443762491632664,0.5856109227346965,5.762999458122189,3.811616772175384e-15,2,110,True,pareto_kept_polished,,
75,23,2641,1320,exact_hop,35.99999999999966,36,1.0015145613841718,11,1.822156438679074,11,1.428496128349695,0.7839591036350573,7.956356151212415,8.491424261948177e-15,36,110,True,pareto_kept_polished,,
13,23,567,78,off_manifold_hop,35.99999999999977,36,1.003145672548604,2,2.6762674536886215,3,1.6621887215329512,0.6210846824154308,4.0700255111035935,3.700394966407198e-15,32,108,True,pareto_kept_polished,,
111,23,3924,3892,exact_hop,34.000000000011596,34,1.0049187751901674,11,2.0183798882462205,11,1.5919445796457588,0.7887239606955292,7.683118329094412,5.109541796236058e-15,0,-1,True,frontier,,
109,23,3859,3328,off_manifold_hop,35.99999999999977,36,0.5493075388020543,4,2.4653954282316928,3,1.443762491632664,0.5856109227346965,5.762999458122189,3.811616772175384e-15,2,110,True,frontier,,
75,23,2641,1320,exact_hop,35.99999999999966,36,1.0015145613841718,11,1.822156438679074,11,1.428496128349695,0.7839591036350573,7.956356151212415,8.491424261948177e-15,36,110,True,frontier,,
13,23,567,78,off_manifold_hop,35.99999999999977,36,1.003145672548604,2,2.6762674536886215,3,1.6621887215329512,0.6210846824154308,4.0700255111035935,3.700394966407198e-15,32,108,True,frontier,,
111,23,3924,3892,exact_hop,34.000000000011596,34,1.0049187751901674,11,2.0183798882462205,11,1.5919445796457588,0.7887239606955292,7.683118329094412,5.109541796236058e-15,1,111,True,expanded:genericity,,
109,23,3859,3328,off_manifold_hop,35.99999999999977,36,0.5493075388020543,4,2.4653954282316928,3,1.443762491632664,0.5856109227346965,5.762999458122189,3.811616772175384e-15,3,111,True,expanded:deletion,,
75,23,2641,1320,exact_hop,35.99999999999966,36,1.0015145613841718,11,1.822156438679074,11,1.428496128349695,0.7839591036350573,7.956356151212415,8.491424261948177e-15,37,111,True,expanded:death,,
13,23,567,78,off_manifold_hop,35.99999999999977,36,1.003145672548604,2,2.6762674536886215,3,1.6621887215329512,0.6210846824154308,4.0700255111035935,3.700394966407198e-15,33,111,True,expanded:explore,,
112,23,3952,3924,off_manifold_hop,33.99999999999966,34,1.0019429952264642,16,2.32427401561703,11,1.1690327497166244,0.5029668368969306,7.70158270521724,5.464456189581048e-15,0,-1,True,pareto_kept_polished,,
109,23,3859,3328,off_manifold_hop,35.99999999999977,36,0.5493075388020543,4,2.465395428231692,3,1.443762491632664,0.5856109227346967,5.762999458122189,4.0918050438612294e-15,3,111,True,pareto_kept_polished,,
75,23,2641,1320,exact_hop,35.99999999999966,36,1.0015145613841718,11,1.822156438679074,11,1.428496128349695,0.7839591036350573,7.956356151212415,8.491424261948177e-15,37,111,True,pareto_kept_polished,,
13,23,567,78,off_manifold_hop,35.99999999999977,36,1.003145672548604,2,2.6762674536886215,3,1.6621887215329512,0.6210846824154308,4.0700255111035935,3.700394966407198e-15,33,111,True,pareto_kept_polished,,
112,23,3952,3924,off_manifold_hop,33.99999999999966,34,1.0019429952264642,16,2.32427401561703,11,1.1690327497166244,0.5029668368969306,7.70158270521724,5.464456189581048e-15,0,-1,True,frontier,,
109,23,3859,3328,off_manifold_hop,35.99999999999977,36,0.5493075388020543,4,2.465395428231692,3,1.443762491632664,0.5856109227346967,5.762999458122189,4.0918050438612294e-15,3,111,True,frontier,,
75,23,2641,1320,exact_hop,35.99999999999966,36,1.0015145613841718,11,1.822156438679074,11,1.428496128349695,0.7839591036350573,7.956356151212415,8.491424261948177e-15,37,111,True,frontier,,
13,23,567,78,off_manifold_hop,35.99999999999977,36,1.003145672548604,2,2.6762674536886215,3,1.6621887215329512,0.6210846824154308,4.0700255111035935,3.700394966407198e-15,33,111,True,frontier,,
109,23,3859,3328,off_manifold_hop,35.99999999999977,36,0.5493075388020543,4,2.465395428231692,3,1.443762491632664,0.5856109227346967,5.762999458122189,4.0918050438612294e-15,3,111,False,full_delete_probe,0.3559287752221121,4
112,23,3952,3924,off_manifold_hop,33.99999999999966,34,1.0019429952264642,16,2.32427401561703,11,1.1690327497166244,0.5029668368969306,7.70158270521724,5.464456189581048e-15,1,112,True,expanded:genericity,,
109,23,3859,3328,off_manifold_hop,35.99999999999977,36,0.5493075388020543,4,2.465395428231692,3,1.443762491632664,0.5856109227346967,5.762999458122189,4.0918050438612294e-15,4,112,True,expanded:deletion,,
75,23,2641,1320,exact_hop,35.99999999999966,36,1.0015145613841718,11,1.822156438679074,11,1.428496128349695,0.7839591036350573,7.956356151212415,8.491424261948177e-15,38,112,True,expanded:death,,
113,23,3997,3952,exact_hop,34.0,34,1.0009192958088478,16,1.932477292113504,11,1.4865655856285298,0.7692538441177276,7.460931162627261,5.9155118040473544e-15,0,-1,True,pareto_kept_polished,,
109,23,3859,3328,off_manifold_hop,35.99999999999977,36,0.5493075388020543,4,2.4653954282316906,3,1.443762491632664,0.5856109227346971,5.762999458122189,3.813103502556774e-15,4,112,True,pareto_kept_polished,,
75,23,2641,1320,exact_hop,35.99999999999966,36,1.0015145613841718,11,1.822156438679074,11,1.428496128349695,0.7839591036350573,7.956356151212415,8.491424261948177e-15,38,112,True,pareto_kept_polished,,
13,23,567,78,off_manifold_hop,35.99999999999977,36,1.003145672548604,2,2.6762674536886215,3,1.6621887215329512,0.6210846824154308,4.0700255111035935,3.700394966407198e-15,33,111,True,pareto_kept_polished,,
113,23,3997,3952,exact_hop,34.0,34,1.0009192958088478,16,1.932477292113504,11,1.4865655856285298,0.7692538441177276,7.460931162627261,5.9155118040473544e-15,0,-1,True,frontier,,
109,23,3859,3328,off_manifold_hop,35.99999999999977,36,0.5493075388020543,4,2.4653954282316906,3,1.443762491632664,0.5856109227346971,5.762999458122189,3.813103502556774e-15,4,112,True,frontier,,
75,23,2641,1320,exact_hop,35.99999999999966,36,1.0015145613841718,11,1.822156438679074,11,1.428496128349695,0.7839591036350573,7.956356151212415,8.491424261948177e-15,38,112,True,frontier,,
13,23,567,78,off_manifold_hop,35.99999999999977,36,1.003145672548604,2,2.6762674536886215,3,1.6621887215329512,0.6210846824154308,4.0700255111035935,3.700394966407198e-15,33,111,True,frontier,,
113,23,3997,3952,exact_hop,34.0,34,1.0009192958088478,16,1.932477292113504,11,1.4865655856285298,0.7692538441177276,7.460931162627261,5.9155118040473544e-15,1,113,True,expanded:genericity,,
109,23,3859,3328,off_manifold_hop,35.99999999999977,36,0.5493075388020543,4,2.4653954282316906,3,1.443762491632664,0.5856109227346971,5.762999458122189,3.813103502556774e-15,5,113,True,expanded:deletion,,
75,23,2641,1320,exact_hop,35.99999999999966,36,1.0015145613841718,11,1.822156438679074,11,1.428496128349695,0.7839591036350573,7.956356151212415,8.491424261948177e-15,39,113,True,expanded:death,,
114,23,4031,3997,off_manifold_hop,33.99999999999977,34,1.003404040435232,11,2.013407106328349,11,1.5070243866084367,0.7484946198271086,7.287999494704432,5.630376238518117e-15,0,-1,True,pareto_kept_polished,,
109,23,3859,3328,off_manifold_hop,35.99999999999977,36,0.5493075388020543,4,2.465395428231689,3,1.443762491632664,0.5856109227346975,5.762999458122189,4.091621548171908e-15,5,113,True,pareto_kept_polished,,
75,23,2641,1320,exact_hop,35.99999999999966,36,1.0015145613841718,11,1.822156438679074,11,1.428496128349695,0.7839591036350573,7.956356151212415,8.491424261948177e-15,39,113,True,pareto_kept_polished,,
13,23,567,78,off_manifold_hop,35.99999999999977,36,1.003145672548604,2,2.6762674536886215,3,1.6621887215329512,0.6210846824154308,4.0700255111035935,3.700394966407198e-15,33,111,True,pareto_kept_polished,,
114,23,4031,3997,off_manifold_hop,33.99999999999977,34,1.003404040435232,11,2.013407106328349,11,1.5070243866084367,0.7484946198271086,7.287999494704432,5.630376238518117e-15,0,-1,True,frontier,,
109,23,3859,3328,off_manifold_hop,35.99999999999977,36,0.5493075388020543,4,2.465395428231689,3,1.443762491632664,0.5856109227346975,5.762999458122189,4.091621548171908e-15,5,113,True,frontier,,
75,23,2641,1320,exact_hop,35.99999999999966,36,1.0015145613841718,11,1.822156438679074,11,1.428496128349695,0.7839591036350573,7.956356151212415,8.491424261948177e-15,39,113,True,frontier,,
13,23,567,78,off_manifold_hop,35.99999999999977,36,1.003145672548604,2,2.6762674536886215,3,1.6621887215329512,0.6210846824154308,4.0700255111035935,3.700394966407198e-15,33,111,True,frontier,,
109,23,3859,3328,off_manifold_hop,35.99999999999977,36,0.5493075388020543,4,2.465395428231689,3,1.443762491632664,0.5856109227346975,5.762999458122189,4.091621548171908e-15,5,113,False,full_delete_probe,0.31048880525255457,4
114,23,4031,3997,off_manifold_hop,33.99999999999977,34,1.003404040435232,11,2.013407106328349,11,1.5070243866084367,0.7484946198271086,7.287999494704432,5.630376238518117e-15,1,114,True,expanded:genericity,,
109,23,3859,3328,off_manifold_hop,35.99999999999977,36,0.5493075388020543,4,2.465395428231689,3,1.443762491632664,0.5856109227346975,5.762999458122189,4.091621548171908e-15,6,114,True,expanded:deletion,,
75,23,2641,1320,exact_hop,35.99999999999966,36,1.0015145613841718,11,1.822156438679074,11,1.428496128349695,0.7839591036350573,7.956356151212415,8.491424261948177e-15,40,114,True,expanded:death,,
13,23,567,78,off_manifold_hop,35.99999999999977,36,1.003145672548604,2,2.6762674536886215,3,1.6621887215329512,0.6210846824154308,4.0700255111035935,3.700394966407198e-15,34,114,True,expanded:explore,,
115,23,4069,4031,off_manifold_hop,33.99999999999909,34,1.0051883911781854,11,2.4610615590959526,11,1.3734142013417938,0.5580576382844744,7.007984495524968,6.703399290058558e-14,0,-1,True,pareto_kept_polished,,
109,23,3859,3328,off_manifold_hop,35.99999999999977,36,0.5493075388020543,4,2.465395428231692,3,1.443762491632664,0.5856109227346967,5.762999458122189,4.0504977392378344e-15,6,114,True,pareto_kept_polished,,
115,23,4089,2641,exact_hop,35.99999999999977,36,1.0011556285100338,11,1.8196567184643133,11,1.3566284214968984,0.7455408526954554,7.528175242807748,5.899220139324331e-15,0,-1,True,pareto_kept_polished,,
13,23,567,78,off_manifold_hop,35.99999999999977,36,1.003145672548604,2,2.6762674536886215,3,1.6621887215329512,0.6210846824154308,4.0700255111035935,3.700394966407198e-15,34,114,True,pareto_kept_polished,,
115,23,4069,4031,off_manifold_hop,33.99999999999909,34,1.0051883911781854,11,2.4610615590959526,11,1.3734142013417938,0.5580576382844744,7.007984495524968,6.703399290058558e-14,0,-1,True,frontier,,
109,23,3859,3328,off_manifold_hop,35.99999999999977,36,0.5493075388020543,4,2.465395428231692,3,1.443762491632664,0.5856109227346967,5.762999458122189,4.0504977392378344e-15,6,114,True,frontier,,
115,23,4089,2641,exact_hop,35.99999999999977,36,1.0011556285100338,11,1.8196567184643133,11,1.3566284214968984,0.7455408526954554,7.528175242807748,5.899220139324331e-15,0,-1,True,frontier,,
13,23,567,78,off_manifold_hop,35.99999999999977,36,1.003145672548604,2,2.6762674536886215,3,1.6621887215329512,0.6210846824154308,4.0700255111035935,3.700394966407198e-15,34,114,True,frontier,,
115,23,4069,4031,off_manifold_hop,33.99999999999909,34,1.0051883911781854,11,2.4610615590959526,11,1.3734142013417938,0.5580576382844744,7.007984495524968,6.703399290058558e-14,1,115,True,expanded:genericity,,
109,23,3859,3328,off_manifold_hop,35.99999999999977,36,0.5493075388020543,4,2.465395428231692,3,1.443762491632664,0.5856109227346967,5.762999458122189,4.0504977392378344e-15,7,115,True,expanded:deletion,,
115,23,4089,2641,exact_hop,35.99999999999977,36,1.0011556285100338,11,1.8196567184643133,11,1.3566284214968984,0.7455408526954554,7.528175242807748,5.899220139324331e-15,1,115,True,expanded:death,,
116,23,4118,4069,exact_hop,33.999999999999545,34,1.003116989971596,16,2.144030248335774,16,1.6127873604293876,0.7522222980208677,7.089476770993829,5.362368737901866e-15,0,-1,True,pareto_kept_polished,,
109,23,3859,3328,off_manifold_hop,35.99999999999977,36,0.5493075388020543,4,2.4653954282316897,3,1.443762491632664,0.5856109227346973,5.762999458122189,4.091621548171908e-15,7,115,True,pareto_kept_polished,,
115,23,4089,2641,exact_hop,35.999999999999886,36,1.0011556285100338,11,1.81965671846431,11,1.3566284214968984,0.7455408526954568,7.528175242807748,6.359647638347594e-15,1,115,True,pareto_kept_polished,,
13,23,567,78,off_manifold_hop,35.99999999999977,36,1.003145672548604,2,2.6762674536886215,3,1.6621887215329512,0.6210846824154308,4.0700255111035935,3.700394966407198e-15,34,114,True,pareto_kept_polished,,
116,23,4118,4069,exact_hop,33.999999999999545,34,1.003116989971596,16,2.144030248335774,16,1.6127873604293876,0.7522222980208677,7.089476770993829,5.362368737901866e-15,0,-1,True,frontier,,
109,23,3859,3328,off_manifold_hop,35.99999999999977,36,0.5493075388020543,4,2.4653954282316897,3,1.443762491632664,0.5856109227346973,5.762999458122189,4.091621548171908e-15,7,115,True,frontier,,
115,23,4089,2641,exact_hop,35.999999999999886,36,1.0011556285100338,11,1.81965671846431,11,1.3566284214968984,0.7455408526954568,7.528175242807748,6.359647638347594e-15,1,115,True,frontier,,
13,23,567,78,off_manifold_hop,35.99999999999977,36,1.003145672548604,2,2.6762674536886215,3,1.6621887215329512,0.6210846824154308,4.0700255111035935,3.700394966407198e-15,34,114,True,frontier,,
109,23,3859,3328,off_manifold_hop,35.99999999999977,36,0.5493075388020543,4,2.4653954282316897,3,1.443762491632664,0.5856109227346973,5.762999458122189,4.091621548171908e-15,7,115,False,full_delete_probe,0.32637264345683153,4
116,23,4118,4069,exact_hop,33.999999999999545,34,1.003116989971596,16,2.144030248335774,16,1.6127873604293876,0.7522222980208677,7.089476770993829,5.362368737901866e-15,1,116,True,expanded:genericity,,
109,23,3859,3328,off_manifold_hop,35.99999999999977,36,0.5493075388020543,4,2.4653954282316897,3,1.443762491632664,0.5856109227346973,5.762999458122189,4.091621548171908e-15,8,116,True,expanded:deletion,,
115,23,4089,2641,exact_hop,35.999999999999886,36,1.0011556285100338,11,1.81965671846431,11,1.3566284214968984,0.7455408526954568,7.528175242807748,6.359647638347594e-15,2,116,True,expanded:death,,
117,23,4163,4118,exact_hop,33.999999999999545,34,1.0087750571599399,11,2.795445238472388,11,1.395103493108955,0.4990630737131984,7.912381153974752,5.608510132335977e-15,0,-1,True,pareto_kept_polished,,
109,23,3859,3328,off_manifold_hop,35.99999999999977,36,0.5493075388020543,4,2.465395428231692,3,1.443762491632664,0.5856109227346967,5.762999458122189,4.0504977392378344e-15,8,116,True,pareto_kept_polished,,
115,23,4089,2641,exact_hop,35.999999999999886,36,1.0011556285100338,11,1.8196567184643122,11,1.3566284214968984,0.7455408526954559,7.528175242807748,5.954701064873308e-15,2,116,True,pareto_kept_polished,,
13,23,567,78,off_manifold_hop,35.99999999999977,36,1.003145672548604,2,2.6762674536886215,3,1.6621887215329512,0.6210846824154308,4.0700255111035935,3.700394966407198e-15,34,114,True,pareto_kept_polished,,
117,23,4163,4118,exact_hop,33.999999999999545,34,1.0087750571599399,11,2.795445238472388,11,1.395103493108955,0.4990630737131984,7.912381153974752,5.608510132335977e-15,0,-1,True,frontier,,
109,23,3859,3328,off_manifold_hop,35.99999999999977,36,0.5493075388020543,4,2.465395428231692,3,1.443762491632664,0.5856109227346967,5.762999458122189,4.0504977392378344e-15,8,116,True,frontier,,
115,23,4089,2641,exact_hop,35.999999999999886,36,1.0011556285100338,11,1.8196567184643122,11,1.3566284214968984,0.7455408526954559,7.528175242807748,5.954701064873308e-15,2,116,True,frontier,,
13,23,567,78,off_manifold_hop,35.99999999999977,36,1.003145672548604,2,2.6762674536886215,3,1.6621887215329512,0.6210846824154308,4.0700255111035935,3.700394966407198e-15,34,114,True,frontier,,
117,23,4163,4118,exact_hop,33.999999999999545,34,1.0087750571599399,11,2.795445238472388,11,1.395103493108955,0.4990630737131984,7.912381153974752,5.608510132335977e-15,1,117,True,expanded:genericity,,
109,23,3859,3328,off_manifold_hop,35.99999999999977,36,0.5493075388020543,4,2.465395428231692,3,1.443762491632664,0.5856109227346967,5.762999458122189,4.0504977392378344e-15,9,117,True,expanded:deletion,,
115,23,4089,2641,exact_hop,35.999999999999886,36,1.0011556285100338,11,1.8196567184643122,11,1.3566284214968984,0.7455408526954559,7.528175242807748,5.954701064873308e-15,3,117,True,expanded:death,,
13,23,567,78,off_manifold_hop,35.99999999999977,36,1.003145672548604,2,2.6762674536886215,3,1.6621887215329512,0.6210846824154308,4.0700255111035935,3.700394966407198e-15,35,117,True,expanded:explore,,
118,23,4196,4163,exact_hop,33.99999999999977,34,1.0007128911874685,11,2.116111137619081,11,1.1765252702737579,0.5559846311274144,7.878554833223056,5.653716855132722e-15,0,-1,True,pareto_kept_polished,,
109,23,3859,3328,off_manifold_hop,35.99999999999977,36,0.5493075388020543,4,2.4653954282316897,3,1.443762491632664,0.5856109227346973,5.762999458122189,4.091621548171908e-15,9,117,True,pareto_kept_polished,,
115,23,4089,2641,exact_hop,35.999999999999886,36,1.0011556285100338,11,1.8196567184643138,11,1.3566284214968984,0.7455408526954552,7.528175242807748,6.337590630768461e-15,3,117,True,pareto_kept_polished,,
13,23,567,78,off_manifold_hop,35.99999999999977,36,1.003145672548604,2,2.6762674536886215,3,1.6621887215329512,0.6210846824154308,4.0700255111035935,3.700394966407198e-15,35,117,True,pareto_kept_polished,,
118,23,4196,4163,exact_hop,33.99999999999977,34,1.0007128911874685,11,2.116111137619081,11,1.1765252702737579,0.5559846311274144,7.878554833223056,5.653716855132722e-15,0,-1,True,frontier,,
109,23,3859,3328,off_manifold_hop,35.99999999999977,36,0.5493075388020543,4,2.4653954282316897,3,1.443762491632664,0.5856109227346973,5.762999458122189,4.091621548171908e-15,9,117,True,frontier,,
115,23,4089,2641,exact_hop,35.999999999999886,36,1.0011556285100338,11,1.8196567184643138,11,1.3566284214968984,0.7455408526954552,7.528175242807748,6.337590630768461e-15,3,117,True,frontier,,
13,23,567,78,off_manifold_hop,35.99999999999977,36,1.003145672548604,2,2.6762674536886215,3,1.6621887215329512,0.6210846824154308,4.0700255111035935,3.700394966407198e-15,35,117,True,frontier,,
109,23,3859,3328,off_manifold_hop,35.99999999999977,36,0.5493075388020543,4,2.4653954282316897,3,1.443762491632664,0.5856109227346973,5.762999458122189,4.091621548171908e-15,9,117,False,full_delete_probe,0.32637264345683153,4
118,23,4196,4163,exact_hop,33.99999999999977,34,1.0007128911874685,11,2.116111137619081,11,1.1765252702737579,0.5559846311274144,7.878554833223056,5.653716855132722e-15,1,118,True,expanded:genericity,,
109,23,3859,3328,off_manifold_hop,35.99999999999977,36,0.5493075388020543,4,2.4653954282316897,3,1.443762491632664,0.5856109227346973,5.762999458122189,4.091621548171908e-15,10,118,True,expanded:deletion,,
115,23,4089,2641,exact_hop,35.999999999999886,36,1.0011556285100338,11,1.8196567184643138,11,1.3566284214968984,0.7455408526954552,7.528175242807748,6.337590630768461e-15,4,118,True,expanded:death,,
119,23,4245,4196,wall:amplitude_wall,33.99999999999977,34,1.0125381513881238,14,3.16178202875047,14,1.6865444494291433,0.5334157870761452,7.922814688208192,6.1219904577234096e-15,0,-1,True,pareto_kept_polished,,
109,23,3859,3328,off_manifold_hop,35.99999999999977,36,0.5493075388020543,4,2.465395428231692,3,1.443762491632664,0.5856109227346967,5.762999458122189,4.0504977392378344e-15,10,118,True,pareto_kept_polished,,
115,23,4089,2641,exact_hop,35.99999999999977,36,1.0011556285100338,11,1.8196567184643122,11,1.3566284214968984,0.7455408526954559,7.528175242807748,5.947260756327775e-15,4,118,True,pareto_kept_polished,,
13,23,567,78,off_manifold_hop,35.99999999999977,36,1.003145672548604,2,2.6762674536886215,3,1.6621887215329512,0.6210846824154308,4.0700255111035935,3.700394966407198e-15,35,117,True,pareto_kept_polished,,
119,23,4245,4196,wall:amplitude_wall,33.99999999999977,34,1.0125381513881238,14,3.16178202875047,14,1.6865444494291433,0.5334157870761452,7.922814688208192,6.1219904577234096e-15,0,-1,True,frontier,,
109,23,3859,3328,off_manifold_hop,35.99999999999977,36,0.5493075388020543,4,2.465395428231692,3,1.443762491632664,0.5856109227346967,5.762999458122189,4.0504977392378344e-15,10,118,True,frontier,,
115,23,4089,2641,exact_hop,35.99999999999977,36,1.0011556285100338,11,1.8196567184643122,11,1.3566284214968984,0.7455408526954559,7.528175242807748,5.947260756327775e-15,4,118,True,frontier,,
13,23,567,78,off_manifold_hop,35.99999999999977,36,1.003145672548604,2,2.6762674536886215,3,1.6621887215329512,0.6210846824154308,4.0700255111035935,3.700394966407198e-15,35,117,True,frontier,,
119,23,4245,4196,wall:amplitude_wall,33.99999999999977,34,1.0125381513881238,14,3.16178202875047,14,1.6865444494291433,0.5334157870761452,7.922814688208192,6.1219904577234096e-15,1,119,True,expanded:genericity,,
109,23,3859,3328,off_manifold_hop,35.99999999999977,36,0.5493075388020543,4,2.465395428231692,3,1.443762491632664,0.5856109227346967,5.762999458122189,4.0504977392378344e-15,11,119,True,expanded:deletion,,
115,23,4089,2641,exact_hop,35.99999999999977,36,1.0011556285100338,11,1.8196567184643122,11,1.3566284214968984,0.7455408526954559,7.528175242807748,5.947260756327775e-15,5,119,True,expanded:death,,
120,23,4279,4245,exact_hop,33.99999999999909,34,1.0012889377523004,11,1.9033499335456854,11,1.3056703262987115,0.6859854319412632,7.829485905873891,7.16215872586125e-14,0,-1,True,pareto_kept_polished,,
109,23,3859,3328,off_manifold_hop,35.99999999999977,36,0.5493075388020543,4,2.4653954282316897,3,1.443762491632664,0.5856109227346973,5.762999458122189,4.091621548171908e-15,11,119,True,pareto_kept_polished,,
120,23,4310,4089,exact_hop,36.0,36,1.0010923991772827,11,1.8084801896845057,11,1.3706994859158608,0.7579289470430876,7.502564452033875,6.158715885166118e-15,0,-1,True,pareto_kept_polished,,
13,23,567,78,off_manifold_hop,35.99999999999977,36,1.003145672548604,2,2.6762674536886215,3,1.6621887215329512,0.6210846824154308,4.0700255111035935,3.700394966407198e-15,35,117,True,pareto_kept_polished,,
